"gene","symbol","ElasticNet_n_folds_selected","LASSO_n_folds_selected","RandomForest_n_folds_selected","XGBoost_combined_n_folds_selected","ElasticNet_mean_importance","LASSO_mean_importance","RandomForest_mean_importance","XGBoost_combined_mean_importance","ElasticNet_mean_fold_rank","LASSO_mean_fold_rank","RandomForest_mean_fold_rank","XGBoost_combined_mean_fold_rank","n_models_selected_all_folds","n_models_selected_5plus_folds","n_models_selected_any_fold","models_selected_all_folds","mean_rank_across_models"
"ENSG00000011465","DCN",6,6,6,6,0.450281034836221,0.491311099943842,24.1154768649704,-2.5,1,2,2.5,2.33333333333333,4,4,4,"RandomForest, LASSO, ElasticNet, XGBoost_combined",1.95833333333333
"ENSG00000261371","PECAM1",6,6,6,6,0.376359909760922,0.536361058444354,18.6640533188991,-2.66666666666667,2,1.5,16.3333333333333,2.5,4,4,4,"RandomForest, LASSO, ElasticNet, XGBoost_combined",5.58333333333333
"ENSG00000115457","IGFBP2",6,6,6,6,0.264456668614803,0.287875327792324,19.3530982906083,-18.0833333333333,10,13.8333333333333,12.8333333333333,12.1666666666667,4,4,4,"RandomForest, LASSO, ElasticNet, XGBoost_combined",12.2083333333333
"ENSG00000143196","DPT",6,6,6,6,0.263793519636232,0.276907505711877,19.2112566618416,-18.0833333333333,9.83333333333333,16.5,13.3333333333333,12.8333333333333,4,4,4,"RandomForest, LASSO, ElasticNet, XGBoost_combined",13.125
"ENSG00000074181","NOTCH3",6,6,6,6,0.237319726232851,0.263510052393035,17.829167143057,-4.58333333333333,15.6666666666667,18,21.5,4,4,4,4,"RandomForest, LASSO, ElasticNet, XGBoost_combined",14.7916666666667
"ENSG00000077942","FBLN1",6,6,6,6,0.204319675409458,0.218873729343033,22.8858790208337,-7.83333333333333,28.8333333333333,32.6666666666667,3,6,4,4,4,"RandomForest, LASSO, ElasticNet, XGBoost_combined",17.625
"ENSG00000204472","AIF1",6,6,6,6,0.281509584543537,0.436497354895707,15.7156143212196,-14.4166666666667,11,3.33333333333333,49.3333333333333,9.66666666666667,4,4,4,"RandomForest, LASSO, ElasticNet, XGBoost_combined",18.3333333333333
"ENSG00000149591","TAGLN",6,6,6,6,0.231951507128504,0.302649431198219,17.3009618522251,-31.3333333333333,16.5,13.5,24.6666666666667,23.5,4,4,4,"RandomForest, LASSO, ElasticNet, XGBoost_combined",19.5416666666667
"ENSG00000162618","ADGRL4",6,6,6,6,0.258860229581663,0.293578531954737,16.5371477400029,-31.1666666666667,11.1666666666667,12.5,34.3333333333333,22.8333333333333,4,4,4,"RandomForest, LASSO, ElasticNet, XGBoost_combined",20.2083333333333
"ENSG00000176435","CLEC14A",6,6,6,6,0.271204052705296,0.306505852019608,17.0958919529588,-49,9.33333333333333,11.8333333333333,28.6666666666667,39,4,4,4,"RandomForest, LASSO, ElasticNet, XGBoost_combined",22.2083333333333
"ENSG00000008394","MGST1",6,6,6,6,0.234651887957839,0.244675677650397,17.7659122229932,-38.25,16,22.5,24.6666666666667,28.6666666666667,4,4,4,"RandomForest, LASSO, ElasticNet, XGBoost_combined",22.9583333333333
"ENSG00000078596","ITM2A",6,6,6,6,0.220951268903577,0.289073703321839,19.9249499104725,-57.6666666666667,21,13.8333333333333,8.33333333333333,48.8333333333333,4,4,4,"RandomForest, LASSO, ElasticNet, XGBoost_combined",23
"ENSG00000189129","PLAC9",6,6,6,6,0.222384368570824,0.273241406184111,17.0800657916282,-52.0833333333333,20.3333333333333,17.8333333333333,29.6666666666667,43,4,4,4,"RandomForest, LASSO, ElasticNet, XGBoost_combined",27.7083333333333
"ENSG00000110799","VWF",6,6,6,6,0.238517282252672,0.252029426241057,15.4976979140831,-25.6666666666667,16.8333333333333,26.6666666666667,48.5,19.8333333333333,4,4,4,"RandomForest, LASSO, ElasticNet, XGBoost_combined",27.9583333333333
"ENSG00000120885","CLU",6,6,6,6,0.16122977104813,0.188843765555991,18.9086475456406,-11.4166666666667,47.5,44,13.8333333333333,7.5,4,4,4,"RandomForest, LASSO, ElasticNet, XGBoost_combined",28.2083333333333
"ENSG00000140092","FBLN5",6,6,6,6,0.187347326816723,0.218486363606772,17.5522083667824,-40.9166666666667,34,32,24.8333333333333,31.6666666666667,4,4,4,"RandomForest, LASSO, ElasticNet, XGBoost_combined",30.625
"ENSG00000130300","PLVAP",6,6,6,6,0.193302591026569,0.206432362292611,15.9575745199687,-30.0833333333333,30.8333333333333,37.6666666666667,41.3333333333333,22.3333333333333,4,4,4,"RandomForest, LASSO, ElasticNet, XGBoost_combined",33.0416666666667
"ENSG00000181649","PHLDA2",6,6,6,6,0.219705736837996,0.233603785363314,18.1867721254856,-80.8333333333333,20.5,26.8333333333333,19.8333333333333,67.6666666666667,4,4,4,"RandomForest, LASSO, ElasticNet, XGBoost_combined",33.7083333333333
"ENSG00000185551","NR2F2",6,6,6,6,0.245052109663006,0.29893042935858,13.7714972556476,-24.8333333333333,15,12.1666666666667,91.6666666666667,17.3333333333333,4,4,4,"RandomForest, LASSO, ElasticNet, XGBoost_combined",34.0416666666667
"ENSG00000172889","EGFL7",6,6,6,6,0.242125531121624,0.2928296717473,16.1156690824498,-72.25,16.1666666666667,15,43.6666666666667,61.6666666666667,4,4,4,"RandomForest, LASSO, ElasticNet, XGBoost_combined",34.125
"ENSG00000165949","IFI27",6,6,6,6,0.234022026033579,0.276233278251352,14.1800950073465,-31.4166666666667,18.3333333333333,20.1666666666667,77.5,24.5,4,4,4,"RandomForest, LASSO, ElasticNet, XGBoost_combined",35.125
"ENSG00000170323","FABP4",6,6,6,6,0.153262391104685,0.169846068258801,27.0347831103838,-20.0833333333333,66,67.5,1,13.8333333333333,4,4,4,"RandomForest, LASSO, ElasticNet, XGBoost_combined",37.0833333333333
"ENSG00000179144","GIMAP7",6,6,6,6,0.19750545679028,0.232770666511396,16.1627060132941,-72.5833333333333,29.1666666666667,27,41.1666666666667,61.5,4,4,4,"RandomForest, LASSO, ElasticNet, XGBoost_combined",39.7083333333333
"ENSG00000077943","ITGA8",6,6,6,6,0.160838279665045,0.171810724963343,14.7235175715242,-6.25,47.8333333333333,52.5,63.6666666666667,5.16666666666667,4,4,4,"RandomForest, LASSO, ElasticNet, XGBoost_combined",42.2916666666667
"ENSG00000130203","APOE",6,6,6,6,0.189017675751287,0.221041922019634,14.5231489983267,-45.0833333333333,34.8333333333333,33.1666666666667,70.6666666666667,36,4,4,4,"RandomForest, LASSO, ElasticNet, XGBoost_combined",43.6666666666667
"ENSG00000203883","SOX18",6,6,6,6,0.203939825353944,0.22115669529821,17.1285168977183,-100.5,27.8333333333333,33.5,29.5,86.3333333333333,4,4,4,"RandomForest, LASSO, ElasticNet, XGBoost_combined",44.2916666666667
"ENSG00000132329","RAMP1",6,6,6,6,0.167334097003868,0.173778720723244,14.5853407870672,-26.5833333333333,43.8333333333333,50.1666666666667,68,20.1666666666667,4,4,4,"RandomForest, LASSO, ElasticNet, XGBoost_combined",45.5416666666667
"ENSG00000198467","TPM2",6,6,6,6,0.13660233575989,0.153866089492568,17.5559231169182,-33.6666666666667,69.3333333333333,70.5,23.5,24.8333333333333,4,4,4,"RandomForest, LASSO, ElasticNet, XGBoost_combined",47.0416666666667
"ENSG00000182492","BGN",6,6,6,6,0.145472849431724,0.195885760420878,14.236045579527,-15.5833333333333,65.6666666666667,51.8333333333333,72.6666666666667,10.5,4,4,4,"RandomForest, LASSO, ElasticNet, XGBoost_combined",50.1666666666667
"ENSG00000117632","STMN1",6,6,6,6,0.193926990425857,0.221806731736706,12.955626007691,-55,31.5,31.5,112.166666666667,44.6666666666667,4,4,4,"RandomForest, LASSO, ElasticNet, XGBoost_combined",54.9583333333333
"ENSG00000076706","MCAM",6,6,6,6,0.211517166298284,0.238831724275282,12.1618968594166,-38,23.3333333333333,24.8333333333333,148.166666666667,30.5,4,4,4,"RandomForest, LASSO, ElasticNet, XGBoost_combined",56.7083333333333
"ENSG00000105655","ISYNA1",6,6,6,6,0.179023525488807,0.195020386914563,13.5159226060418,-66.75,38.5,42,95,56,4,4,4,"RandomForest, LASSO, ElasticNet, XGBoost_combined",57.875
"ENSG00000132386","SERPINF1",6,6,6,6,0.118616931585469,0.126703077354705,22.5458434508791,-47,96.1666666666667,99.5,5.16666666666667,38.1666666666667,4,4,4,"RandomForest, LASSO, ElasticNet, XGBoost_combined",59.75
"ENSG00000131477","RAMP2",6,6,6,6,0.17359611246439,0.168987299873941,15.8169038815475,-97.0833333333333,42.1666666666667,73.3333333333333,45,83.3333333333333,4,4,4,"RandomForest, LASSO, ElasticNet, XGBoost_combined",60.9583333333333
"ENSG00000164687","FABP5",6,6,6,6,0.142657104600325,0.147165827755445,19.155676311145,-122.666666666667,62,67.8333333333333,12,108.5,4,4,4,"RandomForest, LASSO, ElasticNet, XGBoost_combined",62.5833333333333
"ENSG00000127954","STEAP4",6,6,6,6,0.107443184563142,0.11667211406193,18.3488568229643,-49.0833333333333,102.166666666667,96.1666666666667,17.1666666666667,39.1666666666667,4,4,4,"RandomForest, LASSO, ElasticNet, XGBoost_combined",63.6666666666667
"ENSG00000175899","A2M",6,6,6,6,0.136964837534914,0.163070381917398,13.8805381119372,-49.25,65.8333333333333,56.1666666666667,95,37.8333333333333,4,4,4,"RandomForest, LASSO, ElasticNet, XGBoost_combined",63.7083333333333
"ENSG00000115461","IGFBP5",6,6,6,6,0.209796665341256,0.246885729324149,11.3518825688164,-55.5833333333333,24.6666666666667,23.1666666666667,185.833333333333,46.3333333333333,4,4,4,"RandomForest, LASSO, ElasticNet, XGBoost_combined",70
"ENSG00000115414","FN1",6,6,6,6,0.099762040440345,0.10943621210165,20.302648393411,-27,128.166666666667,122.833333333333,10.3333333333333,19.5,4,4,4,"RandomForest, LASSO, ElasticNet, XGBoost_combined",70.2083333333333
"ENSG00000119681","LTBP2",6,6,6,6,0.128108944643264,0.13730872645425,14.4475982066806,-82.75,76.8333333333333,79.3333333333333,70,71.1666666666667,4,4,4,"RandomForest, LASSO, ElasticNet, XGBoost_combined",74.3333333333333
"ENSG00000100234","TIMP3",6,6,6,6,0.102394815273261,0.102800907014529,21.0488305157473,-69.4166666666667,123.333333333333,127.666666666667,6.83333333333333,57.5,4,4,4,"RandomForest, LASSO, ElasticNet, XGBoost_combined",78.8333333333333
"ENSG00000186340","THBS2",6,6,6,6,0.114077323130292,0.114054324788538,16.6989712504971,-102.583333333333,91,101,34.8333333333333,89.1666666666667,4,4,4,"RandomForest, LASSO, ElasticNet, XGBoost_combined",79
"ENSG00000136999","CCN3",6,6,6,6,0.101888193539095,0.112107827943564,16.9575976431819,-75.1666666666667,116.5,107.5,31.5,63,4,4,4,"RandomForest, LASSO, ElasticNet, XGBoost_combined",79.625
"ENSG00000188290","HES4",6,6,6,6,0.18809683847443,0.196998998257702,11.835671047505,-99.5833333333333,34,42.1666666666667,162.5,87.8333333333333,4,4,4,"RandomForest, LASSO, ElasticNet, XGBoost_combined",81.625
"ENSG00000106809","OGN",6,6,6,6,0.118149854806846,0.134142947503006,14.296146418582,-108.166666666667,84.1666666666667,76.5,74.3333333333333,94.6666666666667,4,4,4,"RandomForest, LASSO, ElasticNet, XGBoost_combined",82.4166666666667
"ENSG00000140285","FGF7",6,6,6,6,0.109518898471256,0.11157545136894,19.4492639473586,-115.25,112.166666666667,115,10.6666666666667,102.833333333333,4,4,4,"RandomForest, LASSO, ElasticNet, XGBoost_combined",85.1666666666667
"ENSG00000139329","LUM",6,6,6,6,0.104724343361315,0.115556528201574,15.703137129316,-101.166666666667,107.333333333333,99.8333333333333,44.5,89.1666666666667,4,4,4,"RandomForest, LASSO, ElasticNet, XGBoost_combined",85.2083333333333
"ENSG00000140545","MFGE8",6,6,6,6,0.090389062817566,0.0927756058125249,15.6208482691316,-36.1666666666667,137.166666666667,137.666666666667,48.3333333333333,27.1666666666667,4,4,4,"RandomForest, LASSO, ElasticNet, XGBoost_combined",87.5833333333333
"ENSG00000120708","TGFBI",6,6,6,6,0.150059545347863,0.161054434875274,12.891076753138,-141.166666666667,54.8333333333333,57.1666666666667,121.333333333333,125.666666666667,4,4,4,"RandomForest, LASSO, ElasticNet, XGBoost_combined",89.75
"ENSG00000133110","POSTN",6,6,6,6,0.143091386192252,0.156405035876986,12.22420706705,-116.833333333333,57.8333333333333,59.3333333333333,143.333333333333,103,4,4,4,"RandomForest, LASSO, ElasticNet, XGBoost_combined",90.875
"ENSG00000135916","ITM2C",6,6,6,6,0.197440878086506,0.227541553798297,11.2457097002992,-121.583333333333,33.3333333333333,32.5,193.5,105.166666666667,4,4,4,"RandomForest, LASSO, ElasticNet, XGBoost_combined",91.125
"ENSG00000185633","COXFA4L2",6,6,6,6,0.145625179178746,0.145658261433935,11.4147938668156,-65.3333333333333,59.3333333333333,67.5,184.333333333333,54,4,4,4,"RandomForest, LASSO, ElasticNet, XGBoost_combined",91.2916666666667
"ENSG00000196616","ADH1B",6,6,6,6,0.14449987599059,0.173922253210439,12.1307598915152,-115.833333333333,62.1666666666667,54.5,147.833333333333,100.833333333333,4,4,4,"RandomForest, LASSO, ElasticNet, XGBoost_combined",91.3333333333333
"ENSG00000188783","PRELP",6,6,6,6,0.120481611831321,0.136242342411645,13.7757471304847,-134.916666666667,83.5,77.3333333333333,87.5,121.666666666667,4,4,4,"RandomForest, LASSO, ElasticNet, XGBoost_combined",92.5
"ENSG00000099260","PALMD",6,6,6,6,0.17641643700481,0.183685569650289,14.6113376225011,-247.666666666667,41.1666666666667,47.8333333333333,66.5,225.333333333333,4,4,4,"RandomForest, LASSO, ElasticNet, XGBoost_combined",95.2083333333333
"ENSG00000149564","ESAM",6,6,6,6,0.111125492999017,0.116139689350294,15.3166112320662,-142.25,99,101.833333333333,53.3333333333333,126.833333333333,4,4,4,"RandomForest, LASSO, ElasticNet, XGBoost_combined",95.25
"ENSG00000125868","DSTN",6,6,6,6,0.105313776756407,0.115793629686502,14.9746988488916,-98.1666666666667,127,128.166666666667,60.8333333333333,85.8333333333333,4,4,4,"RandomForest, LASSO, ElasticNet, XGBoost_combined",100.458333333333
"ENSG00000141753","IGFBP4",6,6,6,6,0.077377212810714,0.083348715813422,17.2493402284795,-110,168.166666666667,157,26.5,94.3333333333333,4,4,4,"RandomForest, LASSO, ElasticNet, XGBoost_combined",111.5
"ENSG00000144810","COL8A1",6,6,6,6,0.0744991140514139,0.0777331116584359,17.5470287419904,-54.3333333333333,199.166666666667,189.333333333333,23.5,45,4,4,4,"RandomForest, LASSO, ElasticNet, XGBoost_combined",114.25
"ENSG00000064989","CALCRL",6,6,6,6,0.191657766450568,0.224282340246511,9.9023998974292,-139.583333333333,31.1666666666667,30.1666666666667,286.5,123.333333333333,4,4,4,"RandomForest, LASSO, ElasticNet, XGBoost_combined",117.791666666667
"ENSG00000182871","COL18A1",6,6,6,6,0.0929953020431841,0.102089214044994,13.3908367524854,-130.583333333333,132.833333333333,119.5,104,115.666666666667,4,4,4,"RandomForest, LASSO, ElasticNet, XGBoost_combined",118
"ENSG00000068001","HYAL2",6,6,6,6,0.137000443510857,0.12366616637948,12.409857273088,-201,66.6666666666667,92.3333333333333,135.166666666667,181.666666666667,4,4,4,"RandomForest, LASSO, ElasticNet, XGBoost_combined",118.958333333333
"ENSG00000133639","BTG1",6,6,6,6,0.0899224407599215,0.0936853558703857,11.9964560784502,-60.8333333333333,136.333333333333,136.166666666667,157,51,4,4,4,"RandomForest, LASSO, ElasticNet, XGBoost_combined",120.125
"ENSG00000250722","SELENOP",6,6,6,6,0.0903483393231598,0.0953309559662923,13.508208068543,-139.25,137.333333333333,132.666666666667,98,120.666666666667,4,4,4,"RandomForest, LASSO, ElasticNet, XGBoost_combined",122.166666666667
"ENSG00000184113","CLDN5",6,6,6,6,0.108361381860009,0.0917462039717717,15.4143065939958,-214.5,103.166666666667,142.166666666667,50.3333333333333,196.833333333333,4,4,4,"RandomForest, LASSO, ElasticNet, XGBoost_combined",123.125
"ENSG00000136167","LCP1",6,6,6,6,0.149388647062961,0.168068290064347,10.2220237947868,-134,59.5,58.5,267.166666666667,116.833333333333,4,4,4,"RandomForest, LASSO, ElasticNet, XGBoost_combined",125.5
"ENSG00000122862","SRGN",6,6,6,6,0.0959761655829728,0.097281813046385,12.6972644127839,-147.416666666667,125.5,129.5,122.166666666667,129.666666666667,4,4,4,"RandomForest, LASSO, ElasticNet, XGBoost_combined",126.708333333333
"ENSG00000135744","AGT",6,6,6,6,0.103418445400775,0.103772530004304,11.1057978885239,-95.0833333333333,111.333333333333,118.5,198.333333333333,82,4,4,4,"RandomForest, LASSO, ElasticNet, XGBoost_combined",127.541666666667
"ENSG00000132965","ALOX5AP",6,6,6,6,0.106554073596526,0.119699004068002,12.128252526668,-124.916666666667,124.666666666667,124.666666666667,155.833333333333,108,4,4,4,"RandomForest, LASSO, ElasticNet, XGBoost_combined",128.291666666667
"ENSG00000185885","IFITM1",6,6,6,6,0.126743955313574,0.132331297847418,11.8156640601655,-218.083333333333,76.3333333333333,80.5,165.666666666667,196.5,4,4,4,"RandomForest, LASSO, ElasticNet, XGBoost_combined",129.75
"ENSG00000167641","PPP1R14A",6,6,6,6,0.0730320740139984,0.0689654108584794,15.3609595818279,-37.5,208.666666666667,235,51.6666666666667,29,4,4,4,"RandomForest, LASSO, ElasticNet, XGBoost_combined",131.083333333333
"ENSG00000250479","CHCHD10",6,6,6,6,0.114739227338589,0.118433578830224,12.1514306714053,-208.916666666667,90.5,93,156.666666666667,190.166666666667,4,4,4,"RandomForest, LASSO, ElasticNet, XGBoost_combined",132.583333333333
"ENSG00000134853","PDGFRA",6,6,6,6,0.0769780264894702,0.0829960125577243,14.0564393394235,-141.75,170.666666666667,154.333333333333,79.6666666666667,127.166666666667,4,4,4,"RandomForest, LASSO, ElasticNet, XGBoost_combined",132.958333333333
"ENSG00000163710","PCOLCE2",6,6,6,6,0.0779892767385443,0.0981080169350223,13.9051551960728,-155.083333333333,172.666666666667,136.666666666667,85.8333333333333,140.333333333333,4,4,4,"RandomForest, LASSO, ElasticNet, XGBoost_combined",133.875
"ENSG00000118849","RARRES1",6,6,6,6,0.127613102388588,0.128765859472054,13.2763762154426,-302.416666666667,75.1666666666667,83.6666666666667,103.166666666667,278.666666666667,4,4,4,"RandomForest, LASSO, ElasticNet, XGBoost_combined",135.166666666667
"ENSG00000116016","EPAS1",6,6,6,6,0.0981815107051151,0.109762295114522,11.5059207919131,-144.416666666667,122.5,117.166666666667,181.833333333333,124.5,4,4,4,"RandomForest, LASSO, ElasticNet, XGBoost_combined",136.5
"ENSG00000123358","NR4A1",6,6,6,6,0.0897601342628867,0.0911385728195648,12.9115953020642,-161.083333333333,139.5,140,125.666666666667,143.333333333333,4,4,4,"RandomForest, LASSO, ElasticNet, XGBoost_combined",137.125
"ENSG00000074416","MGLL",6,6,6,6,0.123047976229938,0.125251134780074,11.7155047370389,-207.833333333333,86.5,94.1666666666667,183,186.833333333333,4,4,4,"RandomForest, LASSO, ElasticNet, XGBoost_combined",137.625
"ENSG00000163520","FBLN2",6,6,6,6,0.119192328087616,0.130095410955127,11.7893642157906,-229.916666666667,88.5,87,168,211,4,4,4,"RandomForest, LASSO, ElasticNet, XGBoost_combined",138.625
"ENSG00000129226","CD68",6,6,6,6,0.15738978329838,0.21953386459585,10.083332548514,-224.583333333333,49.5,33,273,206.333333333333,4,4,4,"RandomForest, LASSO, ElasticNet, XGBoost_combined",140.458333333333
"ENSG00000127528","KLF2",6,6,6,6,0.0919599276065817,0.0903578116733326,13.9240180025262,-200.416666666667,138.5,145,103.5,179.666666666667,4,4,4,"RandomForest, LASSO, ElasticNet, XGBoost_combined",141.666666666667
"ENSG00000051523","CYBA",6,6,6,6,0.120401422963094,0.150366101138256,9.6848040742808,-100.666666666667,97.8333333333333,77.8333333333333,307.333333333333,88.5,4,4,4,"RandomForest, LASSO, ElasticNet, XGBoost_combined",142.875
"ENSG00000197747","S100A10",6,6,6,6,0.0812469064457328,0.081079459223594,12.939220714085,-104.666666666667,175.5,185.666666666667,121.333333333333,90.3333333333333,4,4,4,"RandomForest, LASSO, ElasticNet, XGBoost_combined",143.208333333333
"ENSG00000170458","CD14",6,6,6,6,0.0931613532196395,0.0879585455128446,10.8603493612988,-75.5,136.333333333333,161.333333333333,221.666666666667,65.6666666666667,4,4,4,"RandomForest, LASSO, ElasticNet, XGBoost_combined",146.25
"ENSG00000130176","CNN1",6,6,6,6,0.0986347118304837,0.113944642313337,10.8900322820871,-171.416666666667,120.333333333333,108.5,211.5,152.833333333333,4,4,4,"RandomForest, LASSO, ElasticNet, XGBoost_combined",148.291666666667
"ENSG00000187193","MT1X",6,6,6,6,0.122658703154213,0.132572495876367,9.27754474675164,-94.0833333333333,83.6666666666667,83,348.333333333333,80.1666666666667,4,4,4,"RandomForest, LASSO, ElasticNet, XGBoost_combined",148.791666666667
"ENSG00000123384","LRP1",6,6,6,6,0.0696566982249674,0.0651094666929837,13.1080797591435,-103.583333333333,193.166666666667,203.666666666667,112.5,87.8333333333333,4,4,4,"RandomForest, LASSO, ElasticNet, XGBoost_combined",149.291666666667
"ENSG00000151491","EPS8",6,6,6,6,0.08761076006938,0.0918862246612266,11.6904052534267,-154.833333333333,147.166666666667,142,174.833333333333,138.5,4,4,4,"RandomForest, LASSO, ElasticNet, XGBoost_combined",150.625
"ENSG00000240583","AQP1",6,6,6,6,0.0714636142884145,0.0737206999212521,13.5018017544247,-167.583333333333,184.166666666667,176.166666666667,92.5,150.166666666667,4,4,4,"RandomForest, LASSO, ElasticNet, XGBoost_combined",150.75
"ENSG00000174059","CD34",6,6,6,6,0.0798670745201882,0.0840772936710563,12.6841587675054,-168.666666666667,168.833333333333,160.333333333333,125.5,150.833333333333,4,4,4,"RandomForest, LASSO, ElasticNet, XGBoost_combined",151.375
"ENSG00000152518","ZFP36L2",6,6,6,6,0.0996385493313878,0.103764784041715,10.373739888408,-140.833333333333,116.833333333333,115.833333333333,253.5,123.5,4,4,4,"RandomForest, LASSO, ElasticNet, XGBoost_combined",152.416666666667
"ENSG00000157557","ETS2",6,6,6,6,0.112765778511285,0.122091383005684,9.38002389926447,-125.416666666667,95.1666666666667,93.5,330,109.166666666667,4,4,4,"RandomForest, LASSO, ElasticNet, XGBoost_combined",156.958333333333
"ENSG00000179344","HLA-DQB1",6,6,6,6,0.117065371896719,0.146987031332234,10.4124771000311,-238.916666666667,96.6666666666667,81.1666666666667,240.166666666667,217.833333333333,4,4,4,"RandomForest, LASSO, ElasticNet, XGBoost_combined",158.958333333333
"ENSG00000163017","ACTG2",6,6,6,6,0.134108949096632,0.146049972810895,8.72224814221366,-121,70.5,69.3333333333333,391.333333333333,108.5,4,4,4,"RandomForest, LASSO, ElasticNet, XGBoost_combined",159.916666666667
"ENSG00000149131","SERPING1",6,6,6,6,0.0645676587813691,0.0705722705554678,12.0722919152604,-62.1666666666667,225.333333333333,215.666666666667,152.166666666667,53.3333333333333,4,4,4,"RandomForest, LASSO, ElasticNet, XGBoost_combined",161.625
"ENSG00000189171","S100A13",6,6,6,6,0.125255682763852,0.130223475865463,10.4356981972897,-244.25,83.3333333333333,87.1666666666667,254,223.833333333333,4,4,4,"RandomForest, LASSO, ElasticNet, XGBoost_combined",162.083333333333
"ENSG00000162496","DHRS3",6,6,6,6,0.0997981473315477,0.10203710458486,10.9744261618903,-213.083333333333,119.666666666667,122,229.833333333333,195,4,4,4,"RandomForest, LASSO, ElasticNet, XGBoost_combined",166.625
"ENSG00000198523","PLN",6,6,6,6,0.0667141067367913,0.0648746271163499,12.3536437750211,-128.333333333333,208.5,208.5,141.333333333333,114.333333333333,4,4,4,"RandomForest, LASSO, ElasticNet, XGBoost_combined",168.166666666667
"ENSG00000125968","ID1",6,6,6,6,0.0951908409391108,0.0655368748221296,10.5782308312716,-118.083333333333,127.5,213.166666666667,232.166666666667,104.333333333333,4,4,4,"RandomForest, LASSO, ElasticNet, XGBoost_combined",169.291666666667
"ENSG00000160255","ITGB2",6,6,6,6,0.10872983342533,0.120546888038031,9.92717182598626,-235,103.333333333333,100.5,281.333333333333,212.5,4,4,4,"RandomForest, LASSO, ElasticNet, XGBoost_combined",174.416666666667
"ENSG00000153823","PID1",6,6,6,6,0.0796095256425906,0.0868686549112864,11.4010770255486,-177.25,186,171.666666666667,184.5,156.833333333333,4,4,4,"RandomForest, LASSO, ElasticNet, XGBoost_combined",174.75
"ENSG00000099998","GGT5",6,6,6,6,0.100354974643902,0.103015420624631,10.0411776024526,-195.75,119.166666666667,121.666666666667,284.833333333333,175.833333333333,4,4,4,"RandomForest, LASSO, ElasticNet, XGBoost_combined",175.375
"ENSG00000124212","PTGIS",6,6,6,6,0.0562105298764203,0.0568965912279764,15.9723503127589,-205.666666666667,251.833333333333,239.333333333333,42.5,185.666666666667,4,4,4,"RandomForest, LASSO, ElasticNet, XGBoost_combined",179.833333333333
"ENSG00000125810","CD93",6,6,6,6,0.0802598380226066,0.0526549885289317,11.0524954422973,-111.5,159.166666666667,260.833333333333,219.166666666667,97.8333333333333,4,4,4,"RandomForest, LASSO, ElasticNet, XGBoost_combined",184.25
"ENSG00000116132","PRRX1",6,6,6,6,0.0753346537944393,0.0744728376693197,12.3173699690136,-234.25,192.333333333333,192.666666666667,139.666666666667,213.333333333333,4,4,4,"RandomForest, LASSO, ElasticNet, XGBoost_combined",184.5
"ENSG00000162444","RBP7",6,6,6,6,0.112173902496721,0.118836065071165,10.6031349867291,-339.083333333333,97.5,96.8333333333333,236.333333333333,313.666666666667,4,4,4,"RandomForest, LASSO, ElasticNet, XGBoost_combined",186.083333333333
"ENSG00000168209","DDIT4",6,6,6,6,0.097445025728353,0.108286438734614,10.3239262153791,-288.5,120,110.833333333333,251.833333333333,265.166666666667,4,4,4,"RandomForest, LASSO, ElasticNet, XGBoost_combined",186.958333333333
"ENSG00000165168","CYBB",6,6,6,6,0.143164929481578,0.147442616974657,9.40166858524858,-259.833333333333,87.1666666666667,107.333333333333,326.5,237.166666666667,4,4,4,"RandomForest, LASSO, ElasticNet, XGBoost_combined",189.541666666667
"ENSG00000134531","EMP1",6,6,6,6,0.0747177070324029,0.0748890985733215,11.1653057783005,-219.083333333333,179,178.333333333333,207.333333333333,197,4,4,4,"RandomForest, LASSO, ElasticNet, XGBoost_combined",190.416666666667
"ENSG00000173918","C1QTNF1",6,6,6,6,0.0857533040099398,0.0879364691920883,9.62793851546841,-173.5,147.166666666667,145.333333333333,314.333333333333,155.666666666667,4,4,4,"RandomForest, LASSO, ElasticNet, XGBoost_combined",190.625
"ENSG00000187479","C11orf96",6,6,6,6,0.0686156188929545,0.071454399218906,9.7127345412565,-70.5,205.5,197.333333333333,310.666666666667,58.5,4,4,4,"RandomForest, LASSO, ElasticNet, XGBoost_combined",193
"ENSG00000107562","CXCL12",6,6,6,6,0.0622425667140026,0.0629232449670215,11.5080302487143,-161.916666666667,232.333333333333,219.666666666667,183,145.5,4,4,4,"RandomForest, LASSO, ElasticNet, XGBoost_combined",195.125
"ENSG00000162458","FBLIM1",6,6,6,6,0.066497444680812,0.0640557961535979,11.3555283963771,-231,202,208.166666666667,191.333333333333,209.833333333333,4,4,4,"RandomForest, LASSO, ElasticNet, XGBoost_combined",202.833333333333
"ENSG00000106333","PCOLCE",6,6,6,6,0.0753058232099738,0.0707666002206486,10.0845077463109,-191.666666666667,182.666666666667,189.833333333333,266.333333333333,173.333333333333,4,4,4,"RandomForest, LASSO, ElasticNet, XGBoost_combined",203.041666666667
"ENSG00000119655","NPC2",6,6,6,6,0.051277879647929,0.0494773739977056,11.0861279906858,-67.8333333333333,277.166666666667,277.833333333333,202,57.1666666666667,4,4,4,"RandomForest, LASSO, ElasticNet, XGBoost_combined",203.541666666667
"ENSG00000145012","LPP",6,6,6,6,0.061543327094406,0.0625432075030283,10.5378767475132,-169.416666666667,222.166666666667,211.166666666667,236.333333333333,150,4,4,4,"RandomForest, LASSO, ElasticNet, XGBoost_combined",204.916666666667
"ENSG00000168497","CAVIN2",6,6,6,6,0.0705617076067929,0.0629236012746152,13.4142067751033,-312.666666666667,211.833333333333,231.666666666667,99.3333333333333,290.833333333333,4,4,4,"RandomForest, LASSO, ElasticNet, XGBoost_combined",208.416666666667
"ENSG00000168386","FILIP1L",6,6,6,6,0.0619397982039199,0.0628206124583148,10.700085818327,-199,221.333333333333,217.166666666667,233.5,179.333333333333,4,4,4,"RandomForest, LASSO, ElasticNet, XGBoost_combined",212.833333333333
"ENSG00000176046","NUPR1",6,6,6,6,0.0650403578961522,0.075801196255686,10.5530570020904,-252.166666666667,222.5,188.333333333333,235.833333333333,231.333333333333,4,4,4,"RandomForest, LASSO, ElasticNet, XGBoost_combined",219.5
"ENSG00000008517","IL32",6,6,6,6,0.0624650635045459,0.0609941612336419,11.0398447955897,-259.5,219.833333333333,221.333333333333,204.5,235.333333333333,4,4,4,"RandomForest, LASSO, ElasticNet, XGBoost_combined",220.25
"ENSG00000165795","NDRG2",6,6,6,6,0.0589247109650609,0.0569501988620946,12.1537028147452,-222.583333333333,262.333333333333,267.333333333333,156.666666666667,201.833333333333,4,4,4,"RandomForest, LASSO, ElasticNet, XGBoost_combined",222.041666666667
"ENSG00000234745","HLA-B",6,6,6,6,0.0526273579400488,0.0496613895898443,11.2067837056916,-194,265.666666666667,264.833333333333,194.333333333333,175.666666666667,4,4,4,"RandomForest, LASSO, ElasticNet, XGBoost_combined",225.125
"ENSG00000197321","SVIL",6,6,6,6,0.0509569267223646,0.0515879898425085,10.2449448037063,-156.583333333333,265.333333333333,256.166666666667,269.666666666667,142,4,4,4,"RandomForest, LASSO, ElasticNet, XGBoost_combined",233.291666666667
"ENSG00000163220","S100A9",6,6,6,6,0.091752439958766,0.0795292204179149,9.8884832287285,-325,152,201,286.833333333333,300.333333333333,4,4,4,"RandomForest, LASSO, ElasticNet, XGBoost_combined",235.041666666667
"ENSG00000170017","ALCAM",6,6,6,6,0.0454316288105594,0.0418725312011509,13.0452585930511,-277.333333333333,297.333333333333,298.333333333333,113.166666666667,254.5,4,4,4,"RandomForest, LASSO, ElasticNet, XGBoost_combined",240.833333333333
"ENSG00000137962","ARHGAP29",6,6,6,6,0.0635926478210985,0.0577508257377554,9.27599267242397,-206.75,211.166666666667,230,335,188,4,4,4,"RandomForest, LASSO, ElasticNet, XGBoost_combined",241.041666666667
"ENSG00000165092","ALDH1A1",6,6,6,6,0.0821181279002612,0.0765561237768008,8.9772652970809,-270.666666666667,171.5,194.5,365.333333333333,246.5,4,4,4,"RandomForest, LASSO, ElasticNet, XGBoost_combined",244.458333333333
"ENSG00000104894","CD37",6,6,6,6,0.0574487180698543,0.0506491832006282,10.1314155944217,-245.416666666667,241.5,264.833333333333,280.333333333333,225.5,4,4,4,"RandomForest, LASSO, ElasticNet, XGBoost_combined",253.041666666667
"ENSG00000213145","CRIP1",6,6,6,6,0.0476250972734859,0.0480695205894493,11.2234939911361,-271.333333333333,302,284.333333333333,199.833333333333,247.5,4,4,4,"RandomForest, LASSO, ElasticNet, XGBoost_combined",258.416666666667
"ENSG00000101000","PROCR",6,6,6,6,0.0522575630709972,0.0514227859572216,10.7932156186177,-352.666666666667,270,256.666666666667,224.666666666667,322.5,4,4,4,"RandomForest, LASSO, ElasticNet, XGBoost_combined",268.458333333333
"ENSG00000198959","TGM2",6,6,6,6,0.0387357843548939,0.03854672704071,12.3326296420594,-341.083333333333,347.5,327.666666666667,145.833333333333,311.666666666667,4,4,4,"RandomForest, LASSO, ElasticNet, XGBoost_combined",283.166666666667
"ENSG00000197461","PDGFA",6,6,6,6,0.0277560368524676,0.0239490905542221,12.5934464318441,-267.833333333333,427,420.333333333333,127.166666666667,244.166666666667,4,4,4,"RandomForest, LASSO, ElasticNet, XGBoost_combined",304.666666666667
"ENSG00000111341","MGP",6,5,6,6,0.0833789866599179,0.123508082604226,18.8999793841133,-34,198.833333333333,119.4,15.3333333333333,26.1666666666667,3,4,4,"RandomForest, ElasticNet, XGBoost_combined",89.9333333333333
"ENSG00000106565","TMEM176B",6,5,6,6,0.0917080327195033,0.108494830338506,14.9058227798992,-133.083333333333,165.666666666667,117.2,57.5,119,3,4,4,"RandomForest, ElasticNet, XGBoost_combined",114.841666666667
"ENSG00000143226","FCGR2A",6,5,6,6,0.0845673557126817,0.0917458073525169,13.0919703066211,-130.75,162.666666666667,167.2,114.166666666667,114.5,3,4,4,"RandomForest, ElasticNet, XGBoost_combined",139.633333333333
"ENSG00000100097","LGALS1",6,6,5,6,0.11601638655046,0.129065768771072,9.77557497995813,-142.916666666667,97.6666666666667,92.5,307,127.166666666667,3,4,4,"LASSO, ElasticNet, XGBoost_combined",156.083333333333
"ENSG00000197943","PLCG2",6,6,5,6,0.068712420565962,0.0720249046442522,11.313546679216,-142.75,198.833333333333,188.5,194.2,130.666666666667,3,4,4,"LASSO, ElasticNet, XGBoost_combined",178.05
"ENSG00000101160","CTSZ",6,5,6,6,0.0639739290273234,0.0620198921651916,10.7308960834548,-231.083333333333,225,232.6,226,209.666666666667,3,4,4,"RandomForest, ElasticNet, XGBoost_combined",223.316666666667
"ENSG00000159388","BTG2",6,6,6,5,0.0600253779054672,0.060615901231095,12.1568884845893,-335.5,235.833333333333,221.666666666667,155.166666666667,306.8,3,4,4,"RandomForest, LASSO, ElasticNet",229.866666666667
"ENSG00000137801","THBS1",6,6,5,6,0.0640164946942595,0.0630546653728659,10.0577180553704,-235.916666666667,215.166666666667,215.166666666667,278.6,215.166666666667,3,4,4,"LASSO, ElasticNet, XGBoost_combined",231.025
"ENSG00000169851","PCDH7",5,6,6,6,0.0385380244920352,0.0349234469208595,14.7614821615577,-210.166666666667,331.4,340.5,62.6666666666667,190.833333333333,3,4,4,"RandomForest, LASSO, XGBoost_combined",231.35
"ENSG00000172935","MRGPRF",6,6,5,6,0.0796632083596606,0.0832842810003022,9.059341676193,-322.25,177.166666666667,169.666666666667,365,298.666666666667,3,4,4,"LASSO, ElasticNet, XGBoost_combined",252.625
"ENSG00000176971","FIBIN",5,6,6,6,0.0555285883043159,0.0497779114481526,11.7413677683568,-344.25,249,276,171.833333333333,315.166666666667,3,4,4,"RandomForest, LASSO, XGBoost_combined",253
"ENSG00000182578","CSF1R",6,6,6,5,0.0848575642373036,0.0820182081885156,9.14731315638779,-385.6,150.666666666667,170.333333333333,356.333333333333,355.2,3,4,4,"RandomForest, LASSO, ElasticNet",258.133333333333
"ENSG00000154556","SORBS2",6,6,6,5,0.0477302953213075,0.0466092500451544,10.1137559872748,-271,286,274.666666666667,265.833333333333,248,3,4,4,"RandomForest, LASSO, ElasticNet",268.625
"ENSG00000173641","HSPB7",6,6,5,6,0.0555221265963838,0.0548962908217089,8.6488209914581,-219.583333333333,254.5,250.5,396.4,201.166666666667,3,4,4,"LASSO, ElasticNet, XGBoost_combined",275.641666666667
"ENSG00000277443","MARCKS",6,6,5,6,0.0532643174746291,0.0535447455728689,8.99703486559058,-361.666666666667,258,243.833333333333,361,332.166666666667,3,4,4,"LASSO, ElasticNet, XGBoost_combined",298.75
"ENSG00000187134","AKR1C1",6,6,5,6,0.044014888097966,0.0414288639796589,9.14587899542251,-425.166666666667,320,316,354.4,391.5,3,4,4,"LASSO, ElasticNet, XGBoost_combined",345.475
"ENSG00000066336","SPI1",6,6,4,6,0.28196992423297,0.350741840144502,9.57687220402203,-98.5,7.66666666666667,6.66666666666667,307.75,88,3,3,4,"LASSO, ElasticNet, XGBoost_combined",102.520833333333
"ENSG00000094963","FMO2",6,6,0,6,0.125608949170779,0.130524322570905,NA,-220,81.5,85.5,NA,203.333333333333,3,3,3,"LASSO, ElasticNet, XGBoost_combined",123.444444444444
"ENSG00000109472","CPE",6,6,2,6,0.202926766957396,0.257291931608412,8.89304780329175,-85.9166666666667,28.5,22,374,73.1666666666667,3,3,4,"LASSO, ElasticNet, XGBoost_combined",124.416666666667
"ENSG00000047457","CP",6,6,0,6,0.105502649054828,0.106466779753824,NA,-178.416666666667,111.833333333333,122,NA,161.166666666667,3,3,3,"LASSO, ElasticNet, XGBoost_combined",131.666666666667
"ENSG00000125730","C3",6,6,6,3,0.134515505435628,0.144247650726306,13.6942212494206,-428.166666666667,72.8333333333333,74.5,92.5,399,3,3,4,"RandomForest, LASSO, ElasticNet",159.708333333333
"ENSG00000154734","ADAMTS1",6,6,1,6,0.214230357819449,0.238972445928697,7.85800328852332,-136.666666666667,24,25.3333333333333,475,122.5,3,3,4,"LASSO, ElasticNet, XGBoost_combined",161.708333333333
"ENSG00000153071","DAB2",6,6,4,6,0.12130827946878,0.146514604779866,8.60730007517965,-119.333333333333,88.1666666666667,73.3333333333333,396,104.5,3,3,4,"LASSO, ElasticNet, XGBoost_combined",165.5
"ENSG00000019582","CD74",6,4,6,6,0.0548298902330649,0.0558296021618873,12.9077186396921,-91.0833333333333,260.5,232.25,111.5,80.6666666666667,3,3,4,"RandomForest, ElasticNet, XGBoost_combined",171.229166666667
"ENSG00000102024","PLS3",6,6,0,6,0.0775515669255121,0.0966784926034765,NA,-226.166666666667,181,151.5,NA,205.333333333333,3,3,3,"LASSO, ElasticNet, XGBoost_combined",179.277777777778
"ENSG00000154380","ENAH",6,6,0,6,0.0899362932153182,0.0927769586886132,NA,-314.75,135,133.666666666667,NA,287.333333333333,3,3,3,"LASSO, ElasticNet, XGBoost_combined",185.333333333333
"ENSG00000146674","IGFBP3",6,6,4,6,0.119048619819116,0.121598931416889,8.77086572004711,-203.583333333333,82.6666666666667,91.1666666666667,397.5,183.5,3,3,4,"LASSO, ElasticNet, XGBoost_combined",188.708333333333
"ENSG00000154096","THY1",6,6,4,6,0.13312586631487,0.140229367305158,8.55503250128044,-204.25,78.3333333333333,84.5,409.5,185.166666666667,3,3,4,"LASSO, ElasticNet, XGBoost_combined",189.375
"ENSG00000116194","ANGPTL1",6,6,4,6,0.111100047958061,0.117498890857596,8.84741373752171,-209.833333333333,98.3333333333333,98.8333333333333,373.5,189.333333333333,3,3,4,"LASSO, ElasticNet, XGBoost_combined",190
"ENSG00000006042","TMEM98",6,6,0,6,0.0795168346613224,0.083143391594517,NA,-281.583333333333,165.833333333333,157.833333333333,NA,258.333333333333,3,3,3,"LASSO, ElasticNet, XGBoost_combined",194
"ENSG00000106483","SFRP4",6,6,6,2,0.113075304122815,0.113700161825689,10.494844825761,-371.5,96.8333333333333,104.666666666667,240.333333333333,343,3,3,4,"RandomForest, LASSO, ElasticNet",196.208333333333
"ENSG00000085871","MGST2",6,6,2,6,0.125197417140525,0.137515949274209,8.56040457213756,-280,78,77,397.5,256.833333333333,3,3,4,"LASSO, ElasticNet, XGBoost_combined",202.333333333333
"ENSG00000153310","CYRIB",6,6,0,6,0.083714027517978,0.0883496320876073,NA,-327.916666666667,160.333333333333,157.166666666667,NA,300.833333333333,3,3,3,"LASSO, ElasticNet, XGBoost_combined",206.111111111111
"ENSG00000140836","ZFHX3",6,6,0,6,0.0720429007374321,0.0745685997305312,NA,-298.833333333333,188,184,NA,272.333333333333,3,3,3,"LASSO, ElasticNet, XGBoost_combined",214.777777777778
"ENSG00000150347","ARID5B",6,6,4,6,0.0875916559162883,0.102523645340372,8.69987300748422,-224.666666666667,144.166666666667,121.166666666667,399.75,205.666666666667,3,3,4,"LASSO, ElasticNet, XGBoost_combined",217.6875
"ENSG00000168461","RAB31",6,6,1,6,0.0876235277797225,0.0995407872523932,9.3809075484258,-313.833333333333,143,126.666666666667,318,287.166666666667,3,3,4,"LASSO, ElasticNet, XGBoost_combined",218.708333333333
"ENSG00000139278","GLIPR1",6,6,2,6,0.0864236254622569,0.0880426605308191,8.27286362881015,-186.333333333333,144.5,146.333333333333,426.5,169.333333333333,3,3,4,"LASSO, ElasticNet, XGBoost_combined",221.666666666667
"ENSG00000134871","COL4A2",6,6,3,6,0.0790247512082484,0.0789671920041548,8.44789726939288,-197.666666666667,170.833333333333,171,421,180.833333333333,3,3,4,"LASSO, ElasticNet, XGBoost_combined",235.916666666667
"ENSG00000172201","ID4",6,6,0,6,0.0610465802978253,0.0655799622622071,NA,-331.25,218.666666666667,198.666666666667,NA,306.333333333333,3,3,3,"LASSO, ElasticNet, XGBoost_combined",241.222222222222
"ENSG00000112562","SMOC2",6,6,2,6,0.0999648617067521,0.113172122799221,8.46768140049121,-338.833333333333,126.333333333333,116.666666666667,417,310.5,3,3,4,"LASSO, ElasticNet, XGBoost_combined",242.625
"ENSG00000119950","MXI1",6,6,0,6,0.0619283084630555,0.0622602164142396,NA,-335.5,221.5,212.333333333333,NA,310.5,3,3,3,"LASSO, ElasticNet, XGBoost_combined",248.111111111111
"ENSG00000131669","NINJ1",6,6,0,6,0.0723953716386374,0.069039674159308,NA,-361.583333333333,196.166666666667,217.833333333333,NA,333.166666666667,3,3,3,"LASSO, ElasticNet, XGBoost_combined",249.055555555556
"ENSG00000110092","CCND1",6,6,4,6,0.0838640540910577,0.0871308058362864,9.11887605042045,-368.5,168.666666666667,162,363,339.833333333333,3,3,4,"LASSO, ElasticNet, XGBoost_combined",258.375
"ENSG00000006016","CRLF1",6,6,4,6,0.0736594665337815,0.0751003225187734,8.57291907361585,-259.916666666667,199.166666666667,192.333333333333,408.75,240.833333333333,3,3,4,"LASSO, ElasticNet, XGBoost_combined",260.270833333333
"ENSG00000022267","FHL1",6,6,4,6,0.0760331956428393,0.0779038015802951,8.27912952094985,-280.583333333333,182.833333333333,181,425.5,257,3,3,4,"LASSO, ElasticNet, XGBoost_combined",261.583333333333
"ENSG00000213626","LBH",6,6,3,6,0.0730476542867149,0.0695060527213899,8.94480789958667,-309.166666666667,189.833333333333,197.666666666667,379.666666666667,286.166666666667,3,3,4,"LASSO, ElasticNet, XGBoost_combined",263.333333333333
"ENSG00000164116","GUCY1A1",6,6,4,6,0.0550796074148778,0.0452236605374113,8.91743792209695,-188.916666666667,243.5,282,383.5,169.333333333333,3,3,4,"LASSO, ElasticNet, XGBoost_combined",269.583333333333
"ENSG00000106991","ENG",4,6,6,6,0.0387495887768619,0.0299766857133362,12.6981815909958,-259.416666666667,337.25,379.666666666667,123.5,240.166666666667,3,3,4,"RandomForest, LASSO, XGBoost_combined",270.145833333333
"ENSG00000107317","PTGDS",6,4,6,6,0.0349981108572717,0.0337286771695595,15.1060080835519,-326.083333333333,371.166666666667,355.75,56.5,299.666666666667,3,3,4,"RandomForest, ElasticNet, XGBoost_combined",270.770833333333
"ENSG00000130592","LSP1",6,6,6,3,0.0732246848834542,0.0795260474078323,9.24243713906612,-460.333333333333,183.166666666667,167.166666666667,355.166666666667,423.666666666667,3,3,4,"RandomForest, LASSO, ElasticNet",282.291666666667
"ENSG00000162434","JAK1",6,6,1,6,0.0655948870749392,0.0652309236053221,7.84045151146695,-309.25,201.833333333333,197.833333333333,472,284.833333333333,3,3,4,"LASSO, ElasticNet, XGBoost_combined",289.125
"ENSG00000079308","TNS1",6,6,1,6,0.0534082287579913,0.0543367410233631,8.32059700537349,-284.75,274.666666666667,258.833333333333,406,261.5,3,3,4,"LASSO, ElasticNet, XGBoost_combined",300.25
"ENSG00000004776","HSPB6",6,6,4,6,0.0590472509324873,0.056085194191516,8.58006155096278,-351.416666666667,249.333333333333,262.5,407.75,322.166666666667,3,3,4,"LASSO, ElasticNet, XGBoost_combined",310.4375
"ENSG00000081237","PTPRC",5,5,6,6,0.121780808603186,0.172776898790493,10.1794923822522,-97,92,60.8,271.5,82,2,4,4,"RandomForest, XGBoost_combined",126.575
"ENSG00000038427","VCAN",5,5,6,6,0.0431212416291796,0.0449353839083107,19.3495420946979,-34,308.2,280.4,12.5,26.5,2,4,4,"RandomForest, XGBoost_combined",156.9
"ENSG00000142910","TINAGL1",5,5,6,6,0.0526733909310545,0.0440462588372133,16.7658928693521,-58.4166666666667,266,311,32.5,49.6666666666667,2,4,4,"RandomForest, XGBoost_combined",164.791666666667
"ENSG00000091986","CCDC80",5,5,6,6,0.0847645207727624,0.0842411529728161,12.6424219427702,-249.333333333333,148.6,153.4,132.333333333333,229.666666666667,2,4,4,"RandomForest, XGBoost_combined",166
"ENSG00000049323","LTBP1",5,5,6,6,0.0510481306402893,0.0482119390428366,14.5337740333384,-80.8333333333333,272,267.8,66,69.1666666666667,2,4,4,"RandomForest, XGBoost_combined",168.741666666667
"ENSG00000122679","RAMP3",6,5,6,5,0.0755989428716753,0.0582397609883018,14.043868787968,-328.3,190.166666666667,225.8,77.3333333333333,299.6,2,4,4,"RandomForest, ElasticNet",198.225
"ENSG00000143119","CD53",5,5,6,6,0.0897592735235841,0.096429222555322,10.267689490317,-260.25,151.6,158,266.833333333333,237.5,2,4,4,"RandomForest, XGBoost_combined",203.483333333333
"ENSG00000103811","CTSH",6,6,5,5,0.0892337314268389,0.1043954019628,10.134247565154,-270.4,177,158.666666666667,272.4,248.2,2,4,4,"LASSO, ElasticNet",214.066666666667
"ENSG00000119147","ECRG4",5,5,6,6,0.0532452329703729,0.0472511443536837,11.326781717778,-155.416666666667,264,274.6,197.333333333333,138.833333333333,2,4,4,"RandomForest, XGBoost_combined",218.691666666667
"ENSG00000170345","FOS",5,5,6,6,0.0463336016223141,0.0469225016627373,12.4222791577406,-172,299,282.2,145.5,152,2,4,4,"RandomForest, XGBoost_combined",219.675
"ENSG00000064205","CCN5",5,5,6,6,0.047583760411025,0.0431853911631312,13.0266391902972,-194.333333333333,292.8,304.4,110.666666666667,175.166666666667,2,4,4,"RandomForest, XGBoost_combined",220.758333333333
"ENSG00000065534","MYLK",5,5,6,6,0.0405063746656601,0.0390988739528978,11.6456939277088,-146,323.8,311.8,169.166666666667,128.5,2,4,4,"RandomForest, XGBoost_combined",233.316666666667
"ENSG00000159176","CSRP1",5,5,6,6,0.0404907055364601,0.0388988741324952,11.2839592479736,-133.333333333333,327,315.2,188.5,118.666666666667,2,4,4,"RandomForest, XGBoost_combined",237.341666666667
"ENSG00000166741","NNMT",5,5,6,6,0.0534724597960587,0.0622429281032132,9.15116595999576,-152.25,272.2,234.4,350.833333333333,135.5,2,4,4,"RandomForest, XGBoost_combined",248.233333333333
"ENSG00000111348","ARHGDIB",5,5,6,6,0.0471723388829056,0.0461501083150077,11.7843866430961,-308.416666666667,290,279.4,175.5,281.166666666667,2,4,4,"RandomForest, XGBoost_combined",256.516666666667
"ENSG00000197766","CFD",5,5,6,6,0.0457507784739009,0.045993843199067,11.5060836556218,-295.333333333333,290.6,280.4,186.833333333333,271.333333333333,2,4,4,"RandomForest, XGBoost_combined",257.291666666667
"ENSG00000002933","TMEM176A",5,5,6,6,0.0458959314089475,0.0405107274008485,13.8242557376559,-382.833333333333,292.2,306,84.5,350.833333333333,2,4,4,"RandomForest, XGBoost_combined",258.383333333333
"ENSG00000125148","MT2A",5,5,6,6,0.0486043319771788,0.0460071415188565,9.76246205690511,-280.333333333333,286.2,285.6,293.333333333333,261.166666666667,2,4,4,"RandomForest, XGBoost_combined",281.575
"ENSG00000197405","C5AR1",5,5,6,6,0.0496952369005717,0.0555881097836249,9.00760630605926,-416.5,287.2,251.6,370,388.333333333333,2,4,4,"RandomForest, XGBoost_combined",324.283333333333
"ENSG00000106819","ASPN",6,6,0,5,0.078215180659167,0.0758049566366241,NA,-278.3,165.166666666667,173.5,NA,255,2,3,3,"LASSO, ElasticNet",197.888888888889
"ENSG00000090382","LYZ",5,4,6,6,0.0961324197525973,0.127143788217845,10.3996590270832,-233.166666666667,194.2,171,249.166666666667,212.333333333333,2,3,4,"RandomForest, XGBoost_combined",206.675
"ENSG00000133574","GIMAP4",5,3,6,6,0.0615242130445561,0.0582581182675089,12.8010776571156,-247.5,248,267,115.833333333333,226.166666666667,2,3,4,"RandomForest, XGBoost_combined",214.25
"ENSG00000166927","MS4A7",6,4,6,5,0.070916366305996,0.089025500194285,10.5073071245034,-302.5,209.833333333333,138,240.666666666667,277.6,2,3,4,"RandomForest, ElasticNet",216.525
"ENSG00000157110","RBPMS",6,6,0,5,0.084230768412358,0.0932825964765491,NA,-375.4,160.333333333333,147.5,NA,348.4,2,3,3,"LASSO, ElasticNet",218.744444444444
"ENSG00000151468","CCDC3",6,6,0,5,0.0813081434247264,0.0803259683821776,NA,-386.7,163.333333333333,166.666666666667,NA,355.6,2,3,3,"LASSO, ElasticNet",228.533333333333
"ENSG00000143549","TPM3",6,5,2,6,0.0710573220165152,0.0776673557934322,10.1202017709732,-290.333333333333,229.666666666667,211.8,249,266.5,2,3,4,"ElasticNet, XGBoost_combined",239.241666666667
"ENSG00000213949","ITGA1",6,6,0,5,0.0679670317371849,0.068112890198132,NA,-370.9,207.666666666667,203.5,NA,342,2,3,3,"LASSO, ElasticNet",251.055555555556
"ENSG00000150540","HNMT",5,4,6,6,0.0553147867574793,0.0676077486309629,8.80028864926091,-102.083333333333,285,249.75,383,87.3333333333333,2,3,4,"RandomForest, XGBoost_combined",251.270833333333
"ENSG00000118523","CCN2",6,5,0,6,0.0448627240546738,0.0537878397164446,NA,-275,304.166666666667,235.8,NA,251.166666666667,2,3,3,"ElasticNet, XGBoost_combined",263.711111111111
"ENSG00000138758","SEPTIN11",6,6,0,5,0.0654526963792839,0.0673384291847757,NA,-443.1,205.166666666667,195.333333333333,NA,407.4,2,3,3,"LASSO, ElasticNet",269.3
"ENSG00000104419","NDRG1",6,6,5,4,0.0672311849573051,0.0697645483928746,9.08072155071075,-354,218.5,207.333333333333,358.6,326.75,2,3,4,"LASSO, ElasticNet",277.795833333333
"ENSG00000108821","COL1A1",6,5,4,6,0.0451211467152125,0.0437957375906394,9.24383483773081,-186.833333333333,311.666666666667,291.8,351,167.333333333333,2,3,4,"ElasticNet, XGBoost_combined",280.45
"ENSG00000197043","ANXA6",6,6,0,5,0.055865582602757,0.0567296916244944,NA,-370.2,257.5,244.166666666667,NA,342.2,2,3,3,"LASSO, ElasticNet",281.288888888889
"ENSG00000104870","FCGRT",5,3,6,6,0.0419243424973485,0.0407286266304192,9.85544938156557,-271.083333333333,323,298,287.166666666667,247.166666666667,2,3,4,"RandomForest, XGBoost_combined",288.833333333333
"ENSG00000145423","SFRP2",6,5,6,0,0.0355522648953306,0.030989788329642,12.194444753812,NA,365.5,374.8,146.166666666667,NA,2,3,3,"RandomForest, ElasticNet",295.488888888889
"ENSG00000106366","SERPINE1",6,6,1,5,0.0652025752858011,0.0643882024543704,8.49888620304032,-402,209.333333333333,207.333333333333,404,371.8,2,3,4,"LASSO, ElasticNet",298.116666666667
"ENSG00000148700","ADD3",6,6,4,5,0.0504656499896013,0.0507531421184518,9.44229268998771,-371.6,284.833333333333,273,327,343.6,2,3,4,"LASSO, ElasticNet",307.108333333333
"ENSG00000174099","MSRB3",6,6,0,5,0.0444637880584347,0.0426680636249153,NA,-356.3,302.833333333333,292,NA,327.8,2,3,3,"LASSO, ElasticNet",307.544444444444
"ENSG00000178695","KCTD12",5,4,6,6,0.0401323365553103,0.0332723591197636,10.5904560577897,-341,331.2,354.25,243.666666666667,312.166666666667,2,3,4,"RandomForest, XGBoost_combined",310.320833333333
"ENSG00000122378","PRXL2A",5,6,6,3,0.0482625100659909,0.0446445652091908,9.87108634665203,-419.333333333333,274.4,287.833333333333,296.833333333333,390.333333333333,2,3,4,"RandomForest, LASSO",312.35
"ENSG00000163359","COL6A3",6,6,4,5,0.0383484898587743,0.0372188239689304,8.92265430563126,-369.1,347.5,328.333333333333,374,339.2,2,3,4,"LASSO, ElasticNet",347.258333333333
"ENSG00000166347","CYB5A",6,6,3,5,0.0423547247524177,0.0409150669785705,8.4164902770392,-395.9,315,299.5,423,363,2,3,4,"LASSO, ElasticNet",350.125
"ENSG00000102007","PLP2",6,6,5,2,0.037336926227458,0.0351019078042454,8.993891958416,-419,350,339.833333333333,368.2,383,2,3,4,"LASSO, ElasticNet",360.258333333333
"ENSG00000172348","RCAN2",6,6,1,5,0.0424376856804025,0.0419406994971675,7.98582066047388,-454.2,331.5,312.5,455,417.8,2,3,4,"LASSO, ElasticNet",379.2
"ENSG00000101335","MYL9",0,0,6,6,NA,NA,16.8850569292014,-41.5833333333333,NA,NA,31,33.8333333333333,2,2,2,"RandomForest, XGBoost_combined",32.4166666666667
"ENSG00000109099","PMP22",0,0,6,6,NA,NA,13.6827854574517,-72.1666666666667,NA,NA,99.5,60.8333333333333,2,2,2,"RandomForest, XGBoost_combined",80.1666666666667
"ENSG00000158869","FCER1G",4,1,6,6,0.0764148873106626,0.134710989715924,14.2935808566689,-20.0833333333333,185,66,72.5,15.1666666666667,2,2,4,"RandomForest, XGBoost_combined",84.6666666666667
"ENSG00000133392","MYH11",0,0,6,6,NA,NA,12.4477773646816,-96.1666666666667,NA,NA,134.166666666667,81.8333333333333,2,2,2,"RandomForest, XGBoost_combined",108
"ENSG00000142173","COL6A2",0,0,6,6,NA,NA,11.7231792824285,-71.9166666666667,NA,NA,164.833333333333,58,2,2,2,"RandomForest, XGBoost_combined",111.416666666667
"ENSG00000110077","MS4A6A",1,1,6,6,0.181024838035256,0.215935384805687,11.057725744091,-214.666666666667,39,37,207.166666666667,194,2,2,4,"RandomForest, XGBoost_combined",119.291666666667
"ENSG00000182326","C1S",0,0,6,6,NA,NA,12.0535206543659,-109.416666666667,NA,NA,151.166666666667,97.3333333333333,2,2,2,"RandomForest, XGBoost_combined",124.25
"ENSG00000010278","CD9",0,0,6,6,NA,NA,13.2058152264023,-166.416666666667,NA,NA,104.666666666667,149.833333333333,2,2,2,"RandomForest, XGBoost_combined",127.25
"ENSG00000011600","TYROBP",4,0,6,6,0.0468720293386551,NA,13.287863629433,-1,334,NA,101.833333333333,1,2,2,3,"RandomForest, XGBoost_combined",145.611111111111
"ENSG00000106624","AEBP1",4,4,6,6,0.0767888446540733,0.0820657841827527,12.0994901332786,-139.666666666667,170.75,160,149,121.333333333333,2,2,4,"RandomForest, XGBoost_combined",150.270833333333
"ENSG00000122786","CALD1",1,0,6,6,0.0375417545303054,NA,15.8547116154453,-54.9166666666667,392,NA,44.1666666666667,45.1666666666667,2,2,3,"RandomForest, XGBoost_combined",160.444444444444
"ENSG00000129538","RNASE1",3,0,6,6,0.0421690347062092,NA,13.2894413615965,-78.1666666666667,324.666666666667,NA,101.333333333333,66,2,2,3,"RandomForest, XGBoost_combined",164
"ENSG00000109610","SOD3",0,0,6,6,NA,NA,12.1497043637216,-206.333333333333,NA,NA,147.5,181.666666666667,2,2,2,"RandomForest, XGBoost_combined",164.583333333333
"ENSG00000026297","RNASET2",6,6,0,3,0.112934997324238,0.115027936750502,NA,-327.166666666667,99.8333333333333,107.5,NA,300.666666666667,2,2,3,"LASSO, ElasticNet",169.333333333333
"ENSG00000107796","ACTA2",3,3,6,6,0.0431867673564029,0.0345398405021489,16.7239735404724,-60.1666666666667,288.666666666667,322,32,48.1666666666667,2,2,4,"RandomForest, XGBoost_combined",172.708333333333
"ENSG00000152583","SPARCL1",2,1,6,6,0.0386475239098392,0.0606672222832227,12.2687939320441,-22.5833333333333,332,209,142.5,15.1666666666667,2,2,4,"RandomForest, XGBoost_combined",174.666666666667
"ENSG00000196154","S100A4",2,0,6,6,0.0337437024325146,NA,11.7957179212051,-66,341.5,NA,161.833333333333,56.3333333333333,2,2,3,"RandomForest, XGBoost_combined",186.555555555556
"ENSG00000157514","TSC22D3",0,0,6,6,NA,NA,12.6943217203793,-272,NA,NA,131.166666666667,248.333333333333,2,2,2,"RandomForest, XGBoost_combined",189.75
"ENSG00000265972","TXNIP",4,4,6,6,0.0540373895026915,0.049974454111081,12.7136986191331,-145.416666666667,261.25,271.75,124,128.666666666667,2,2,4,"RandomForest, XGBoost_combined",196.416666666667
"ENSG00000159403","C1R",3,3,6,6,0.0614516562812542,0.0629229216551087,11.7653749963912,-225.75,227.666666666667,213,166.833333333333,205.833333333333,2,2,4,"RandomForest, XGBoost_combined",203.333333333333
"ENSG00000204287","HLA-DRA",1,1,6,6,0.0415132892400675,0.0366713195109916,12.5899711561161,-114.916666666667,302,303,129.5,100.166666666667,2,2,4,"RandomForest, XGBoost_combined",208.666666666667
"ENSG00000024422","EHD2",6,6,0,4,0.0787795735616966,0.0801320027006732,NA,-335.25,165,162.333333333333,NA,307.25,2,2,3,"LASSO, ElasticNet",211.527777777778
"ENSG00000182195","LDOC1",6,6,0,0,0.0636179822366252,0.063627311299637,NA,NA,214.333333333333,211,NA,NA,2,2,2,"LASSO, ElasticNet",212.666666666667
"ENSG00000196126","HLA-DRB1",3,3,6,6,0.0357853094302499,0.0341543644314329,13.0164537728342,-56.1666666666667,355.666666666667,339,112,44.3333333333333,2,2,4,"RandomForest, XGBoost_combined",212.75
"ENSG00000177575","CD163",0,0,6,6,NA,NA,10.406815294723,-198.583333333333,NA,NA,245.666666666667,180,2,2,2,"RandomForest, XGBoost_combined",212.833333333333
"ENSG00000133026","MYH10",3,3,6,6,0.0369547425391216,0.0326448513930468,17.4845287268297,-149.083333333333,349,354.333333333333,25.8333333333333,135.333333333333,2,2,4,"RandomForest, XGBoost_combined",216.125
"ENSG00000127951","FGL2",4,3,6,6,0.0346016353505419,0.0258867905002178,16.9328810127956,-114.5,347,394,29.8333333333333,98.3333333333333,2,2,4,"RandomForest, XGBoost_combined",217.291666666667
"ENSG00000090006","LTBP4",6,6,0,4,0.0830014812132367,0.0837362556247807,NA,-372.25,163,163.333333333333,NA,336.25,2,2,3,"LASSO, ElasticNet",220.861111111111
"ENSG00000169554","ZEB2",0,0,6,6,NA,NA,11.6200497383098,-288.166666666667,NA,NA,177.666666666667,266.333333333333,2,2,2,"RandomForest, XGBoost_combined",222
"ENSG00000170275","CRTAP",6,6,0,2,0.0839541735137791,0.0924763949731015,NA,-387,162,149.666666666667,NA,361.5,2,2,3,"LASSO, ElasticNet",224.388888888889
"ENSG00000118640","VAMP8",6,3,0,6,0.0625914750975935,0.0804752582902191,NA,-295.166666666667,254,157.333333333333,NA,271,2,2,3,"ElasticNet, XGBoost_combined",227.444444444444
"ENSG00000105974","CAV1",4,4,6,6,0.0521328068134052,0.0475692855162837,10.2735375223623,-134.666666666667,251.25,281.5,260.5,117.666666666667,2,2,4,"RandomForest, XGBoost_combined",227.729166666667
"ENSG00000109846","CRYAB",3,3,6,6,0.0421120852344426,0.039418275016397,10.3373810128751,-77.5833333333333,304.333333333333,310.666666666667,253,65,2,2,4,"RandomForest, XGBoost_combined",233.25
"ENSG00000140416","TPM1",1,1,6,6,0.044324192756491,0.0507066503204719,11.8338025166845,-278.166666666667,285,246,160.666666666667,253.333333333333,2,2,4,"RandomForest, XGBoost_combined",236.25
"ENSG00000172403","SYNPO2",0,0,6,6,NA,NA,10.3688173514786,-241.333333333333,NA,NA,252.666666666667,220.5,2,2,2,"RandomForest, XGBoost_combined",236.583333333333
"ENSG00000115380","EFEMP1",2,2,6,6,0.0352072357992467,0.0300428303902275,15.4802704891644,-151.083333333333,389.5,395.5,49.6666666666667,134,2,2,4,"RandomForest, XGBoost_combined",242.166666666667
"ENSG00000164761","TNFRSF11B",0,0,6,6,NA,NA,11.1687179258006,-310.916666666667,NA,NA,208.333333333333,285.166666666667,2,2,2,"RandomForest, XGBoost_combined",246.75
"ENSG00000118292","C1orf54",6,6,0,2,0.0801855469392541,0.0825806286861198,NA,-469.75,162.5,162.5,NA,428,2,2,3,"LASSO, ElasticNet",251
"ENSG00000103490","PYCARD",6,6,0,2,0.0850250608154785,0.0782742918329757,NA,-443,155.5,196.333333333333,NA,406,2,2,3,"LASSO, ElasticNet",252.611111111111
"ENSG00000187955","COL14A1",2,2,6,6,0.044341623855325,0.0377915843661516,10.8873750408133,-203.666666666667,293,323.5,211.666666666667,187,2,2,4,"RandomForest, XGBoost_combined",253.791666666667
"ENSG00000204103","MAFB",2,1,6,6,0.0651425698152514,0.0915932495912238,10.0344455341395,-395,228,148,283,361.5,2,2,4,"RandomForest, XGBoost_combined",255.125
"ENSG00000164733","CTSB",0,0,6,6,NA,NA,10.4743344007156,-301.083333333333,NA,NA,240.666666666667,271.833333333333,2,2,2,"RandomForest, XGBoost_combined",256.25
"ENSG00000159189","C1QC",0,0,6,6,NA,NA,10.2647160188316,-294.166666666667,NA,NA,253.833333333333,268.166666666667,2,2,2,"RandomForest, XGBoost_combined",261
"ENSG00000087245","MMP2",4,4,6,6,0.0578877199922432,0.0559124715430004,9.9115679285463,-272.083333333333,254,254,288.833333333333,251.833333333333,2,2,4,"RandomForest, XGBoost_combined",262.166666666667
"ENSG00000120594","PLXDC2",3,3,6,6,0.0373073854588866,0.0345353133811423,14.9811374790265,-361.166666666667,331.666666666667,327.666666666667,57.8333333333333,333.666666666667,2,2,4,"RandomForest, XGBoost_combined",262.708333333333
"ENSG00000169908","TM4SF1",2,2,6,6,0.0550780572760078,0.0473115502342114,10.3321741032472,-330.666666666667,236.5,256,258.833333333333,305.833333333333,2,2,4,"RandomForest, XGBoost_combined",264.291666666667
"ENSG00000171862","PTEN",6,6,4,2,0.0862063675114168,0.0862648257807843,9.35810993688727,-474,143.833333333333,148.666666666667,329.25,437.5,2,2,4,"LASSO, ElasticNet",264.8125
"ENSG00000164692","COL1A2",1,1,6,6,0.0343644282818239,0.0235476002252318,12.7335557245586,-147.25,383,450,125,128.833333333333,2,2,4,"RandomForest, XGBoost_combined",271.708333333333
"ENSG00000102804","TSC22D1",3,3,6,6,0.046855213730583,0.0453777670545187,9.56968008676237,-233.583333333333,288.666666666667,279.333333333333,313,215.333333333333,2,2,4,"RandomForest, XGBoost_combined",274.083333333333
"ENSG00000154553","PDLIM3",0,0,6,6,NA,NA,8.9521690566576,-194,NA,NA,373.666666666667,175.5,2,2,2,"RandomForest, XGBoost_combined",274.583333333333
"ENSG00000003436","TFPI",2,3,6,6,0.0373730193035565,0.025700710268594,12.4230835534116,-165.916666666667,394.5,424,135.333333333333,145.833333333333,2,2,4,"RandomForest, XGBoost_combined",274.916666666667
"ENSG00000127083","OMD",1,1,6,6,0.037832275293636,0.0234557024224055,13.8387207539384,-256.916666666667,359,451,89,231.333333333333,2,2,4,"RandomForest, XGBoost_combined",282.583333333333
"ENSG00000163453","IGFBP7",2,1,6,6,0.0318491764875682,0.0171607600682884,10.412027464974,-78.1666666666667,372,439,261,67.1666666666667,2,2,4,"RandomForest, XGBoost_combined",284.791666666667
"ENSG00000137409","MTCH1",6,6,0,0,0.0463605805926108,0.0464544782387006,NA,NA,297.666666666667,278,NA,NA,2,2,2,"LASSO, ElasticNet",287.833333333333
"ENSG00000185432","TMT1A",6,6,0,3,0.0551821621962274,0.0540249448380682,NA,-416.833333333333,246.333333333333,236.166666666667,NA,388,2,2,3,"LASSO, ElasticNet",290.166666666667
"ENSG00000164330","EBF1",6,6,0,4,0.0553421332507525,0.0525734995800144,NA,-412.25,244.666666666667,243.666666666667,NA,383,2,2,3,"LASSO, ElasticNet",290.444444444444
"ENSG00000112936","C7",3,3,6,6,0.0499092542323616,0.050445153456437,10.1489017178938,-365.416666666667,278.333333333333,272,277.666666666667,336.666666666667,2,2,4,"RandomForest, XGBoost_combined",291.166666666667
"ENSG00000223865","HLA-DPB1",1,1,6,6,0.0548321947909963,0.0466554229557948,9.74198927875575,-340.333333333333,263,299,297.5,316,2,2,4,"RandomForest, XGBoost_combined",293.875
"ENSG00000231389","HLA-DPA1",0,0,6,6,NA,NA,10.9454399693077,-413,NA,NA,212.833333333333,381.166666666667,2,2,2,"RandomForest, XGBoost_combined",297
"ENSG00000145936","KCNMB1",6,6,1,2,0.0709437939703715,0.0716266755038882,8.28429800927222,-420,190.333333333333,186.333333333333,430,390.5,2,2,4,"LASSO, ElasticNet",299.291666666667
"ENSG00000171223","JUNB",4,4,6,6,0.0371357978894938,0.0332806781212886,10.8845575617135,-311.25,345,344.75,225.333333333333,286.333333333333,2,2,4,"RandomForest, XGBoost_combined",300.354166666667
"ENSG00000106066","CPVL",6,4,6,0,0.0529921800290535,0.0613466645964814,8.5975646652296,NA,281.833333333333,214.75,408,NA,2,2,3,"RandomForest, ElasticNet",301.527777777778
"ENSG00000100219","XBP1",2,3,6,6,0.0405634831439236,0.027929427863605,10.1258339013507,-191.083333333333,364,410.666666666667,264.666666666667,170.333333333333,2,2,4,"RandomForest, XGBoost_combined",302.416666666667
"ENSG00000145730","PAM",6,6,2,2,0.069729491445484,0.0706547436297243,8.23649953065448,-448,193,186.666666666667,423.5,409.5,2,2,4,"LASSO, ElasticNet",303.166666666667
"ENSG00000213088","ACKR1",1,1,6,6,0.0321224575994407,0.0263853730184203,15.0343562501789,-288.166666666667,443,456,60.1666666666667,260.166666666667,2,2,4,"RandomForest, XGBoost_combined",304.833333333333
"ENSG00000154188","ANGPT1",6,6,0,3,0.0555916517369112,0.0560233529072213,NA,-465.166666666667,249.333333333333,235.166666666667,NA,430.333333333333,2,2,3,"LASSO, ElasticNet",304.944444444444
"ENSG00000189058","APOD",3,3,6,6,0.0368018920323188,0.0338957312562977,12.2194899764289,-418.833333333333,351.333333333333,344,144.166666666667,386.833333333333,2,2,4,"RandomForest, XGBoost_combined",306.583333333333
"ENSG00000145675","PIK3R1",4,4,6,6,0.0386018111285441,0.0345126491218868,10.9367552071681,-318.75,362.5,360.5,221.666666666667,295.333333333333,2,2,4,"RandomForest, XGBoost_combined",310
"ENSG00000166482","MFAP4",4,3,6,6,0.0311462589866657,0.0334162703103799,11.576197539535,-364.833333333333,385.75,343.666666666667,177,334.333333333333,2,2,4,"RandomForest, XGBoost_combined",310.1875
"ENSG00000182287","AP1S2",0,0,6,6,NA,NA,9.79220956586906,-359.5,NA,NA,293.333333333333,329.666666666667,2,2,2,"RandomForest, XGBoost_combined",311.5
"ENSG00000134202","GSTM3",6,6,0,4,0.043090242967992,0.0430613837482148,NA,-365,308.666666666667,288.666666666667,NA,339.75,2,2,3,"LASSO, ElasticNet",312.361111111111
"ENSG00000162407","PLPP3",6,6,2,0,0.0468009738387531,0.0458384613418103,8.96845519856075,NA,295.166666666667,280,364,NA,2,2,3,"LASSO, ElasticNet",313.055555555556
"ENSG00000143127","ITGA10",1,1,6,6,0.0289944089913626,0.0244023770919452,11.1144821955957,-327.333333333333,367,386,204,301,2,2,4,"RandomForest, XGBoost_combined",314.5
"ENSG00000184983","NDUFA6",6,6,0,0,0.0409029709242141,0.0391273849161581,NA,NA,322.833333333333,309.666666666667,NA,NA,2,2,2,"LASSO, ElasticNet",316.25
"ENSG00000138495","COX17",6,6,0,4,0.0475960404835927,0.0474806035331077,NA,-426.5,289.166666666667,271.833333333333,NA,390.75,2,2,3,"LASSO, ElasticNet",317.25
"ENSG00000163431","LMOD1",1,1,6,6,0.0384679157378322,0.0334577738677413,9.14326594662165,-298,322,320,356.833333333333,272.5,2,2,4,"RandomForest, XGBoost_combined",317.833333333333
"ENSG00000116717","GADD45A",6,6,2,0,0.0468928444265394,0.0438255876958454,8.61414394919526,NA,283.5,283.666666666667,398.5,NA,2,2,3,"LASSO, ElasticNet",321.888888888889
"ENSG00000000971","CFH",2,2,6,6,0.0322525434952447,0.0300645227076053,9.83228067939758,-277.333333333333,381,365,289.666666666667,254.5,2,2,4,"RandomForest, XGBoost_combined",322.541666666667
"ENSG00000127920","GNG11",1,1,6,6,0.0380781008847385,0.0300300096717358,10.3567309303052,-304.916666666667,371,395,254.333333333333,280,2,2,4,"RandomForest, XGBoost_combined",325.083333333333
"ENSG00000110841","PPFIBP1",6,6,0,3,0.0426697447779813,0.0417724855162271,NA,-383.833333333333,319,302.833333333333,NA,355.666666666667,2,2,3,"LASSO, ElasticNet",325.833333333333
"ENSG00000038945","MSR1",1,1,6,6,0.0460429668477859,0.0270642072365789,10.3443650361691,-323.5,319,446,252.166666666667,300.166666666667,2,2,4,"RandomForest, XGBoost_combined",329.333333333333
"ENSG00000071205","ARHGAP10",6,6,0,3,0.0474567079502015,0.0438681188488594,NA,-423.666666666667,294,303.666666666667,NA,391,2,2,3,"LASSO, ElasticNet",329.555555555556
"ENSG00000167779","IGFBP6",1,0,6,6,0.0194751163193811,NA,9.76912514092364,-251.833333333333,480,NA,294.5,230.166666666667,2,2,3,"RandomForest, XGBoost_combined",334.888888888889
"ENSG00000243927","MRPS6",6,6,1,2,0.0581934944424511,0.0583020575276137,8.19226522272148,-451,255.333333333333,240.5,446,410.5,2,2,4,"LASSO, ElasticNet",338.083333333333
"ENSG00000148671","ADIRF",1,1,6,6,0.0345809828644048,0.0178796435295621,9.38449199992972,-267.333333333333,346,432,331.5,244,2,2,4,"RandomForest, XGBoost_combined",338.375
"ENSG00000048740","CELF2",2,2,6,6,0.0480363089810402,0.0321009964679325,9.44782105517635,-375.083333333333,298.5,399.5,324.666666666667,348.5,2,2,4,"RandomForest, XGBoost_combined",342.791666666667
"ENSG00000138080","EMILIN1",6,6,1,0,0.0427062754033557,0.0422299374030273,8.69617193776954,NA,308,289.833333333333,433,NA,2,2,3,"LASSO, ElasticNet",343.611111111111
"ENSG00000122644","ARL4A",6,6,4,1,0.0467511731182823,0.042545606938039,9.44884849565777,-480.5,301,307,324,444,2,2,4,"LASSO, ElasticNet",344
"ENSG00000138279","ANXA7",6,6,0,0,0.0366179912220016,0.0351670732622001,NA,NA,354.833333333333,337.666666666667,NA,NA,2,2,2,"LASSO, ElasticNet",346.25
"ENSG00000173705","SUSD5",6,6,0,0,0.0355463604990107,0.0346682116876726,NA,NA,358.5,337,NA,NA,2,2,2,"LASSO, ElasticNet",347.75
"ENSG00000142798","HSPG2",1,1,6,6,0.0427097812874412,0.0404520642964699,8.70053332380164,-403,317,311,394.833333333333,373.166666666667,2,2,4,"RandomForest, XGBoost_combined",349
"ENSG00000125676","THOC2",6,6,0,0,0.0352130001649937,0.0348268097616923,NA,NA,361.333333333333,338.166666666667,NA,NA,2,2,2,"LASSO, ElasticNet",349.75
"ENSG00000053254","FOXN3",6,6,0,1,0.0420676368515576,0.0416273944927875,NA,-488.5,321.333333333333,305.333333333333,NA,458,2,2,3,"LASSO, ElasticNet",361.555555555556
"ENSG00000168542","COL3A1",0,0,6,6,NA,NA,8.67495735905935,-354.666666666667,NA,NA,399.333333333333,329,2,2,2,"RandomForest, XGBoost_combined",364.166666666667
"ENSG00000183963","SMTN",6,6,2,0,0.0402408142552242,0.0403627380592983,8.18532921108249,NA,330.166666666667,308,458,NA,2,2,3,"LASSO, ElasticNet",365.388888888889
"ENSG00000221869","CEBPD",1,1,6,6,0.0199184286203368,0.0194028152431398,10.1131752274173,-358.5,469,417,272.666666666667,330.5,2,2,4,"RandomForest, XGBoost_combined",372.291666666667
"ENSG00000101384","JAG1",6,6,3,3,0.0442879450632997,0.0413339052850293,8.10649082817537,-468,306.666666666667,303.5,462.666666666667,427.666666666667,2,2,4,"LASSO, ElasticNet",375.125
"ENSG00000198399","ITSN2",6,6,0,2,0.0344417531877976,0.0343518179128544,NA,-473.25,371.666666666667,345,NA,437,2,2,3,"LASSO, ElasticNet",384.555555555556
"ENSG00000111817","DSE",6,6,4,2,0.039893831598885,0.0393670831188196,8.06209773675754,-482.75,334.833333333333,314.333333333333,452,447.5,2,2,4,"LASSO, ElasticNet",387.166666666667
"ENSG00000116473","RAP1A",6,6,0,1,0.0290522768718707,0.0289260567379452,NA,-519,412.666666666667,377.666666666667,NA,470,2,2,3,"LASSO, ElasticNet",420.111111111111
"ENSG00000124491","F13A1",5,5,6,5,0.226377584321739,0.267292008640656,11.3976315673303,-190.2,20.6,20.2,190.333333333333,169.4,1,4,4,"RandomForest",100.133333333333
"ENSG00000188643","S100A16",5,5,6,5,0.0759888945339248,0.0774964700676014,10.9351572010363,-295.1,182.8,181.4,212,272.8,1,4,4,"RandomForest",212.25
"ENSG00000165457","FOLR2",5,5,6,5,0.0874737535615659,0.0740112848368238,9.1416105937064,-242.1,140.4,183.4,349.833333333333,219.2,1,4,4,"RandomForest",223.208333333333
"ENSG00000131386","GALNT15",5,5,6,5,0.0571064553092834,0.0569161964078269,11.5422397032628,-315.7,241.4,230.4,178.666666666667,288.4,1,4,4,"RandomForest",234.716666666667
"ENSG00000026508","CD44",5,5,6,5,0.0747312599599344,0.0769309099682482,8.73016479161122,-219.8,179.6,176.8,391.666666666667,196.8,1,4,4,"RandomForest",236.216666666667
"ENSG00000170962","PDGFD",5,5,6,5,0.0502398702838341,0.0476916888706081,12.8741550922395,-340.8,276,272.8,115.333333333333,317.4,1,4,4,"RandomForest",245.383333333333
"ENSG00000137573","SULF1",5,5,6,5,0.0444849694307394,0.0430219087439611,10.7457398688823,-267.1,317.4,307.8,238.166666666667,245,1,4,4,"RandomForest",277.091666666667
"ENSG00000185650","ZFP36L1",5,5,6,5,0.0358048355485977,0.0334864484058047,11.218628348959,-368.6,354.6,342.2,195.5,340.6,1,4,4,"RandomForest",308.225
"ENSG00000188229","TUBB4B",5,5,6,5,0.0355102518520789,0.035399667225262,10.0354476586528,-417.5,364.6,336.8,279.166666666667,385.4,1,4,4,"RandomForest",341.491666666667
"ENSG00000213316","LTC4S",5,4,6,5,0.0653073969496523,0.0686872329771901,12.3305569289475,-297.4,222,202.25,140.5,272.6,1,3,4,"RandomForest",209.3375
"ENSG00000121858","TNFSF10",5,5,6,2,0.0612196366643734,0.0519164341753734,13.4444323123249,-361.25,233.6,288.6,97,334,1,3,4,"RandomForest",238.3
"ENSG00000189221","MAOA",5,5,0,6,0.0624576229610718,0.0650340509215621,NA,-303.166666666667,236.8,229.6,NA,276.666666666667,1,3,3,"XGBoost_combined",247.688888888889
"ENSG00000168938","PPIC",5,5,2,6,0.0478819674956337,0.0488680979281352,9.00917725354406,-94.75,293.2,287.2,366,81.3333333333333,1,3,4,"XGBoost_combined",256.933333333333
"ENSG00000144476","ACKR3",5,5,6,4,0.0528831519993081,0.046774153306283,13.2475115934641,-421.75,261,280.6,104,389.5,1,3,4,"RandomForest",258.775
"ENSG00000175183","CSRP2",5,5,2,6,0.0484840763479883,0.0465046514643742,8.177321665037,-179.916666666667,277,271.4,438,163.5,1,3,4,"XGBoost_combined",287.475
"ENSG00000213639","PPP1CB",5,5,2,6,0.0402215896818753,0.0430645625874341,9.95120923787355,-297.333333333333,327,289.6,268,271,1,3,4,"XGBoost_combined",288.9
"ENSG00000235162","C12orf75",6,5,1,5,0.0626452096517016,0.069053760692665,8.23591755642147,-406.2,251.166666666667,207,426,372.4,1,3,4,"ElasticNet",314.141666666667
"ENSG00000129757","CDKN1C",5,5,6,0,0.0314995348263756,0.0288341947482119,11.9065623860459,NA,398.4,385.4,177.333333333333,NA,1,3,3,"RandomForest",320.377777777778
"ENSG00000151729","SLC25A4",5,5,1,6,0.0375978672987788,0.0343743991746198,8.47042735020787,-326.333333333333,356.6,353.8,420,299.333333333333,1,3,4,"XGBoost_combined",357.433333333333
"ENSG00000249669","ENSG00000249669",5,5,2,6,0.0349476145138006,0.0328577577998135,8.48251707526722,-313.666666666667,381.8,368.8,408,287.166666666667,1,3,4,"XGBoost_combined",361.441666666667
"ENSG00000130303","BST2",5,5,4,6,0.0330603760573131,0.0269504234074427,9.78251043618361,-418.5,390.6,403.4,296.5,386.666666666667,1,3,4,"XGBoost_combined",369.291666666667
"ENSG00000132002","DNAJB1",5,5,3,6,0.0378697069973756,0.0350843743353434,8.39627502066763,-388.333333333333,346.6,342,433.333333333333,360,1,3,4,"XGBoost_combined",370.483333333333
"ENSG00000169398","PTK2",6,5,5,4,0.0337669208236522,0.0290850697700781,8.53432409560351,-438.875,374.833333333333,366.4,414.4,408.25,1,3,4,"ElasticNet",390.970833333333
"ENSG00000183087","GAS6",3,3,5,6,0.052741915491377,0.0539111268402122,11.2923904843076,-180.833333333333,264.666666666667,251.666666666667,204.4,159.5,1,2,4,"XGBoost_combined",220.058333333333
"ENSG00000187244","BCAM",0,0,6,5,NA,NA,13.1305415131746,-393.7,NA,NA,105.333333333333,363.4,1,2,2,"RandomForest",234.366666666667
"ENSG00000125740","FOSB",4,3,6,5,0.0445029867157581,0.051475363802274,11.879185950186,-230.8,314.25,251.666666666667,160.333333333333,214.6,1,2,4,"RandomForest",235.2125
"ENSG00000065054","NHERF2",0,0,6,5,NA,NA,11.8394290973018,-407.8,NA,NA,164.5,376.6,1,2,2,"RandomForest",270.55
"ENSG00000177606","JUN",4,5,6,4,0.051478543085279,0.0464288523223286,13.3421873880842,-466,283,306.2,109.666666666667,428.5,1,2,4,"RandomForest",281.841666666667
"ENSG00000173372","C1QA",0,0,6,5,NA,NA,9.97756005627038,-316.6,NA,NA,279.833333333333,289.8,1,2,2,"RandomForest",284.816666666667
"ENSG00000072110","ACTN1",3,3,6,5,0.0397519407007981,0.0348460439340274,11.5923498473616,-375.5,303,316,185.666666666667,346.4,1,2,4,"RandomForest",287.766666666667
"ENSG00000137710","RDX",3,4,5,6,0.0539591459945575,0.0421203511446425,8.93056863835918,-236.416666666667,260,304.5,370.8,217.5,1,2,4,"XGBoost_combined",288.2
"ENSG00000183722","LHFPL6",3,3,5,6,0.0409756711948285,0.0392360626861123,8.6093141289454,-222.833333333333,333.666666666667,321,404.6,200.833333333333,1,2,4,"XGBoost_combined",315.025
"ENSG00000196924","FLNA",0,0,6,5,NA,NA,9.6734256824256,-353.2,NA,NA,308.333333333333,326.4,1,2,2,"RandomForest",317.366666666667
"ENSG00000196735","HLA-DQA1",2,1,6,5,0.0496184290079318,0.0201494897801872,9.76606965449068,-274.7,323,412,297.666666666667,252,1,2,4,"RandomForest",321.166666666667
"ENSG00000112531","QKI",0,0,6,5,NA,NA,9.28907874303892,-360.4,NA,NA,336.833333333333,331.2,1,2,2,"RandomForest",334.016666666667
"ENSG00000142227","EMP3",1,0,6,5,0.0318487472728414,NA,10.0793459211117,-341.1,424,NA,271.666666666667,311.4,1,2,3,"RandomForest",335.688888888889
"ENSG00000141338","ABCA8",2,2,5,6,0.028063594872395,0.0286450198053615,9.53627389367069,-329.666666666667,389.5,355,307.8,301.5,1,2,4,"XGBoost_combined",338.45
"ENSG00000162599","NFIA",3,2,6,5,0.0452856342104443,0.0563583167817132,8.98780373481613,-370.8,355.333333333333,292.5,370.333333333333,340.8,1,2,4,"RandomForest",339.741666666667
"ENSG00000064042","LIMCH1",1,1,6,5,0.0173762573690437,0.0156709416309807,14.0513761782947,-370.6,471,467,79.1666666666667,343.2,1,2,4,"RandomForest",340.091666666667
"ENSG00000180628","PCGF5",5,6,0,0,0.040380443556054,0.0348322436762494,NA,NA,338.6,346.166666666667,NA,NA,1,2,2,"LASSO",342.383333333333
"ENSG00000162614","NEXN",2,2,5,6,0.0319515573485089,0.026137275914006,8.40011995519612,-190.916666666667,385.5,395.5,419.2,171,1,2,4,"XGBoost_combined",342.8
"ENSG00000099250","NRP1",3,2,6,5,0.0358690277378718,0.035365687556981,9.79008581427305,-412,376.666666666667,338,300.833333333333,380.2,1,2,4,"RandomForest",348.925
"ENSG00000140391","TSPAN3",5,6,0,0,0.0378541097712153,0.0334254112326305,NA,NA,348,351.5,NA,NA,1,2,2,"LASSO",349.75
"ENSG00000101745","ANKRD12",5,6,0,0,0.0350779487678955,0.0322696762688502,NA,NA,359.4,357.5,NA,NA,1,2,2,"LASSO",358.45
"ENSG00000167552","TUBA1A",2,1,5,6,0.0300826210933648,0.0236263942065495,10.6061461881998,-378.833333333333,410,454,235.4,352.833333333333,1,2,4,"XGBoost_combined",363.058333333333
"ENSG00000130402","ACTN4",0,0,6,5,NA,NA,8.97310934572188,-400.5,NA,NA,363.833333333333,366.2,1,2,2,"RandomForest",365.016666666667
"ENSG00000115468","EFHD1",5,6,3,3,0.046859120784413,0.040721588333582,7.96446967428831,-420.166666666667,302.4,318.666666666667,466,389,1,2,4,"LASSO",369.016666666667
"ENSG00000115641","FHL2",1,1,5,6,0.0297862284107305,0.0275808750476246,8.54981101429324,-366.083333333333,380,358,409,338.5,1,2,4,"XGBoost_combined",371.375
"ENSG00000173369","C1QB",0,1,6,5,NA,0.0203036573299507,9.5844483472357,-438.5,NA,406,314.166666666667,405.4,1,2,3,"RandomForest",375.188888888889
"ENSG00000081189","MEF2C",4,2,5,6,0.0335603468453488,0.0246396797123375,9.21345873160917,-349.583333333333,385.25,442.5,351.6,323,1,2,4,"XGBoost_combined",375.5875
"ENSG00000049860","HEXB",5,6,0,0,0.0329725472218907,0.0293455538350025,NA,NA,384.8,376.333333333333,NA,NA,1,2,2,"LASSO",380.566666666667
"ENSG00000164039","BDH2",5,6,0,1,0.035859999365928,0.0327071370081889,NA,-505,353.2,354.833333333333,NA,466,1,2,3,"LASSO",391.344444444444
"ENSG00000172037","LAMB2",5,6,0,2,0.0310892695523058,0.0279032965133277,NA,-447.75,383.2,386,NA,408.5,1,2,3,"LASSO",392.566666666667
"ENSG00000185129","PURA",5,6,0,0,0.0292642327889763,0.0273520797371606,NA,NA,404,391.833333333333,NA,NA,1,2,2,"LASSO",397.916666666667
"ENSG00000107281","NPDC1",4,1,6,5,0.0282237022793731,0.0248952244945125,8.93602081213895,-417.4,427.25,446,371.666666666667,383,1,2,4,"RandomForest",406.979166666667
"ENSG00000164125","GASK1B",0,0,6,5,NA,NA,8.71566947694448,-471.2,NA,NA,392.333333333333,436.8,1,2,2,"RandomForest",414.566666666667
"ENSG00000167642","SPINT2",0,0,6,4,NA,NA,15.9114511790721,-287.625,NA,NA,44.8333333333333,266.75,1,1,2,"RandomForest",155.791666666667
"ENSG00000275302","CCL4",1,1,6,0,0.0829221990000578,0.0896540293524064,11.7111981717149,NA,160,151,172.5,NA,1,1,3,"RandomForest",161.166666666667
"ENSG00000211445","GPX3",1,1,6,3,0.0946565686964197,0.0929418433976814,10.9828128090636,-390.166666666667,128,137,208,361.333333333333,1,1,4,"RandomForest",208.583333333333
"ENSG00000163131","CTSS",3,1,0,6,0.0611798642769596,0.13876895987394,NA,-271.833333333333,302,82,NA,244.666666666667,1,1,3,"XGBoost_combined",209.555555555556
"ENSG00000110079","MS4A4A",1,1,6,1,0.14741250567541,0.19813223512572,9.43471992517147,-474.5,62,46,322.5,445,1,1,4,"RandomForest",218.875
"ENSG00000198542","ITGBL1",0,0,6,0,NA,NA,10.7247272017536,NA,NA,NA,225,NA,1,1,1,"RandomForest",225
"ENSG00000113140","SPARC",0,0,0,6,NA,NA,NA,-254.416666666667,NA,NA,NA,236,1,1,1,"XGBoost_combined",236
"ENSG00000162772","ATF3",0,0,6,0,NA,NA,10.9182130956141,NA,NA,NA,237.333333333333,NA,1,1,1,"RandomForest",237.333333333333
"ENSG00000197614","MFAP5",3,3,6,0,0.0434187111556209,0.0385706549047337,13.4014688771107,NA,308.666666666667,319.333333333333,99.5,NA,1,1,3,"RandomForest",242.5
"ENSG00000102786","INTS6",0,0,6,0,NA,NA,10.4456683007887,NA,NA,NA,243.666666666667,NA,1,1,1,"RandomForest",243.666666666667
"ENSG00000136826","KLF4",2,2,6,0,0.0562908881635618,0.0606070867934922,10.2022471657946,NA,250.5,233,274.166666666667,NA,1,1,3,"RandomForest",252.555555555556
"ENSG00000099860","GADD45B",0,0,6,4,NA,NA,12.51313841542,-413.5,NA,NA,144.5,379.25,1,1,2,"RandomForest",261.875
"ENSG00000155659","VSIG4",2,2,6,2,0.0757916383071082,0.0756669052784094,9.50790490701178,-441.5,173,174.5,317.666666666667,404.5,1,1,4,"RandomForest",267.416666666667
"ENSG00000198832","SELENOM",2,2,0,6,0.0474894747114471,0.0386817512768175,NA,-143.333333333333,321,358.5,NA,127.833333333333,1,1,3,"XGBoost_combined",269.111111111111
"ENSG00000111716","LDHB",0,0,6,4,NA,NA,10.3242665754603,-312.875,NA,NA,246.333333333333,292.75,1,1,2,"RandomForest",269.541666666667
"ENSG00000135821","GLUL",0,0,6,4,NA,NA,10.6196461297142,-331.5,NA,NA,232,308.75,1,1,2,"RandomForest",270.375
"ENSG00000154175","ABI3BP",4,4,6,3,0.0413557692800646,0.0378103290316261,12.6853167156606,-397.666666666667,302,301.5,121.833333333333,365.666666666667,1,1,4,"RandomForest",272.75
"ENSG00000162511","LAPTM5",0,0,6,4,NA,NA,10.563924348805,-339.125,NA,NA,237.5,309.5,1,1,2,"RandomForest",273.5
"ENSG00000160888","IER2",0,0,6,4,NA,NA,11.2794542930038,-387.25,NA,NA,192.333333333333,361.75,1,1,2,"RandomForest",277.041666666667
"ENSG00000163430","FSTL1",4,4,0,6,0.0436762306735039,0.0419165658518132,NA,-269.25,299.5,292.5,NA,248.333333333333,1,1,3,"XGBoost_combined",280.111111111111
"ENSG00000143162","CREG1",1,1,3,6,0.0708069143849421,0.0776494110788129,8.5223006919752,-373.166666666667,202,183,428,346,1,1,4,"XGBoost_combined",289.75
"ENSG00000105329","TGFB1",0,0,6,0,NA,NA,9.76868743020445,NA,NA,NA,295.833333333333,NA,1,1,1,"RandomForest",295.833333333333
"ENSG00000123131","PRDX4",0,0,6,3,NA,NA,11.8792824026692,-482,NA,NA,171,443.666666666667,1,1,2,"RandomForest",307.333333333333
"ENSG00000004799","PDK4",0,0,6,0,NA,NA,9.70476921807958,NA,NA,NA,307.5,NA,1,1,1,"RandomForest",307.5
"ENSG00000104368","PLAT",1,1,6,0,0.038129218014737,0.0352770591769994,10.7799396244728,NA,370,355,220.833333333333,NA,1,1,3,"RandomForest",315.277777777778
"ENSG00000142871","CCN1",3,4,0,6,0.0512902819272342,0.0423702743675976,NA,-335.333333333333,306,330.5,NA,309.5,1,1,3,"XGBoost_combined",315.333333333333
"ENSG00000137331","IER3",4,3,6,4,0.0479449167205659,0.0401796577461779,9.72022941284975,-391.625,285.75,321,297.833333333333,358.25,1,1,4,"RandomForest",315.708333333333
"ENSG00000173267","SNCG",2,1,0,6,0.0405765798696336,0.0337581260884241,NA,-254.833333333333,366,368,NA,232.333333333333,1,1,3,"XGBoost_combined",322.111111111111
"ENSG00000166592","RRAD",1,1,6,0,0.0360697488989208,0.0340107570272972,9.56681210162671,NA,333,316,321.833333333333,NA,1,1,3,"RandomForest",323.611111111111
"ENSG00000107438","PDLIM1",0,0,2,6,NA,NA,8.33220712437027,-246.166666666667,NA,NA,425,223.5,1,1,2,"XGBoost_combined",324.25
"ENSG00000131724","IL13RA1",4,4,1,6,0.0489406758133818,0.0542740658928041,7.92726227498807,-314,285.75,251.5,472,288.833333333333,1,1,4,"XGBoost_combined",324.520833333333
"ENSG00000166562","SEC11C",1,1,6,2,0.041372744314043,0.0302971941141844,12.2542787396993,-457.5,338,391,157.5,424.5,1,1,4,"RandomForest",327.75
"ENSG00000123416","TUBA1B",0,0,3,6,NA,NA,9.41108283248185,-363.25,NA,NA,323.666666666667,333.5,1,1,2,"XGBoost_combined",328.583333333333
"ENSG00000088832","FKBP1A",3,2,4,6,0.0416047046895579,0.0301677182710065,9.64360941404567,-279.666666666667,367.333333333333,399,298.25,257,1,1,4,"XGBoost_combined",330.395833333333
"ENSG00000129824","RPS4Y1",2,2,2,6,0.0483927972476495,0.0428461868349546,7.96831649942317,-275.25,305.5,312.5,457,251.666666666667,1,1,4,"XGBoost_combined",331.666666666667
"ENSG00000260314","MRC1",0,0,6,0,NA,NA,9.4778528488512,NA,NA,NA,335.5,NA,1,1,1,"RandomForest",335.5
"ENSG00000166340","TPP1",6,4,0,0,0.0404949501837898,0.0392247864710224,NA,NA,338.833333333333,333.5,NA,NA,1,1,2,"ElasticNet",336.166666666667
"ENSG00000131370","SH3BP5",1,1,6,0,0.0428033760508481,0.0306780361516918,9.70405894336312,NA,332,388,295,NA,1,1,3,"RandomForest",338.333333333333
"ENSG00000129116","PALLD",3,3,1,6,0.0388433498092398,0.0322824311870802,7.90510147712929,-174.333333333333,350.666666666667,379.333333333333,469,154.833333333333,1,1,4,"XGBoost_combined",338.458333333333
"ENSG00000103187","COTL1",6,3,4,3,0.0499432151947985,0.0637625049059835,8.64410813386909,-450.666666666667,308.666666666667,237.333333333333,402.25,415.666666666667,1,1,4,"ElasticNet",340.979166666667
"ENSG00000049540","ELN",0,0,0,6,NA,NA,NA,-372,NA,NA,NA,341.166666666667,1,1,1,"XGBoost_combined",341.166666666667
"ENSG00000129422","MTUS1",3,2,6,3,0.0467317830492082,0.024639282106962,10.0218913437626,-472.666666666667,269,383,287.333333333333,437.666666666667,1,1,4,"RandomForest",344.25
"ENSG00000164106","SCRG1",1,1,6,0,0.0273610469357582,0.0271335459893061,12.058690267247,NA,469,423,148.833333333333,NA,1,1,3,"RandomForest",346.944444444444
"ENSG00000107551","RASSF4",1,1,6,2,0.0359911300927268,0.0283581916622867,9.37459124559889,-433.5,319,344,334.166666666667,402,1,1,4,"RandomForest",349.791666666667
"ENSG00000005022","SLC25A5",0,0,6,0,NA,NA,9.24396584051727,NA,NA,NA,350.5,NA,1,1,1,"RandomForest",350.5
"ENSG00000196139","AKR1C3",0,0,6,0,NA,NA,9.1042639290856,NA,NA,NA,353.5,NA,1,1,1,"RandomForest",353.5
"ENSG00000101347","SAMHD1",4,4,6,3,0.0342640497855122,0.0308909323572933,9.31092801049956,-363.166666666667,380,371.5,335.333333333333,338,1,1,4,"RandomForest",356.208333333333
"ENSG00000143819","EPHX1",0,0,6,2,NA,NA,9.60348606207404,-435.25,NA,NA,307.333333333333,408,1,1,2,"RandomForest",357.666666666667
"ENSG00000203747","FCGR3A",0,0,6,0,NA,NA,9.12635579342148,NA,NA,NA,357.833333333333,NA,1,1,1,"RandomForest",357.833333333333
"ENSG00000051108","HERPUD1",0,0,6,4,NA,NA,9.21620171458621,-408.375,NA,NA,347.5,377.5,1,1,2,"RandomForest",362.5
"ENSG00000104332","SFRP1",3,2,6,1,0.0312135691902666,0.0332445787439076,8.96261521414842,-407.5,383.333333333333,325.5,368.666666666667,377,1,1,4,"RandomForest",363.625
"ENSG00000240065","PSMB9",0,1,6,0,NA,0.0230678714955098,10.2381489080503,NA,NA,462,267.166666666667,NA,1,1,2,"RandomForest",364.583333333333
"ENSG00000170891","CYTL1",0,0,6,2,NA,NA,9.69758339447533,-469,NA,NA,299.333333333333,431,1,1,2,"RandomForest",365.166666666667
"ENSG00000140945","CDH13",2,2,6,4,0.0237957479290652,0.0212640854664724,12.2302605551219,-439.25,472,443.5,143.333333333333,404,1,1,4,"RandomForest",365.708333333333
"ENSG00000266964","FXYD1",0,0,6,2,NA,NA,9.58421260566594,-469.25,NA,NA,307.166666666667,432.5,1,1,2,"RandomForest",369.833333333333
"ENSG00000100979","PLTP",0,0,6,4,NA,NA,8.9529094594349,-412.5,NA,NA,372.833333333333,378,1,1,2,"RandomForest",375.416666666667
"ENSG00000100345","MYH9",0,0,6,1,NA,NA,9.88034549428392,-513.5,NA,NA,288.833333333333,467,1,1,2,"RandomForest",377.916666666667
"ENSG00000162576","MXRA8",0,0,6,0,NA,NA,8.8675196632436,NA,NA,NA,378.333333333333,NA,1,1,1,"RandomForest",378.333333333333
"ENSG00000115594","IL1R1",0,0,6,0,NA,NA,8.84649753109625,NA,NA,NA,379.5,NA,1,1,1,"RandomForest",379.5
"ENSG00000114541","FRMD4B",2,1,6,2,0.0435991393414042,0.0310434298258061,9.07245884685344,-444.5,331.5,412,362.5,413.5,1,1,4,"RandomForest",379.875
"ENSG00000070081","NUCB2",3,3,6,1,0.033462639730575,0.0311237713392331,9.1879211080711,-476,384.666666666667,373.333333333333,353.833333333333,433,1,1,4,"RandomForest",386.208333333333
"ENSG00000137575","SDCBP",3,1,4,6,0.0319235721802948,0.0294833314223823,8.71659594668551,-362.916666666667,402.333333333333,422,384.5,337.833333333333,1,1,4,"XGBoost_combined",386.666666666667
"ENSG00000005020","SKAP2",1,0,6,0,0.0293204972417723,NA,9.55578224186781,NA,471,NA,318.333333333333,NA,1,1,2,"RandomForest",394.666666666667
"ENSG00000108823","SGCA",0,0,2,6,NA,NA,7.92495213802329,-354.083333333333,NA,NA,473,325.666666666667,1,1,2,"XGBoost_combined",399.333333333333
"ENSG00000084070","SMAP2",0,0,6,3,NA,NA,8.64625835667135,-441.833333333333,NA,NA,399.333333333333,404.333333333333,1,1,2,"RandomForest",401.833333333333
"ENSG00000130066","SAT1",0,0,6,1,NA,NA,9.14998303397832,-499,NA,NA,351.333333333333,463,1,1,2,"RandomForest",407.166666666667
"ENSG00000113282","CLINT1",4,6,0,1,0.0282054919580336,0.0248376810561521,NA,-449,423.5,413,NA,420,1,1,3,"LASSO",418.833333333333
"ENSG00000198431","TXNRD1",0,0,6,4,NA,NA,8.55620183357237,-469.5,NA,NA,410.166666666667,429.25,1,1,2,"RandomForest",419.708333333333
"ENSG00000025708","TYMP",0,0,6,2,NA,NA,8.65297874139771,-495.75,NA,NA,395.833333333333,460,1,1,2,"RandomForest",427.916666666667
"ENSG00000249751","ECSCR",5,5,5,5,0.251557242343792,0.28486372784114,15.3485175781657,-33.4,11,13,51.8,25.4,0,4,4,"",25.3
"ENSG00000187513","GJA4",5,5,5,5,0.133695075393126,0.146825680215987,15.2837428395541,-94.8,67,66.2,54,81.8,0,4,4,"",67.25
"ENSG00000148053","NTRK2",5,5,5,5,0.0774121605781451,0.0771602364158353,14.082381261395,-191.1,170.2,172.8,79.8,177.6,0,4,4,"",150.1
"ENSG00000184489","PTP4A3",5,5,5,5,0.074259537260156,0.0723297244316549,11.5312940538976,-93.1,181.4,185.8,179.6,81.6,0,4,4,"",157.1
"ENSG00000184347","SLIT3",5,5,5,5,0.103030581736682,0.105108068331953,11.202495300515,-272.2,112.6,119.8,197.8,246.4,0,4,4,"",169.15
"ENSG00000159251","ACTC1",5,5,4,5,0.162597703110895,0.172184032136952,10.695635970106,-158.7,49.6,53.8,231,140.4,0,3,4,"",118.7
"ENSG00000163563","MNDA",5,5,4,5,0.2723494425782,0.313711056719999,9.00108514884943,-124.8,9.6,10.2,368.5,110,0,3,4,"",124.575
"ENSG00000174348","PODN",5,5,5,2,0.0768064214415079,0.0815436323903425,11.9319546918798,-457.5,173.4,163.6,155.4,420.5,0,3,4,"",228.225
"ENSG00000102802","MEDAG",5,5,1,5,0.0882242384150938,0.0917387347213804,8.12907475765714,-220.2,142.6,138.8,438,203.6,0,3,4,"",230.75
"ENSG00000188257","PLA2G2A",5,5,5,2,0.0663126325578093,0.06396087512407,10.7834750147617,-489,214.2,216,221.6,453,0,3,4,"",276.2
"ENSG00000100644","HIF1A",5,5,1,5,0.0570450233590486,0.0579001654512433,9.3888662802989,-380.4,245.4,235,370,348.8,0,3,4,"",299.8
"ENSG00000153317","ASAP1",5,5,5,0,0.0321097550982797,0.0312925529711009,9.91237603302816,NA,400.8,376.2,283,NA,0,3,3,"",353.333333333333
"ENSG00000111404","RERGL",1,1,5,5,0.0452309853616278,0.0269821404392911,13.6143429310461,-44,277,354,91.8,35.8,0,2,4,"",189.65
"ENSG00000119900","OGFRL1",5,5,4,4,0.117318466559069,0.126038268365204,8.51872800666885,-368.25,82.8,82.4,399.5,336.25,0,2,4,"",225.2375
"ENSG00000110852","CLEC2B",5,5,4,0,0.0689918228541496,0.0760164901382593,9.9883282426486,NA,206,192,285.25,NA,0,2,3,"",227.75
"ENSG00000139687","RB1",5,5,0,0,0.0622971946769825,0.057672702628729,NA,NA,228.6,248.6,NA,NA,0,2,2,"",238.6
"ENSG00000171860","C3AR1",5,5,0,2,0.0581572223943468,0.0606767139963055,NA,-415,241.4,222.6,NA,379,0,2,3,"",281
"ENSG00000068305","MEF2A",5,5,0,0,0.0473399599346889,0.0458058742530332,NA,NA,290.6,279,NA,NA,0,2,2,"",284.8
"ENSG00000275395","FCGBP",5,5,1,0,0.0787955776298084,0.0724368071378049,8.29585764811207,NA,179.6,209.6,470,NA,0,2,3,"",286.4
"ENSG00000135363","LMO2",4,4,5,5,0.049420752160724,0.0440397841316741,10.1666213841371,-371.9,290.25,299.75,271.4,341,0,2,4,"",300.6
"ENSG00000126005","MMP24OS",5,5,0,0,0.0429740962652836,0.0425219558098978,NA,NA,313.4,295.6,NA,NA,0,2,2,"",304.5
"ENSG00000135506","OS9",5,5,0,2,0.0484884901937897,0.0470217341691474,NA,-403.5,286.2,278.4,NA,369,0,2,3,"",311.2
"ENSG00000174695","TMEM167A",5,5,0,1,0.0471897532416753,0.0486009163732735,NA,-378.5,304.2,287,NA,346,0,2,3,"",312.4
"ENSG00000170043","TRAPPC1",5,5,0,0,0.040506135831654,0.0388710805930975,NA,NA,324.2,312.8,NA,NA,0,2,2,"",318.5
"ENSG00000196569","LAMA2",5,5,3,2,0.0477826147926101,0.0458227014068107,9.55445086114046,-429.5,290,283,318,393,0,2,4,"",321
"ENSG00000050165","DKK3",3,3,5,5,0.04532911728923,0.0407173754378279,8.43190505599159,-310.7,297,305.666666666667,413.8,284.4,0,2,4,"",325.216666666667
"ENSG00000198947","DMD",5,5,0,0,0.0399856460904611,0.0364211244819261,NA,NA,329.2,328,NA,NA,0,2,2,"",328.6
"ENSG00000042493","CAPG",3,2,5,5,0.0403880849475037,0.034796780829717,9.5132767579162,-361.5,333,339,323.2,337.4,0,2,4,"",333.15
"ENSG00000243317","STMP1",5,4,0,5,0.0425030954958026,0.0467676657286222,NA,-429.2,324.4,278.25,NA,396.8,0,2,3,"",333.15
"ENSG00000111275","ALDH2",4,4,5,5,0.0504292857856783,0.0480743589841964,8.67086519694565,-432.6,292.25,300.75,393.2,398.2,0,2,4,"",346.1
"ENSG00000135862","LAMC1",5,5,0,1,0.0452154046779297,0.0416205049924171,NA,-464.5,306.8,308.8,NA,424,0,2,3,"",346.533333333333
"ENSG00000006327","TNFRSF12A",5,5,3,1,0.041808625165165,0.0388216147961042,9.28616348862791,-461,322.8,317.2,351,422,0,2,4,"",353.25
"ENSG00000113721","PDGFRB",2,4,5,5,0.031069688579536,0.0260527514358203,8.86189216142835,-277.2,384.5,405,372.4,253.2,0,2,4,"",353.775
"ENSG00000102172","SMS",5,5,0,2,0.0378771319134622,0.0359986877294072,NA,-446,338.2,323.8,NA,410,0,2,3,"",357.333333333333
"ENSG00000125753","VASP",5,5,2,2,0.0467015742918801,0.045350232074031,8.70620867407598,-497,302.4,291,393.5,459,0,2,4,"",361.475
"ENSG00000160932","LY6E",5,5,2,0,0.0373391069593437,0.0361767858067654,8.4417954093622,NA,357.8,334.2,406,NA,0,2,3,"",366
"ENSG00000147862","NFIB",4,5,3,5,0.0371359566578928,0.0307333427047895,8.34485989267554,-330.9,363.5,376.4,423,303.8,0,2,4,"",366.675
"ENSG00000168300","PCMTD1",5,5,0,1,0.0389466609455081,0.0388081679940232,NA,-486,343,315.6,NA,450,0,2,3,"",369.533333333333
"ENSG00000125347","IRF1",4,5,5,0,0.0337760623511978,0.0299978914910849,8.92695897111441,NA,376.5,372.2,369.2,NA,0,2,3,"",372.633333333333
"ENSG00000260916","CCPG1",0,1,5,5,NA,0.0160232510473628,8.90624106670017,-384.7,NA,451,365.4,356.4,0,2,3,"",390.933333333333
"ENSG00000082641","NFE2L1",5,5,0,0,0.0296424195449638,0.0273912256486183,NA,NA,407.4,388.8,NA,NA,0,2,2,"",398.1
"ENSG00000130779","CLIP1",5,5,0,0,0.0292063947066858,0.0267625289572269,NA,NA,408.6,391.6,NA,NA,0,2,2,"",400.1
"ENSG00000183255","PTTG1IP",5,5,2,0,0.0291920673496225,0.023947801710538,8.82633353246923,NA,410.8,415.8,386,NA,0,2,3,"",404.2
"ENSG00000159840","ZYX",4,4,0,5,0.0639070674552019,0.064054595387453,NA,-346.4,204.5,200.25,NA,320.8,0,1,3,"",241.85
"ENSG00000121898","CPXM2",1,1,5,0,0.0586497468226267,0.0556062997687891,8.80871335275127,NA,223,227,372.2,NA,0,1,3,"",274.066666666667
"ENSG00000205364","MT1M",0,0,0,5,NA,NA,NA,-302,NA,NA,NA,278.4,0,1,1,"",278.4
"ENSG00000143110","C1orf162",2,1,5,0,0.0574591221250224,0.0691782154515213,8.45349813485483,NA,272,175,418.4,NA,0,1,3,"",288.466666666667
"ENSG00000017427","IGF1",4,3,5,0,0.0439254997427439,0.0484970048269884,10.3160340471619,NA,320.75,277.666666666667,268.4,NA,0,1,3,"",288.938888888889
"ENSG00000182809","CRIP2",4,4,0,5,0.049825150568695,0.0497320002424036,NA,-366.1,286,267.5,NA,340.2,0,1,3,"",297.9
"ENSG00000242574","HLA-DMB",5,3,2,0,0.0546690343200132,0.0591932275632514,8.48271153297858,NA,272.8,236.333333333333,398,NA,0,1,3,"",302.377777777778
"ENSG00000112514","CUTA",3,3,0,5,0.0421387749284824,0.0340707436096429,NA,-249.5,329,356,NA,226.2,0,1,3,"",303.733333333333
"ENSG00000182636","NDN",5,4,0,0,0.0433179046326103,0.0469320585997346,NA,NA,325.4,286.75,NA,NA,0,1,2,"",306.075
"ENSG00000126264","HCST",0,0,5,4,NA,NA,10.7280630582185,-424.125,NA,NA,232.2,394.5,0,1,2,"",313.35
"ENSG00000277632","CCL3",3,3,5,1,0.049147985170778,0.0451047578255613,10.6761732280957,-507.5,273.666666666667,299,227,468,0,1,4,"",316.916666666667
"ENSG00000173706","HEG1",4,3,5,0,0.0497840741077434,0.0347687101891894,9.53128988991182,NA,287.75,350,319,NA,0,1,3,"",318.916666666667
"ENSG00000035862","TIMP2",0,0,5,2,NA,NA,9.01916890628046,-298.5,NA,NA,366.4,276.5,0,1,2,"",321.45
"ENSG00000152661","GJA1",4,4,5,1,0.0486641924028111,0.0447712306740577,10.148022689044,-490,280.25,291,264,454,0,1,4,"",322.3125
"ENSG00000158747","NBL1",5,3,4,4,0.0419213072491806,0.0581702543774455,8.85739593444766,-427.875,322,216.666666666667,383.25,393.5,0,1,4,"",328.854166666667
"ENSG00000162998","FRZB",1,1,5,0,0.0478771671019566,0.0447286946177114,8.56891338579623,NA,285,295,412.4,NA,0,1,3,"",330.8
"ENSG00000161671","EMC10",4,5,0,0,0.0416447634573543,0.0375896782882686,NA,NA,329.75,334.4,NA,NA,0,1,2,"",332.075
"ENSG00000112699","GMDS",4,4,5,3,0.0396451054988482,0.0367781360200537,10.2788874982186,-445.5,333,326.5,266.6,412,0,1,4,"",334.525
"ENSG00000130429","ARPC1B",4,4,5,4,0.0351808847958637,0.0310163975456136,9.78430567105298,-337.625,368.5,371.5,297.2,309.5,0,1,4,"",336.675
"ENSG00000118407","FILIP1",3,2,0,5,0.0401690577169834,0.0405166692776159,NA,-401.6,342,323.5,NA,367.4,0,1,3,"",344.3
"ENSG00000128595","CALU",0,0,5,0,NA,NA,9.16932130779562,NA,NA,NA,345.6,NA,0,1,1,"",345.6
"ENSG00000108691","CCL2",2,2,5,0,0.036878347697508,0.0355075441852205,8.94555155770893,NA,342,321,379.2,NA,0,1,3,"",347.4
"ENSG00000186834","HEXIM1",0,0,5,0,NA,NA,9.29549035137703,NA,NA,NA,349,NA,0,1,1,"",349
"ENSG00000004399","PLXND1",1,1,5,0,0.0318090294131462,0.0268130554324564,9.50468570670332,NA,362,365,321.4,NA,0,1,3,"",349.466666666667
"ENSG00000171867","PRNP",1,1,0,5,0.0322818805599064,0.0280739439753991,NA,-369.2,358,353,NA,339,0,1,3,"",350
"ENSG00000100242","SUN2",3,4,5,4,0.0422724627430892,0.0364333512973122,9.08264281948985,-412,326,348.25,356.4,379,0,1,4,"",352.4125
"ENSG00000241399","CD302",5,4,0,4,0.0328473736900441,0.0315885360707139,NA,-357.125,379.2,362.75,NA,326,0,1,3,"",355.983333333333
"ENSG00000089327","FXYD5",1,1,5,3,0.0378199208950065,0.0354182790097888,9.49551773147725,-387.166666666667,391,373,322.8,358,0,1,4,"",361.2
"ENSG00000118785","SPP1",0,0,5,3,NA,NA,8.95369091626801,-397.666666666667,NA,NA,361,368,0,1,2,"",364.5
"ENSG00000164176","EDIL3",1,1,0,5,0.036153947647198,0.0370177539246831,NA,-421.4,371,339,NA,389,0,1,3,"",366.333333333333
"ENSG00000141232","TOB1",2,2,5,1,0.0302415339773812,0.0294552243513165,10.6487548553105,-515.5,393.5,373,235.6,469,0,1,4,"",367.775
"ENSG00000229833","PET100",3,3,0,5,0.0337287411339561,0.032817016966728,NA,-386.5,388,363,NA,355.6,0,1,3,"",368.866666666667
"ENSG00000136235","GPNMB",1,1,1,5,0.0305474048048457,0.0296708593007776,8.53885953526816,-346.5,370,342,447,320.2,0,1,4,"",369.8
"ENSG00000233016","SNHG7",0,0,5,1,NA,NA,8.75770285117475,-394.5,NA,NA,378,363,0,1,2,"",370.5
"ENSG00000090621","PABPC4",0,0,0,5,NA,NA,NA,-402.7,NA,NA,NA,371.8,0,1,1,"",371.8
"ENSG00000161638","ITGA5",2,1,5,1,0.028207777205935,0.0267296793239622,11.0676580740654,-445,427.5,451,204,409,0,1,4,"",372.875
"ENSG00000085063","CD59",0,0,5,1,NA,NA,9.98307623398901,-504,NA,NA,278,469,0,1,2,"",373.5
"ENSG00000150687","PRSS23",1,1,5,2,0.0311499064144636,0.0284365794563285,10.660487634435,-451,433,412,239.8,415,0,1,4,"",374.95
"ENSG00000182463","TSHZ2",1,1,5,0,0.0298209397888546,0.0247216343363313,10.2853994769791,NA,429,435,263.2,NA,0,1,3,"",375.733333333333
"ENSG00000137161","CNPY3",5,2,1,1,0.0389633606446521,0.0468031492620262,7.99342625135734,-444,335.2,290,467,412,0,1,4,"",376.05
"ENSG00000184905","TCEAL2",2,2,5,0,0.0309619213538618,0.029524220265009,9.13078892154569,NA,399.5,371.5,357.6,NA,0,1,3,"",376.2
"ENSG00000117519","CNN3",4,5,0,1,0.0405936750592677,0.0336781392902211,NA,-489.5,330,348.8,NA,455,0,1,3,"",377.933333333333
"ENSG00000166165","CKB",4,3,1,5,0.0342050478383792,0.0344369505277198,8.27733182448651,-372.6,380.25,359.333333333333,431,343.4,0,1,4,"",378.495833333333
"ENSG00000148175","STOM",3,3,2,5,0.0354276572955065,0.0326818379099096,8.90283079171454,-446.5,357.666666666667,358.666666666667,388,411.4,0,1,4,"",378.933333333333
"ENSG00000120963","ZNF706",4,5,0,0,0.0320457054329457,0.0304084538758559,NA,NA,384.25,374,NA,NA,0,1,2,"",379.125
"ENSG00000129657","SEC14L1",2,1,5,0,0.0328734171000979,0.02500812868908,8.90964101624261,NA,390.5,375,374.8,NA,0,1,3,"",380.1
"ENSG00000130755","GMFG",4,1,4,5,0.0250586937300614,0.022516742862211,8.65193090457499,-326.1,435.25,390,396.25,301,0,1,4,"",380.625
"ENSG00000115875","SRSF7",0,0,0,5,NA,NA,NA,-416.6,NA,NA,NA,381.6,0,1,1,"",381.6
"ENSG00000133872","SARAF",0,0,5,1,NA,NA,8.96771388135195,-418.5,NA,NA,374.6,390,0,1,2,"",382.3
"ENSG00000137033","IL33",3,2,1,5,0.0361762529333497,0.0369023068627004,8.44855516363889,-351.9,390,370.5,455,322.6,0,1,4,"",384.525
"ENSG00000169504","CLIC4",4,4,5,0,0.0301609183706815,0.0278849553505613,8.89814775864301,NA,403,386.5,374,NA,0,1,3,"",387.833333333333
"ENSG00000131711","MAP1B",0,0,5,3,NA,NA,8.75166671030855,-452.333333333333,NA,NA,382.8,417,0,1,2,"",399.9
"ENSG00000189060","H1-0",2,1,0,5,0.027753807060609,0.0197227127471491,NA,-401.6,422.5,409,NA,370.2,0,1,3,"",400.566666666667
"ENSG00000067113","PLPP1",0,1,2,5,NA,0.0177520402002185,8.28286223693835,-377.3,NA,433,428.5,348.2,0,1,3,"",403.233333333333
"ENSG00000204264","PSMB8",0,0,5,0,NA,NA,8.59136113850683,NA,NA,NA,408.4,NA,0,1,1,"",408.4
"ENSG00000123104","ITPR2",0,0,5,0,NA,NA,8.5263643934264,NA,NA,NA,412.8,NA,0,1,1,"",412.8
"ENSG00000138433","CIRSR",3,5,0,0,0.0259883607737727,0.023629644120196,NA,NA,420.666666666667,412.4,NA,NA,0,1,2,"",416.533333333333
"ENSG00000106034","CPED1",3,5,0,0,0.027085744800815,0.0234274938165667,NA,NA,420,422.8,NA,NA,0,1,2,"",421.4
"ENSG00000162368","CMPK1",2,3,0,5,0.0197332706634266,0.0202621748139943,NA,-398.4,460,448,NA,369.2,0,1,3,"",425.733333333333
"ENSG00000029363","BCLAF1",3,5,0,1,0.0323498471377544,0.0240495496012624,NA,-506,396.666666666667,415.4,NA,470,0,1,3,"",427.355555555556
"ENSG00000003402","CFLAR",3,5,0,0,0.0267228912971615,0.0213989923670331,NA,NA,446.666666666667,436.8,NA,NA,0,1,2,"",441.733333333333
"ENSG00000103196","CRISPLD2",0,0,1,0,NA,NA,15.2637613456679,NA,NA,NA,42,NA,0,0,1,"",42
"ENSG00000168079","SCARA5",1,1,1,1,0.154760855321777,0.165820196570534,14.2324524886295,-122,44,47,62,108,0,0,4,"",65.25
"ENSG00000134533","RERG",4,4,0,4,0.161230683143002,0.170463586503059,NA,-189.125,49.5,54.75,NA,171.25,0,0,3,"",91.8333333333333
"ENSG00000204482","LST1",2,2,0,2,0.21500118532751,0.234411726471486,NA,-279.25,22,27,NA,262,0,0,3,"",103.666666666667
"ENSG00000111885","MAN1A1",1,1,0,0,0.103507725379424,0.115402028129385,NA,NA,116,111,NA,NA,0,0,2,"",113.5
"ENSG00000115956","PLEK",3,3,2,3,0.185350642942985,0.205841043608773,9.3261871019851,-196.166666666667,37,38.6666666666667,320,178,0,0,4,"",143.416666666667
"ENSG00000198502","HLA-DRB5",3,3,2,3,0.193464219603441,0.241467839278964,7.98150995808245,-150.833333333333,28.6666666666667,22.3333333333333,460,134,0,0,4,"",161.25
"ENSG00000166173","LARP6",1,1,0,1,0.0877565308185112,0.0898824124337677,NA,-317,134,129,NA,284,0,0,3,"",182.333333333333
"ENSG00000204592","HLA-E",1,0,4,4,0.0432765805517175,NA,12.4126173820457,-88.5,334,NA,140.25,76.5,0,0,3,"",183.583333333333
"ENSG00000169429","CXCL8",3,3,3,3,0.113021777892918,0.12105217134024,9.93115476133946,-314.333333333333,93.3333333333333,93.6666666666667,274.333333333333,291,0,0,4,"",188.083333333333
"ENSG00000118503","TNFAIP3",1,1,3,0,0.108668275495261,0.121134879373301,8.415184084008,NA,94,83,411,NA,0,0,3,"",196
"ENSG00000102265","TIMP1",2,2,2,2,0.0565935751173148,0.0552113597453371,13.1076404017964,-185,257,257,110,165.5,0,0,4,"",197.375
"ENSG00000106211","HSPB1",2,2,2,2,0.0827457353326004,0.0776906429170184,9.8003479680272,-218.75,148.5,161.5,286.5,199.5,0,0,4,"",199
"ENSG00000153179","RASSF3",4,4,4,4,0.0955844625515296,0.0994416575172953,10.0565330352556,-290.75,125.5,125.75,283.5,265.5,0,0,4,"",200.0625
"ENSG00000156298","TSPAN7",1,1,1,1,0.111565634060448,0.0975176826326337,9.23001729595156,-332,88,118,305,298,0,0,4,"",202.25
"ENSG00000166398","GARRE1",2,2,1,2,0.17151918051381,0.185039981682856,8.36946226593924,-357.25,41,43,421,320.5,0,0,4,"",206.375
"ENSG00000112149","CD83",4,4,4,4,0.144151020100086,0.162057096152668,8.5117909306732,-331.25,56,53.5,412,306.5,0,0,4,"",207
"ENSG00000204291","COL15A1",1,1,1,1,0.076335523943388,0.0773855091498464,11.1703202561814,-353,164,163,182,322,0,0,4,"",207.75
"ENSG00000100292","HMOX1",2,2,2,2,0.165667843436555,0.182001242274929,8.98561481855095,-405.25,41,45,371.5,378,0,0,4,"",208.875
"ENSG00000102760","RGCC",4,4,4,4,0.104274218804911,0.112350023594108,9.63253369072732,-346.875,111.25,107.5,309,316.75,0,0,4,"",211.125
"ENSG00000212907","MT-ND4L",1,1,0,3,0.0581622863353017,0.0508913078502711,NA,-169.166666666667,232,255,NA,149,0,0,3,"",212
"ENSG00000153234","NR4A2",2,2,3,3,0.071497369214655,0.0708846700773179,9.90329727908506,-252.5,183,183.5,273.333333333333,229.666666666667,0,0,4,"",217.375
"ENSG00000164035","EMCN",3,3,3,3,0.0809341847430424,0.0636992963259113,12.5982009374675,-384.666666666667,166.666666666667,224.333333333333,128.333333333333,359.333333333333,0,0,4,"",219.666666666667
"ENSG00000121064","SCPEP1",1,1,0,2,0.082744250041174,0.0886062474966685,NA,-373.75,161,155,NA,347.5,0,0,3,"",221.166666666667
"ENSG00000091136","LAMB1",1,1,0,0,0.0555849636772404,0.0537343698015206,NA,NA,233,231,NA,NA,0,0,2,"",232
"ENSG00000143153","ATP1B1",0,0,2,0,NA,NA,10.5530279805503,NA,NA,NA,233,NA,0,0,1,"",233
"ENSG00000136997","MYC",1,1,1,0,0.0642938108537498,0.0648425003413928,9.14336787881898,NA,203,191,316,NA,0,0,3,"",236.666666666667
"ENSG00000229807","XIST",1,1,0,3,0.0742310351042553,0.0820425116672424,NA,-401.666666666667,178,162,NA,371.666666666667,0,0,3,"",237.222222222222
"ENSG00000133816","MICAL2",2,2,2,1,0.0875612178246395,0.0892949265080286,8.94239496972748,-356,141.5,138,352.5,317,0,0,4,"",237.25
"ENSG00000090104","RGS1",4,3,4,2,0.0621225751689527,0.0708124773134099,11.247754202383,-356,246.25,188,198.25,322,0,0,4,"",238.625
"ENSG00000213203","GIMAP1",4,2,4,3,0.0728848230314394,0.102288953106983,10.9295380338436,-405.666666666667,230.5,146,210.5,372.666666666667,0,0,4,"",239.916666666667
"ENSG00000132334","PTPRE",1,1,4,0,0.0595140923661397,0.0476652248087949,10.2161666690707,NA,211,246,267.5,NA,0,0,3,"",241.5
"ENSG00000105664","COMP",3,3,3,3,0.0413879293857438,0.0386482317809135,12.4620522956547,-274.333333333333,301,297.666666666667,135.333333333333,250.333333333333,0,0,4,"",246.083333333333
"ENSG00000198168","SVIP",4,4,0,2,0.0725007857556043,0.0766157885171944,NA,-419,181.5,172,NA,389,0,0,3,"",247.5
"ENSG00000169413","RNASE6",2,1,0,0,0.050001919571353,0.0610900376117757,NA,NA,301,196,NA,NA,0,0,2,"",248.5
"ENSG00000178726","THBD",1,1,2,0,0.0658742471253015,0.063854108500989,8.8976142503834,NA,196,195,356.5,NA,0,0,3,"",249.166666666667
"ENSG00000137507","LRRC32",1,1,1,1,0.0412301261731088,0.038877334790702,13.5606787735165,-306,333,321,88,281,0,0,4,"",255.75
"ENSG00000102879","CORO1A",2,0,3,3,0.0253241423925014,NA,12.0194767040286,-241,407.5,NA,147.666666666667,219,0,0,3,"",258.055555555556
"ENSG00000142192","APP",1,1,1,2,0.0963667457019249,0.116836291517993,8.21814604473589,-452.5,118,88,418,420,0,0,4,"",261
"ENSG00000154146","NRGN",4,4,4,3,0.0602780443976707,0.0565328939609022,10.8776512235624,-389.833333333333,226.75,242.75,214,361,0,0,4,"",261.125
"ENSG00000184060","ADAP2",3,3,3,3,0.0599204053318292,0.0503641129977847,10.3755174577918,-326.833333333333,228,286.333333333333,241,298,0,0,4,"",263.333333333333
"ENSG00000118257","NRP2",2,2,4,4,0.0649645515950974,0.0665252031869826,10.5579488338606,-432.125,216,207,235.25,396,0,0,4,"",263.5625
"ENSG00000135218","CD36",3,4,4,4,0.0470179862727815,0.0373663198733713,15.798930317646,-372.625,317.333333333333,352.75,44.5,348,0,0,4,"",265.645833333333
"ENSG00000182551","ADI1",0,0,3,0,NA,NA,10.1336005797069,NA,NA,NA,267.333333333333,NA,0,0,1,"",267.333333333333
"ENSG00000181104","F2R",3,3,2,2,0.0896327783536104,0.0906854039652409,8.29689004237794,-391.5,143.333333333333,143.666666666667,423.5,360.5,0,0,4,"",267.75
"ENSG00000135678","CPM",3,3,4,2,0.0449675774928244,0.0406537706311269,13.740786974114,-437.5,287.333333333333,294.333333333333,87.5,408.5,0,0,4,"",269.416666666667
"ENSG00000169756","LIMS1",1,1,0,0,0.0450418945851223,0.0454782303546377,NA,NA,283,262,NA,NA,0,0,2,"",272.5
"ENSG00000177885","GRB2",2,2,0,0,0.0481788662960155,0.0433843624169164,NA,NA,280.5,279,NA,NA,0,0,2,"",279.75
"ENSG00000023902","PLEKHO1",2,2,2,0,0.0574868528557796,0.0467618296947483,9.32797672682106,NA,234.5,272,333,NA,0,0,3,"",279.833333333333
"ENSG00000166147","FBN1",1,1,0,1,0.051492289774431,0.0545886828158019,NA,-367,272,235,NA,346,0,0,3,"",284.333333333333
"ENSG00000011422","PLAUR",2,2,0,0,0.0552605741502573,0.056130190284868,NA,NA,287.5,285.5,NA,NA,0,0,2,"",286.5
"ENSG00000082074","FYB1",1,1,0,1,0.057655755434833,0.0529723740206039,NA,-415.5,235,243,NA,390,0,0,3,"",289.333333333333
"ENSG00000127947","PTPN12",1,1,0,0,0.0489391148950789,0.0444480244033419,NA,NA,291,289,NA,NA,0,0,2,"",290
"ENSG00000124831","LRRFIP1",0,0,3,0,NA,NA,9.88432193631544,NA,NA,NA,291.333333333333,NA,0,0,1,"",291.333333333333
"ENSG00000165655","ZNF503",1,1,0,0,0.0481214723889101,0.0439545720200597,NA,NA,295,292,NA,NA,0,0,2,"",293.5
"ENSG00000163681","SLMAP",4,4,0,0,0.049991921958834,0.0468063924641057,NA,NA,291,301.5,NA,NA,0,0,2,"",296.25
"ENSG00000117862","TXNDC12",1,1,0,0,0.046425891121422,0.0443438125588527,NA,NA,297,297,NA,NA,0,0,2,"",297
"ENSG00000030582","GRN",3,1,2,4,0.0453848239009508,0.0789462339463396,9.54719963216097,-418,312.666666666667,170,329.5,382.5,0,0,4,"",298.666666666667
"ENSG00000151632","AKR1C2",4,4,4,4,0.0488537835845813,0.0461512288657421,9.1137805184767,-301.125,280,282.5,360,273.75,0,0,4,"",299.0625
"ENSG00000182512","GLRX5",1,1,0,0,0.0410907898368039,0.0385875884729589,NA,NA,307,295,NA,NA,0,0,2,"",301
"ENSG00000081041","CXCL2",3,3,4,0,0.0461674858178891,0.0486197251861631,8.82994191447988,NA,279.666666666667,255.666666666667,368.75,NA,0,0,3,"",301.361111111111
"ENSG00000180304","OAZ2",1,1,4,0,0.0399053056826959,0.0330719547027662,9.88396237606262,NA,296,310,299.5,NA,0,0,3,"",301.833333333333
"ENSG00000176731","RBIS",4,4,0,0,0.045400726270184,0.0457122749733618,NA,NA,314.75,296,NA,NA,0,0,2,"",305.375
"ENSG00000129009","ISLR",1,1,0,0,0.0437403316275255,0.0416676109201264,NA,NA,309,305,NA,NA,0,0,2,"",307
"ENSG00000138061","CYP1B1",4,4,3,2,0.0569169103401908,0.0572721457565525,8.83295186580875,-390,252.25,237.5,374.333333333333,364.5,0,0,4,"",307.145833333333
"ENSG00000204389","HSPA1A",2,2,4,2,0.0631019897560537,0.0590013901159221,9.11049794301879,-439.25,223,236.5,363.25,406,0,0,4,"",307.1875
"ENSG00000126524","SBDS",4,4,0,4,0.0540493018544025,0.0524044004286115,NA,-460.75,249.5,244.25,NA,429.75,0,0,3,"",307.833333333333
"ENSG00000041982","TNC",1,1,1,1,0.04164277541789,0.0421331811263252,8.44650831531898,-292,301,279,394,260,0,0,4,"",308.5
"ENSG00000084234","APLP2",2,2,2,1,0.041571227842786,0.0409371596235387,9.67024577618466,-309.5,326,319.5,305,286,0,0,4,"",309.125
"ENSG00000119922","IFIT2",2,2,0,0,0.0396593951645762,0.040011139133361,NA,NA,324,295,NA,NA,0,0,2,"",309.5
"ENSG00000162616","DNAJB4",4,4,0,2,0.0489925654293896,0.048499981223798,NA,-392,294.5,280,NA,360,0,0,3,"",311.5
"ENSG00000205302","SNX2",3,2,0,0,0.0425573045619164,0.0404209453659432,NA,NA,311.333333333333,312,NA,NA,0,0,2,"",311.666666666667
"ENSG00000169813","HNRNPF",1,1,0,0,0.0333486151633299,0.0358472167791961,NA,NA,336,298,NA,NA,0,0,2,"",317
"ENSG00000124107","SLPI",1,1,1,0,0.0511718159127689,0.0531952087517186,7.90660724952043,NA,254,234,464,NA,0,0,3,"",317.333333333333
"ENSG00000161960","EIF4A1",1,1,0,0,0.0429291729485406,0.0387792566687414,NA,NA,314,323,NA,NA,0,0,2,"",318.5
"ENSG00000177879","AP3S1",1,1,0,0,0.0358660801817323,0.0366959898969846,NA,NA,335,302,NA,NA,0,0,2,"",318.5
"ENSG00000185862","EVI2B",2,2,1,2,0.0546560411597643,0.0526173947946343,8.44166407531229,-425.5,237,235.5,412,397.5,0,0,4,"",320.5
"ENSG00000082781","ITGB5",1,1,0,1,0.0341307565945547,0.0328122363349955,NA,-361,328,313,NA,324,0,0,3,"",321.666666666667
"ENSG00000144802","NFKBIZ",2,1,1,0,0.0475620033806268,0.0801165226703696,7.91571561677313,NA,319,175,473,NA,0,0,3,"",322.333333333333
"ENSG00000137509","PRCP",2,2,0,0,0.0450831975649562,0.0417625450125325,NA,NA,324.5,322.5,NA,NA,0,0,2,"",323.5
"ENSG00000028137","TNFRSF1B",0,0,2,0,NA,NA,9.29686383117001,NA,NA,NA,323.5,NA,0,0,1,"",323.5
"ENSG00000142552","RCN3",4,4,0,0,0.0411562320938076,0.0404694253080896,NA,NA,333.5,315,NA,NA,0,0,2,"",324.25
"ENSG00000168291","PDHB",2,2,0,1,0.0454638214034096,0.0414169711405594,NA,-417.5,293.5,292,NA,389,0,0,3,"",324.833333333333
"ENSG00000138835","RGS3",1,1,0,0,0.0352809798533,0.0312232910403932,NA,NA,325,325,NA,NA,0,0,2,"",325
"ENSG00000166750","SLFN5",1,1,0,0,0.0430987501932178,0.0270959620934565,NA,NA,291,361,NA,NA,0,0,2,"",326
"ENSG00000196937","FAM3C",3,3,0,0,0.0336879340249145,0.0340544946498193,NA,NA,339.333333333333,313.666666666667,NA,NA,0,0,2,"",326.5
"ENSG00000121966","CXCR4",0,0,3,1,NA,NA,9.64166563675899,-383.5,NA,NA,301.333333333333,352,0,0,2,"",326.666666666667
"ENSG00000104823","ECH1",4,4,0,2,0.0478592238099306,0.0465609304232962,NA,-459.5,287.5,281.25,NA,417.5,0,0,3,"",328.75
"ENSG00000104805","NUCB1",3,3,0,0,0.0375636551476324,0.0370448635827988,NA,NA,338.333333333333,319.666666666667,NA,NA,0,0,2,"",329
"ENSG00000104695","PPP2CB",1,1,0,0,0.0353371445243567,0.0334424694878596,NA,NA,339,321,NA,NA,0,0,2,"",330
"ENSG00000196141","SPATS2L",4,4,0,1,0.0375226849812508,0.0374748917935909,NA,-353.5,346.75,322.25,NA,323,0,0,3,"",330.666666666667
"ENSG00000164932","CTHRC1",1,3,0,3,0.0553891517981784,0.0342024241526446,NA,-425.833333333333,234,370.333333333333,NA,391.333333333333,0,0,3,"",331.888888888889
"ENSG00000135919","SERPINE2",0,0,2,0,NA,NA,9.39115099113032,NA,NA,NA,332.5,NA,0,0,1,"",332.5
"ENSG00000241644","INMT",4,4,0,0,0.0401287389210353,0.0390570087671275,NA,NA,342,324,NA,NA,0,0,2,"",333
"ENSG00000087884","AAMDC",2,2,0,0,0.0373495223418344,0.0366864344554586,NA,NA,350.5,319.5,NA,NA,0,0,2,"",335
"ENSG00000204262","COL5A2",0,0,0,1,NA,NA,NA,-367.5,NA,NA,NA,335,0,0,1,"",335
"ENSG00000171735","CAMTA1",0,0,0,1,NA,NA,NA,-366.5,NA,NA,NA,336,0,0,1,"",336
"ENSG00000071967","CYBRD1",1,1,4,0,0.0353598348799895,0.0322337639543544,9.20690619721711,NA,318,329,362.25,NA,0,0,3,"",336.416666666667
"ENSG00000105835","NAMPT",0,0,4,0,NA,NA,9.35899099976658,NA,NA,NA,336.5,NA,0,0,1,"",336.5
"ENSG00000112378","PERP",1,1,0,0,0.0332099353694742,0.0300443957995966,NA,NA,337,341,NA,NA,0,0,2,"",339
"ENSG00000102316","MAGED2",2,2,0,1,0.0366109478119974,0.0386834583398264,NA,-403,339.5,306,NA,372,0,0,3,"",339.166666666667
"ENSG00000243449","NICOL1",2,2,1,0,0.0402190731482273,0.038503241228548,8.9152743861173,NA,330.5,328,361,NA,0,0,3,"",339.833333333333
"ENSG00000143183","TMCO1",1,1,0,0,0.0395804467591861,0.0391992104585685,NA,NA,356,325,NA,NA,0,0,2,"",340.5
"ENSG00000114115","RBP1",4,4,3,2,0.0454502578724634,0.0436483465755434,9.08680715643587,-443.25,298.25,288,369,409,0,0,4,"",341.0625
"ENSG00000197894","ADH5",2,2,4,3,0.0383574341732387,0.0362442260659735,9.89129095895559,-440.666666666667,334.5,321.5,305.5,404,0,0,4,"",341.375
"ENSG00000173230","GOLGB1",1,1,0,0,0.0329481698047085,0.03149985478474,NA,NA,352,332,NA,NA,0,0,2,"",342
"ENSG00000135269","TES",0,0,3,0,NA,NA,9.49982053999505,NA,NA,NA,342.333333333333,NA,0,0,1,"",342.333333333333
"ENSG00000114861","FOXP1",1,1,0,0,0.0315529036917617,0.03177720205522,NA,NA,353,332,NA,NA,0,0,2,"",342.5
"ENSG00000196776","CD47",1,1,0,0,0.0410750709036662,0.0367056808417244,NA,NA,343,345,NA,NA,0,0,2,"",344
"ENSG00000108774","RAB5C",4,4,0,1,0.0504530657190777,0.0526257832811352,NA,-494.5,289.25,285,NA,460,0,0,3,"",344.75
"ENSG00000120675","DNAJC15",1,2,0,0,0.0379776372607174,0.0308152500499154,NA,NA,308,383.5,NA,NA,0,0,2,"",345.75
"ENSG00000179295","PTPN11",2,2,0,0,0.0380640670641811,0.0370081946308431,NA,NA,359.5,333.5,NA,NA,0,0,2,"",346.5
"ENSG00000115977","AAK1",1,1,0,0,0.0384461964485515,0.038681019363071,NA,NA,365,330,NA,NA,0,0,2,"",347.5
"ENSG00000163513","TGFBR2",0,0,2,0,NA,NA,9.33848880311016,NA,NA,NA,347.5,NA,0,0,1,"",347.5
"ENSG00000100906","NFKBIA",2,2,3,4,0.0440936415644732,0.0416107521550624,9.06120870119334,-395.375,333.5,330,365.333333333333,364,0,0,4,"",348.208333333333
"ENSG00000165512","ZNF22",1,1,0,0,0.0302495501784903,0.0292280765614693,NA,NA,361,336,NA,NA,0,0,2,"",348.5
"ENSG00000150337","FCGR1A",1,1,1,0,0.0481779903491036,0.0325575587702732,7.95855792769222,NA,251,327,468,NA,0,0,3,"",348.666666666667
"ENSG00000156804","FBXO32",1,1,0,1,0.0454496536175618,0.046540698544059,NA,-502.5,301,281,NA,464,0,0,3,"",348.666666666667
"ENSG00000185215","TNFAIP2",3,1,2,0,0.0354204909990981,0.0421942201735973,8.83821906690028,NA,369,303,374,NA,0,0,3,"",348.666666666667
"ENSG00000172216","CEBPB",4,4,0,4,0.039428653419569,0.0381668751362825,NA,-405.875,341.75,327.5,NA,377.25,0,0,3,"",348.833333333333
"ENSG00000118855","MFSD1",3,3,0,3,0.0465965328344872,0.042414631162581,NA,-436.833333333333,320.333333333333,326.333333333333,NA,403.666666666667,0,0,3,"",350.111111111111
"ENSG00000087365","SF3B2",2,2,0,0,0.033795362778995,0.0304243508962859,NA,NA,356.5,345,NA,NA,0,0,2,"",350.75
"ENSG00000008441","NFIX",2,2,2,0,0.0385126479772298,0.0375254037701367,9.20903101179464,NA,361.5,338,354,NA,0,0,3,"",351.166666666667
"ENSG00000185627","PSMD13",3,3,0,1,0.041409369515453,0.036942565183351,NA,-412.5,334,333.666666666667,NA,386,0,0,3,"",351.222222222222
"ENSG00000129680","MAP7D3",1,1,0,1,0.0404915284697059,0.0412725914612407,NA,-507.5,310,282,NA,463,0,0,3,"",351.666666666667
"ENSG00000134954","ETS1",1,1,0,0,0.0320177472107699,0.029662318524311,NA,NA,361,343,NA,NA,0,0,2,"",352
"ENSG00000211455","STK38L",1,1,0,0,0.0438894203087419,0.0311835079842042,NA,NA,323,381,NA,NA,0,0,2,"",352
"ENSG00000189409","MMP23B",0,0,2,0,NA,NA,9.03458284563875,NA,NA,NA,352,NA,0,0,1,"",352
"ENSG00000110367","DDX6",2,3,0,0,0.0430165655980247,0.0337190651964007,NA,NA,337,367.666666666667,NA,NA,0,0,2,"",352.333333333333
"ENSG00000184557","SOCS3",1,1,2,0,0.0268968587288427,0.0219562181765224,9.81170914027792,NA,392,399,267.5,NA,0,0,3,"",352.833333333333
"ENSG00000058272","PPP1R12A",0,0,4,2,NA,NA,9.13626845883983,-390.75,NA,NA,347.75,358.5,0,0,2,"",353.125
"ENSG00000173193","PARP14",1,1,1,3,0.0587751036783226,0.0538518207668161,7.83327167088395,-467.666666666667,250,254,479,430.333333333333,0,0,4,"",353.333333333333
"ENSG00000170348","TMED10",1,1,2,0,0.0375318020929975,0.0328108355896385,8.38348989188204,NA,312,314,440,NA,0,0,3,"",355.333333333333
"ENSG00000145912","NHP2",0,0,0,1,NA,NA,NA,-386,NA,NA,NA,357,0,0,1,"",357
"ENSG00000143387","CTSK",2,2,2,3,0.0362655471384176,0.0359224031235097,8.63974395200023,-382.333333333333,350,327.5,399.5,353,0,0,4,"",357.5
"ENSG00000164022","AIMP1",3,3,0,0,0.034057219349251,0.0327564045222595,NA,NA,366.666666666667,348.666666666667,NA,NA,0,0,2,"",357.666666666667
"ENSG00000177697","CD151",0,0,4,1,NA,NA,9.64941591930198,-441,NA,NA,314.25,403,0,0,2,"",358.625
"ENSG00000134996","OSTF1",3,3,1,0,0.039485795944938,0.0385841796770496,8.10941296854356,NA,326.333333333333,315.666666666667,434,NA,0,0,3,"",358.666666666667
"ENSG00000104325","DECR1",4,4,0,0,0.0360483688411388,0.034895475283708,NA,NA,366.75,353.25,NA,NA,0,0,2,"",360
"ENSG00000114315","HES1",0,0,4,0,NA,NA,8.97421449121832,NA,NA,NA,360.25,NA,0,0,1,"",360.25
"ENSG00000128228","SDF2L1",2,3,0,0,0.0423052552377816,0.0321704242576655,NA,NA,345.5,376.333333333333,NA,NA,0,0,2,"",360.916666666667
"ENSG00000133800","LYVE1",4,2,4,0,0.0342688408824776,0.0386598915266789,8.64878382767788,NA,365.75,314,403.25,NA,0,0,3,"",361
"ENSG00000146376","ARHGAP18",1,1,3,4,0.0367462906510512,0.0457946373079042,8.77435559642961,-384.5,396,302,392.666666666667,354.25,0,0,4,"",361.229166666667
"ENSG00000100243","CYB5R3",3,2,0,3,0.0289916043130355,0.0348584274270702,NA,-364.666666666667,408,343,NA,336,0,0,3,"",362.333333333333
"ENSG00000113657","DPYSL3",1,1,3,2,0.0368165587280408,0.0357517391002922,8.90574084284235,-469.5,330,307,376.333333333333,436.5,0,0,4,"",362.458333333333
"ENSG00000162734","PEA15",1,1,0,0,0.0306357615535036,0.0276953049023291,NA,NA,368,357,NA,NA,0,0,2,"",362.5
"ENSG00000132780","NASP",4,4,1,1,0.0439778264443119,0.0404934272033436,8.73455764090281,-410,326.5,325.5,424,382,0,0,4,"",364.5
"ENSG00000104047","DTWD1",3,3,0,0,0.0338639649659941,0.0336568995820015,NA,NA,387,350,NA,NA,0,0,2,"",368.5
"ENSG00000161281","COX7A1",3,3,0,1,0.0419104995535713,0.0412571130309828,NA,-477.5,339.333333333333,326,NA,442,0,0,3,"",369.111111111111
"ENSG00000136051","WASHC4",3,3,0,0,0.032736726220581,0.0288548717833289,NA,NA,371.666666666667,367,NA,NA,0,0,2,"",369.333333333333
"ENSG00000198818","SFT2D1",3,3,0,0,0.0309592158814319,0.0296607739288841,NA,NA,379.666666666667,359.666666666667,NA,NA,0,0,2,"",369.666666666667
"ENSG00000174080","CTSF",0,0,4,0,NA,NA,9.0909794257778,NA,NA,NA,369.75,NA,0,0,1,"",369.75
"ENSG00000116285","ERRFI1",3,3,0,0,0.0309003438476536,0.0320605331801533,NA,NA,389.666666666667,350,NA,NA,0,0,2,"",369.833333333333
"ENSG00000177469","CAVIN1",0,0,0,4,NA,NA,NA,-396.625,NA,NA,NA,371.25,0,0,1,"",371.25
"ENSG00000134243","SORT1",1,1,3,0,0.0359705796574383,0.0295759490813738,9.210011097779,NA,389,399,326.666666666667,NA,0,0,3,"",371.555555555556
"ENSG00000151789","ZNF385D",0,0,2,0,NA,NA,8.68481303867932,NA,NA,NA,372,NA,0,0,1,"",372
"ENSG00000116044","NFE2L2",2,3,4,2,0.0258096268001188,0.0223453049463482,9.14197931466948,-349,397,422.666666666667,352.25,318,0,0,4,"",372.479166666667
"ENSG00000165476","REEP3",2,2,0,1,0.0341052675578726,0.0332750798195117,NA,-410.5,380.5,356,NA,381,0,0,3,"",372.5
"ENSG00000166734","GOLM2",3,3,0,0,0.0368205650864154,0.0357525285196723,NA,NA,384.666666666667,360.333333333333,NA,NA,0,0,2,"",372.5
"ENSG00000152818","UTRN",0,0,2,0,NA,NA,9.06508402341963,NA,NA,NA,374,NA,0,0,1,"",374
"ENSG00000159352","PSMD4",1,3,0,1,0.0324682139066356,0.0278968011258139,NA,-403,341,410,NA,372,0,0,3,"",374.333333333333
"ENSG00000204642","HLA-F",0,0,2,0,NA,NA,8.81696483493381,NA,NA,NA,375,NA,0,0,1,"",375
"ENSG00000141905","NFIC",1,1,4,3,0.0315724608824415,0.0294931050206565,9.07861072084678,-464.166666666667,364,346,363,428,0,0,4,"",375.25
"ENSG00000173848","NET1",0,0,2,4,NA,NA,9.75238061780163,-465.375,NA,NA,321,430,0,0,2,"",375.5
"ENSG00000085662","AKR1B1",0,0,1,0,NA,NA,8.75827592065331,NA,NA,NA,376,NA,0,0,1,"",376
"ENSG00000102144","PGK1",1,1,0,0,0.0293005838324654,0.0256432638458618,NA,NA,383,370,NA,NA,0,0,2,"",376.5
"ENSG00000050405","LIMA1",0,0,1,0,NA,NA,9.23279404297326,NA,NA,NA,378,NA,0,0,1,"",378
"ENSG00000172531","PPP1CA",0,0,2,0,NA,NA,9.00521112588958,NA,NA,NA,379,NA,0,0,1,"",379
"ENSG00000049618","ARID1B",0,0,0,4,NA,NA,NA,-412.25,NA,NA,NA,379.5,0,0,1,"",379.5
"ENSG00000113013","HSPA9",1,1,0,1,0.0406952597112879,0.0378317506555674,NA,-506.5,336,333,NA,471,0,0,3,"",380
"ENSG00000131435","PDLIM4",0,0,0,3,NA,NA,NA,-410.5,NA,NA,NA,380.333333333333,0,0,1,"",380.333333333333
"ENSG00000182240","BACE2",0,0,0,1,NA,NA,NA,-409.5,NA,NA,NA,381,0,0,1,"",381
"ENSG00000097033","SH3GLB1",2,2,0,0,0.0336839410051025,0.0307607732718346,NA,NA,390.5,372.5,NA,NA,0,0,2,"",381.5
"ENSG00000164713","BRI3",4,4,1,3,0.0497231581086911,0.0520630664272456,7.87457749721607,-452.333333333333,330.75,295.75,480,420.333333333333,0,0,4,"",381.708333333333
"ENSG00000169045","HNRNPH1",0,0,0,4,NA,NA,NA,-416.875,NA,NA,NA,382,0,0,1,"",382
"ENSG00000114850","SSR3",1,1,1,2,0.0367336202970488,0.0365520579811746,8.70823595376577,-454.75,384,346,385,413.5,0,0,4,"",382.125
"ENSG00000164032","H2AZ1",2,2,0,1,0.0404401712947114,0.0397932382978612,NA,-495.5,354.5,337,NA,457,0,0,3,"",382.833333333333
"ENSG00000169738","DCXR",3,3,0,0,0.0312621453044288,0.026776282779162,NA,NA,382.666666666667,383,NA,NA,0,0,2,"",382.833333333333
"ENSG00000103145","HCFC1R1",0,0,1,4,NA,NA,8.7708642830901,-399.125,NA,NA,400,369,0,0,2,"",384.5
"ENSG00000160789","LMNA",3,3,0,0,0.032603587838562,0.0308796267150245,NA,NA,395,374.666666666667,NA,NA,0,0,2,"",384.833333333333
"ENSG00000198848","CES1",1,2,1,0,0.0316301110242422,0.029304656214444,8.92675431360135,NA,351,394,411,NA,0,0,3,"",385.333333333333
"ENSG00000170248","PDCD6IP",1,1,0,0,0.0371885321722748,0.0302952511233881,NA,NA,379,392,NA,NA,0,0,2,"",385.5
"ENSG00000133142","TCEAL4",0,0,3,3,NA,NA,9.62058808048586,-488.833333333333,NA,NA,318.333333333333,452.666666666667,0,0,2,"",385.5
"ENSG00000167553","TUBA1C",0,0,4,0,NA,NA,8.815825394617,NA,NA,NA,385.75,NA,0,0,1,"",385.75
"ENSG00000134107","BHLHE40",0,0,1,0,NA,NA,8.5627202419238,NA,NA,NA,387,NA,0,0,1,"",387
"ENSG00000072952","IRAG1",2,2,3,0,0.0307570096317799,0.0281989906060183,8.94844877077851,NA,395.5,384.5,382,NA,0,0,3,"",387.333333333333
"ENSG00000082153","BZW1",2,2,0,0,0.0280081707549374,0.0264729794450493,NA,NA,403,372,NA,NA,0,0,2,"",387.5
"ENSG00000010327","STAB1",0,0,2,0,NA,NA,8.85676533943943,NA,NA,NA,387.5,NA,0,0,1,"",387.5
"ENSG00000269893","SNHG8",0,0,3,0,NA,NA,8.90715611573917,NA,NA,NA,387.666666666667,NA,0,0,1,"",387.666666666667
"ENSG00000118508","RAB32",0,0,1,2,NA,NA,8.3950271563045,-398.25,NA,NA,407,368.5,0,0,2,"",387.75
"ENSG00000139318","DUSP6",2,2,1,0,0.0333394856229177,0.0260885888666588,8.14572060359034,NA,347,369,449,NA,0,0,3,"",388.333333333333
"ENSG00000169021","UQCRFS1",3,3,0,0,0.031769762712216,0.032088279896206,NA,NA,402.666666666667,374.333333333333,NA,NA,0,0,2,"",388.5
"ENSG00000188313","PLSCR1",3,3,1,1,0.0423913228046088,0.0334196108710905,8.06349376360591,-402.5,341.666666666667,388,454,372,0,0,4,"",388.916666666667
"ENSG00000047849","MAP4",0,0,0,2,NA,NA,NA,-421,NA,NA,NA,389,0,0,1,"",389
"ENSG00000139218","SCAF11",3,3,0,0,0.0347289585365971,0.0334931901148734,NA,NA,402,376.666666666667,NA,NA,0,0,2,"",389.333333333333
"ENSG00000146223","RPL7L1",2,2,0,0,0.0299727880546945,0.0297310025710934,NA,NA,406.5,372.5,NA,NA,0,0,2,"",389.5
"ENSG00000185624","P4HB",0,0,2,1,NA,NA,8.9227688925963,-457,NA,NA,362,418,0,0,2,"",390
"ENSG00000228253","MT-ATP8",0,0,0,2,NA,NA,NA,-425.75,NA,NA,NA,390,0,0,1,"",390
"ENSG00000141480","ARRB2",4,3,1,1,0.0485598142086785,0.0439242473174659,8.2814313997492,-515.5,302.75,313.666666666667,472,472,0,0,4,"",390.104166666667
"ENSG00000176978","DPP7",1,3,0,0,0.0308713729496634,0.0266669747051927,NA,NA,367,413.666666666667,NA,NA,0,0,2,"",390.333333333333
"ENSG00000061676","NCKAP1",0,0,2,2,NA,NA,8.78454682862771,-426.25,NA,NA,383.5,397.5,0,0,2,"",390.5
"ENSG00000092964","DPYSL2",3,2,0,1,0.0355350306868919,0.0348532662367694,NA,-494,361.666666666667,357.5,NA,456,0,0,3,"",391.722222222222
"ENSG00000054598","FOXC1",2,2,0,1,0.0391858698045605,0.0366705374248218,NA,-465,383.5,366,NA,426,0,0,3,"",391.833333333333
"ENSG00000221968","FADS3",0,0,0,3,NA,NA,NA,-423.833333333333,NA,NA,NA,392.666666666667,0,0,1,"",392.666666666667
"ENSG00000105677","TMEM147",4,4,0,0,0.0295022623343987,0.0287046380568727,NA,NA,406,380.5,NA,NA,0,0,2,"",393.25
"ENSG00000168003","SLC3A2",1,1,2,3,0.0371116926858468,0.0347605571891002,8.0080837584372,-409.333333333333,381,359,456.5,377,0,0,4,"",393.375
"ENSG00000112576","CCND3",1,1,0,0,0.0300336976554816,0.019602561600039,NA,NA,376,411,NA,NA,0,0,2,"",393.5
"ENSG00000109861","CTSC",1,1,4,0,0.0224220501633575,0.0186385480270238,9.76025955581549,NA,442,424,315.25,NA,0,0,3,"",393.75
"ENSG00000103024","NME3",4,4,0,0,0.031646387703151,0.0305538210678342,NA,NA,408,380,NA,NA,0,0,2,"",394
"ENSG00000113811","SELENOK",2,3,0,0,0.0309512626823062,0.0291245698568201,NA,NA,388,400,NA,NA,0,0,2,"",394
"ENSG00000002549","LAP3",1,1,2,4,0.0431529114957058,0.0276729541951562,8.6416002792426,-430.75,335,440,405.5,397.25,0,0,4,"",394.4375
"ENSG00000141367","CLTC",1,1,0,0,0.040523910911541,0.0291600553882746,NA,NA,364,425,NA,NA,0,0,2,"",394.5
"ENSG00000112308","C6orf62",0,0,0,2,NA,NA,NA,-431,NA,NA,NA,394.5,0,0,1,"",394.5
"ENSG00000170906","NDUFA3",1,1,0,0,0.0257251472622134,0.0241950750920392,NA,NA,410,380,NA,NA,0,0,2,"",395
"ENSG00000147416","ATP6V1B2",1,1,0,0,0.0259163667619687,0.0224406835446194,NA,NA,390,401,NA,NA,0,0,2,"",395.5
"ENSG00000158716","DUSP23",3,4,2,2,0.0320977146921985,0.0271367449733824,8.92484681902341,-433.25,404.333333333333,396.25,384.5,398.5,0,0,4,"",395.895833333333
"ENSG00000137076","TLN1",4,3,3,1,0.0324980611974973,0.0349067580094545,8.77733239038104,-464.5,397.25,364,391.666666666667,431,0,0,4,"",395.979166666667
"ENSG00000114626","ABTB1",2,2,0,0,0.0286061042145786,0.0263649694475913,NA,NA,400.5,391.5,NA,NA,0,0,2,"",396
"ENSG00000117318","ID3",0,0,0,4,NA,NA,NA,-426.25,NA,NA,NA,396,0,0,1,"",396
"ENSG00000118515","SGK1",0,0,4,1,NA,NA,8.44943429753367,-412.5,NA,NA,417.25,375,0,0,2,"",396.125
"ENSG00000169439","SDC2",0,0,2,1,NA,NA,8.51115749657891,-435,NA,NA,389.5,403,0,0,2,"",396.25
"ENSG00000168214","RBPJ",0,0,3,0,NA,NA,8.76647492269965,NA,NA,NA,396.333333333333,NA,0,0,1,"",396.333333333333
"ENSG00000156113","KCNMA1",0,0,3,0,NA,NA,8.57919652022811,NA,NA,NA,397,NA,0,0,1,"",397
"ENSG00000134294","SLC38A2",2,2,2,2,0.0333940453230148,0.030447176984246,8.05288098627793,-396.5,397,376.5,454.5,360.5,0,0,4,"",397.125
"ENSG00000117298","ECE1",2,1,0,0,0.0273029130346587,0.0221608062713136,NA,NA,399.5,397,NA,NA,0,0,2,"",398.25
"ENSG00000140682","TGFB1I1",0,0,0,1,NA,NA,NA,-433.5,NA,NA,NA,399,0,0,1,"",399
"ENSG00000169715","MT1E",0,0,3,4,NA,NA,8.40693891684624,-415,NA,NA,414.333333333333,383.75,0,0,2,"",399.041666666667
"ENSG00000111145","ELK3",2,3,4,0,0.0306116768261351,0.0275728874783994,8.85235756814417,NA,407,408.666666666667,382,NA,0,0,3,"",399.222222222222
"ENSG00000166033","HTRA1",0,0,4,2,NA,NA,9.16594058665197,-481,NA,NA,354.5,444.5,0,0,2,"",399.5
"ENSG00000107372","ZFAND5",1,2,0,2,0.0274369625240581,0.0215732147043335,NA,-457,382,400,NA,418,0,0,3,"",400
"ENSG00000128739","SNRPN",0,0,3,3,NA,NA,8.6517221358132,-444.333333333333,NA,NA,393,407,0,0,2,"",400
"ENSG00000092531","SNAP23",2,4,0,0,0.026155490202965,0.0260000608803642,NA,NA,395.5,405.25,NA,NA,0,0,2,"",400.375
"ENSG00000069345","DNAJA2",1,1,0,0,0.0351089013170981,0.0331255729107331,NA,NA,409,392,NA,NA,0,0,2,"",400.5
"ENSG00000126457","PRMT1",3,3,0,1,0.0338192125845398,0.0323002286343286,NA,-489.5,386.333333333333,363,NA,453,0,0,3,"",400.777777777778
"ENSG00000174307","PHLDA3",4,4,1,0,0.0335512586025351,0.0318954368329055,8.17089755493153,NA,388.75,368,447,NA,0,0,3,"",401.25
"ENSG00000117984","CTSD",4,4,1,2,0.0396414292079261,0.0364548400155564,7.89512226505483,-456.5,358,351.75,480,416,0,0,4,"",401.4375
"ENSG00000178741","COX5A",1,1,0,0,0.024505648059587,0.0234380612637325,NA,NA,418,385,NA,NA,0,0,2,"",401.5
"ENSG00000204257","HLA-DMA",1,0,1,1,0.0402308054900568,NA,7.92822021824951,-418.5,369,NA,460,379,0,0,3,"",402.666666666667
"ENSG00000148484","RSU1",1,2,0,0,0.0261598185424882,0.0236791792922466,NA,NA,386,419.5,NA,NA,0,0,2,"",402.75
"ENSG00000204217","BMPR2",2,0,1,0,0.0368504840639176,NA,8.33457555396262,NA,376.5,NA,429,NA,0,0,2,"",402.75
"ENSG00000143545","RAB13",2,2,0,1,0.0284424949098986,0.0269969034592216,NA,-498,387,361.5,NA,460,0,0,3,"",402.833333333333
"ENSG00000115738","ID2",0,0,1,0,NA,NA,8.41893747164672,NA,NA,NA,403,NA,0,0,1,"",403
"ENSG00000241343","RPL36A",0,0,2,1,NA,NA,8.2443768139701,-383,NA,NA,455.5,351,0,0,2,"",403.25
"ENSG00000186298","PPP1CC",2,3,0,0,0.0313416744626979,0.0235106071917821,NA,NA,395,412.333333333333,NA,NA,0,0,2,"",403.666666666667
"ENSG00000136732","GYPC",3,3,3,2,0.0314647035135805,0.0304012248206373,8.79396940088521,-518.5,386,363.666666666667,392.666666666667,473.5,0,0,4,"",403.958333333333
"ENSG00000171490","RSL1D1",1,1,0,0,0.0321379752170066,0.0307766116157137,NA,NA,421,387,NA,NA,0,0,2,"",404
"ENSG00000173272","MZT2A",4,4,0,1,0.0296115755317424,0.0301081873682379,NA,-473.5,411.75,372.75,NA,430,0,0,3,"",404.833333333333
"ENSG00000130313","PGLS",1,1,0,0,0.0303501811189375,0.0169828538530428,NA,NA,360,450,NA,NA,0,0,2,"",405
"ENSG00000142156","COL6A1",0,0,0,2,NA,NA,NA,-436.75,NA,NA,NA,405,0,0,1,"",405
"ENSG00000103978","TMEM87A",3,3,0,0,0.0277389783887634,0.0259031598775207,NA,NA,418,393,NA,NA,0,0,2,"",405.5
"ENSG00000169764","UGP2",1,1,0,0,0.0247610635993723,0.0215319235287233,NA,NA,415,396,NA,NA,0,0,2,"",405.5
"ENSG00000246705","H2AJ",4,3,0,3,0.027533693184881,0.0250804969839964,NA,-404,423.25,422.666666666667,NA,372,0,0,3,"",405.972222222222
"ENSG00000065911","MTHFD2",0,0,3,0,NA,NA,8.48777086900805,NA,NA,NA,406,NA,0,0,1,"",406
"ENSG00000150593","PDCD4",3,3,3,0,0.0309154771967403,0.0289417515272337,7.99941681795096,NA,391.333333333333,371,458.333333333333,NA,0,0,3,"",406.888888888889
"ENSG00000145632","PLK2",0,0,2,0,NA,NA,8.83585621077759,NA,NA,NA,407,NA,0,0,1,"",407
"ENSG00000170759","KIF5B",0,0,0,2,NA,NA,NA,-443,NA,NA,NA,407,0,0,1,"",407
"ENSG00000129235","TXNDC17",2,3,0,0,0.0277629493342141,0.0274463324083584,NA,NA,418,396.333333333333,NA,NA,0,0,2,"",407.166666666667
"ENSG00000126261","UBA2",0,0,4,0,NA,NA,8.42006161421034,NA,NA,NA,407.5,NA,0,0,1,"",407.5
"ENSG00000173511","VEGFB",2,3,0,0,0.027259635672481,0.0280731275362367,NA,NA,416,399.333333333333,NA,NA,0,0,2,"",407.666666666667
"ENSG00000103152","MPG",3,3,0,3,0.0321297653491861,0.0292666615101221,NA,-459,405,395,NA,423,0,0,3,"",407.666666666667
"ENSG00000196923","PDLIM7",1,1,2,1,0.0365187363610359,0.037695713177213,8.01534490096828,-521.5,369,337,452,473,0,0,4,"",407.75
"ENSG00000109787","KLF3",1,1,0,0,0.0275915591684536,0.01919120864263,NA,NA,397,419,NA,NA,0,0,2,"",408
"ENSG00000054654","SYNE2",2,2,4,0,0.031778027572098,0.0319611680403004,8.32207747735758,NA,418.5,381.5,425.25,NA,0,0,3,"",408.416666666667
"ENSG00000168734","PKIG",1,1,0,0,0.0325783616093915,0.0292121553736079,NA,NA,415,402,NA,NA,0,0,2,"",408.5
"ENSG00000198843","SELENOT",1,1,0,0,0.0326228166650569,0.028799400300806,NA,NA,412,406,NA,NA,0,0,2,"",409
"ENSG00000049449","RCN1",0,0,1,0,NA,NA,8.46499172988602,NA,NA,NA,409,NA,0,0,1,"",409
"ENSG00000163565","IFI16",0,0,4,0,NA,NA,8.61351061837481,NA,NA,NA,409.5,NA,0,0,1,"",409.5
"ENSG00000123636","BAZ2B",1,2,0,0,0.036326562715566,0.0254300988398183,NA,NA,399,421,NA,NA,0,0,2,"",410
"ENSG00000168710","AHCYL1",2,2,0,0,0.0253357776321461,0.0227345127470885,NA,NA,422.5,397.5,NA,NA,0,0,2,"",410
"ENSG00000131471","AOC3",1,1,1,0,0.0337552036883474,0.0296006183844001,8.36110977932386,NA,403,398,430,NA,0,0,3,"",410.333333333333
"ENSG00000184900","SUMO3",4,3,0,0,0.0279031536926014,0.0239361445247087,NA,NA,413,408.666666666667,NA,NA,0,0,2,"",410.833333333333
"ENSG00000042753","AP2S1",0,0,3,0,NA,NA,8.42775180502309,NA,NA,NA,411,NA,0,0,1,"",411
"ENSG00000162924","REL",0,0,2,0,NA,NA,8.395519610706,NA,NA,NA,411,NA,0,0,1,"",411
"ENSG00000256235","SMIM3",0,0,1,0,NA,NA,8.5655139670682,NA,NA,NA,411,NA,0,0,1,"",411
"ENSG00000014641","MDH1",0,0,0,1,NA,NA,NA,-445.5,NA,NA,NA,411,0,0,1,"",411
"ENSG00000067225","PKM",1,1,4,3,0.0211149866074973,0.0186289774913091,9.6801937066415,-486.666666666667,461,426,309.25,449,0,0,4,"",411.3125
"ENSG00000101955","SRPX",0,0,2,0,NA,NA,8.54820038612968,NA,NA,NA,412,NA,0,0,1,"",412
"ENSG00000197712","FAM114A1",2,2,0,0,0.0316873814932035,0.0305546428072289,NA,NA,426.5,398,NA,NA,0,0,2,"",412.25
"ENSG00000163931","TKT",1,1,1,2,0.0244996885290944,0.0213811073637578,8.26106853635452,-442.75,419,399,424,410,0,0,4,"",413
"ENSG00000067066","SP100",3,3,0,0,0.0307936440537287,0.0271044569792032,NA,NA,416.333333333333,410.666666666667,NA,NA,0,0,2,"",413.5
"ENSG00000114698","PLSCR4",1,1,0,0,0.0257027650982459,0.0192675254656353,NA,NA,408,419,NA,NA,0,0,2,"",413.5
"ENSG00000213853","EMP2",0,0,2,3,NA,NA,7.9134862495069,-379,NA,NA,476,351.333333333333,0,0,2,"",413.666666666667
"ENSG00000115677","HDLBP",2,3,0,0,0.0336210565542202,0.0269954248770964,NA,NA,415.5,412,NA,NA,0,0,2,"",413.75
"ENSG00000103275","UBE2I",1,2,0,0,0.0330281948541138,0.0236190987954333,NA,NA,407,421,NA,NA,0,0,2,"",414
"ENSG00000067182","TNFRSF1A",0,0,0,1,NA,NA,NA,-449.5,NA,NA,NA,414,0,0,1,"",414
"ENSG00000213465","ARL2",0,0,0,1,NA,NA,NA,-449,NA,NA,NA,414,0,0,1,"",414
"ENSG00000137831","UACA",0,0,0,2,NA,NA,NA,-446.25,NA,NA,NA,414.5,0,0,1,"",414.5
"ENSG00000130725","UBE2M",1,2,0,0,0.0358963017105441,0.0245841242119215,NA,NA,404,426,NA,NA,0,0,2,"",415
"ENSG00000145390","USP53",2,2,4,3,0.030202374674651,0.0274952149096171,8.44898373924056,-438.166666666667,429,413.5,419.5,403,0,0,4,"",416.25
"ENSG00000107874","CUEDC2",4,4,0,0,0.0262679852410651,0.0239642086406306,NA,NA,425.75,407,NA,NA,0,0,2,"",416.375
"ENSG00000168899","VAMP5",0,0,2,1,NA,NA,9.10982424252149,-521.5,NA,NA,360,473,0,0,2,"",416.5
"ENSG00000091436","MAP3K20",3,3,1,3,0.0343710728448378,0.0314041058735141,8.2811007420236,-495.5,371.666666666667,367.666666666667,473,455.666666666667,0,0,4,"",417
"ENSG00000120896","SORBS3",0,0,1,0,NA,NA,8.2214131925946,NA,NA,NA,417,NA,0,0,1,"",417
"ENSG00000120129","DUSP1",0,0,0,3,NA,NA,NA,-452.166666666667,NA,NA,NA,417,0,0,1,"",417
"ENSG00000124762","CDKN1A",0,0,0,4,NA,NA,NA,-449.875,NA,NA,NA,417.25,0,0,1,"",417.25
"ENSG00000187231","SESTD1",2,3,0,1,0.0296111937809106,0.0239682728120308,NA,-475.5,397.5,408.333333333333,NA,446,0,0,3,"",417.277777777778
"ENSG00000184203","PPP1R2",3,4,0,0,0.0289933295845933,0.0264516730317849,NA,NA,420.333333333333,414.5,NA,NA,0,0,2,"",417.416666666667
"ENSG00000124225","PMEPA1",0,0,1,3,NA,NA,8.37175419946806,-468.5,NA,NA,401,434,0,0,2,"",417.5
"ENSG00000127483","HP1BP3",0,0,0,2,NA,NA,NA,-452,NA,NA,NA,417.5,0,0,1,"",417.5
"ENSG00000027697","IFNGR1",0,0,1,0,NA,NA,8.40555850948009,NA,NA,NA,418,NA,0,0,1,"",418
"ENSG00000116754","SRSF11",0,0,0,1,NA,NA,NA,-453.5,NA,NA,NA,418,0,0,1,"",418
"ENSG00000143537","ADAM15",0,0,2,1,NA,NA,8.50539786330014,-465,NA,NA,407,430,0,0,2,"",418.5
"ENSG00000178573","MAF",0,0,4,1,NA,NA,8.6576540884252,-479.5,NA,NA,397,440,0,0,2,"",418.5
"ENSG00000124766","SOX4",0,0,1,1,NA,NA,8.24212129104752,-448,NA,NA,425,413,0,0,2,"",419
"ENSG00000240972","MIF",0,0,1,0,NA,NA,8.48158124863748,NA,NA,NA,419,NA,0,0,1,"",419
"ENSG00000174718","RESF1",0,0,0,1,NA,NA,NA,-455,NA,NA,NA,419,0,0,1,"",419
"ENSG00000241685","ARPC1A",0,0,2,0,NA,NA,8.30384055269193,NA,NA,NA,419.5,NA,0,0,1,"",419.5
"ENSG00000266472","MRPS21",0,0,0,1,NA,NA,NA,-455.5,NA,NA,NA,420,0,0,1,"",420
"ENSG00000119729","RHOQ",2,2,0,0,0.0259187047925966,0.0174276179792707,NA,NA,402.5,438,NA,NA,0,0,2,"",420.25
"ENSG00000150938","CRIM1",1,0,0,0,0.0244752375639232,NA,NA,NA,421,NA,NA,NA,0,0,1,"",421
"ENSG00000122176","FMOD",1,1,1,1,0.0233385215318145,0.0221716214779315,8.45109644700355,-508.5,417,402,393,473,0,0,4,"",421.25
"ENSG00000116774","OLFML3",1,1,2,0,0.0282958693014412,0.0264290388056174,8.6431966663814,NA,453,427,384,NA,0,0,3,"",421.333333333333
"ENSG00000108679","LGALS3BP",0,0,1,3,NA,NA,8.1089968172265,-415.833333333333,NA,NA,458,384.666666666667,0,0,2,"",421.333333333333
"ENSG00000130731","METTL26",1,1,0,0,0.0308520953281939,0.0286447073829038,NA,NA,435,408,NA,NA,0,0,2,"",421.5
"ENSG00000116350","SRSF4",1,1,0,0,0.0239998790908941,0.019272577098175,NA,NA,426,418,NA,NA,0,0,2,"",422
"ENSG00000182774","RPS17",1,1,0,0,0.021208346766997,0.0221413114018125,NA,NA,440,404,NA,NA,0,0,2,"",422
"ENSG00000134318","ROCK2",3,3,0,0,0.0267904714572221,0.0210955139248433,NA,NA,418.333333333333,426,NA,NA,0,0,2,"",422.166666666667
"ENSG00000125870","SNRPB2",2,3,0,0,0.02764700649363,0.0226987436822641,NA,NA,423.5,421,NA,NA,0,0,2,"",422.25
"ENSG00000167601","AXL",0,0,1,4,NA,NA,7.91980873239585,-399.75,NA,NA,476,368.75,0,0,2,"",422.375
"ENSG00000013374","NUB1",1,1,0,0,0.0230106148497916,0.0194242875934725,NA,NA,429,416,NA,NA,0,0,2,"",422.5
"ENSG00000118418","HMGN3",0,0,0,2,NA,NA,NA,-461,NA,NA,NA,422.5,0,0,1,"",422.5
"ENSG00000166333","ILK",3,1,0,0,0.0290661607852489,0.0298410856574559,NA,NA,454.333333333333,391,NA,NA,0,0,2,"",422.666666666667
"ENSG00000072778","ACADVL",2,2,0,1,0.021324610679882,0.0197797415600073,NA,-439.5,446.5,419.5,NA,403,0,0,3,"",423
"ENSG00000164442","CITED2",2,2,0,0,0.0260401516129668,0.0236431626408577,NA,NA,431.5,414.5,NA,NA,0,0,2,"",423
"ENSG00000198900","TOP1",0,0,0,1,NA,NA,NA,-460.5,NA,NA,NA,423,0,0,1,"",423
"ENSG00000167515","TRAPPC2L",2,3,0,0,0.0257493842879006,0.0219822383112341,NA,NA,427.5,419.666666666667,NA,NA,0,0,2,"",423.583333333333
"ENSG00000108055","SMC3",2,4,0,0,0.027126167371399,0.0230783419860046,NA,NA,420,427.75,NA,NA,0,0,2,"",423.875
"ENSG00000060762","MPC1",3,4,0,0,0.0255854868401967,0.0213712988121061,NA,NA,428.333333333333,420.5,NA,NA,0,0,2,"",424.416666666667
"ENSG00000107581","EIF3A",1,1,0,0,0.0221832482817257,0.0197143537354986,NA,NA,439,410,NA,NA,0,0,2,"",424.5
"ENSG00000176973","FAM89B",1,1,0,1,0.0234428566552747,0.0239679600082137,NA,-520.5,413,388,NA,473,0,0,3,"",424.666666666667
"ENSG00000136240","KDELR2",3,3,0,1,0.0276549177575764,0.0270326339611178,NA,-493.5,420,393.333333333333,NA,461,0,0,3,"",424.777777777778
"ENSG00000092010","PSME1",2,2,1,1,0.0277735354196228,0.0263343414964317,7.99616834399425,-472,420,392.5,451,436,0,0,4,"",424.875
"ENSG00000189067","LITAF",0,0,1,1,NA,NA,8.24559914314874,-449,NA,NA,436,414,0,0,2,"",425
"ENSG00000183291","SELENOF",2,3,0,0,0.0233439905290645,0.0233212849725823,NA,NA,428,423.666666666667,NA,NA,0,0,2,"",425.833333333333
"ENSG00000104852","SNRNP70",1,1,0,0,0.0220862048229647,0.0195400868199771,NA,NA,440,412,NA,NA,0,0,2,"",426
"ENSG00000011454","RABGAP1",3,3,0,0,0.0252497126972929,0.0264750111711708,NA,NA,450.666666666667,402.333333333333,NA,NA,0,0,2,"",426.5
"ENSG00000138448","ITGAV",1,1,0,0,0.0208234719680338,0.0213777950709809,NA,NA,443,410,NA,NA,0,0,2,"",426.5
"ENSG00000100603","SNW1",1,3,0,1,0.0243033498795974,0.0249045186421583,NA,-494.5,402,419.333333333333,NA,460,0,0,3,"",427.111111111111
"ENSG00000011638","LDAF1",3,3,0,1,0.0266763369374961,0.0250371535912333,NA,-518.5,413.666666666667,394,NA,475,0,0,3,"",427.555555555556
"ENSG00000099204","ABLIM1",1,2,3,1,0.0284186468951068,0.0233825881066591,8.22166310039268,-523.5,377,418,437.333333333333,480,0,0,4,"",428.083333333333
"ENSG00000176658","MYO1D",2,2,0,0,0.0214958258278738,0.0207219854396328,NA,NA,444.5,412.5,NA,NA,0,0,2,"",428.5
"ENSG00000153147","SMARCA5",1,1,0,1,0.0233175032184052,0.0200671577662235,NA,-495.5,427,408,NA,454,0,0,3,"",429.666666666667
"ENSG00000177971","IMP3",2,2,0,0,0.0306831313233504,0.028980648902982,NA,NA,444,416,NA,NA,0,0,2,"",430
"ENSG00000181904","C5orf24",1,1,0,0,0.0223959791611529,0.0189626265919537,NA,NA,438,422,NA,NA,0,0,2,"",430
"ENSG00000222041","CYTOR",0,0,0,1,NA,NA,NA,-468.5,NA,NA,NA,430,0,0,1,"",430
"ENSG00000184990","SIVA1",2,3,0,2,0.0289738565491605,0.0221004291180341,NA,-477.25,420,432.666666666667,NA,438.5,0,0,3,"",430.388888888889
"ENSG00000168374","ARF4",2,3,0,0,0.0259811044218298,0.0242068237784463,NA,NA,425,436,NA,NA,0,0,2,"",430.5
"ENSG00000106538","RARRES2",0,0,2,1,NA,NA,8.11661764403605,-449,NA,NA,447,414,0,0,2,"",430.5
"ENSG00000164104","HMGB2",1,1,0,4,0.0270686721731504,0.0259031167492347,NA,-418.25,472,434,NA,386.5,0,0,3,"",430.833333333333
"ENSG00000173486","FKBP2",0,0,1,0,NA,NA,8.69742862447531,NA,NA,NA,431,NA,0,0,1,"",431
"ENSG00000143753","DEGS1",1,4,0,0,0.0252985643042559,0.0210549083416797,NA,NA,416,447,NA,NA,0,0,2,"",431.5
"ENSG00000018408","WWTR1",1,0,0,0,0.0226799568495806,NA,NA,NA,432,NA,NA,NA,0,0,1,"",432
"ENSG00000204387","SNHG32",0,0,0,3,NA,NA,NA,-469.666666666667,NA,NA,NA,432,0,0,1,"",432
"ENSG00000144674","GOLGA4",1,2,0,0,0.023226571784738,0.0240883543188274,NA,NA,438,426.5,NA,NA,0,0,2,"",432.25
"ENSG00000166337","TAF10",2,1,0,0,0.0245436931061951,0.0204751218192249,NA,NA,446,419,NA,NA,0,0,2,"",432.5
"ENSG00000180353","HCLS1",1,0,0,1,0.0333124412273772,NA,NA,-472.5,428,NA,NA,437,0,0,2,"",432.5
"ENSG00000128016","ZFP36",0,0,2,0,NA,NA,8.47299682704559,NA,NA,NA,433,NA,0,0,1,"",433
"ENSG00000143013","LMO4",2,1,3,3,0.029474200061644,0.026620226064341,7.94584339959831,-406.833333333333,460,426,470.333333333333,376.333333333333,0,0,4,"",433.166666666667
"ENSG00000125835","SNRPB",1,1,0,0,0.021801879360217,0.0189600403816921,NA,NA,444,423,NA,NA,0,0,2,"",433.5
"ENSG00000170540","ARL6IP1",0,0,3,0,NA,NA,8.33340087458951,NA,NA,NA,433.666666666667,NA,0,0,1,"",433.666666666667
"ENSG00000128245","YWHAH",1,0,3,3,0.0320138334842881,NA,8.61778309478445,-486.5,445,NA,407.333333333333,449,0,0,3,"",433.777777777778
"ENSG00000086061","DNAJA1",1,0,0,0,0.0309038482733065,NA,NA,NA,434,NA,NA,NA,0,0,1,"",434
"ENSG00000008282","SYPL1",1,1,0,0,0.0219404447241528,0.0195449880217536,NA,NA,453,416,NA,NA,0,0,2,"",434.5
"ENSG00000143384","MCL1",1,2,0,0,0.0332243115236931,0.0231636795328896,NA,NA,429,440,NA,NA,0,0,2,"",434.5
"ENSG00000169604","ANTXR1",1,1,0,0,0.0212434073798875,0.0204801233904075,NA,NA,460,410,NA,NA,0,0,2,"",435
"ENSG00000116741","RGS2",1,1,1,4,0.0271810219276895,0.0226688305526234,8.34951662060901,-413.375,470,465,427,379.75,0,0,4,"",435.4375
"ENSG00000124570","SERPINB6",2,2,0,0,0.0210826163273115,0.0188499517612996,NA,NA,448.5,423.5,NA,NA,0,0,2,"",436
"ENSG00000086598","TMED2",0,0,0,1,NA,NA,NA,-468.5,NA,NA,NA,436,0,0,1,"",436
"ENSG00000165410","CFL2",0,0,0,1,NA,NA,NA,-468.5,NA,NA,NA,436,0,0,1,"",436
"ENSG00000111666","CHPT1",2,1,2,0,0.026305706138426,0.0257978834786068,8.23866255870344,NA,438.5,435,436.5,NA,0,0,3,"",436.666666666667
"ENSG00000144642","RBMS3",0,0,0,1,NA,NA,NA,-471,NA,NA,NA,437,0,0,1,"",437
"ENSG00000087074","PPP1R15A",0,0,3,1,NA,NA,8.71637675029874,-514.5,NA,NA,396.666666666667,478,0,0,2,"",437.333333333333
"ENSG00000122565","CBX3",2,2,0,0,0.0259178097156648,0.0243238825129036,NA,NA,447,428,NA,NA,0,0,2,"",437.5
"ENSG00000107863","ARHGAP21",1,1,0,0,0.0220475011056364,0.0185038172169953,NA,NA,449,427,NA,NA,0,0,2,"",438
"ENSG00000131016","AKAP12",0,1,0,0,NA,0.0181094962351088,NA,NA,NA,438,NA,NA,0,0,1,"",438
"ENSG00000074842","MYDGF",0,0,2,0,NA,NA,8.44433513417589,NA,NA,NA,438.5,NA,0,0,1,"",438.5
"ENSG00000077232","DNAJC10",1,2,0,0,0.0225025878406237,0.020412825659761,NA,NA,435,442.5,NA,NA,0,0,2,"",438.75
"ENSG00000125991","ERGIC3",1,2,0,0,0.0204075254968652,0.0228462991403081,NA,NA,448,429.5,NA,NA,0,0,2,"",438.75
"ENSG00000196628","TCF4",0,0,3,1,NA,NA,8.5036655246027,-520.5,NA,NA,401,477,0,0,2,"",439
"ENSG00000168056","LTBP3",0,0,0,1,NA,NA,NA,-477,NA,NA,NA,439,0,0,1,"",439
"ENSG00000071859","FAM50A",1,2,0,0,0.0209047709529484,0.017657546395253,NA,NA,442,437,NA,NA,0,0,2,"",439.5
"ENSG00000078674","PCM1",2,3,0,0,0.0303816681549905,0.0245678640755187,NA,NA,446.5,433.333333333333,NA,NA,0,0,2,"",439.916666666667
"ENSG00000085719","CPNE3",2,3,0,1,0.0255646116825112,0.0202592437771889,NA,-483.5,443,436,NA,444,0,0,3,"",441
"ENSG00000117691","NENF",0,1,0,0,NA,0.016896944238971,NA,NA,NA,441,NA,NA,0,0,1,"",441
"ENSG00000004534","RBM6",1,1,0,0,0.0271462996218984,0.0251150590760061,NA,NA,451,433,NA,NA,0,0,2,"",442
"ENSG00000168066","SF1",1,1,0,0,0.0209659256806326,0.0182549268862149,NA,NA,456,428,NA,NA,0,0,2,"",442
"ENSG00000131966","ACTR10",1,1,0,0,0.0192986168178288,0.0193032678480688,NA,NA,455,430,NA,NA,0,0,2,"",442.5
"ENSG00000214063","TSPAN4",0,0,3,0,NA,NA,8.1402705288362,NA,NA,NA,442.666666666667,NA,0,0,1,"",442.666666666667
"ENSG00000133789","SWAP70",1,0,0,0,0.0291812003761865,NA,NA,NA,443,NA,NA,NA,0,0,1,"",443
"ENSG00000070087","PFN2",1,1,0,0,0.0201875695294453,0.0189981548693267,NA,NA,467,421,NA,NA,0,0,2,"",444
"ENSG00000107738","VSIR",0,0,1,0,NA,NA,8.59377138574936,NA,NA,NA,444,NA,0,0,1,"",444
"ENSG00000113594","LIFR",3,0,0,1,0.0259398466895319,NA,NA,-501,426,NA,NA,463,0,0,2,"",444.5
"ENSG00000178035","IMPDH2",1,2,0,0,0.019892315991273,0.0217361477763862,NA,NA,453,436.5,NA,NA,0,0,2,"",444.75
"ENSG00000141759","TXNL4A",1,1,0,2,0.0271013513137809,0.0259790021200648,NA,-472.5,471,433,NA,431,0,0,3,"",445
"ENSG00000144747","TMF1",0,1,0,0,NA,0.0272946515499703,NA,NA,NA,445,NA,NA,0,0,1,"",445
"ENSG00000176845","METRNL",0,0,1,0,NA,NA,8.55223491247993,NA,NA,NA,445,NA,0,0,1,"",445
"ENSG00000168894","RNF181",0,0,0,1,NA,NA,NA,-484,NA,NA,NA,445,0,0,1,"",445
"ENSG00000148908","RGS10",1,0,0,1,0.0302080322653064,NA,NA,-470,460,NA,NA,432,0,0,2,"",446
"ENSG00000091039","OSBPL8",0,0,0,2,NA,NA,NA,-484.25,NA,NA,NA,446.5,0,0,1,"",446.5
"ENSG00000160213","CSTB",0,0,2,1,NA,NA,8.18297809320282,-463.5,NA,NA,465.5,428,0,0,2,"",446.75
"ENSG00000173821","RNF213",1,1,0,0,0.0188880252703641,0.0182089475483866,NA,NA,457,437,NA,NA,0,0,2,"",447
"ENSG00000184584","STING1",1,0,0,0,0.0220667270893366,NA,NA,NA,448,NA,NA,NA,0,0,1,"",448
"ENSG00000074071","MRPS34",0,1,0,0,NA,0.0170751204079889,NA,NA,NA,448,NA,NA,0,0,1,"",448
"ENSG00000171659","GPR34",0,0,1,0,NA,NA,8.52695982263492,NA,NA,NA,448,NA,0,0,1,"",448
"ENSG00000198355","PIM3",0,0,1,0,NA,NA,8.1010125634796,NA,NA,NA,448,NA,0,0,1,"",448
"ENSG00000263001","GTF2I",2,2,0,0,0.022231085004035,0.0217243726879569,NA,NA,461,435.5,NA,NA,0,0,2,"",448.25
"ENSG00000136758","YME1L1",0,0,0,1,NA,NA,NA,-481.5,NA,NA,NA,449,0,0,1,"",449
"ENSG00000172301","COPRS",0,0,2,0,NA,NA,8.15815915833979,NA,NA,NA,449.5,NA,0,0,1,"",449.5
"ENSG00000187498","COL4A1",0,0,0,2,NA,NA,NA,-492.25,NA,NA,NA,450.5,0,0,1,"",450.5
"ENSG00000196843","ARID5A",1,1,0,1,0.0186689522548651,0.0179025710616099,NA,-486,460,440,NA,452,0,0,3,"",450.666666666667
"ENSG00000114125","RNF7",2,2,0,0,0.0225384139569055,0.021408360833163,NA,NA,462,439.5,NA,NA,0,0,2,"",450.75
"ENSG00000105373","NOP53",0,1,0,2,NA,0.0158533155852362,NA,-484.25,NA,454,NA,447.5,0,0,2,"",450.75
"ENSG00000090013","BLVRB",0,0,1,4,NA,NA,7.89934296259058,-473.75,NA,NA,465,436.5,0,0,2,"",450.75
"ENSG00000184840","TMED9",0,1,3,0,NA,0.0204982716007487,8.53211468061341,NA,NA,478,424.666666666667,NA,0,0,2,"",451.333333333333
"ENSG00000196352","CD55",0,0,0,2,NA,NA,NA,-491.75,NA,NA,NA,451.5,0,0,1,"",451.5
"ENSG00000138071","ACTR2",0,1,0,0,NA,0.0237625859506617,NA,NA,NA,452,NA,NA,0,0,1,"",452
"ENSG00000103994","ZNF106",1,1,0,0,0.0275041744289848,0.0256722665773642,NA,NA,467,438,NA,NA,0,0,2,"",452.5
"ENSG00000242247","ARFGAP3",1,1,0,0,0.0175313660680924,0.0182748400153744,NA,NA,469,436,NA,NA,0,0,2,"",452.5
"ENSG00000138398","PPIG",0,0,0,2,NA,NA,NA,-489.75,NA,NA,NA,452.5,0,0,1,"",452.5
"ENSG00000175602","CCDC85B",0,0,1,1,NA,NA,8.24929024805367,-469,NA,NA,475,431,0,0,2,"",453
"ENSG00000177410","ZFAS1",1,1,0,2,0.0170575993868729,0.0171547087981579,NA,-471.25,477,447,NA,438.5,0,0,3,"",454.166666666667
"ENSG00000084733","RAB10",1,1,0,0,0.0317266126110759,0.0261540733463931,NA,NA,448,461,NA,NA,0,0,2,"",454.5
"ENSG00000174891","RSRC1",2,3,0,0,0.0250522059888458,0.0209947331538673,NA,NA,465.5,443.666666666667,NA,NA,0,0,2,"",454.583333333333
"ENSG00000102189","EEA1",1,1,0,0,0.0269344370588309,0.0257460734339403,NA,NA,475,436,NA,NA,0,0,2,"",455.5
"ENSG00000135047","CTSL",1,3,0,1,0.0180370745973782,0.0147895855040097,NA,-479,466,467.333333333333,NA,434,0,0,3,"",455.777777777778
"ENSG00000204569","PPP1R10",1,2,0,0,0.0184188415007385,0.0170103881828425,NA,NA,461,451,NA,NA,0,0,2,"",456
"ENSG00000164741","DLC1",0,0,0,4,NA,NA,NA,-496.375,NA,NA,NA,457,0,0,1,"",457
"ENSG00000269821","KCNQ1OT1",0,1,4,0,NA,0.0155108950069087,8.2593336023739,NA,NA,469,445.25,NA,0,0,2,"",457.125
"ENSG00000105254","TBCB",2,2,0,0,0.0214608310485489,0.0205951388814569,NA,NA,471.5,445.5,NA,NA,0,0,2,"",458.5
"ENSG00000035403","VCL",2,2,1,0,0.024036632855615,0.0199884591286661,8.44063212712702,NA,465,454.5,457,NA,0,0,3,"",458.833333333333
"ENSG00000220205","VAMP2",0,1,0,0,NA,0.0149320880754327,NA,NA,NA,459,NA,NA,0,0,1,"",459
"ENSG00000111678","C12orf57",0,0,1,1,NA,NA,7.9522594635006,-499,NA,NA,457,461,0,0,2,"",459
"ENSG00000115306","SPTBN1",0,0,1,0,NA,NA,8.0922950073018,NA,NA,NA,459,NA,0,0,1,"",459
"ENSG00000123983","ACSL3",1,1,0,0,0.0193598518430285,0.0165739981295545,NA,NA,474,446,NA,NA,0,0,2,"",460
"ENSG00000136279","DBNL",0,1,0,0,NA,0.0220085925805038,NA,NA,NA,460,NA,NA,0,0,1,"",460
"ENSG00000167397","VKORC1",0,0,0,2,NA,NA,NA,-494.75,NA,NA,NA,460.5,0,0,1,"",460.5
"ENSG00000106052","TAX1BP1",0,2,0,0,NA,0.0239830438139185,NA,NA,NA,461,NA,NA,0,0,1,"",461
"ENSG00000148834","GSTO1",0,1,0,0,NA,0.023120944554974,NA,NA,NA,461,NA,NA,0,0,1,"",461
"ENSG00000013583","HEBP1",1,1,0,0,0.0276608681861757,0.0232928709778716,NA,NA,465,458,NA,NA,0,0,2,"",461.5
"ENSG00000114857","NKTR",1,1,0,0,0.0172502889348321,0.0170393833761046,NA,NA,473,450,NA,NA,0,0,2,"",461.5
"ENSG00000239672","NME1",0,1,0,0,NA,0.026137823551307,NA,NA,NA,462,NA,NA,0,0,1,"",462
"ENSG00000011405","PIK3C2A",0,0,1,0,NA,NA,7.92453981059152,NA,NA,NA,462,NA,0,0,1,"",462
"ENSG00000182208","MOB2",1,1,0,0,0.0269573634221582,0.0238547732615867,NA,NA,474,451,NA,NA,0,0,2,"",462.5
"ENSG00000205544","TMEM256",1,1,0,0,0.0197633668670038,0.0166473463770383,NA,NA,474,452,NA,NA,0,0,2,"",463
"ENSG00000145337","PYURF",0,1,0,0,NA,0.0158870591388156,NA,NA,NA,463,NA,NA,0,0,1,"",463
"ENSG00000120742","SERP1",0,0,2,0,NA,NA,8.02666640662436,NA,NA,NA,463.5,NA,0,0,1,"",463.5
"ENSG00000071127","WDR1",0,1,0,0,NA,0.0214474285876472,NA,NA,NA,465,NA,NA,0,0,1,"",465
"ENSG00000156642","NPTN",0,1,0,0,NA,0.013898117385312,NA,NA,NA,465,NA,NA,0,0,1,"",465
"ENSG00000168701","TMEM208",0,1,0,0,NA,0.015797766331794,NA,NA,NA,465,NA,NA,0,0,1,"",465
"ENSG00000091317","CMTM6",0,1,0,0,NA,0.0157995479572604,NA,NA,NA,466,NA,NA,0,0,1,"",466
"ENSG00000100911","PSME2",0,1,0,0,NA,0.0138973841236533,NA,NA,NA,466,NA,NA,0,0,1,"",466
"ENSG00000126653","NSRP1",0,1,0,2,NA,0.0137173063949056,NA,-503,NA,468,NA,464.5,0,0,2,"",466.25
"ENSG00000166226","CCT2",1,1,0,1,0.0171508853184834,0.0166998456769185,NA,-512.5,474,455,NA,470,0,0,3,"",466.333333333333
"ENSG00000184752","NDUFA12",1,1,0,0,0.0171242319264453,0.0165641428654316,NA,NA,476,457,NA,NA,0,0,2,"",466.5
"ENSG00000124767","GLO1",0,1,0,0,NA,0.022413946158016,NA,NA,NA,467,NA,NA,0,0,1,"",467
"ENSG00000173418","NAA20",0,1,0,0,NA,0.021422273238146,NA,NA,NA,467,NA,NA,0,0,1,"",467
"ENSG00000163660","CCNL1",0,0,1,0,NA,NA,7.91077845501712,NA,NA,NA,467,NA,0,0,1,"",467
"ENSG00000177105","RHOG",0,0,1,0,NA,NA,7.98608473659689,NA,NA,NA,468,NA,0,0,1,"",468
"ENSG00000204256","BRD2",0,0,1,0,NA,NA,7.87584996419313,NA,NA,NA,468,NA,0,0,1,"",468
"ENSG00000165507","DEPP1",0,0,0,1,NA,NA,NA,-502.5,NA,NA,NA,468,0,0,1,"",468
"ENSG00000166275","BORCS7",0,1,0,0,NA,0.0135353679025818,NA,NA,NA,469,NA,NA,0,0,1,"",469
"ENSG00000099624","ATP5F1D",0,0,0,1,NA,NA,NA,-508,NA,NA,NA,469,0,0,1,"",469
"ENSG00000077147","TM9SF3",0,1,0,0,NA,0.0213366915586553,NA,NA,NA,470,NA,NA,0,0,1,"",470
"ENSG00000150977","RILPL2",0,1,0,0,NA,0.0133874207066739,NA,NA,NA,470,NA,NA,0,0,1,"",470
"ENSG00000163110","PDLIM5",0,1,1,0,NA,0.0137713177057343,7.85869236299193,NA,NA,467,474,NA,0,0,2,"",470.5
"ENSG00000171105","INSR",0,1,0,0,NA,0.0153186292443158,NA,NA,NA,471,NA,NA,0,0,1,"",471
"ENSG00000139112","GABARAPL1",0,0,1,0,NA,NA,7.95680622375571,NA,NA,NA,471,NA,0,0,1,"",471
"ENSG00000164105","SAP30",0,0,1,0,NA,NA,7.92799802629098,NA,NA,NA,471,NA,0,0,1,"",471
"ENSG00000105971","CAV2",0,0,0,1,NA,NA,NA,-513.5,NA,NA,NA,471,0,0,1,"",471
"ENSG00000141756","FKBP10",1,1,0,0,0.0190884544521435,0.0141721100752434,NA,NA,479,464,NA,NA,0,0,2,"",471.5
"ENSG00000143570","SLC39A1",1,0,0,0,0.0172555738856921,NA,NA,NA,472,NA,NA,NA,0,0,1,"",472
"ENSG00000091164","TXNL1",0,1,0,0,NA,0.014609418975254,NA,NA,NA,472,NA,NA,0,0,1,"",472
"ENSG00000091527","CDV3",0,1,0,0,NA,0.0249258393305869,NA,NA,NA,472,NA,NA,0,0,1,"",472
"ENSG00000102317","RBM3",0,1,0,0,NA,0.0153008967283458,NA,NA,NA,472,NA,NA,0,0,1,"",472
"ENSG00000159377","PSMB4",0,1,0,0,NA,0.021654375962037,NA,NA,NA,472,NA,NA,0,0,1,"",472
"ENSG00000203667","COX20",0,1,0,0,NA,0.0211168374618,NA,NA,NA,472,NA,NA,0,0,1,"",472
"ENSG00000179820","MYADM",1,1,0,0,0.0251210291434339,0.0208569824997345,NA,NA,471,474,NA,NA,0,0,2,"",472.5
"ENSG00000127990","SGCE",0,2,0,0,NA,0.017530555549063,NA,NA,NA,473,NA,NA,0,0,1,"",473
"ENSG00000163754","GYG1",0,1,0,0,NA,0.0152981861051253,NA,NA,NA,473,NA,NA,0,0,1,"",473
"ENSG00000139679","LPAR6",0,0,1,0,NA,NA,7.86114719698436,NA,NA,NA,473,NA,0,0,1,"",473
"ENSG00000187239","FNBP1",0,1,0,0,NA,0.0144764332293018,NA,NA,NA,474,NA,NA,0,0,1,"",474
"ENSG00000131238","PPT1",0,0,1,0,NA,NA,7.91306325571298,NA,NA,NA,474,NA,0,0,1,"",474
"ENSG00000154589","LY96",0,0,1,0,NA,NA,7.83410984399548,NA,NA,NA,474,NA,0,0,1,"",474
"ENSG00000184432","COPB2",0,1,0,1,NA,0.0144447278293111,NA,-518,NA,475,NA,475,0,0,2,"",475
"ENSG00000127445","PIN1",0,1,0,0,NA,0.0207654458803192,NA,NA,NA,476,NA,NA,0,0,1,"",476
"ENSG00000168140","VASN",0,1,0,0,NA,0.0142633259709322,NA,NA,NA,477,NA,NA,0,0,1,"",477
"ENSG00000119326","CTNNAL1",0,0,0,1,NA,NA,NA,-525,NA,NA,NA,477,0,0,1,"",477
"ENSG00000117151","CTBS",0,1,0,0,NA,0.0128142778231641,NA,NA,NA,478,NA,NA,0,0,1,"",478
"ENSG00000109906","ZBTB16",0,0,0,1,NA,NA,NA,-528,NA,NA,NA,478,0,0,1,"",478
"ENSG00000196199","MPHOSPH8",0,0,0,1,NA,NA,NA,-521.5,NA,NA,NA,478,0,0,1,"",478
"ENSG00000128951","DUT",0,1,0,0,NA,0.0143950038173646,NA,NA,NA,479,NA,NA,0,0,1,"",479
"ENSG00000179912","R3HDM2",0,1,0,0,NA,0.0212711500488833,NA,NA,NA,479,NA,NA,0,0,1,"",479
"ENSG00000109113","RAB34",0,0,1,0,NA,NA,8.22669772587927,NA,NA,NA,479,NA,0,0,1,"",479
"ENSG00000070961","ATP2B1",0,0,0,1,NA,NA,NA,-523,NA,NA,NA,479,0,0,1,"",479
"ENSG00000114331","ACAP2",0,0,0,1,NA,NA,NA,-524,NA,NA,NA,479,0,0,1,"",479
"ENSG00000079785","DDX1",0,1,0,0,NA,0.0126283713217886,NA,NA,NA,480,NA,NA,0,0,1,"",480
"ENSG00000108468","CBX1",0,1,0,0,NA,0.0143686641137869,NA,NA,NA,480,NA,NA,0,0,1,"",480
"ENSG00000146066","HIGD2A",0,1,0,0,NA,0.020238236494353,NA,NA,NA,480,NA,NA,0,0,1,"",480
"ENSG00000134046","MBD2",0,0,0,1,NA,NA,NA,-522,NA,NA,NA,480,0,0,1,"",480
