"gene","held_out_donor","model","cell_type","mean_abs_SHAP","hgnc_symbol"
"ENSG00000000971","patient3","XGBoost_SHAP","all",0.0119491204872246,"CFH"
"ENSG00000000971","patient4","XGBoost_SHAP","all",0.0143979336917255,"CFH"
"ENSG00000000971","patient1","XGBoost_SHAP","all",0.015036645700612,"CFH"
"ENSG00000000971","patient2","XGBoost_SHAP","all",0.011151254523637,"CFH"
"ENSG00000000971","patient5","XGBoost_SHAP","all",0.00755723117072932,"CFH"
"ENSG00000000971","patient6","XGBoost_SHAP","all",0.0061160483432129,"CFH"
"ENSG00000002330","patient3","XGBoost_SHAP","all",0.00334920248542035,"BAD"
"ENSG00000002330","patient4","XGBoost_SHAP","all",0.00312542992728291,"BAD"
"ENSG00000002330","patient1","XGBoost_SHAP","all",0.00172891484168361,"BAD"
"ENSG00000002330","patient6","XGBoost_SHAP","all",0.00675438896071723,"BAD"
"ENSG00000002330","patient2","XGBoost_SHAP","all",0.00295520443135203,"BAD"
"ENSG00000002330","patient5","XGBoost_SHAP","all",0.00579322608488074,"BAD"
"ENSG00000002549","patient2","XGBoost_SHAP","all",0.0185506792439095,"LAP3"
"ENSG00000002549","patient4","XGBoost_SHAP","all",0.0102284377710281,"LAP3"
"ENSG00000002549","patient1","XGBoost_SHAP","all",0.0100215491823746,"LAP3"
"ENSG00000002549","patient5","XGBoost_SHAP","all",0.019599360034074,"LAP3"
"ENSG00000002549","patient6","XGBoost_SHAP","all",0.0174539371105109,"LAP3"
"ENSG00000002549","patient3","XGBoost_SHAP","all",0.00781368456597317,"LAP3"
"ENSG00000002933","patient3","XGBoost_SHAP","all",0.00534894212000425,"TMEM176A"
"ENSG00000002933","patient1","XGBoost_SHAP","all",0.00828606954152434,"TMEM176A"
"ENSG00000002933","patient2","XGBoost_SHAP","all",0.0050902307683108,"TMEM176A"
"ENSG00000002933","patient5","XGBoost_SHAP","all",0.00637815233048804,"TMEM176A"
"ENSG00000002933","patient4","XGBoost_SHAP","all",0.00647283974338316,"TMEM176A"
"ENSG00000002933","patient6","XGBoost_SHAP","all",0.00755791353480967,"TMEM176A"
"ENSG00000003056","patient4","XGBoost_SHAP","all",0.00201170787867523,"M6PR"
"ENSG00000003056","patient6","XGBoost_SHAP","all",0.00309092502580456,"M6PR"
"ENSG00000003056","patient3","XGBoost_SHAP","all",0.0012324669655521,"M6PR"
"ENSG00000003056","patient1","XGBoost_SHAP","all",0.000996613691096476,"M6PR"
"ENSG00000003056","patient2","XGBoost_SHAP","all",0.00167410423468506,"M6PR"
"ENSG00000003056","patient5","XGBoost_SHAP","all",0.0028190777298441,"M6PR"
"ENSG00000003402","patient3","XGBoost_SHAP","all",0.00713951934198938,"CFLAR"
"ENSG00000003402","patient1","XGBoost_SHAP","all",0.00461237611064152,"CFLAR"
"ENSG00000003402","patient5","XGBoost_SHAP","all",0.00551568344635383,"CFLAR"
"ENSG00000003402","patient4","XGBoost_SHAP","all",0.00718359811829091,"CFLAR"
"ENSG00000003402","patient6","XGBoost_SHAP","all",0.00495512814926174,"CFLAR"
"ENSG00000003402","patient2","XGBoost_SHAP","all",0.00428144451501911,"CFLAR"
"ENSG00000003436","patient2","XGBoost_SHAP","all",0.0488326718534872,"TFPI"
"ENSG00000003436","patient6","XGBoost_SHAP","all",0.0267606706883218,"TFPI"
"ENSG00000003436","patient3","XGBoost_SHAP","all",0.0333570016448092,"TFPI"
"ENSG00000003436","patient4","XGBoost_SHAP","all",0.0194030132683449,"TFPI"
"ENSG00000003436","patient5","XGBoost_SHAP","all",0.021848204295953,"TFPI"
"ENSG00000003436","patient1","XGBoost_SHAP","all",0.0255445530560758,"TFPI"
"ENSG00000004059","patient3","XGBoost_SHAP","all",0.00231925553987945,"ARF5"
"ENSG00000004059","patient4","XGBoost_SHAP","all",0.00149028614930353,"ARF5"
"ENSG00000004059","patient5","XGBoost_SHAP","all",0.00140598024704925,"ARF5"
"ENSG00000004059","patient2","XGBoost_SHAP","all",0.00113948862707308,"ARF5"
"ENSG00000004059","patient6","XGBoost_SHAP","all",0.00261054644728327,"ARF5"
"ENSG00000004059","patient1","XGBoost_SHAP","all",0.00181139734728398,"ARF5"
"ENSG00000004399","patient5","XGBoost_SHAP","all",0.00243607859349309,"PLXND1"
"ENSG00000004399","patient2","XGBoost_SHAP","all",0.00175551532403899,"PLXND1"
"ENSG00000004399","patient3","XGBoost_SHAP","all",0.00180011878733907,"PLXND1"
"ENSG00000004399","patient6","XGBoost_SHAP","all",0.0027079296896545,"PLXND1"
"ENSG00000004399","patient4","XGBoost_SHAP","all",0.00415863139260197,"PLXND1"
"ENSG00000004399","patient1","XGBoost_SHAP","all",0.00161484840124378,"PLXND1"
"ENSG00000004534","patient6","XGBoost_SHAP","all",0.00105288293701658,"RBM6"
"ENSG00000004534","patient1","XGBoost_SHAP","all",0.000872773756157297,"RBM6"
"ENSG00000004534","patient5","XGBoost_SHAP","all",0.00271047320241881,"RBM6"
"ENSG00000004534","patient2","XGBoost_SHAP","all",0.00317490936402821,"RBM6"
"ENSG00000004700","patient6","XGBoost_SHAP","all",0.00266028924682906,"RECQL"
"ENSG00000004700","patient5","XGBoost_SHAP","all",0.00165582149828942,"RECQL"
"ENSG00000004700","patient2","XGBoost_SHAP","all",0.00115869000458299,"RECQL"
"ENSG00000004700","patient1","XGBoost_SHAP","all",0.00148832511332938,"RECQL"
"ENSG00000004700","patient4","XGBoost_SHAP","all",0.00142185694399206,"RECQL"
"ENSG00000004700","patient3","XGBoost_SHAP","all",0.00127791738705733,"RECQL"
"ENSG00000004776","patient3","XGBoost_SHAP","all",0.00700098032070137,"HSPB6"
"ENSG00000004776","patient4","XGBoost_SHAP","all",0.0146909860057708,"HSPB6"
"ENSG00000004776","patient5","XGBoost_SHAP","all",0.0136379194817718,"HSPB6"
"ENSG00000004776","patient2","XGBoost_SHAP","all",0.00718438947450192,"HSPB6"
"ENSG00000004776","patient6","XGBoost_SHAP","all",0.00884901014756655,"HSPB6"
"ENSG00000004776","patient1","XGBoost_SHAP","all",0.0046040885114666,"HSPB6"
"ENSG00000004779","patient2","XGBoost_SHAP","all",0.00325972160524143,"NDUFAB1"
"ENSG00000004779","patient5","XGBoost_SHAP","all",0.00499396793794347,"NDUFAB1"
"ENSG00000004779","patient1","XGBoost_SHAP","all",0.00327159182706485,"NDUFAB1"
"ENSG00000004779","patient6","XGBoost_SHAP","all",0.00318866406737454,"NDUFAB1"
"ENSG00000004779","patient3","XGBoost_SHAP","all",0.00248736865596676,"NDUFAB1"
"ENSG00000004779","patient4","XGBoost_SHAP","all",0.00369267090801933,"NDUFAB1"
"ENSG00000004799","patient2","XGBoost_SHAP","all",0.00147558296640273,"PDK4"
"ENSG00000004799","patient4","XGBoost_SHAP","all",0.00128632292584676,"PDK4"
"ENSG00000004799","patient1","XGBoost_SHAP","all",0.000853470919817542,"PDK4"
"ENSG00000004799","patient6","XGBoost_SHAP","all",0.00140479715938275,"PDK4"
"ENSG00000004799","patient5","XGBoost_SHAP","all",0.00261538248494125,"PDK4"
"ENSG00000004799","patient3","XGBoost_SHAP","all",0.00178704536950986,"PDK4"
"ENSG00000005020","patient6","XGBoost_SHAP","all",0.00208471587771991,"SKAP2"
"ENSG00000005020","patient5","XGBoost_SHAP","all",0.00111458107638102,"SKAP2"
"ENSG00000005020","patient2","XGBoost_SHAP","all",0.00372333763418561,"SKAP2"
"ENSG00000005020","patient3","XGBoost_SHAP","all",0.00116876517429593,"SKAP2"
"ENSG00000005020","patient1","XGBoost_SHAP","all",0.00327606951649068,"SKAP2"
"ENSG00000005020","patient4","XGBoost_SHAP","all",0.0025963391844343,"SKAP2"
"ENSG00000005022","patient4","XGBoost_SHAP","all",0.00253347479949608,"SLC25A5"
"ENSG00000005022","patient6","XGBoost_SHAP","all",0.00461015421579464,"SLC25A5"
"ENSG00000005022","patient2","XGBoost_SHAP","all",0.0042695930218773,"SLC25A5"
"ENSG00000005022","patient3","XGBoost_SHAP","all",0.00652105287450858,"SLC25A5"
"ENSG00000005022","patient1","XGBoost_SHAP","all",0.00563150195244454,"SLC25A5"
"ENSG00000005022","patient5","XGBoost_SHAP","all",0.00372043731349664,"SLC25A5"
"ENSG00000005075","patient6","XGBoost_SHAP","all",0.00241382679765291,"POLR2J"
"ENSG00000005075","patient4","XGBoost_SHAP","all",0.00146620514071284,"POLR2J"
"ENSG00000005075","patient1","XGBoost_SHAP","all",0.00209270952343895,"POLR2J"
"ENSG00000005075","patient3","XGBoost_SHAP","all",0.00684385368759615,"POLR2J"
"ENSG00000005075","patient5","XGBoost_SHAP","all",0.00593406316296713,"POLR2J"
"ENSG00000005075","patient2","XGBoost_SHAP","all",0.00155080692228751,"POLR2J"
"ENSG00000005243","patient4","XGBoost_SHAP","all",0.00294506197976445,"COPZ2"
"ENSG00000005243","patient1","XGBoost_SHAP","all",0.00293020535109656,"COPZ2"
"ENSG00000005243","patient2","XGBoost_SHAP","all",0.00149800896026075,"COPZ2"
"ENSG00000005243","patient5","XGBoost_SHAP","all",0.00293346132508601,"COPZ2"
"ENSG00000005243","patient6","XGBoost_SHAP","all",0.0022204743638583,"COPZ2"
"ENSG00000005243","patient3","XGBoost_SHAP","all",0.00182777843157848,"COPZ2"
"ENSG00000005483","patient5","XGBoost_SHAP","all",0.00219422644971079,"KMT2E"
"ENSG00000005483","patient6","XGBoost_SHAP","all",0.00145104453043195,"KMT2E"
"ENSG00000005483","patient2","XGBoost_SHAP","all",0.00231275947806082,"KMT2E"
"ENSG00000005483","patient3","XGBoost_SHAP","all",0.00128438017123924,"KMT2E"
"ENSG00000005483","patient1","XGBoost_SHAP","all",0.00163444809682313,"KMT2E"
"ENSG00000005483","patient4","XGBoost_SHAP","all",0.000585271290695649,"KMT2E"
"ENSG00000005810","patient5","XGBoost_SHAP","all",0.0037025005725821,"MYCBP2"
"ENSG00000005810","patient6","XGBoost_SHAP","all",0.00858680446228313,"MYCBP2"
"ENSG00000005810","patient2","XGBoost_SHAP","all",0.00283211896764996,"MYCBP2"
"ENSG00000005810","patient1","XGBoost_SHAP","all",0.00190308911728059,"MYCBP2"
"ENSG00000005810","patient3","XGBoost_SHAP","all",0.00696852491990145,"MYCBP2"
"ENSG00000005810","patient4","XGBoost_SHAP","all",0.00479751707019258,"MYCBP2"
"ENSG00000005893","patient6","XGBoost_SHAP","all",0.00244230579284706,"LAMP2"
"ENSG00000005893","patient5","XGBoost_SHAP","all",0.00333261686676003,"LAMP2"
"ENSG00000005893","patient1","XGBoost_SHAP","all",0.00421253244437441,"LAMP2"
"ENSG00000005893","patient4","XGBoost_SHAP","all",0.0026204936260256,"LAMP2"
"ENSG00000005893","patient3","XGBoost_SHAP","all",0.00175805470372869,"LAMP2"
"ENSG00000005893","patient2","XGBoost_SHAP","all",0.00285337285329781,"LAMP2"
"ENSG00000006015","patient5","XGBoost_SHAP","all",0.00264182733280421,"REX1BD"
"ENSG00000006015","patient4","XGBoost_SHAP","all",0.00118559323743707,"REX1BD"
"ENSG00000006015","patient1","XGBoost_SHAP","all",0.00184421086542352,"REX1BD"
"ENSG00000006015","patient2","XGBoost_SHAP","all",0.00140337745840764,"REX1BD"
"ENSG00000006015","patient3","XGBoost_SHAP","all",0.00237199586280093,"REX1BD"
"ENSG00000006015","patient6","XGBoost_SHAP","all",0.00293174829220644,"REX1BD"
"ENSG00000006016","patient4","XGBoost_SHAP","all",0.00698160977337839,"CRLF1"
"ENSG00000006016","patient5","XGBoost_SHAP","all",0.0148875383789456,"CRLF1"
"ENSG00000006016","patient1","XGBoost_SHAP","all",0.00893001198401196,"CRLF1"
"ENSG00000006016","patient3","XGBoost_SHAP","all",0.0116449604432749,"CRLF1"
"ENSG00000006016","patient2","XGBoost_SHAP","all",0.0110307802017952,"CRLF1"
"ENSG00000006016","patient6","XGBoost_SHAP","all",0.0101509119641891,"CRLF1"
"ENSG00000006042","patient3","XGBoost_SHAP","all",0.0128182091799385,"TMEM98"
"ENSG00000006042","patient6","XGBoost_SHAP","all",0.00944113114495473,"TMEM98"
"ENSG00000006042","patient5","XGBoost_SHAP","all",0.0153303208475354,"TMEM98"
"ENSG00000006042","patient1","XGBoost_SHAP","all",0.00918715465462221,"TMEM98"
"ENSG00000006042","patient2","XGBoost_SHAP","all",0.0134898808808835,"TMEM98"
"ENSG00000006042","patient4","XGBoost_SHAP","all",0.0145754054164886,"TMEM98"
"ENSG00000006125","patient3","XGBoost_SHAP","all",0.00122737267133929,"AP2B1"
"ENSG00000006125","patient6","XGBoost_SHAP","all",0.00127362762542785,"AP2B1"
"ENSG00000006125","patient5","XGBoost_SHAP","all",0.00154679815103405,"AP2B1"
"ENSG00000006125","patient4","XGBoost_SHAP","all",0.0015234092125965,"AP2B1"
"ENSG00000006125","patient2","XGBoost_SHAP","all",0.0019122320832491,"AP2B1"
"ENSG00000006125","patient1","XGBoost_SHAP","all",0.00305147953800402,"AP2B1"
"ENSG00000006327","patient3","XGBoost_SHAP","all",0.00573041769243768,"TNFRSF12A"
"ENSG00000006327","patient2","XGBoost_SHAP","all",0.00279147336628807,"TNFRSF12A"
"ENSG00000006327","patient5","XGBoost_SHAP","all",0.00475647557951369,"TNFRSF12A"
"ENSG00000006327","patient6","XGBoost_SHAP","all",0.00286732060861076,"TNFRSF12A"
"ENSG00000006327","patient4","XGBoost_SHAP","all",0.00403720721933679,"TNFRSF12A"
"ENSG00000006327","patient1","XGBoost_SHAP","all",0.00364358244633565,"TNFRSF12A"
"ENSG00000006652","patient4","XGBoost_SHAP","all",0.00155384143909757,"IFRD1"
"ENSG00000007080","patient6","XGBoost_SHAP","all",0.00110871991545478,"CCDC124"
"ENSG00000007080","patient2","XGBoost_SHAP","all",0.00157196349972277,"CCDC124"
"ENSG00000007080","patient4","XGBoost_SHAP","all",0.0010925605754991,"CCDC124"
"ENSG00000007080","patient3","XGBoost_SHAP","all",0.000851692805690011,"CCDC124"
"ENSG00000007080","patient1","XGBoost_SHAP","all",0.000873739838922692,"CCDC124"
"ENSG00000007080","patient5","XGBoost_SHAP","all",0.00122611506256097,"CCDC124"
"ENSG00000007168","patient3","XGBoost_SHAP","all",0.00461377340328059,"PAFAH1B1"
"ENSG00000007168","patient5","XGBoost_SHAP","all",0.000768771882293802,"PAFAH1B1"
"ENSG00000007168","patient1","XGBoost_SHAP","all",0.00239903943704121,"PAFAH1B1"
"ENSG00000007168","patient2","XGBoost_SHAP","all",0.00140980025874889,"PAFAH1B1"
"ENSG00000007168","patient4","XGBoost_SHAP","all",0.00169037214385938,"PAFAH1B1"
"ENSG00000007168","patient6","XGBoost_SHAP","all",0.00374659524421988,"PAFAH1B1"
"ENSG00000008282","patient3","XGBoost_SHAP","all",0.00717809350636542,"SYPL1"
"ENSG00000008282","patient4","XGBoost_SHAP","all",0.00145686863402383,"SYPL1"
"ENSG00000008282","patient1","XGBoost_SHAP","all",0.00515083377947682,"SYPL1"
"ENSG00000008282","patient5","XGBoost_SHAP","all",0.00320162970824758,"SYPL1"
"ENSG00000008282","patient6","XGBoost_SHAP","all",0.00604102254547176,"SYPL1"
"ENSG00000008282","patient2","XGBoost_SHAP","all",0.013426961816837,"SYPL1"
"ENSG00000008294","patient1","XGBoost_SHAP","all",0.0024955235150956,"SPAG9"
"ENSG00000008294","patient6","XGBoost_SHAP","all",0.000969543238377788,"SPAG9"
"ENSG00000008294","patient2","XGBoost_SHAP","all",0.00109791009556893,"SPAG9"
"ENSG00000008294","patient4","XGBoost_SHAP","all",0.00151892559906749,"SPAG9"
"ENSG00000008294","patient3","XGBoost_SHAP","all",0.00130554500834876,"SPAG9"
"ENSG00000008294","patient5","XGBoost_SHAP","all",0.00111766165876408,"SPAG9"
"ENSG00000008394","patient1","XGBoost_SHAP","all",0.0443167268308733,"MGST1"
"ENSG00000008394","patient3","XGBoost_SHAP","all",0.0519279865666968,"MGST1"
"ENSG00000008394","patient6","XGBoost_SHAP","all",0.0446727776572315,"MGST1"
"ENSG00000008394","patient2","XGBoost_SHAP","all",0.0469002497120698,"MGST1"
"ENSG00000008394","patient5","XGBoost_SHAP","all",0.0516559313187904,"MGST1"
"ENSG00000008394","patient4","XGBoost_SHAP","all",0.0518412418355276,"MGST1"
"ENSG00000008441","patient6","XGBoost_SHAP","all",0.00328208798084412,"NFIX"
"ENSG00000008441","patient5","XGBoost_SHAP","all",0.00241674159496209,"NFIX"
"ENSG00000008441","patient2","XGBoost_SHAP","all",0.00392048239575207,"NFIX"
"ENSG00000008441","patient4","XGBoost_SHAP","all",0.00381473083190627,"NFIX"
"ENSG00000008441","patient1","XGBoost_SHAP","all",0.00245643123969299,"NFIX"
"ENSG00000008441","patient3","XGBoost_SHAP","all",0.00237554261796433,"NFIX"
"ENSG00000008517","patient5","XGBoost_SHAP","all",0.0115942835075509,"IL32"
"ENSG00000008517","patient6","XGBoost_SHAP","all",0.00971219624496181,"IL32"
"ENSG00000008517","patient3","XGBoost_SHAP","all",0.0086499577975193,"IL32"
"ENSG00000008517","patient2","XGBoost_SHAP","all",0.0102596641843883,"IL32"
"ENSG00000008517","patient1","XGBoost_SHAP","all",0.013696031024628,"IL32"
"ENSG00000008517","patient4","XGBoost_SHAP","all",0.00526874420490361,"IL32"
"ENSG00000009413","patient1","XGBoost_SHAP","all",0.00261162542458075,"REV3L"
"ENSG00000009413","patient2","XGBoost_SHAP","all",0.00108857301206567,"REV3L"
"ENSG00000009413","patient5","XGBoost_SHAP","all",0.00279163483208078,"REV3L"
"ENSG00000009413","patient6","XGBoost_SHAP","all",0.00163708612404658,"REV3L"
"ENSG00000009413","patient3","XGBoost_SHAP","all",0.00127249869826908,"REV3L"
"ENSG00000009413","patient4","XGBoost_SHAP","all",0.00270469481168162,"REV3L"
"ENSG00000010244","patient3","XGBoost_SHAP","all",0.00205637163944383,"ZNF207"
"ENSG00000010244","patient1","XGBoost_SHAP","all",0.00262364444902347,"ZNF207"
"ENSG00000010244","patient4","XGBoost_SHAP","all",0.00289333557352982,"ZNF207"
"ENSG00000010244","patient5","XGBoost_SHAP","all",0.00252390675151339,"ZNF207"
"ENSG00000010244","patient2","XGBoost_SHAP","all",0.00218108787031816,"ZNF207"
"ENSG00000010244","patient6","XGBoost_SHAP","all",0.00209441622637223,"ZNF207"
"ENSG00000010256","patient5","XGBoost_SHAP","all",0.00479407876183069,"UQCRC1"
"ENSG00000010256","patient2","XGBoost_SHAP","all",0.00255490371731502,"UQCRC1"
"ENSG00000010256","patient4","XGBoost_SHAP","all",0.00652814963375583,"UQCRC1"
"ENSG00000010256","patient6","XGBoost_SHAP","all",0.00804747541810557,"UQCRC1"
"ENSG00000010256","patient1","XGBoost_SHAP","all",0.00292990302711489,"UQCRC1"
"ENSG00000010278","patient6","XGBoost_SHAP","all",0.015906501165716,"CD9"
"ENSG00000010278","patient5","XGBoost_SHAP","all",0.0200575924959191,"CD9"
"ENSG00000010278","patient1","XGBoost_SHAP","all",0.0100325374771783,"CD9"
"ENSG00000010278","patient3","XGBoost_SHAP","all",0.0196854276304908,"CD9"
"ENSG00000010278","patient4","XGBoost_SHAP","all",0.0259507519484109,"CD9"
"ENSG00000010278","patient2","XGBoost_SHAP","all",0.0124288698034019,"CD9"
"ENSG00000010327","patient1","XGBoost_SHAP","all",0.00114391516136211,"STAB1"
"ENSG00000010327","patient4","XGBoost_SHAP","all",0.00184782986609326,"STAB1"
"ENSG00000010327","patient3","XGBoost_SHAP","all",0.00151965940916854,"STAB1"
"ENSG00000010327","patient5","XGBoost_SHAP","all",0.0014718045078959,"STAB1"
"ENSG00000010327","patient6","XGBoost_SHAP","all",0.00109820524448396,"STAB1"
"ENSG00000010327","patient2","XGBoost_SHAP","all",0.00148742578526181,"STAB1"
"ENSG00000010404","patient2","XGBoost_SHAP","all",0.00386947222624686,"IDS"
"ENSG00000010404","patient6","XGBoost_SHAP","all",0.00207106895317111,"IDS"
"ENSG00000010404","patient5","XGBoost_SHAP","all",0.00224926960043115,"IDS"
"ENSG00000010404","patient1","XGBoost_SHAP","all",0.00399370120964219,"IDS"
"ENSG00000010404","patient4","XGBoost_SHAP","all",0.00304990671546394,"IDS"
"ENSG00000010404","patient3","XGBoost_SHAP","all",0.00372209719711446,"IDS"
"ENSG00000011405","patient2","XGBoost_SHAP","all",0.0013105358794922,"PIK3C2A"
"ENSG00000011405","patient1","XGBoost_SHAP","all",0.00118931687011764,"PIK3C2A"
"ENSG00000011405","patient4","XGBoost_SHAP","all",0.000845742566538335,"PIK3C2A"
"ENSG00000011405","patient6","XGBoost_SHAP","all",0.00157982593948721,"PIK3C2A"
"ENSG00000011405","patient5","XGBoost_SHAP","all",0.00210258210601259,"PIK3C2A"
"ENSG00000011405","patient3","XGBoost_SHAP","all",0.00184863748614525,"PIK3C2A"
"ENSG00000011422","patient2","XGBoost_SHAP","all",0.0025242021752658,"PLAUR"
"ENSG00000011422","patient6","XGBoost_SHAP","all",0.00455246434117952,"PLAUR"
"ENSG00000011422","patient1","XGBoost_SHAP","all",0.00170289752227225,"PLAUR"
"ENSG00000011422","patient4","XGBoost_SHAP","all",0.00246992846623825,"PLAUR"
"ENSG00000011422","patient5","XGBoost_SHAP","all",0.00285688855111649,"PLAUR"
"ENSG00000011422","patient3","XGBoost_SHAP","all",0.0042012837212152,"PLAUR"
"ENSG00000011454","patient3","XGBoost_SHAP","all",0.00175265099607594,"RABGAP1"
"ENSG00000011454","patient2","XGBoost_SHAP","all",0.00129523435670427,"RABGAP1"
"ENSG00000011454","patient5","XGBoost_SHAP","all",0.00431862530561684,"RABGAP1"
"ENSG00000011454","patient4","XGBoost_SHAP","all",0.00237117752051925,"RABGAP1"
"ENSG00000011454","patient1","XGBoost_SHAP","all",0.00287884527495045,"RABGAP1"
"ENSG00000011454","patient6","XGBoost_SHAP","all",0.00217112108047642,"RABGAP1"
"ENSG00000011465","patient4","XGBoost_SHAP","all",0.245541104706903,"DCN"
"ENSG00000011465","patient2","XGBoost_SHAP","all",0.23790345967946,"DCN"
"ENSG00000011465","patient5","XGBoost_SHAP","all",0.201877397910195,"DCN"
"ENSG00000011465","patient3","XGBoost_SHAP","all",0.228551006272212,"DCN"
"ENSG00000011465","patient6","XGBoost_SHAP","all",0.242403908993994,"DCN"
"ENSG00000011465","patient1","XGBoost_SHAP","all",0.265075454782673,"DCN"
"ENSG00000011600","patient1","XGBoost_SHAP","all",0.310630559409969,"TYROBP"
"ENSG00000011600","patient2","XGBoost_SHAP","all",0.311768798812946,"TYROBP"
"ENSG00000011600","patient3","XGBoost_SHAP","all",0.327334487758888,"TYROBP"
"ENSG00000011600","patient4","XGBoost_SHAP","all",0.312863336216478,"TYROBP"
"ENSG00000011600","patient5","XGBoost_SHAP","all",0.270009985470854,"TYROBP"
"ENSG00000011600","patient6","XGBoost_SHAP","all",0.351126703004724,"TYROBP"
"ENSG00000011638","patient3","XGBoost_SHAP","all",0.00354720290550649,"LDAF1"
"ENSG00000011638","patient4","XGBoost_SHAP","all",0.00197016762928365,"LDAF1"
"ENSG00000011638","patient5","XGBoost_SHAP","all",0.00329660676609889,"LDAF1"
"ENSG00000011638","patient6","XGBoost_SHAP","all",0.00313183218021613,"LDAF1"
"ENSG00000011638","patient1","XGBoost_SHAP","all",0.010067390134494,"LDAF1"
"ENSG00000011638","patient2","XGBoost_SHAP","all",0.00267635533366775,"LDAF1"
"ENSG00000012061","patient2","XGBoost_SHAP","all",0.0147263494809945,"ERCC1"
"ENSG00000012061","patient5","XGBoost_SHAP","all",0.00129945474719323,"ERCC1"
"ENSG00000012061","patient6","XGBoost_SHAP","all",0.000963963276678771,"ERCC1"
"ENSG00000012061","patient3","XGBoost_SHAP","all",0.00165095898940853,"ERCC1"
"ENSG00000013275","patient6","XGBoost_SHAP","all",0.00308417031905595,"PSMC4"
"ENSG00000013275","patient5","XGBoost_SHAP","all",0.00559243499125292,"PSMC4"
"ENSG00000013275","patient4","XGBoost_SHAP","all",0.000875652272789622,"PSMC4"
"ENSG00000013275","patient2","XGBoost_SHAP","all",0.000777493963959071,"PSMC4"
"ENSG00000013275","patient1","XGBoost_SHAP","all",0.00251126267563402,"PSMC4"
"ENSG00000013275","patient3","XGBoost_SHAP","all",0.00781485745519,"PSMC4"
"ENSG00000013364","patient2","XGBoost_SHAP","all",0.00321481223142455,"MVP"
"ENSG00000013364","patient4","XGBoost_SHAP","all",0.00280187822297674,"MVP"
"ENSG00000013364","patient6","XGBoost_SHAP","all",0.00115210675988814,"MVP"
"ENSG00000013364","patient5","XGBoost_SHAP","all",0.00162908331091116,"MVP"
"ENSG00000013374","patient3","XGBoost_SHAP","all",0.00245589190794145,"NUB1"
"ENSG00000013374","patient6","XGBoost_SHAP","all",0.00438307231109353,"NUB1"
"ENSG00000013374","patient5","XGBoost_SHAP","all",0.00322327641105624,"NUB1"
"ENSG00000013374","patient4","XGBoost_SHAP","all",0.0109420146551287,"NUB1"
"ENSG00000013374","patient1","XGBoost_SHAP","all",0.00454712280213098,"NUB1"
"ENSG00000013374","patient2","XGBoost_SHAP","all",0.00134546168882479,"NUB1"
"ENSG00000013441","patient1","XGBoost_SHAP","all",0.00510120311033962,"CLK1"
"ENSG00000013441","patient4","XGBoost_SHAP","all",0.00153245639305042,"CLK1"
"ENSG00000013441","patient5","XGBoost_SHAP","all",0.00256431614395728,"CLK1"
"ENSG00000013441","patient2","XGBoost_SHAP","all",0.00405449127085805,"CLK1"
"ENSG00000013441","patient6","XGBoost_SHAP","all",0.00475836491834591,"CLK1"
"ENSG00000013441","patient3","XGBoost_SHAP","all",0.0036441991343871,"CLK1"
"ENSG00000013583","patient5","XGBoost_SHAP","all",0.00493607134991651,"HEBP1"
"ENSG00000013583","patient6","XGBoost_SHAP","all",0.00497195227514405,"HEBP1"
"ENSG00000013583","patient4","XGBoost_SHAP","all",0.00334186679574007,"HEBP1"
"ENSG00000013583","patient3","XGBoost_SHAP","all",0.00242014374688376,"HEBP1"
"ENSG00000013583","patient2","XGBoost_SHAP","all",0.00244051591742691,"HEBP1"
"ENSG00000013583","patient1","XGBoost_SHAP","all",0.00777987052351153,"HEBP1"
"ENSG00000014123","patient3","XGBoost_SHAP","all",0.000853328217737568,"UFL1"
"ENSG00000014123","patient5","XGBoost_SHAP","all",0.00122226214691793,"UFL1"
"ENSG00000014123","patient1","XGBoost_SHAP","all",0.00133030986446876,"UFL1"
"ENSG00000014123","patient6","XGBoost_SHAP","all",0.00047256828223362,"UFL1"
"ENSG00000014123","patient4","XGBoost_SHAP","all",0.00144540534344502,"UFL1"
"ENSG00000014123","patient2","XGBoost_SHAP","all",0.000949828457629645,"UFL1"
"ENSG00000014641","patient2","XGBoost_SHAP","all",0.00475884143499446,"MDH1"
"ENSG00000014641","patient5","XGBoost_SHAP","all",0.0050127622217861,"MDH1"
"ENSG00000014641","patient3","XGBoost_SHAP","all",0.00422957041949615,"MDH1"
"ENSG00000014641","patient4","XGBoost_SHAP","all",0.011273360278037,"MDH1"
"ENSG00000014641","patient1","XGBoost_SHAP","all",0.00223270280064999,"MDH1"
"ENSG00000014641","patient6","XGBoost_SHAP","all",0.00311692945670158,"MDH1"
"ENSG00000017427","patient6","XGBoost_SHAP","all",0.00224879057394199,"IGF1"
"ENSG00000017427","patient2","XGBoost_SHAP","all",0.00240298896316608,"IGF1"
"ENSG00000017427","patient4","XGBoost_SHAP","all",0.00306139547918184,"IGF1"
"ENSG00000017427","patient3","XGBoost_SHAP","all",0.00247564845783384,"IGF1"
"ENSG00000017427","patient1","XGBoost_SHAP","all",0.00326691248932477,"IGF1"
"ENSG00000017797","patient5","XGBoost_SHAP","all",0.00149534563495887,"RALBP1"
"ENSG00000017797","patient2","XGBoost_SHAP","all",0.00425070112705476,"RALBP1"
"ENSG00000017797","patient1","XGBoost_SHAP","all",0.00534191704109485,"RALBP1"
"ENSG00000017797","patient4","XGBoost_SHAP","all",0.00163430959332615,"RALBP1"
"ENSG00000017797","patient3","XGBoost_SHAP","all",0.00281647036244504,"RALBP1"
"ENSG00000017797","patient6","XGBoost_SHAP","all",0.004298145134424,"RALBP1"
"ENSG00000018408","patient4","XGBoost_SHAP","all",0.0021742411352643,"WWTR1"
"ENSG00000018408","patient1","XGBoost_SHAP","all",0.00175744597120808,"WWTR1"
"ENSG00000018408","patient5","XGBoost_SHAP","all",0.00174325142459957,"WWTR1"
"ENSG00000018408","patient3","XGBoost_SHAP","all",0.00275656050123331,"WWTR1"
"ENSG00000018408","patient6","XGBoost_SHAP","all",0.00397812671254114,"WWTR1"
"ENSG00000018408","patient2","XGBoost_SHAP","all",0.00289844612783803,"WWTR1"
"ENSG00000019582","patient1","XGBoost_SHAP","all",0.0292980716107294,"CD74"
"ENSG00000019582","patient6","XGBoost_SHAP","all",0.0259087442335535,"CD74"
"ENSG00000019582","patient4","XGBoost_SHAP","all",0.0432530008426639,"CD74"
"ENSG00000019582","patient3","XGBoost_SHAP","all",0.0307225575115191,"CD74"
"ENSG00000019582","patient2","XGBoost_SHAP","all",0.0221854966506611,"CD74"
"ENSG00000019582","patient5","XGBoost_SHAP","all",0.0381272945719354,"CD74"
"ENSG00000021355","patient1","XGBoost_SHAP","all",0.0015829096857439,"SERPINB1"
"ENSG00000021355","patient6","XGBoost_SHAP","all",0.00140444328891681,"SERPINB1"
"ENSG00000021355","patient5","XGBoost_SHAP","all",0.00153416662299852,"SERPINB1"
"ENSG00000021355","patient4","XGBoost_SHAP","all",0.00198982705565142,"SERPINB1"
"ENSG00000021355","patient3","XGBoost_SHAP","all",0.00157356518623906,"SERPINB1"
"ENSG00000021355","patient2","XGBoost_SHAP","all",0.000632037723296884,"SERPINB1"
"ENSG00000022267","patient2","XGBoost_SHAP","all",0.0175783424890588,"FHL1"
"ENSG00000022267","patient5","XGBoost_SHAP","all",0.01306995937825,"FHL1"
"ENSG00000022267","patient1","XGBoost_SHAP","all",0.0103988442083665,"FHL1"
"ENSG00000022267","patient6","XGBoost_SHAP","all",0.014332268362497,"FHL1"
"ENSG00000022267","patient4","XGBoost_SHAP","all",0.00906256855819086,"FHL1"
"ENSG00000022267","patient3","XGBoost_SHAP","all",0.00687513515208396,"FHL1"
"ENSG00000022277","patient4","XGBoost_SHAP","all",0.00151380621935946,"RTF2"
"ENSG00000022277","patient3","XGBoost_SHAP","all",0.00157729042844951,"RTF2"
"ENSG00000022277","patient6","XGBoost_SHAP","all",0.00230310768461037,"RTF2"
"ENSG00000022277","patient5","XGBoost_SHAP","all",0.00120656243294797,"RTF2"
"ENSG00000022277","patient1","XGBoost_SHAP","all",0.00212185430101472,"RTF2"
"ENSG00000022277","patient2","XGBoost_SHAP","all",0.000507387731931287,"RTF2"
"ENSG00000023287","patient1","XGBoost_SHAP","all",0.000854544554335009,"RB1CC1"
"ENSG00000023287","patient5","XGBoost_SHAP","all",0.0020788031796504,"RB1CC1"
"ENSG00000023287","patient6","XGBoost_SHAP","all",0.00255622303379817,"RB1CC1"
"ENSG00000023287","patient4","XGBoost_SHAP","all",0.00458691306517747,"RB1CC1"
"ENSG00000023287","patient3","XGBoost_SHAP","all",0.00144949602921893,"RB1CC1"
"ENSG00000023287","patient2","XGBoost_SHAP","all",0.00134189693308389,"RB1CC1"
"ENSG00000023318","patient6","XGBoost_SHAP","all",0.00125090567208584,"ERP44"
"ENSG00000023318","patient4","XGBoost_SHAP","all",0.00129588788850926,"ERP44"
"ENSG00000023318","patient5","XGBoost_SHAP","all",0.00195875369912269,"ERP44"
"ENSG00000023318","patient2","XGBoost_SHAP","all",0.00183318103407327,"ERP44"
"ENSG00000023318","patient3","XGBoost_SHAP","all",0.00135909677816263,"ERP44"
"ENSG00000023318","patient1","XGBoost_SHAP","all",0.000743408126179924,"ERP44"
"ENSG00000023734","patient4","XGBoost_SHAP","all",0.000983310850651828,"STRAP"
"ENSG00000023734","patient5","XGBoost_SHAP","all",0.00217024932189264,"STRAP"
"ENSG00000023734","patient2","XGBoost_SHAP","all",0.000965874482889053,"STRAP"
"ENSG00000023734","patient6","XGBoost_SHAP","all",0.00238297065133521,"STRAP"
"ENSG00000023734","patient1","XGBoost_SHAP","all",0.00165938062883678,"STRAP"
"ENSG00000023734","patient3","XGBoost_SHAP","all",0.00166453435302779,"STRAP"
"ENSG00000023902","patient6","XGBoost_SHAP","all",0.00413543860819113,"PLEKHO1"
"ENSG00000023902","patient3","XGBoost_SHAP","all",0.00133687056967577,"PLEKHO1"
"ENSG00000023902","patient2","XGBoost_SHAP","all",0.000902306798313764,"PLEKHO1"
"ENSG00000023902","patient4","XGBoost_SHAP","all",0.00482667741116206,"PLEKHO1"
"ENSG00000023902","patient5","XGBoost_SHAP","all",0.00354197349692249,"PLEKHO1"
"ENSG00000023902","patient1","XGBoost_SHAP","all",0.00316999768936806,"PLEKHO1"
"ENSG00000024422","patient4","XGBoost_SHAP","all",0.00721453973741715,"EHD2"
"ENSG00000024422","patient3","XGBoost_SHAP","all",0.0228862707372349,"EHD2"
"ENSG00000024422","patient6","XGBoost_SHAP","all",0.0174301060656383,"EHD2"
"ENSG00000024422","patient2","XGBoost_SHAP","all",0.0151059291306267,"EHD2"
"ENSG00000024422","patient5","XGBoost_SHAP","all",0.0122109219242464,"EHD2"
"ENSG00000024422","patient1","XGBoost_SHAP","all",0.00721263159517194,"EHD2"
"ENSG00000025293","patient3","XGBoost_SHAP","all",0.00387970980633808,"PHF20"
"ENSG00000025708","patient6","XGBoost_SHAP","all",0.00469304153938783,"TYMP"
"ENSG00000025708","patient2","XGBoost_SHAP","all",0.00543534821288915,"TYMP"
"ENSG00000025708","patient5","XGBoost_SHAP","all",0.00533927995995197,"TYMP"
"ENSG00000025708","patient4","XGBoost_SHAP","all",0.0055601836027334,"TYMP"
"ENSG00000025708","patient1","XGBoost_SHAP","all",0.00670460802685014,"TYMP"
"ENSG00000025708","patient3","XGBoost_SHAP","all",0.00486271581431897,"TYMP"
"ENSG00000025796","patient3","XGBoost_SHAP","all",0.00294950066592899,"SEC63"
"ENSG00000025796","patient1","XGBoost_SHAP","all",0.0033782574923049,"SEC63"
"ENSG00000025796","patient4","XGBoost_SHAP","all",0.00165902344339184,"SEC63"
"ENSG00000025796","patient5","XGBoost_SHAP","all",0.00179108253619297,"SEC63"
"ENSG00000025796","patient2","XGBoost_SHAP","all",0.000856136056810373,"SEC63"
"ENSG00000025796","patient6","XGBoost_SHAP","all",0.00137194456925986,"SEC63"
"ENSG00000026297","patient4","XGBoost_SHAP","all",0.0330761880635478,"RNASET2"
"ENSG00000026297","patient3","XGBoost_SHAP","all",0.011036808339161,"RNASET2"
"ENSG00000026297","patient5","XGBoost_SHAP","all",0.00670564330885971,"RNASET2"
"ENSG00000026297","patient1","XGBoost_SHAP","all",0.0126751908146484,"RNASET2"
"ENSG00000026297","patient6","XGBoost_SHAP","all",0.00445779287167186,"RNASET2"
"ENSG00000026297","patient2","XGBoost_SHAP","all",0.0127923243585503,"RNASET2"
"ENSG00000026508","patient6","XGBoost_SHAP","all",0.0156458490419641,"CD44"
"ENSG00000026508","patient3","XGBoost_SHAP","all",0.0161855749807141,"CD44"
"ENSG00000026508","patient4","XGBoost_SHAP","all",0.0203219936480033,"CD44"
"ENSG00000026508","patient1","XGBoost_SHAP","all",0.0173388528314965,"CD44"
"ENSG00000026508","patient2","XGBoost_SHAP","all",0.0154790413591467,"CD44"
"ENSG00000026508","patient5","XGBoost_SHAP","all",0.00656235706386814,"CD44"
"ENSG00000027697","patient3","XGBoost_SHAP","all",0.00215453391820856,"IFNGR1"
"ENSG00000027697","patient6","XGBoost_SHAP","all",0.00284439241482839,"IFNGR1"
"ENSG00000027697","patient1","XGBoost_SHAP","all",0.00162194195831825,"IFNGR1"
"ENSG00000027697","patient2","XGBoost_SHAP","all",0.00193403395183798,"IFNGR1"
"ENSG00000027697","patient4","XGBoost_SHAP","all",0.0040801637421991,"IFNGR1"
"ENSG00000027697","patient5","XGBoost_SHAP","all",0.00375212085694086,"IFNGR1"
"ENSG00000028137","patient3","XGBoost_SHAP","all",0.00256424886291883,"TNFRSF1B"
"ENSG00000028137","patient6","XGBoost_SHAP","all",0.00100815954712429,"TNFRSF1B"
"ENSG00000028137","patient5","XGBoost_SHAP","all",0.00268651919101861,"TNFRSF1B"
"ENSG00000028137","patient4","XGBoost_SHAP","all",0.00213530246869779,"TNFRSF1B"
"ENSG00000028137","patient1","XGBoost_SHAP","all",0.00125936066552821,"TNFRSF1B"
"ENSG00000029363","patient1","XGBoost_SHAP","all",0.00308134393459721,"BCLAF1"
"ENSG00000029363","patient6","XGBoost_SHAP","all",0.00611501034469408,"BCLAF1"
"ENSG00000029363","patient2","XGBoost_SHAP","all",0.00600384797710715,"BCLAF1"
"ENSG00000029363","patient5","XGBoost_SHAP","all",0.00282724653253143,"BCLAF1"
"ENSG00000029363","patient4","XGBoost_SHAP","all",0.00375115628434646,"BCLAF1"
"ENSG00000029363","patient3","XGBoost_SHAP","all",0.00650272126520202,"BCLAF1"
"ENSG00000030582","patient5","XGBoost_SHAP","all",0.00529551764084517,"GRN"
"ENSG00000030582","patient2","XGBoost_SHAP","all",0.00717461573862978,"GRN"
"ENSG00000030582","patient6","XGBoost_SHAP","all",0.0068961561053122,"GRN"
"ENSG00000030582","patient1","XGBoost_SHAP","all",0.00934636804262269,"GRN"
"ENSG00000030582","patient3","XGBoost_SHAP","all",0.00980382478374043,"GRN"
"ENSG00000030582","patient4","XGBoost_SHAP","all",0.00467064353250934,"GRN"
"ENSG00000031698","patient4","XGBoost_SHAP","all",0.00210387074929163,"SARS1"
"ENSG00000031698","patient6","XGBoost_SHAP","all",0.0025805161385758,"SARS1"
"ENSG00000031698","patient5","XGBoost_SHAP","all",0.00304399769342731,"SARS1"
"ENSG00000031698","patient2","XGBoost_SHAP","all",0.000719228118106892,"SARS1"
"ENSG00000031698","patient3","XGBoost_SHAP","all",0.00367026584250433,"SARS1"
"ENSG00000031698","patient1","XGBoost_SHAP","all",0.00444635741906921,"SARS1"
"ENSG00000032219","patient5","XGBoost_SHAP","all",0.00163315013375598,"ARID4A"
"ENSG00000032219","patient6","XGBoost_SHAP","all",0.00233655177708709,"ARID4A"
"ENSG00000032219","patient1","XGBoost_SHAP","all",0.00150228631675087,"ARID4A"
"ENSG00000032219","patient2","XGBoost_SHAP","all",0.00234341846668284,"ARID4A"
"ENSG00000032219","patient4","XGBoost_SHAP","all",0.0020665097730471,"ARID4A"
"ENSG00000032219","patient3","XGBoost_SHAP","all",0.00152123095795574,"ARID4A"
"ENSG00000034677","patient5","XGBoost_SHAP","all",0.00074113934661304,"RNF19A"
"ENSG00000034677","patient4","XGBoost_SHAP","all",0.0021028385614608,"RNF19A"
"ENSG00000034677","patient2","XGBoost_SHAP","all",0.00163205240259599,"RNF19A"
"ENSG00000034677","patient1","XGBoost_SHAP","all",0.00178577511779441,"RNF19A"
"ENSG00000034677","patient6","XGBoost_SHAP","all",0.000902374590545762,"RNF19A"
"ENSG00000034677","patient3","XGBoost_SHAP","all",0.00180610171366373,"RNF19A"
"ENSG00000035403","patient5","XGBoost_SHAP","all",0.00257171732599893,"VCL"
"ENSG00000035403","patient4","XGBoost_SHAP","all",0.00352705146889829,"VCL"
"ENSG00000035403","patient3","XGBoost_SHAP","all",0.00146342319195624,"VCL"
"ENSG00000035403","patient2","XGBoost_SHAP","all",0.0019517495996006,"VCL"
"ENSG00000035403","patient1","XGBoost_SHAP","all",0.00288064632472618,"VCL"
"ENSG00000035403","patient6","XGBoost_SHAP","all",0.00217064417231932,"VCL"
"ENSG00000035862","patient6","XGBoost_SHAP","all",0.00537763451519515,"TIMP2"
"ENSG00000035862","patient2","XGBoost_SHAP","all",0.00872084603301128,"TIMP2"
"ENSG00000035862","patient5","XGBoost_SHAP","all",0.00555709654945147,"TIMP2"
"ENSG00000035862","patient4","XGBoost_SHAP","all",0.00460488745048253,"TIMP2"
"ENSG00000035862","patient1","XGBoost_SHAP","all",0.0152301480456057,"TIMP2"
"ENSG00000035862","patient3","XGBoost_SHAP","all",0.00519044264259836,"TIMP2"
"ENSG00000035928","patient4","XGBoost_SHAP","all",0.00250030930685232,"RFC1"
"ENSG00000035928","patient3","XGBoost_SHAP","all",0.00787845167498875,"RFC1"
"ENSG00000035928","patient5","XGBoost_SHAP","all",0.00319242421253395,"RFC1"
"ENSG00000035928","patient1","XGBoost_SHAP","all",0.00761399681109617,"RFC1"
"ENSG00000035928","patient6","XGBoost_SHAP","all",0.00429766359054101,"RFC1"
"ENSG00000035928","patient2","XGBoost_SHAP","all",0.00248215764781521,"RFC1"
"ENSG00000038219","patient2","XGBoost_SHAP","all",0.00252583982997585,"BOD1L1"
"ENSG00000038219","patient6","XGBoost_SHAP","all",0.00157045326378644,"BOD1L1"
"ENSG00000038219","patient3","XGBoost_SHAP","all",0.00184710765355704,"BOD1L1"
"ENSG00000038219","patient1","XGBoost_SHAP","all",0.00141715791412269,"BOD1L1"
"ENSG00000038219","patient4","XGBoost_SHAP","all",0.00377397982131518,"BOD1L1"
"ENSG00000038219","patient5","XGBoost_SHAP","all",0.00270503138076611,"BOD1L1"
"ENSG00000038427","patient6","XGBoost_SHAP","all",0.0558357321390667,"VCAN"
"ENSG00000038427","patient4","XGBoost_SHAP","all",0.0550761637783516,"VCAN"
"ENSG00000038427","patient3","XGBoost_SHAP","all",0.0527237010047173,"VCAN"
"ENSG00000038427","patient1","XGBoost_SHAP","all",0.0420322589064957,"VCAN"
"ENSG00000038427","patient5","XGBoost_SHAP","all",0.0452206048799208,"VCAN"
"ENSG00000038427","patient2","XGBoost_SHAP","all",0.0532591620649095,"VCAN"
"ENSG00000038945","patient3","XGBoost_SHAP","all",0.0040892652770537,"MSR1"
"ENSG00000038945","patient1","XGBoost_SHAP","all",0.00984352498822502,"MSR1"
"ENSG00000038945","patient2","XGBoost_SHAP","all",0.00743778161895519,"MSR1"
"ENSG00000038945","patient6","XGBoost_SHAP","all",0.00645225781251685,"MSR1"
"ENSG00000038945","patient5","XGBoost_SHAP","all",0.00758264492624803,"MSR1"
"ENSG00000038945","patient4","XGBoost_SHAP","all",0.00616200315497385,"MSR1"
"ENSG00000041357","patient6","XGBoost_SHAP","all",0.00206158777690567,"PSMA4"
"ENSG00000041357","patient4","XGBoost_SHAP","all",0.00367484176065174,"PSMA4"
"ENSG00000041357","patient2","XGBoost_SHAP","all",0.00224806797498242,"PSMA4"
"ENSG00000041357","patient3","XGBoost_SHAP","all",0.00242607868709764,"PSMA4"
"ENSG00000041357","patient1","XGBoost_SHAP","all",0.000947849997192275,"PSMA4"
"ENSG00000041357","patient5","XGBoost_SHAP","all",0.00491981524236494,"PSMA4"
"ENSG00000041982","patient4","XGBoost_SHAP","all",0.00717522042334152,"TNC"
"ENSG00000042493","patient2","XGBoost_SHAP","all",0.0129247781687975,"CAPG"
"ENSG00000042493","patient1","XGBoost_SHAP","all",0.0156947701831944,"CAPG"
"ENSG00000042493","patient4","XGBoost_SHAP","all",0.00384374464700523,"CAPG"
"ENSG00000042493","patient5","XGBoost_SHAP","all",0.00630320727629885,"CAPG"
"ENSG00000042493","patient3","XGBoost_SHAP","all",0.0107020754811071,"CAPG"
"ENSG00000042493","patient6","XGBoost_SHAP","all",0.00777793200869581,"CAPG"
"ENSG00000042753","patient4","XGBoost_SHAP","all",0.00256564846017443,"AP2S1"
"ENSG00000042753","patient2","XGBoost_SHAP","all",0.00319575167067703,"AP2S1"
"ENSG00000042753","patient1","XGBoost_SHAP","all",0.0022367808390683,"AP2S1"
"ENSG00000042753","patient3","XGBoost_SHAP","all",0.0037392773434133,"AP2S1"
"ENSG00000042753","patient6","XGBoost_SHAP","all",0.0017830015167492,"AP2S1"
"ENSG00000042753","patient5","XGBoost_SHAP","all",0.00359728867029714,"AP2S1"
"ENSG00000044115","patient5","XGBoost_SHAP","all",0.00361668401292209,"CTNNA1"
"ENSG00000044115","patient4","XGBoost_SHAP","all",0.00220208100418069,"CTNNA1"
"ENSG00000044115","patient3","XGBoost_SHAP","all",0.00499164399142919,"CTNNA1"
"ENSG00000044115","patient1","XGBoost_SHAP","all",0.00163051708144121,"CTNNA1"
"ENSG00000044115","patient2","XGBoost_SHAP","all",0.00220576941297863,"CTNNA1"
"ENSG00000044115","patient6","XGBoost_SHAP","all",0.00187634090274388,"CTNNA1"
"ENSG00000044574","patient5","XGBoost_SHAP","all",0.00379359139707901,"HSPA5"
"ENSG00000044574","patient3","XGBoost_SHAP","all",0.00159750044166988,"HSPA5"
"ENSG00000044574","patient6","XGBoost_SHAP","all",0.00293655060367015,"HSPA5"
"ENSG00000044574","patient2","XGBoost_SHAP","all",0.0044617067544575,"HSPA5"
"ENSG00000044574","patient1","XGBoost_SHAP","all",0.00496763138879852,"HSPA5"
"ENSG00000044574","patient4","XGBoost_SHAP","all",0.00195109462174269,"HSPA5"
"ENSG00000047410","patient2","XGBoost_SHAP","all",0.00288282957292625,"TPR"
"ENSG00000047410","patient6","XGBoost_SHAP","all",0.00206664386115399,"TPR"
"ENSG00000047410","patient1","XGBoost_SHAP","all",0.00208511847035086,"TPR"
"ENSG00000047410","patient5","XGBoost_SHAP","all",0.00231415944900978,"TPR"
"ENSG00000047410","patient4","XGBoost_SHAP","all",0.00135294662985469,"TPR"
"ENSG00000047410","patient3","XGBoost_SHAP","all",0.00248961027766141,"TPR"
"ENSG00000047457","patient1","XGBoost_SHAP","all",0.00926200705322753,"CP"
"ENSG00000047457","patient5","XGBoost_SHAP","all",0.0172268239014599,"CP"
"ENSG00000047457","patient2","XGBoost_SHAP","all",0.0171898927388007,"CP"
"ENSG00000047457","patient6","XGBoost_SHAP","all",0.014155890604733,"CP"
"ENSG00000047457","patient4","XGBoost_SHAP","all",0.0212817802649012,"CP"
"ENSG00000047457","patient3","XGBoost_SHAP","all",0.0154524184484827,"CP"
"ENSG00000047849","patient3","XGBoost_SHAP","all",0.00215667980898916,"MAP4"
"ENSG00000047849","patient4","XGBoost_SHAP","all",0.00645162371446173,"MAP4"
"ENSG00000047849","patient6","XGBoost_SHAP","all",0.00464661136989723,"MAP4"
"ENSG00000047849","patient5","XGBoost_SHAP","all",0.00306023261310956,"MAP4"
"ENSG00000047849","patient2","XGBoost_SHAP","all",0.00506894458448859,"MAP4"
"ENSG00000047849","patient1","XGBoost_SHAP","all",0.00968529068796183,"MAP4"
"ENSG00000048649","patient1","XGBoost_SHAP","all",0.00122951980009445,"RSF1"
"ENSG00000048649","patient6","XGBoost_SHAP","all",0.00126996218887385,"RSF1"
"ENSG00000048649","patient4","XGBoost_SHAP","all",0.00188042682777667,"RSF1"
"ENSG00000048649","patient2","XGBoost_SHAP","all",0.00181259194771691,"RSF1"
"ENSG00000048649","patient3","XGBoost_SHAP","all",0.00150083139827559,"RSF1"
"ENSG00000048649","patient5","XGBoost_SHAP","all",0.001596066968855,"RSF1"
"ENSG00000048740","patient5","XGBoost_SHAP","all",0.0240506239065875,"CELF2"
"ENSG00000048740","patient2","XGBoost_SHAP","all",0.0106460663112867,"CELF2"
"ENSG00000048740","patient3","XGBoost_SHAP","all",0.0100832720488973,"CELF2"
"ENSG00000048740","patient4","XGBoost_SHAP","all",0.0120923427585393,"CELF2"
"ENSG00000048740","patient6","XGBoost_SHAP","all",0.0105738314030426,"CELF2"
"ENSG00000048740","patient1","XGBoost_SHAP","all",0.0204988459176987,"CELF2"
"ENSG00000048828","patient5","XGBoost_SHAP","all",0.000229661418756528,"FAM120A"
"ENSG00000048828","patient2","XGBoost_SHAP","all",0.000873463392951331,"FAM120A"
"ENSG00000048828","patient4","XGBoost_SHAP","all",0.000754779957579025,"FAM120A"
"ENSG00000048828","patient6","XGBoost_SHAP","all",0.00100400936318695,"FAM120A"
"ENSG00000048828","patient3","XGBoost_SHAP","all",0.00134632785136878,"FAM120A"
"ENSG00000049245","patient2","XGBoost_SHAP","all",0.00120589944574746,"VAMP3"
"ENSG00000049245","patient5","XGBoost_SHAP","all",0.000909717882175757,"VAMP3"
"ENSG00000049245","patient1","XGBoost_SHAP","all",0.00135871251015821,"VAMP3"
"ENSG00000049245","patient4","XGBoost_SHAP","all",0.000733708609931155,"VAMP3"
"ENSG00000049245","patient6","XGBoost_SHAP","all",0.00140729251754665,"VAMP3"
"ENSG00000049245","patient3","XGBoost_SHAP","all",0.00262919852521966,"VAMP3"
"ENSG00000049323","patient1","XGBoost_SHAP","all",0.0256671007843508,"LTBP1"
"ENSG00000049323","patient2","XGBoost_SHAP","all",0.0259073843870315,"LTBP1"
"ENSG00000049323","patient6","XGBoost_SHAP","all",0.0307316024400405,"LTBP1"
"ENSG00000049323","patient4","XGBoost_SHAP","all",0.0329665663159582,"LTBP1"
"ENSG00000049323","patient3","XGBoost_SHAP","all",0.0210514325454041,"LTBP1"
"ENSG00000049323","patient5","XGBoost_SHAP","all",0.0238729234381344,"LTBP1"
"ENSG00000049449","patient4","XGBoost_SHAP","all",0.00100222781190009,"RCN1"
"ENSG00000049449","patient3","XGBoost_SHAP","all",0.00105076539408219,"RCN1"
"ENSG00000049449","patient2","XGBoost_SHAP","all",0.00158455041403313,"RCN1"
"ENSG00000049449","patient1","XGBoost_SHAP","all",0.0020733320056061,"RCN1"
"ENSG00000049449","patient6","XGBoost_SHAP","all",0.00104833374430623,"RCN1"
"ENSG00000049449","patient5","XGBoost_SHAP","all",0.00248589725611696,"RCN1"
"ENSG00000049540","patient6","XGBoost_SHAP","all",0.0129321188670195,"ELN"
"ENSG00000049540","patient2","XGBoost_SHAP","all",0.00861597425249517,"ELN"
"ENSG00000049540","patient5","XGBoost_SHAP","all",0.0064914145383858,"ELN"
"ENSG00000049540","patient3","XGBoost_SHAP","all",0.00729111448987514,"ELN"
"ENSG00000049540","patient4","XGBoost_SHAP","all",0.00840750755986905,"ELN"
"ENSG00000049540","patient1","XGBoost_SHAP","all",0.00449941190458036,"ELN"
"ENSG00000049618","patient3","XGBoost_SHAP","all",0.0103897379068939,"ARID1B"
"ENSG00000049618","patient5","XGBoost_SHAP","all",0.017722229175868,"ARID1B"
"ENSG00000049618","patient1","XGBoost_SHAP","all",0.0105184257416275,"ARID1B"
"ENSG00000049618","patient2","XGBoost_SHAP","all",0.0107591160408732,"ARID1B"
"ENSG00000049618","patient4","XGBoost_SHAP","all",0.0155837352866576,"ARID1B"
"ENSG00000049618","patient6","XGBoost_SHAP","all",0.011686258350164,"ARID1B"
"ENSG00000049860","patient3","XGBoost_SHAP","all",0.00426305109936945,"HEXB"
"ENSG00000049860","patient1","XGBoost_SHAP","all",0.00122818813565573,"HEXB"
"ENSG00000049860","patient4","XGBoost_SHAP","all",0.00519509018654196,"HEXB"
"ENSG00000049860","patient2","XGBoost_SHAP","all",0.0035588774623235,"HEXB"
"ENSG00000049860","patient5","XGBoost_SHAP","all",0.0041536582801298,"HEXB"
"ENSG00000049860","patient6","XGBoost_SHAP","all",0.00737333977457939,"HEXB"
"ENSG00000050165","patient5","XGBoost_SHAP","all",0.00458607430717049,"DKK3"
"ENSG00000050165","patient6","XGBoost_SHAP","all",0.00922069549254353,"DKK3"
"ENSG00000050165","patient2","XGBoost_SHAP","all",0.00738576122594287,"DKK3"
"ENSG00000050165","patient4","XGBoost_SHAP","all",0.0169718471900952,"DKK3"
"ENSG00000050165","patient3","XGBoost_SHAP","all",0.00429295257200644,"DKK3"
"ENSG00000050165","patient1","XGBoost_SHAP","all",0.0160473568739764,"DKK3"
"ENSG00000050405","patient5","XGBoost_SHAP","all",0.00286879854249708,"LIMA1"
"ENSG00000050405","patient6","XGBoost_SHAP","all",0.00333885173656495,"LIMA1"
"ENSG00000050405","patient2","XGBoost_SHAP","all",0.00320702316201392,"LIMA1"
"ENSG00000050405","patient1","XGBoost_SHAP","all",0.00244429361754738,"LIMA1"
"ENSG00000050405","patient3","XGBoost_SHAP","all",0.00177940563115282,"LIMA1"
"ENSG00000050405","patient4","XGBoost_SHAP","all",0.0035155917149382,"LIMA1"
"ENSG00000051108","patient3","XGBoost_SHAP","all",0.00458654513381295,"HERPUD1"
"ENSG00000051108","patient6","XGBoost_SHAP","all",0.00720660671867632,"HERPUD1"
"ENSG00000051108","patient2","XGBoost_SHAP","all",0.00805183565639784,"HERPUD1"
"ENSG00000051108","patient1","XGBoost_SHAP","all",0.00285008087738487,"HERPUD1"
"ENSG00000051108","patient5","XGBoost_SHAP","all",0.0148785837676812,"HERPUD1"
"ENSG00000051108","patient4","XGBoost_SHAP","all",0.00453160434803315,"HERPUD1"
"ENSG00000051523","patient1","XGBoost_SHAP","all",0.0313498616845514,"CYBA"
"ENSG00000051523","patient2","XGBoost_SHAP","all",0.0331048731040686,"CYBA"
"ENSG00000051523","patient4","XGBoost_SHAP","all",0.00841409582581988,"CYBA"
"ENSG00000051523","patient5","XGBoost_SHAP","all",0.0336815939763311,"CYBA"
"ENSG00000051523","patient3","XGBoost_SHAP","all",0.0217325590303958,"CYBA"
"ENSG00000051523","patient6","XGBoost_SHAP","all",0.0352462282491314,"CYBA"
"ENSG00000051620","patient3","XGBoost_SHAP","all",0.00130594661789779,"HEBP2"
"ENSG00000051620","patient5","XGBoost_SHAP","all",0.00112206151384514,"HEBP2"
"ENSG00000051620","patient2","XGBoost_SHAP","all",0.00102408567508428,"HEBP2"
"ENSG00000051620","patient4","XGBoost_SHAP","all",0.00284771281427061,"HEBP2"
"ENSG00000051620","patient1","XGBoost_SHAP","all",0.00231310976265868,"HEBP2"
"ENSG00000051620","patient6","XGBoost_SHAP","all",0.00195407077416649,"HEBP2"
"ENSG00000053254","patient3","XGBoost_SHAP","all",0.00916245628460174,"FOXN3"
"ENSG00000053254","patient1","XGBoost_SHAP","all",0.00279679826476544,"FOXN3"
"ENSG00000053254","patient4","XGBoost_SHAP","all",0.00810046518950557,"FOXN3"
"ENSG00000053254","patient6","XGBoost_SHAP","all",0.00632641991118855,"FOXN3"
"ENSG00000053254","patient2","XGBoost_SHAP","all",0.00844359881322108,"FOXN3"
"ENSG00000053254","patient5","XGBoost_SHAP","all",0.00303892947447465,"FOXN3"
"ENSG00000054118","patient3","XGBoost_SHAP","all",0.00216631152393657,"THRAP3"
"ENSG00000054118","patient6","XGBoost_SHAP","all",0.00203393037198476,"THRAP3"
"ENSG00000054118","patient5","XGBoost_SHAP","all",0.00205583000266751,"THRAP3"
"ENSG00000054118","patient1","XGBoost_SHAP","all",0.00307998069712383,"THRAP3"
"ENSG00000054118","patient4","XGBoost_SHAP","all",0.00141660465440266,"THRAP3"
"ENSG00000054118","patient2","XGBoost_SHAP","all",0.000948558771494696,"THRAP3"
"ENSG00000054148","patient5","XGBoost_SHAP","all",0.00100074431139215,"PHPT1"
"ENSG00000054148","patient1","XGBoost_SHAP","all",0.00184503481155118,"PHPT1"
"ENSG00000054148","patient4","XGBoost_SHAP","all",0.00107546910054711,"PHPT1"
"ENSG00000054148","patient3","XGBoost_SHAP","all",0.00224390687757956,"PHPT1"
"ENSG00000054148","patient6","XGBoost_SHAP","all",0.00263049822340094,"PHPT1"
"ENSG00000054148","patient2","XGBoost_SHAP","all",0.00246876472982271,"PHPT1"
"ENSG00000054267","patient4","XGBoost_SHAP","all",0.00363468200111435,"ARID4B"
"ENSG00000054267","patient3","XGBoost_SHAP","all",0.00195016456717106,"ARID4B"
"ENSG00000054267","patient6","XGBoost_SHAP","all",0.00507574508650832,"ARID4B"
"ENSG00000054267","patient2","XGBoost_SHAP","all",0.00310975336783723,"ARID4B"
"ENSG00000054267","patient5","XGBoost_SHAP","all",0.00142532384627706,"ARID4B"
"ENSG00000054267","patient1","XGBoost_SHAP","all",0.00430367094989506,"ARID4B"
"ENSG00000054598","patient1","XGBoost_SHAP","all",0.00709751317834877,"FOXC1"
"ENSG00000054598","patient3","XGBoost_SHAP","all",0.00279680128624486,"FOXC1"
"ENSG00000054598","patient4","XGBoost_SHAP","all",0.00296890418238103,"FOXC1"
"ENSG00000054598","patient5","XGBoost_SHAP","all",0.00372333649644349,"FOXC1"
"ENSG00000054598","patient6","XGBoost_SHAP","all",0.00726807184021147,"FOXC1"
"ENSG00000054598","patient2","XGBoost_SHAP","all",0.0039163373136035,"FOXC1"
"ENSG00000054654","patient2","XGBoost_SHAP","all",0.00469062969854094,"SYNE2"
"ENSG00000054654","patient4","XGBoost_SHAP","all",0.00193241515905415,"SYNE2"
"ENSG00000054654","patient3","XGBoost_SHAP","all",0.00203559014532956,"SYNE2"
"ENSG00000054654","patient6","XGBoost_SHAP","all",0.00389915613971478,"SYNE2"
"ENSG00000054654","patient1","XGBoost_SHAP","all",0.0071492107587336,"SYNE2"
"ENSG00000054654","patient5","XGBoost_SHAP","all",0.00286134298011649,"SYNE2"
"ENSG00000055211","patient3","XGBoost_SHAP","all",0.00309684621065512,"GINM1"
"ENSG00000055211","patient2","XGBoost_SHAP","all",0.00380004614587241,"GINM1"
"ENSG00000055211","patient1","XGBoost_SHAP","all",0.00481394608201028,"GINM1"
"ENSG00000055211","patient6","XGBoost_SHAP","all",0.00446597170015335,"GINM1"
"ENSG00000055211","patient4","XGBoost_SHAP","all",0.00180779791604189,"GINM1"
"ENSG00000055211","patient5","XGBoost_SHAP","all",0.00671286235232262,"GINM1"
"ENSG00000055332","patient6","XGBoost_SHAP","all",0.00124968196041221,"EIF2AK2"
"ENSG00000055332","patient4","XGBoost_SHAP","all",0.00150397416020828,"EIF2AK2"
"ENSG00000055332","patient2","XGBoost_SHAP","all",0.0011905474502989,"EIF2AK2"
"ENSG00000055332","patient5","XGBoost_SHAP","all",0.00106486796299578,"EIF2AK2"
"ENSG00000055332","patient3","XGBoost_SHAP","all",0.00223859749145289,"EIF2AK2"
"ENSG00000055332","patient1","XGBoost_SHAP","all",0.00194554264959876,"EIF2AK2"
"ENSG00000055609","patient4","XGBoost_SHAP","all",0.00138757269458704,"KMT2C"
"ENSG00000055609","patient2","XGBoost_SHAP","all",0.00319029764572527,"KMT2C"
"ENSG00000055609","patient1","XGBoost_SHAP","all",0.00078216656504506,"KMT2C"
"ENSG00000055609","patient3","XGBoost_SHAP","all",0.00226598915927878,"KMT2C"
"ENSG00000055609","patient6","XGBoost_SHAP","all",0.00116567378388818,"KMT2C"
"ENSG00000055950","patient3","XGBoost_SHAP","all",0.00249467948376443,"MRPL43"
"ENSG00000055950","patient5","XGBoost_SHAP","all",0.00136540014083214,"MRPL43"
"ENSG00000055950","patient1","XGBoost_SHAP","all",0.000372976096708957,"MRPL43"
"ENSG00000055950","patient2","XGBoost_SHAP","all",0.00184340507753764,"MRPL43"
"ENSG00000055950","patient6","XGBoost_SHAP","all",0.0014712920738008,"MRPL43"
"ENSG00000055950","patient4","XGBoost_SHAP","all",0.000518713902795447,"MRPL43"
"ENSG00000056097","patient1","XGBoost_SHAP","all",0.000795929487755852,"ZFR"
"ENSG00000056097","patient5","XGBoost_SHAP","all",0.00204135440758181,"ZFR"
"ENSG00000056097","patient3","XGBoost_SHAP","all",0.00173544330653628,"ZFR"
"ENSG00000056097","patient6","XGBoost_SHAP","all",0.00337105405653531,"ZFR"
"ENSG00000056097","patient4","XGBoost_SHAP","all",0.00097761260551247,"ZFR"
"ENSG00000056097","patient2","XGBoost_SHAP","all",0.00112713467550627,"ZFR"
"ENSG00000057608","patient2","XGBoost_SHAP","all",0.00352578898925819,"GDI2"
"ENSG00000057608","patient5","XGBoost_SHAP","all",0.00118221136608856,"GDI2"
"ENSG00000057608","patient4","XGBoost_SHAP","all",0.00265664442974992,"GDI2"
"ENSG00000057608","patient1","XGBoost_SHAP","all",0.0017197564761614,"GDI2"
"ENSG00000057608","patient3","XGBoost_SHAP","all",0.00552967796187502,"GDI2"
"ENSG00000057608","patient6","XGBoost_SHAP","all",0.0026232477459531,"GDI2"
"ENSG00000058272","patient5","XGBoost_SHAP","all",0.00539909031157486,"PPP1R12A"
"ENSG00000058272","patient1","XGBoost_SHAP","all",0.00554810042048796,"PPP1R12A"
"ENSG00000058272","patient6","XGBoost_SHAP","all",0.00536926889864824,"PPP1R12A"
"ENSG00000058272","patient2","XGBoost_SHAP","all",0.00166002972410129,"PPP1R12A"
"ENSG00000058272","patient4","XGBoost_SHAP","all",0.0121600378088836,"PPP1R12A"
"ENSG00000058272","patient3","XGBoost_SHAP","all",0.0138447604497827,"PPP1R12A"
"ENSG00000058668","patient4","XGBoost_SHAP","all",0.00391673317484181,"ATP2B4"
"ENSG00000058668","patient3","XGBoost_SHAP","all",0.00749523910411539,"ATP2B4"
"ENSG00000058668","patient6","XGBoost_SHAP","all",0.00630377041563857,"ATP2B4"
"ENSG00000058668","patient1","XGBoost_SHAP","all",0.00934399970513956,"ATP2B4"
"ENSG00000058668","patient2","XGBoost_SHAP","all",0.00407429954638303,"ATP2B4"
"ENSG00000060237","patient5","XGBoost_SHAP","all",0.00129041747209566,"WNK1"
"ENSG00000060237","patient1","XGBoost_SHAP","all",0.00198548447093043,"WNK1"
"ENSG00000060237","patient6","XGBoost_SHAP","all",0.00125856487642583,"WNK1"
"ENSG00000060237","patient3","XGBoost_SHAP","all",0.00128342435492172,"WNK1"
"ENSG00000060237","patient4","XGBoost_SHAP","all",0.00239117110016131,"WNK1"
"ENSG00000060237","patient2","XGBoost_SHAP","all",0.000995212441452165,"WNK1"
"ENSG00000060762","patient2","XGBoost_SHAP","all",0.00235960028757114,"MPC1"
"ENSG00000060762","patient4","XGBoost_SHAP","all",0.00352378071842764,"MPC1"
"ENSG00000060762","patient5","XGBoost_SHAP","all",0.003353891083636,"MPC1"
"ENSG00000060762","patient3","XGBoost_SHAP","all",0.00255315001755594,"MPC1"
"ENSG00000060762","patient6","XGBoost_SHAP","all",0.00286904103418421,"MPC1"
"ENSG00000060762","patient1","XGBoost_SHAP","all",0.00206769355973424,"MPC1"
"ENSG00000061676","patient2","XGBoost_SHAP","all",0.00866699168214865,"NCKAP1"
"ENSG00000061676","patient5","XGBoost_SHAP","all",0.0049025878937016,"NCKAP1"
"ENSG00000061676","patient3","XGBoost_SHAP","all",0.00570730630243191,"NCKAP1"
"ENSG00000061676","patient4","XGBoost_SHAP","all",0.0116534259993752,"NCKAP1"
"ENSG00000061676","patient1","XGBoost_SHAP","all",0.00964730358052072,"NCKAP1"
"ENSG00000061676","patient6","XGBoost_SHAP","all",0.0126646500930954,"NCKAP1"
"ENSG00000062194","patient4","XGBoost_SHAP","all",0.0016123295774851,"GPBP1"
"ENSG00000062194","patient1","XGBoost_SHAP","all",0.00177714066617045,"GPBP1"
"ENSG00000062194","patient5","XGBoost_SHAP","all",0.00284480985350583,"GPBP1"
"ENSG00000062194","patient3","XGBoost_SHAP","all",0.00254950327874511,"GPBP1"
"ENSG00000062194","patient2","XGBoost_SHAP","all",0.00125408600440161,"GPBP1"
"ENSG00000062194","patient6","XGBoost_SHAP","all",0.000546620021472036,"GPBP1"
"ENSG00000062716","patient2","XGBoost_SHAP","all",0.00167511785553446,"VMP1"
"ENSG00000062716","patient6","XGBoost_SHAP","all",0.00298967033404795,"VMP1"
"ENSG00000062716","patient1","XGBoost_SHAP","all",0.00316256553616962,"VMP1"
"ENSG00000062716","patient3","XGBoost_SHAP","all",0.00191150072807913,"VMP1"
"ENSG00000062716","patient4","XGBoost_SHAP","all",0.00262504324837947,"VMP1"
"ENSG00000062716","patient5","XGBoost_SHAP","all",0.00138051978242372,"VMP1"
"ENSG00000064042","patient3","XGBoost_SHAP","all",0.00619641066461369,"LIMCH1"
"ENSG00000064042","patient4","XGBoost_SHAP","all",0.00620407190670386,"LIMCH1"
"ENSG00000064042","patient5","XGBoost_SHAP","all",0.00562341970131922,"LIMCH1"
"ENSG00000064042","patient2","XGBoost_SHAP","all",0.00575618144106304,"LIMCH1"
"ENSG00000064042","patient1","XGBoost_SHAP","all",0.00370665117519274,"LIMCH1"
"ENSG00000064042","patient6","XGBoost_SHAP","all",0.0116272336476587,"LIMCH1"
"ENSG00000064205","patient4","XGBoost_SHAP","all",0.00703516785796383,"CCN5"
"ENSG00000064205","patient6","XGBoost_SHAP","all",0.017002474889831,"CCN5"
"ENSG00000064205","patient2","XGBoost_SHAP","all",0.0159399164576697,"CCN5"
"ENSG00000064205","patient3","XGBoost_SHAP","all",0.01394042119848,"CCN5"
"ENSG00000064205","patient1","XGBoost_SHAP","all",0.0193606637794921,"CCN5"
"ENSG00000064205","patient5","XGBoost_SHAP","all",0.0200893332568816,"CCN5"
"ENSG00000064601","patient3","XGBoost_SHAP","all",0.00405158052477168,"CTSA"
"ENSG00000064601","patient6","XGBoost_SHAP","all",0.00338176040028809,"CTSA"
"ENSG00000064601","patient2","XGBoost_SHAP","all",0.00370167025759557,"CTSA"
"ENSG00000064601","patient5","XGBoost_SHAP","all",0.00465120382382334,"CTSA"
"ENSG00000064601","patient1","XGBoost_SHAP","all",0.00279538800195346,"CTSA"
"ENSG00000064601","patient4","XGBoost_SHAP","all",0.00327967842022494,"CTSA"
"ENSG00000064666","patient6","XGBoost_SHAP","all",0.00213827357674333,"CNN2"
"ENSG00000064666","patient5","XGBoost_SHAP","all",0.00274429828930928,"CNN2"
"ENSG00000064989","patient1","XGBoost_SHAP","all",0.0487203521064606,"CALCRL"
"ENSG00000064989","patient2","XGBoost_SHAP","all",0.042666567354853,"CALCRL"
"ENSG00000064989","patient3","XGBoost_SHAP","all",0.0265072775323765,"CALCRL"
"ENSG00000064989","patient5","XGBoost_SHAP","all",0.0522963644991734,"CALCRL"
"ENSG00000064989","patient6","XGBoost_SHAP","all",0.0553657191252545,"CALCRL"
"ENSG00000064989","patient4","XGBoost_SHAP","all",0.0363106524170762,"CALCRL"
"ENSG00000065054","patient3","XGBoost_SHAP","all",0.0081991952242913,"NHERF2"
"ENSG00000065054","patient5","XGBoost_SHAP","all",0.0116625801252274,"NHERF2"
"ENSG00000065054","patient4","XGBoost_SHAP","all",0.00639215053781538,"NHERF2"
"ENSG00000065054","patient2","XGBoost_SHAP","all",0.007765307113785,"NHERF2"
"ENSG00000065054","patient6","XGBoost_SHAP","all",0.00204573238241989,"NHERF2"
"ENSG00000065054","patient1","XGBoost_SHAP","all",0.00535863651432216,"NHERF2"
"ENSG00000065135","patient3","XGBoost_SHAP","all",0.00134048070589234,"GNAI3"
"ENSG00000065135","patient6","XGBoost_SHAP","all",0.0037641881791546,"GNAI3"
"ENSG00000065135","patient2","XGBoost_SHAP","all",0.00136852779052036,"GNAI3"
"ENSG00000065135","patient5","XGBoost_SHAP","all",0.00237861814225016,"GNAI3"
"ENSG00000065135","patient4","XGBoost_SHAP","all",0.00105642196002232,"GNAI3"
"ENSG00000065135","patient1","XGBoost_SHAP","all",0.0031447205944262,"GNAI3"
"ENSG00000065154","patient3","XGBoost_SHAP","all",0.00459743897463766,"OAT"
"ENSG00000065154","patient1","XGBoost_SHAP","all",0.00345660244091907,"OAT"
"ENSG00000065154","patient2","XGBoost_SHAP","all",0.0016217802906188,"OAT"
"ENSG00000065154","patient4","XGBoost_SHAP","all",0.00074049298510422,"OAT"
"ENSG00000065154","patient5","XGBoost_SHAP","all",0.00172515604504769,"OAT"
"ENSG00000065154","patient6","XGBoost_SHAP","all",0.00207540344665663,"OAT"
"ENSG00000065243","patient3","XGBoost_SHAP","all",0.000880961649248361,"PKN2"
"ENSG00000065243","patient5","XGBoost_SHAP","all",0.00117274824675682,"PKN2"
"ENSG00000065243","patient6","XGBoost_SHAP","all",0.000658111145587267,"PKN2"
"ENSG00000065243","patient1","XGBoost_SHAP","all",0.0014142351129564,"PKN2"
"ENSG00000065243","patient4","XGBoost_SHAP","all",0.00104095137332391,"PKN2"
"ENSG00000065243","patient2","XGBoost_SHAP","all",0.000444589043367776,"PKN2"
"ENSG00000065534","patient2","XGBoost_SHAP","all",0.0248716224751944,"MYLK"
"ENSG00000065534","patient6","XGBoost_SHAP","all",0.0237449248390096,"MYLK"
"ENSG00000065534","patient4","XGBoost_SHAP","all",0.0220955092124305,"MYLK"
"ENSG00000065534","patient3","XGBoost_SHAP","all",0.0165362787902268,"MYLK"
"ENSG00000065534","patient5","XGBoost_SHAP","all",0.0195929958149664,"MYLK"
"ENSG00000065534","patient1","XGBoost_SHAP","all",0.019418506235322,"MYLK"
"ENSG00000065548","patient6","XGBoost_SHAP","all",0.00488400907938952,"ZC3H15"
"ENSG00000065548","patient3","XGBoost_SHAP","all",0.00446663243715728,"ZC3H15"
"ENSG00000065548","patient2","XGBoost_SHAP","all",0.00093615754582105,"ZC3H15"
"ENSG00000065548","patient1","XGBoost_SHAP","all",0.00415451051050629,"ZC3H15"
"ENSG00000065548","patient5","XGBoost_SHAP","all",0.00560293648121886,"ZC3H15"
"ENSG00000065548","patient4","XGBoost_SHAP","all",0.00157952835458248,"ZC3H15"
"ENSG00000065613","patient2","XGBoost_SHAP","all",0.00077626726801401,"SLK"
"ENSG00000065613","patient5","XGBoost_SHAP","all",0.00171837380068508,"SLK"
"ENSG00000065613","patient6","XGBoost_SHAP","all",0.0018851286723105,"SLK"
"ENSG00000065613","patient4","XGBoost_SHAP","all",0.000829520788545769,"SLK"
"ENSG00000065613","patient3","XGBoost_SHAP","all",0.00209689652431223,"SLK"
"ENSG00000065613","patient1","XGBoost_SHAP","all",0.00148644994076616,"SLK"
"ENSG00000065809","patient1","XGBoost_SHAP","all",0.00431736423064444,"FAM107B"
"ENSG00000065809","patient6","XGBoost_SHAP","all",0.00360465115879696,"FAM107B"
"ENSG00000065809","patient2","XGBoost_SHAP","all",0.00228738366287448,"FAM107B"
"ENSG00000065809","patient3","XGBoost_SHAP","all",0.00352287176020173,"FAM107B"
"ENSG00000065809","patient4","XGBoost_SHAP","all",0.00227743817822494,"FAM107B"
"ENSG00000065809","patient5","XGBoost_SHAP","all",0.00273212308220108,"FAM107B"
"ENSG00000065911","patient6","XGBoost_SHAP","all",0.00417967178455714,"MTHFD2"
"ENSG00000065911","patient4","XGBoost_SHAP","all",0.00376538009014427,"MTHFD2"
"ENSG00000065911","patient3","XGBoost_SHAP","all",0.00309081198678054,"MTHFD2"
"ENSG00000065911","patient1","XGBoost_SHAP","all",0.00366961083790752,"MTHFD2"
"ENSG00000065911","patient2","XGBoost_SHAP","all",0.00422375094970273,"MTHFD2"
"ENSG00000065911","patient5","XGBoost_SHAP","all",0.00415160308575471,"MTHFD2"
"ENSG00000066336","patient4","XGBoost_SHAP","all",0.0684026561271903,"SPI1"
"ENSG00000066336","patient1","XGBoost_SHAP","all",0.0667659479410544,"SPI1"
"ENSG00000066336","patient6","XGBoost_SHAP","all",0.0789672892908764,"SPI1"
"ENSG00000066336","patient3","XGBoost_SHAP","all",0.0699787613931174,"SPI1"
"ENSG00000066336","patient5","XGBoost_SHAP","all",0.0927411561329314,"SPI1"
"ENSG00000066336","patient2","XGBoost_SHAP","all",0.0181806427971671,"SPI1"
"ENSG00000066654","patient5","XGBoost_SHAP","all",0.00122076120027849,"THUMPD1"
"ENSG00000066654","patient2","XGBoost_SHAP","all",0.000497132108068389,"THUMPD1"
"ENSG00000066654","patient6","XGBoost_SHAP","all",0.00208818813038309,"THUMPD1"
"ENSG00000066654","patient4","XGBoost_SHAP","all",0.00206492871840485,"THUMPD1"
"ENSG00000066654","patient1","XGBoost_SHAP","all",0.00184032648187413,"THUMPD1"
"ENSG00000066654","patient3","XGBoost_SHAP","all",0.00124994989546016,"THUMPD1"
"ENSG00000067066","patient5","XGBoost_SHAP","all",0.00162539454285431,"SP100"
"ENSG00000067066","patient1","XGBoost_SHAP","all",0.000922115903983161,"SP100"
"ENSG00000067066","patient3","XGBoost_SHAP","all",0.00159325905933901,"SP100"
"ENSG00000067066","patient2","XGBoost_SHAP","all",0.00265742899374767,"SP100"
"ENSG00000067066","patient4","XGBoost_SHAP","all",0.00175469192030872,"SP100"
"ENSG00000067066","patient6","XGBoost_SHAP","all",0.0031977335842609,"SP100"
"ENSG00000067082","patient6","XGBoost_SHAP","all",0.00492906256626578,"KLF6"
"ENSG00000067082","patient3","XGBoost_SHAP","all",0.00759301089738907,"KLF6"
"ENSG00000067082","patient5","XGBoost_SHAP","all",0.0027552751856178,"KLF6"
"ENSG00000067082","patient4","XGBoost_SHAP","all",0.00964180786121803,"KLF6"
"ENSG00000067082","patient1","XGBoost_SHAP","all",0.0031084784682771,"KLF6"
"ENSG00000067082","patient2","XGBoost_SHAP","all",0.00228057249897028,"KLF6"
"ENSG00000067113","patient3","XGBoost_SHAP","all",0.00603946960617146,"PLPP1"
"ENSG00000067113","patient4","XGBoost_SHAP","all",0.00827819831511368,"PLPP1"
"ENSG00000067113","patient1","XGBoost_SHAP","all",0.0079730036129826,"PLPP1"
"ENSG00000067113","patient2","XGBoost_SHAP","all",0.0141586549352601,"PLPP1"
"ENSG00000067113","patient5","XGBoost_SHAP","all",0.00738955032729151,"PLPP1"
"ENSG00000067113","patient6","XGBoost_SHAP","all",0.00450606978231178,"PLPP1"
"ENSG00000067167","patient3","XGBoost_SHAP","all",0.00432560269649833,"TRAM1"
"ENSG00000067167","patient2","XGBoost_SHAP","all",0.00333194419137978,"TRAM1"
"ENSG00000067167","patient5","XGBoost_SHAP","all",0.003050630776291,"TRAM1"
"ENSG00000067167","patient4","XGBoost_SHAP","all",0.00504485770170134,"TRAM1"
"ENSG00000067167","patient6","XGBoost_SHAP","all",0.00581138801582584,"TRAM1"
"ENSG00000067167","patient1","XGBoost_SHAP","all",0.00375861457241691,"TRAM1"
"ENSG00000067182","patient4","XGBoost_SHAP","all",0.00620878410859836,"TNFRSF1A"
"ENSG00000067182","patient3","XGBoost_SHAP","all",0.00642715262995038,"TNFRSF1A"
"ENSG00000067182","patient6","XGBoost_SHAP","all",0.00531676492550392,"TNFRSF1A"
"ENSG00000067182","patient2","XGBoost_SHAP","all",0.00114297194907615,"TNFRSF1A"
"ENSG00000067182","patient5","XGBoost_SHAP","all",0.00660402551185798,"TNFRSF1A"
"ENSG00000067182","patient1","XGBoost_SHAP","all",0.0108606975671989,"TNFRSF1A"
"ENSG00000067225","patient2","XGBoost_SHAP","all",0.00967102312595297,"PKM"
"ENSG00000067225","patient3","XGBoost_SHAP","all",0.00625791098821826,"PKM"
"ENSG00000067225","patient6","XGBoost_SHAP","all",0.00705993172116876,"PKM"
"ENSG00000067225","patient4","XGBoost_SHAP","all",0.0057279061991384,"PKM"
"ENSG00000067225","patient1","XGBoost_SHAP","all",0.00249523463658383,"PKM"
"ENSG00000067248","patient3","XGBoost_SHAP","all",0.000259966678709128,"DHX29"
"ENSG00000067248","patient4","XGBoost_SHAP","all",0.000940487430217502,"DHX29"
"ENSG00000067248","patient2","XGBoost_SHAP","all",0.00169432582877984,"DHX29"
"ENSG00000067248","patient6","XGBoost_SHAP","all",0.000785592021271504,"DHX29"
"ENSG00000067248","patient1","XGBoost_SHAP","all",0.000486977725361914,"DHX29"
"ENSG00000067248","patient5","XGBoost_SHAP","all",0.000861920371684386,"DHX29"
"ENSG00000067829","patient3","XGBoost_SHAP","all",0.00208091947247578,"IDH3G"
"ENSG00000067829","patient6","XGBoost_SHAP","all",0.00225059897864348,"IDH3G"
"ENSG00000067829","patient2","XGBoost_SHAP","all",0.00177850969210222,"IDH3G"
"ENSG00000067829","patient4","XGBoost_SHAP","all",0.00144306286620366,"IDH3G"
"ENSG00000067829","patient5","XGBoost_SHAP","all",0.0021960391674074,"IDH3G"
"ENSG00000067829","patient1","XGBoost_SHAP","all",0.00227191173542455,"IDH3G"
"ENSG00000067900","patient2","XGBoost_SHAP","all",0.00214247049826928,"ROCK1"
"ENSG00000067900","patient1","XGBoost_SHAP","all",0.0141087524289344,"ROCK1"
"ENSG00000067900","patient4","XGBoost_SHAP","all",0.00837727652784788,"ROCK1"
"ENSG00000067900","patient5","XGBoost_SHAP","all",0.00623038471939377,"ROCK1"
"ENSG00000067900","patient3","XGBoost_SHAP","all",0.00938515676775759,"ROCK1"
"ENSG00000067900","patient6","XGBoost_SHAP","all",0.00571966688206896,"ROCK1"
"ENSG00000068001","patient6","XGBoost_SHAP","all",0.0267219133739405,"HYAL2"
"ENSG00000068001","patient3","XGBoost_SHAP","all",0.0184732306454573,"HYAL2"
"ENSG00000068001","patient5","XGBoost_SHAP","all",0.0231013396040038,"HYAL2"
"ENSG00000068001","patient2","XGBoost_SHAP","all",0.0254372493318156,"HYAL2"
"ENSG00000068001","patient4","XGBoost_SHAP","all",0.0165153368183147,"HYAL2"
"ENSG00000068001","patient1","XGBoost_SHAP","all",0.0241235754782736,"HYAL2"
"ENSG00000068305","patient1","XGBoost_SHAP","all",0.00525943675827142,"MEF2A"
"ENSG00000068305","patient3","XGBoost_SHAP","all",0.00530412561173767,"MEF2A"
"ENSG00000068305","patient2","XGBoost_SHAP","all",0.00443557294017098,"MEF2A"
"ENSG00000068305","patient5","XGBoost_SHAP","all",0.0085963630684382,"MEF2A"
"ENSG00000068305","patient4","XGBoost_SHAP","all",0.00781577289437342,"MEF2A"
"ENSG00000068305","patient6","XGBoost_SHAP","all",0.00389705920042926,"MEF2A"
"ENSG00000068912","patient1","XGBoost_SHAP","all",0.00350974458589919,"ERLEC1"
"ENSG00000068912","patient4","XGBoost_SHAP","all",0.00197515346902952,"ERLEC1"
"ENSG00000068912","patient3","XGBoost_SHAP","all",0.00178861153490561,"ERLEC1"
"ENSG00000068912","patient5","XGBoost_SHAP","all",0.00133697185387968,"ERLEC1"
"ENSG00000068912","patient2","XGBoost_SHAP","all",0.00799500322376287,"ERLEC1"
"ENSG00000068912","patient6","XGBoost_SHAP","all",0.00117688785131996,"ERLEC1"
"ENSG00000069329","patient3","XGBoost_SHAP","all",0.00240550829212344,"VPS35"
"ENSG00000069329","patient2","XGBoost_SHAP","all",0.00256118660810293,"VPS35"
"ENSG00000069329","patient1","XGBoost_SHAP","all",0.00139964926793616,"VPS35"
"ENSG00000069329","patient6","XGBoost_SHAP","all",0.0016405874028072,"VPS35"
"ENSG00000069329","patient5","XGBoost_SHAP","all",0.00197137877718468,"VPS35"
"ENSG00000069329","patient4","XGBoost_SHAP","all",0.00138645439517162,"VPS35"
"ENSG00000069345","patient6","XGBoost_SHAP","all",0.00091861371380826,"DNAJA2"
"ENSG00000069345","patient2","XGBoost_SHAP","all",0.00257744375047581,"DNAJA2"
"ENSG00000069345","patient4","XGBoost_SHAP","all",0.00190368731462324,"DNAJA2"
"ENSG00000069345","patient5","XGBoost_SHAP","all",0.00118897323467578,"DNAJA2"
"ENSG00000069345","patient1","XGBoost_SHAP","all",0.000955202260250464,"DNAJA2"
"ENSG00000069345","patient3","XGBoost_SHAP","all",0.00220007318366208,"DNAJA2"
"ENSG00000069702","patient3","XGBoost_SHAP","all",0.000980990753099851,"TGFBR3"
"ENSG00000069702","patient5","XGBoost_SHAP","all",0.00424938019461826,"TGFBR3"
"ENSG00000069702","patient1","XGBoost_SHAP","all",0.000839477357306674,"TGFBR3"
"ENSG00000069702","patient2","XGBoost_SHAP","all",0.00231500168165449,"TGFBR3"
"ENSG00000069702","patient4","XGBoost_SHAP","all",0.00915328408514286,"TGFBR3"
"ENSG00000069702","patient6","XGBoost_SHAP","all",0.00183235162538046,"TGFBR3"
"ENSG00000069849","patient1","XGBoost_SHAP","all",0.00282026032820432,"ATP1B3"
"ENSG00000069849","patient4","XGBoost_SHAP","all",0.00251891687569853,"ATP1B3"
"ENSG00000069849","patient6","XGBoost_SHAP","all",0.00181102095202972,"ATP1B3"
"ENSG00000069849","patient3","XGBoost_SHAP","all",0.00231190588644438,"ATP1B3"
"ENSG00000069849","patient2","XGBoost_SHAP","all",0.00216382723731408,"ATP1B3"
"ENSG00000069849","patient5","XGBoost_SHAP","all",0.00208817972970428,"ATP1B3"
"ENSG00000070010","patient6","XGBoost_SHAP","all",0.00293595138734177,"UFD1"
"ENSG00000070010","patient1","XGBoost_SHAP","all",0.00603737076342805,"UFD1"
"ENSG00000070010","patient3","XGBoost_SHAP","all",0.00194694304795973,"UFD1"
"ENSG00000070010","patient4","XGBoost_SHAP","all",0.00160835117553381,"UFD1"
"ENSG00000070010","patient2","XGBoost_SHAP","all",0.000829133745735817,"UFD1"
"ENSG00000070010","patient5","XGBoost_SHAP","all",0.0062487691253338,"UFD1"
"ENSG00000070081","patient3","XGBoost_SHAP","all",0.0046347418635317,"NUCB2"
"ENSG00000070081","patient2","XGBoost_SHAP","all",0.00318295365329148,"NUCB2"
"ENSG00000070081","patient6","XGBoost_SHAP","all",0.00660025366588196,"NUCB2"
"ENSG00000070081","patient4","XGBoost_SHAP","all",0.00242555554458938,"NUCB2"
"ENSG00000070081","patient5","XGBoost_SHAP","all",0.0045659601441153,"NUCB2"
"ENSG00000070081","patient1","XGBoost_SHAP","all",0.00531763579786399,"NUCB2"
"ENSG00000070087","patient1","XGBoost_SHAP","all",0.0015831539663571,"PFN2"
"ENSG00000070087","patient5","XGBoost_SHAP","all",0.000727044742836975,"PFN2"
"ENSG00000070087","patient4","XGBoost_SHAP","all",0.0020386610750857,"PFN2"
"ENSG00000070087","patient3","XGBoost_SHAP","all",0.00195881343309281,"PFN2"
"ENSG00000070087","patient6","XGBoost_SHAP","all",0.00164389631813603,"PFN2"
"ENSG00000070087","patient2","XGBoost_SHAP","all",0.00222885233691164,"PFN2"
"ENSG00000070214","patient4","XGBoost_SHAP","all",0.00292011309270831,"SLC44A1"
"ENSG00000070214","patient5","XGBoost_SHAP","all",0.00300247094993266,"SLC44A1"
"ENSG00000070404","patient1","XGBoost_SHAP","all",0.00205433513034352,"FSTL3"
"ENSG00000070404","patient6","XGBoost_SHAP","all",0.00131609430584648,"FSTL3"
"ENSG00000070404","patient2","XGBoost_SHAP","all",0.00137711410086558,"FSTL3"
"ENSG00000070404","patient4","XGBoost_SHAP","all",0.00226989653045865,"FSTL3"
"ENSG00000070404","patient3","XGBoost_SHAP","all",0.00151944696090265,"FSTL3"
"ENSG00000070961","patient1","XGBoost_SHAP","all",0.00610508218131151,"ATP2B1"
"ENSG00000070961","patient5","XGBoost_SHAP","all",0.00379422287362585,"ATP2B1"
"ENSG00000070961","patient3","XGBoost_SHAP","all",0.00758892663778083,"ATP2B1"
"ENSG00000070961","patient6","XGBoost_SHAP","all",0.00831165595779294,"ATP2B1"
"ENSG00000070961","patient2","XGBoost_SHAP","all",0.0042514215823018,"ATP2B1"
"ENSG00000070961","patient4","XGBoost_SHAP","all",0.00330191019627511,"ATP2B1"
"ENSG00000071054","patient4","XGBoost_SHAP","all",0.00125077145481677,"MAP4K4"
"ENSG00000071127","patient5","XGBoost_SHAP","all",0.00373644479796594,"WDR1"
"ENSG00000071127","patient2","XGBoost_SHAP","all",0.0011836415830391,"WDR1"
"ENSG00000071127","patient6","XGBoost_SHAP","all",0.0031348725020907,"WDR1"
"ENSG00000071127","patient1","XGBoost_SHAP","all",0.00349120821131752,"WDR1"
"ENSG00000071127","patient3","XGBoost_SHAP","all",0.00294199422433855,"WDR1"
"ENSG00000071127","patient4","XGBoost_SHAP","all",0.00311569644717256,"WDR1"
"ENSG00000071205","patient3","XGBoost_SHAP","all",0.00605041820060922,"ARHGAP10"
"ENSG00000071205","patient6","XGBoost_SHAP","all",0.00655758307524419,"ARHGAP10"
"ENSG00000071205","patient1","XGBoost_SHAP","all",0.0094803372269707,"ARHGAP10"
"ENSG00000071205","patient2","XGBoost_SHAP","all",0.00354134212839108,"ARHGAP10"
"ENSG00000071205","patient4","XGBoost_SHAP","all",0.0129754257802191,"ARHGAP10"
"ENSG00000071205","patient5","XGBoost_SHAP","all",0.00952318327750131,"ARHGAP10"
"ENSG00000071282","patient1","XGBoost_SHAP","all",0.0044006774819656,"LMCD1"
"ENSG00000071282","patient4","XGBoost_SHAP","all",0.00179047196561203,"LMCD1"
"ENSG00000071282","patient6","XGBoost_SHAP","all",0.00240301891417039,"LMCD1"
"ENSG00000071282","patient3","XGBoost_SHAP","all",0.00393216529475102,"LMCD1"
"ENSG00000071282","patient5","XGBoost_SHAP","all",0.00223244671938549,"LMCD1"
"ENSG00000071282","patient2","XGBoost_SHAP","all",0.00232835647153905,"LMCD1"
"ENSG00000071553","patient6","XGBoost_SHAP","all",0.00534679412011375,"ATP6AP1"
"ENSG00000071553","patient2","XGBoost_SHAP","all",0.000566534379997112,"ATP6AP1"
"ENSG00000071553","patient3","XGBoost_SHAP","all",0.0043287356156251,"ATP6AP1"
"ENSG00000071553","patient5","XGBoost_SHAP","all",0.00599697492699296,"ATP6AP1"
"ENSG00000071553","patient1","XGBoost_SHAP","all",0.00371593533694195,"ATP6AP1"
"ENSG00000071553","patient4","XGBoost_SHAP","all",0.00423101412278499,"ATP6AP1"
"ENSG00000071859","patient5","XGBoost_SHAP","all",0.000606324953703128,"FAM50A"
"ENSG00000071859","patient2","XGBoost_SHAP","all",0.000937672403152752,"FAM50A"
"ENSG00000071859","patient3","XGBoost_SHAP","all",0.00178298674167359,"FAM50A"
"ENSG00000071859","patient4","XGBoost_SHAP","all",0.00250963099614332,"FAM50A"
"ENSG00000071859","patient6","XGBoost_SHAP","all",0.00163129733958217,"FAM50A"
"ENSG00000071859","patient1","XGBoost_SHAP","all",0.00195823691771637,"FAM50A"
"ENSG00000071967","patient6","XGBoost_SHAP","all",0.00164832996101403,"CYBRD1"
"ENSG00000071967","patient5","XGBoost_SHAP","all",0.00482471385611358,"CYBRD1"
"ENSG00000071967","patient1","XGBoost_SHAP","all",0.00186756287466544,"CYBRD1"
"ENSG00000071967","patient3","XGBoost_SHAP","all",0.00524265489438381,"CYBRD1"
"ENSG00000071967","patient2","XGBoost_SHAP","all",0.00327188083776612,"CYBRD1"
"ENSG00000071967","patient4","XGBoost_SHAP","all",0.00302980413746974,"CYBRD1"
"ENSG00000072110","patient4","XGBoost_SHAP","all",0.00911813136258574,"ACTN1"
"ENSG00000072110","patient3","XGBoost_SHAP","all",0.00911537094309516,"ACTN1"
"ENSG00000072110","patient6","XGBoost_SHAP","all",0.00629849260950444,"ACTN1"
"ENSG00000072110","patient1","XGBoost_SHAP","all",0.00391722400574394,"ACTN1"
"ENSG00000072110","patient2","XGBoost_SHAP","all",0.00465330334673132,"ACTN1"
"ENSG00000072110","patient5","XGBoost_SHAP","all",0.00505710085955562,"ACTN1"
"ENSG00000072163","patient4","XGBoost_SHAP","all",0.000669086010719192,"LIMS2"
"ENSG00000072163","patient5","XGBoost_SHAP","all",0.000765055448177775,"LIMS2"
"ENSG00000072163","patient2","XGBoost_SHAP","all",0.00226379917660597,"LIMS2"
"ENSG00000072163","patient1","XGBoost_SHAP","all",0.00103718733603036,"LIMS2"
"ENSG00000072163","patient6","XGBoost_SHAP","all",0.00233638091521789,"LIMS2"
"ENSG00000072163","patient3","XGBoost_SHAP","all",0.00109516782416117,"LIMS2"
"ENSG00000072364","patient3","XGBoost_SHAP","all",0.00180034456558132,"AFF4"
"ENSG00000072364","patient4","XGBoost_SHAP","all",0.00124443183181378,"AFF4"
"ENSG00000072364","patient1","XGBoost_SHAP","all",0.00133679918347844,"AFF4"
"ENSG00000072506","patient3","XGBoost_SHAP","all",0.000185693002166168,"HSD17B10"
"ENSG00000072506","patient4","XGBoost_SHAP","all",0.000703448144237561,"HSD17B10"
"ENSG00000072506","patient6","XGBoost_SHAP","all",0.0013846707707089,"HSD17B10"
"ENSG00000072506","patient5","XGBoost_SHAP","all",0.00159332130190521,"HSD17B10"
"ENSG00000072506","patient2","XGBoost_SHAP","all",0.000741501923964862,"HSD17B10"
"ENSG00000072506","patient1","XGBoost_SHAP","all",0.00067292599027982,"HSD17B10"
"ENSG00000072778","patient1","XGBoost_SHAP","all",0.00291830644145743,"ACADVL"
"ENSG00000072778","patient2","XGBoost_SHAP","all",0.00194427284207269,"ACADVL"
"ENSG00000072778","patient3","XGBoost_SHAP","all",0.0112023698700814,"ACADVL"
"ENSG00000072778","patient5","XGBoost_SHAP","all",0.00456045240349818,"ACADVL"
"ENSG00000072778","patient6","XGBoost_SHAP","all",0.00739664578691714,"ACADVL"
"ENSG00000072778","patient4","XGBoost_SHAP","all",0.00273526274544035,"ACADVL"
"ENSG00000072952","patient1","XGBoost_SHAP","all",0.00443338862274494,"IRAG1"
"ENSG00000072952","patient4","XGBoost_SHAP","all",0.00265106010367979,"IRAG1"
"ENSG00000072952","patient5","XGBoost_SHAP","all",0.00343542655325716,"IRAG1"
"ENSG00000072952","patient3","XGBoost_SHAP","all",0.00621859641008637,"IRAG1"
"ENSG00000072952","patient6","XGBoost_SHAP","all",0.0037618735450948,"IRAG1"
"ENSG00000072952","patient2","XGBoost_SHAP","all",0.0018336573972247,"IRAG1"
"ENSG00000073712","patient4","XGBoost_SHAP","all",0.00171233301025377,"FERMT2"
"ENSG00000073712","patient5","XGBoost_SHAP","all",0.00122411624726676,"FERMT2"
"ENSG00000073712","patient6","XGBoost_SHAP","all",0.000983584397514293,"FERMT2"
"ENSG00000073712","patient2","XGBoost_SHAP","all",0.00219980158040201,"FERMT2"
"ENSG00000073712","patient3","XGBoost_SHAP","all",0.000446514476878895,"FERMT2"
"ENSG00000073712","patient1","XGBoost_SHAP","all",0.002081052919561,"FERMT2"
"ENSG00000073921","patient5","XGBoost_SHAP","all",0.00184138827079171,"PICALM"
"ENSG00000073921","patient6","XGBoost_SHAP","all",0.00167599135667717,"PICALM"
"ENSG00000073921","patient2","XGBoost_SHAP","all",0.000901506923295549,"PICALM"
"ENSG00000073921","patient4","XGBoost_SHAP","all",0.00193453962268167,"PICALM"
"ENSG00000073921","patient3","XGBoost_SHAP","all",0.00318167749703395,"PICALM"
"ENSG00000073921","patient1","XGBoost_SHAP","all",0.00132969099838891,"PICALM"
"ENSG00000074071","patient1","XGBoost_SHAP","all",0.00253208027908112,"MRPS34"
"ENSG00000074071","patient4","XGBoost_SHAP","all",0.00138796064567639,"MRPS34"
"ENSG00000074071","patient2","XGBoost_SHAP","all",0.00267858679489702,"MRPS34"
"ENSG00000074071","patient5","XGBoost_SHAP","all",0.00270413756361389,"MRPS34"
"ENSG00000074071","patient6","XGBoost_SHAP","all",0.0015645683122772,"MRPS34"
"ENSG00000074071","patient3","XGBoost_SHAP","all",0.00206311551372562,"MRPS34"
"ENSG00000074181","patient6","XGBoost_SHAP","all",0.142721709791099,"NOTCH3"
"ENSG00000074181","patient3","XGBoost_SHAP","all",0.1466580479764,"NOTCH3"
"ENSG00000074181","patient5","XGBoost_SHAP","all",0.133571104001641,"NOTCH3"
"ENSG00000074181","patient1","XGBoost_SHAP","all",0.149749009273435,"NOTCH3"
"ENSG00000074181","patient2","XGBoost_SHAP","all",0.140683039729697,"NOTCH3"
"ENSG00000074181","patient4","XGBoost_SHAP","all",0.148644447743745,"NOTCH3"
"ENSG00000074416","patient1","XGBoost_SHAP","all",0.0261471919718577,"MGLL"
"ENSG00000074416","patient4","XGBoost_SHAP","all",0.0213870382319378,"MGLL"
"ENSG00000074416","patient5","XGBoost_SHAP","all",0.023388897178269,"MGLL"
"ENSG00000074416","patient3","XGBoost_SHAP","all",0.0230757113758875,"MGLL"
"ENSG00000074416","patient2","XGBoost_SHAP","all",0.0194409616304584,"MGLL"
"ENSG00000074416","patient6","XGBoost_SHAP","all",0.0145343928379937,"MGLL"
"ENSG00000074695","patient3","XGBoost_SHAP","all",0.00176827716014429,"LMAN1"
"ENSG00000074695","patient2","XGBoost_SHAP","all",0.00173806918379402,"LMAN1"
"ENSG00000074695","patient5","XGBoost_SHAP","all",0.00113987513534695,"LMAN1"
"ENSG00000074695","patient1","XGBoost_SHAP","all",0.00140885479458789,"LMAN1"
"ENSG00000074695","patient4","XGBoost_SHAP","all",0.00137623567813235,"LMAN1"
"ENSG00000074695","patient6","XGBoost_SHAP","all",0.00112559391805979,"LMAN1"
"ENSG00000074842","patient4","XGBoost_SHAP","all",0.0035928483562044,"MYDGF"
"ENSG00000074842","patient5","XGBoost_SHAP","all",0.00449131294381133,"MYDGF"
"ENSG00000074842","patient1","XGBoost_SHAP","all",0.00665298727357974,"MYDGF"
"ENSG00000074842","patient2","XGBoost_SHAP","all",0.00629429080808164,"MYDGF"
"ENSG00000074842","patient6","XGBoost_SHAP","all",0.00352727656470479,"MYDGF"
"ENSG00000074842","patient3","XGBoost_SHAP","all",0.00648491906106818,"MYDGF"
"ENSG00000075142","patient6","XGBoost_SHAP","all",0.00264399983197469,"SRI"
"ENSG00000075142","patient1","XGBoost_SHAP","all",0.00122291421710779,"SRI"
"ENSG00000075142","patient2","XGBoost_SHAP","all",0.00188957071198824,"SRI"
"ENSG00000075142","patient5","XGBoost_SHAP","all",0.00210877644210876,"SRI"
"ENSG00000075142","patient3","XGBoost_SHAP","all",0.00188476791931068,"SRI"
"ENSG00000075142","patient4","XGBoost_SHAP","all",0.00187275721937231,"SRI"
"ENSG00000075239","patient2","XGBoost_SHAP","all",0.00188659806587679,"ACAT1"
"ENSG00000075239","patient6","XGBoost_SHAP","all",0.00131536247260435,"ACAT1"
"ENSG00000075239","patient3","XGBoost_SHAP","all",0.00182147827701805,"ACAT1"
"ENSG00000075239","patient1","XGBoost_SHAP","all",0.00324198162658333,"ACAT1"
"ENSG00000075239","patient5","XGBoost_SHAP","all",0.00140888340137097,"ACAT1"
"ENSG00000075239","patient4","XGBoost_SHAP","all",0.000967272791307858,"ACAT1"
"ENSG00000075292","patient1","XGBoost_SHAP","all",0.0053390391493378,"ZNF638"
"ENSG00000075292","patient5","XGBoost_SHAP","all",0.00461166874200836,"ZNF638"
"ENSG00000075292","patient6","XGBoost_SHAP","all",0.000982927503361378,"ZNF638"
"ENSG00000075292","patient2","XGBoost_SHAP","all",0.00218951705911908,"ZNF638"
"ENSG00000075292","patient3","XGBoost_SHAP","all",0.00297051590711266,"ZNF638"
"ENSG00000075292","patient4","XGBoost_SHAP","all",0.00261367503506298,"ZNF638"
"ENSG00000075420","patient6","XGBoost_SHAP","all",0.00111887342413505,"FNDC3B"
"ENSG00000075420","patient4","XGBoost_SHAP","all",0.00345283805607437,"FNDC3B"
"ENSG00000075420","patient2","XGBoost_SHAP","all",0.00282641734312579,"FNDC3B"
"ENSG00000075420","patient3","XGBoost_SHAP","all",0.00128429722297004,"FNDC3B"
"ENSG00000075539","patient4","XGBoost_SHAP","all",0.000997381668708196,"FRYL"
"ENSG00000075785","patient3","XGBoost_SHAP","all",0.00221696629038226,"RAB7A"
"ENSG00000075785","patient6","XGBoost_SHAP","all",0.0023385511395723,"RAB7A"
"ENSG00000075785","patient4","XGBoost_SHAP","all",0.00271442453648025,"RAB7A"
"ENSG00000075785","patient1","XGBoost_SHAP","all",0.00193463167713469,"RAB7A"
"ENSG00000075785","patient5","XGBoost_SHAP","all",0.00187007692021741,"RAB7A"
"ENSG00000075785","patient2","XGBoost_SHAP","all",0.00172694993806848,"RAB7A"
"ENSG00000075790","patient5","XGBoost_SHAP","all",0.00151617251597175,"BCAP29"
"ENSG00000075790","patient1","XGBoost_SHAP","all",0.00114102876714691,"BCAP29"
"ENSG00000075790","patient2","XGBoost_SHAP","all",0.00212065350432809,"BCAP29"
"ENSG00000075790","patient6","XGBoost_SHAP","all",0.00142370163822732,"BCAP29"
"ENSG00000075790","patient3","XGBoost_SHAP","all",0.00175466580870008,"BCAP29"
"ENSG00000075790","patient4","XGBoost_SHAP","all",0.00151841243769013,"BCAP29"
"ENSG00000076043","patient1","XGBoost_SHAP","all",0.00200336689038522,"REXO2"
"ENSG00000076043","patient3","XGBoost_SHAP","all",0.00314685552900605,"REXO2"
"ENSG00000076043","patient2","XGBoost_SHAP","all",0.00256619570331187,"REXO2"
"ENSG00000076043","patient6","XGBoost_SHAP","all",0.00176550678536301,"REXO2"
"ENSG00000076043","patient5","XGBoost_SHAP","all",0.00380165109369838,"REXO2"
"ENSG00000076043","patient4","XGBoost_SHAP","all",0.00323947629393896,"REXO2"
"ENSG00000076706","patient1","XGBoost_SHAP","all",0.0587968075262424,"MCAM"
"ENSG00000076706","patient3","XGBoost_SHAP","all",0.0830897533492584,"MCAM"
"ENSG00000076706","patient2","XGBoost_SHAP","all",0.0814583618450261,"MCAM"
"ENSG00000076706","patient5","XGBoost_SHAP","all",0.0802703889188896,"MCAM"
"ENSG00000076706","patient4","XGBoost_SHAP","all",0.0972661187863266,"MCAM"
"ENSG00000076706","patient6","XGBoost_SHAP","all",0.0859782794871539,"MCAM"
"ENSG00000077147","patient1","XGBoost_SHAP","all",0.00324293657589762,"TM9SF3"
"ENSG00000077147","patient6","XGBoost_SHAP","all",0.00447903504689505,"TM9SF3"
"ENSG00000077147","patient5","XGBoost_SHAP","all",0.00553512842343255,"TM9SF3"
"ENSG00000077147","patient4","XGBoost_SHAP","all",0.00681558676128875,"TM9SF3"
"ENSG00000077147","patient2","XGBoost_SHAP","all",0.00656169769485519,"TM9SF3"
"ENSG00000077147","patient3","XGBoost_SHAP","all",0.00421123718466824,"TM9SF3"
"ENSG00000077157","patient3","XGBoost_SHAP","all",0.00574150616325678,"PPP1R12B"
"ENSG00000077157","patient2","XGBoost_SHAP","all",0.00383891913913184,"PPP1R12B"
"ENSG00000077157","patient5","XGBoost_SHAP","all",0.00176199337167856,"PPP1R12B"
"ENSG00000077157","patient4","XGBoost_SHAP","all",0.00180358585465656,"PPP1R12B"
"ENSG00000077157","patient1","XGBoost_SHAP","all",0.00229241751327815,"PPP1R12B"
"ENSG00000077157","patient6","XGBoost_SHAP","all",0.00698003985824917,"PPP1R12B"
"ENSG00000077232","patient5","XGBoost_SHAP","all",0.000878598297976492,"DNAJC10"
"ENSG00000077232","patient4","XGBoost_SHAP","all",0.00265123903238663,"DNAJC10"
"ENSG00000077232","patient1","XGBoost_SHAP","all",0.00238949615321811,"DNAJC10"
"ENSG00000077232","patient6","XGBoost_SHAP","all",0.00362251113195576,"DNAJC10"
"ENSG00000077232","patient3","XGBoost_SHAP","all",0.000617461596393391,"DNAJC10"
"ENSG00000077232","patient2","XGBoost_SHAP","all",0.00159763732317399,"DNAJC10"
"ENSG00000077380","patient1","XGBoost_SHAP","all",0.00173257710918371,"DYNC1I2"
"ENSG00000077380","patient2","XGBoost_SHAP","all",0.00127678959983131,"DYNC1I2"
"ENSG00000077380","patient5","XGBoost_SHAP","all",0.00207647542769821,"DYNC1I2"
"ENSG00000077380","patient6","XGBoost_SHAP","all",0.00186565070446928,"DYNC1I2"
"ENSG00000077782","patient4","XGBoost_SHAP","all",0.00303588817321771,"FGFR1"
"ENSG00000077782","patient6","XGBoost_SHAP","all",0.00207909346584469,"FGFR1"
"ENSG00000077782","patient3","XGBoost_SHAP","all",0.00199161729623362,"FGFR1"
"ENSG00000077782","patient2","XGBoost_SHAP","all",0.00200557405818591,"FGFR1"
"ENSG00000077782","patient5","XGBoost_SHAP","all",0.00192489609458063,"FGFR1"
"ENSG00000077782","patient1","XGBoost_SHAP","all",0.00135514514330558,"FGFR1"
"ENSG00000077942","patient4","XGBoost_SHAP","all",0.125334239660206,"FBLN1"
"ENSG00000077942","patient2","XGBoost_SHAP","all",0.124830457141061,"FBLN1"
"ENSG00000077942","patient5","XGBoost_SHAP","all",0.109326379630749,"FBLN1"
"ENSG00000077942","patient3","XGBoost_SHAP","all",0.10889962056146,"FBLN1"
"ENSG00000077942","patient1","XGBoost_SHAP","all",0.14387422469374,"FBLN1"
"ENSG00000077942","patient6","XGBoost_SHAP","all",0.0997642274684891,"FBLN1"
"ENSG00000077943","patient4","XGBoost_SHAP","all",0.105216902170272,"ITGA8"
"ENSG00000077943","patient1","XGBoost_SHAP","all",0.105716338125215,"ITGA8"
"ENSG00000077943","patient6","XGBoost_SHAP","all",0.101671502961123,"ITGA8"
"ENSG00000077943","patient3","XGBoost_SHAP","all",0.100848060860479,"ITGA8"
"ENSG00000077943","patient5","XGBoost_SHAP","all",0.112047994589799,"ITGA8"
"ENSG00000077943","patient2","XGBoost_SHAP","all",0.104297175941151,"ITGA8"
"ENSG00000078140","patient1","XGBoost_SHAP","all",0.00204833603175515,"UBE2K"
"ENSG00000078140","patient3","XGBoost_SHAP","all",0.000781901840642438,"UBE2K"
"ENSG00000078140","patient6","XGBoost_SHAP","all",0.00190122954390302,"UBE2K"
"ENSG00000078140","patient5","XGBoost_SHAP","all",0.0013661252901883,"UBE2K"
"ENSG00000078140","patient2","XGBoost_SHAP","all",0.00113417115133656,"UBE2K"
"ENSG00000078140","patient4","XGBoost_SHAP","all",0.00121496291723386,"UBE2K"
"ENSG00000078369","patient2","XGBoost_SHAP","all",0.000516865291687003,"GNB1"
"ENSG00000078369","patient1","XGBoost_SHAP","all",0.00153799427415345,"GNB1"
"ENSG00000078369","patient4","XGBoost_SHAP","all",0.0018137212222354,"GNB1"
"ENSG00000078369","patient6","XGBoost_SHAP","all",0.000881680103346111,"GNB1"
"ENSG00000078369","patient5","XGBoost_SHAP","all",0.0016006015677728,"GNB1"
"ENSG00000078369","patient3","XGBoost_SHAP","all",0.000635329969363146,"GNB1"
"ENSG00000078596","patient6","XGBoost_SHAP","all",0.0419385024722098,"ITM2A"
"ENSG00000078596","patient5","XGBoost_SHAP","all",0.0443823290390047,"ITM2A"
"ENSG00000078596","patient4","XGBoost_SHAP","all",0.0516593404059085,"ITM2A"
"ENSG00000078596","patient2","XGBoost_SHAP","all",0.0441048265705895,"ITM2A"
"ENSG00000078596","patient1","XGBoost_SHAP","all",0.030448098338815,"ITM2A"
"ENSG00000078596","patient3","XGBoost_SHAP","all",0.0463145542875825,"ITM2A"
"ENSG00000078618","patient3","XGBoost_SHAP","all",0.00208932376643396,"NRDC"
"ENSG00000078618","patient6","XGBoost_SHAP","all",0.000562219717264823,"NRDC"
"ENSG00000078618","patient1","XGBoost_SHAP","all",0.00120524753816791,"NRDC"
"ENSG00000078618","patient4","XGBoost_SHAP","all",0.000866060333234455,"NRDC"
"ENSG00000078618","patient5","XGBoost_SHAP","all",0.00207717708469693,"NRDC"
"ENSG00000078618","patient2","XGBoost_SHAP","all",0.00111911513171859,"NRDC"
"ENSG00000078668","patient3","XGBoost_SHAP","all",0.000883229273444135,"VDAC3"
"ENSG00000078668","patient4","XGBoost_SHAP","all",0.00111240879391819,"VDAC3"
"ENSG00000078668","patient2","XGBoost_SHAP","all",0.00125034834425604,"VDAC3"
"ENSG00000078668","patient5","XGBoost_SHAP","all",0.00250409041571601,"VDAC3"
"ENSG00000078668","patient1","XGBoost_SHAP","all",0.000830119835248617,"VDAC3"
"ENSG00000078668","patient6","XGBoost_SHAP","all",0.000855129095028449,"VDAC3"
"ENSG00000078674","patient5","XGBoost_SHAP","all",0.0038955307048208,"PCM1"
"ENSG00000078674","patient1","XGBoost_SHAP","all",0.00404053226833501,"PCM1"
"ENSG00000078674","patient2","XGBoost_SHAP","all",0.00575083844394049,"PCM1"
"ENSG00000078674","patient6","XGBoost_SHAP","all",0.00169930293276658,"PCM1"
"ENSG00000078674","patient3","XGBoost_SHAP","all",0.00304967481100327,"PCM1"
"ENSG00000078674","patient4","XGBoost_SHAP","all",0.0040928627914955,"PCM1"
"ENSG00000078808","patient3","XGBoost_SHAP","all",0.00523802256332417,"SDF4"
"ENSG00000078808","patient4","XGBoost_SHAP","all",0.00373809384754588,"SDF4"
"ENSG00000078808","patient2","XGBoost_SHAP","all",0.00513924831556455,"SDF4"
"ENSG00000078808","patient6","XGBoost_SHAP","all",0.00693775626697248,"SDF4"
"ENSG00000078808","patient5","XGBoost_SHAP","all",0.00983300442744449,"SDF4"
"ENSG00000078808","patient1","XGBoost_SHAP","all",0.00699191123873994,"SDF4"
"ENSG00000079308","patient6","XGBoost_SHAP","all",0.0326237298026678,"TNS1"
"ENSG00000079308","patient2","XGBoost_SHAP","all",0.0153727202422848,"TNS1"
"ENSG00000079308","patient5","XGBoost_SHAP","all",0.0165010951751366,"TNS1"
"ENSG00000079308","patient1","XGBoost_SHAP","all",0.0237126488833797,"TNS1"
"ENSG00000079308","patient3","XGBoost_SHAP","all",0.0176104333458334,"TNS1"
"ENSG00000079308","patient4","XGBoost_SHAP","all",0.020081714180393,"TNS1"
"ENSG00000079332","patient6","XGBoost_SHAP","all",0.00143172232382461,"SAR1A"
"ENSG00000079332","patient3","XGBoost_SHAP","all",0.00505316514575827,"SAR1A"
"ENSG00000079332","patient5","XGBoost_SHAP","all",0.00176010874657189,"SAR1A"
"ENSG00000079332","patient2","XGBoost_SHAP","all",0.00232612681035487,"SAR1A"
"ENSG00000079332","patient1","XGBoost_SHAP","all",0.00323200222409533,"SAR1A"
"ENSG00000079332","patient4","XGBoost_SHAP","all",0.00135811683453704,"SAR1A"
"ENSG00000079785","patient5","XGBoost_SHAP","all",0.00155739593140062,"DDX1"
"ENSG00000079785","patient6","XGBoost_SHAP","all",0.000702103273372518,"DDX1"
"ENSG00000079785","patient1","XGBoost_SHAP","all",0.00125342488338721,"DDX1"
"ENSG00000079785","patient3","XGBoost_SHAP","all",0.00127923948536953,"DDX1"
"ENSG00000079785","patient2","XGBoost_SHAP","all",0.00103187422946713,"DDX1"
"ENSG00000079785","patient4","XGBoost_SHAP","all",0.00284366254580529,"DDX1"
"ENSG00000079819","patient1","XGBoost_SHAP","all",0.00238216496652969,"EPB41L2"
"ENSG00000079819","patient2","XGBoost_SHAP","all",0.0024751385871483,"EPB41L2"
"ENSG00000079819","patient4","XGBoost_SHAP","all",0.00197536471787074,"EPB41L2"
"ENSG00000079819","patient5","XGBoost_SHAP","all",0.00177189860515321,"EPB41L2"
"ENSG00000079819","patient3","XGBoost_SHAP","all",0.00163721907500633,"EPB41L2"
"ENSG00000079819","patient6","XGBoost_SHAP","all",0.00196253577051517,"EPB41L2"
"ENSG00000079950","patient5","XGBoost_SHAP","all",0.00191868816308548,"STX7"
"ENSG00000079950","patient3","XGBoost_SHAP","all",0.00180487807785237,"STX7"
"ENSG00000079950","patient4","XGBoost_SHAP","all",0.0010993390682455,"STX7"
"ENSG00000079950","patient2","XGBoost_SHAP","all",0.0011614288483027,"STX7"
"ENSG00000079950","patient1","XGBoost_SHAP","all",0.000831578740696691,"STX7"
"ENSG00000079950","patient6","XGBoost_SHAP","all",0.000893006385906648,"STX7"
"ENSG00000080345","patient4","XGBoost_SHAP","all",0.00733240500445944,"RIF1"
"ENSG00000080371","patient5","XGBoost_SHAP","all",0.00115832075882762,"RAB21"
"ENSG00000080371","patient4","XGBoost_SHAP","all",0.00183255970318386,"RAB21"
"ENSG00000080371","patient3","XGBoost_SHAP","all",0.00147964701079646,"RAB21"
"ENSG00000080371","patient6","XGBoost_SHAP","all",0.00220571145239666,"RAB21"
"ENSG00000080371","patient1","XGBoost_SHAP","all",0.00147840638548889,"RAB21"
"ENSG00000080371","patient2","XGBoost_SHAP","all",0.000560272382303681,"RAB21"
"ENSG00000080503","patient2","XGBoost_SHAP","all",0.00242181795559051,"SMARCA2"
"ENSG00000080503","patient6","XGBoost_SHAP","all",0.00408030569623705,"SMARCA2"
"ENSG00000080503","patient4","XGBoost_SHAP","all",0.00168312766831511,"SMARCA2"
"ENSG00000080503","patient3","XGBoost_SHAP","all",0.00261835540086514,"SMARCA2"
"ENSG00000080503","patient1","XGBoost_SHAP","all",0.00139456913009905,"SMARCA2"
"ENSG00000080822","patient4","XGBoost_SHAP","all",0.00293903943318603,"CLDND1"
"ENSG00000080822","patient2","XGBoost_SHAP","all",0.000688693240834854,"CLDND1"
"ENSG00000080822","patient6","XGBoost_SHAP","all",0.00229687599700994,"CLDND1"
"ENSG00000080822","patient3","XGBoost_SHAP","all",0.00148144585053978,"CLDND1"
"ENSG00000080822","patient5","XGBoost_SHAP","all",0.00237220866729938,"CLDND1"
"ENSG00000080822","patient1","XGBoost_SHAP","all",0.00161839732604315,"CLDND1"
"ENSG00000081041","patient5","XGBoost_SHAP","all",0.00258071473358986,"CXCL2"
"ENSG00000081041","patient4","XGBoost_SHAP","all",0.00339779429399612,"CXCL2"
"ENSG00000081041","patient1","XGBoost_SHAP","all",0.00259940865991339,"CXCL2"
"ENSG00000081041","patient6","XGBoost_SHAP","all",0.0025552912826364,"CXCL2"
"ENSG00000081041","patient3","XGBoost_SHAP","all",0.00320063465539239,"CXCL2"
"ENSG00000081154","patient4","XGBoost_SHAP","all",0.00283026980622413,"PCNP"
"ENSG00000081154","patient1","XGBoost_SHAP","all",0.00240546994083577,"PCNP"
"ENSG00000081154","patient3","XGBoost_SHAP","all",0.000696919122654137,"PCNP"
"ENSG00000081154","patient2","XGBoost_SHAP","all",0.00151074859102109,"PCNP"
"ENSG00000081154","patient5","XGBoost_SHAP","all",0.00199700797017915,"PCNP"
"ENSG00000081154","patient6","XGBoost_SHAP","all",0.00285142352352484,"PCNP"
"ENSG00000081189","patient6","XGBoost_SHAP","all",0.00525680479574883,"MEF2C"
"ENSG00000081189","patient3","XGBoost_SHAP","all",0.00583337276925281,"MEF2C"
"ENSG00000081189","patient5","XGBoost_SHAP","all",0.00529961127707173,"MEF2C"
"ENSG00000081189","patient2","XGBoost_SHAP","all",0.00497754293284764,"MEF2C"
"ENSG00000081189","patient4","XGBoost_SHAP","all",0.00520898561455161,"MEF2C"
"ENSG00000081189","patient1","XGBoost_SHAP","all",0.00564418212754264,"MEF2C"
"ENSG00000081237","patient3","XGBoost_SHAP","all",0.0188302342989928,"PTPRC"
"ENSG00000081237","patient5","XGBoost_SHAP","all",0.0325593020681866,"PTPRC"
"ENSG00000081237","patient6","XGBoost_SHAP","all",0.0244958598060966,"PTPRC"
"ENSG00000081237","patient2","XGBoost_SHAP","all",0.0390364128024129,"PTPRC"
"ENSG00000081237","patient1","XGBoost_SHAP","all",0.0338965937903105,"PTPRC"
"ENSG00000081237","patient4","XGBoost_SHAP","all",0.0318136419926578,"PTPRC"
"ENSG00000082074","patient6","XGBoost_SHAP","all",0.0127569172328512,"FYB1"
"ENSG00000082153","patient1","XGBoost_SHAP","all",0.00215847670019803,"BZW1"
"ENSG00000082153","patient6","XGBoost_SHAP","all",0.00508938722159413,"BZW1"
"ENSG00000082153","patient4","XGBoost_SHAP","all",0.00360363801579156,"BZW1"
"ENSG00000082153","patient5","XGBoost_SHAP","all",0.00353286151597547,"BZW1"
"ENSG00000082153","patient3","XGBoost_SHAP","all",0.00464415740853564,"BZW1"
"ENSG00000082153","patient2","XGBoost_SHAP","all",0.00521253839171342,"BZW1"
"ENSG00000082641","patient3","XGBoost_SHAP","all",0.00423103975645072,"NFE2L1"
"ENSG00000082641","patient4","XGBoost_SHAP","all",0.00671555619439112,"NFE2L1"
"ENSG00000082641","patient2","XGBoost_SHAP","all",0.00515067553721156,"NFE2L1"
"ENSG00000082641","patient5","XGBoost_SHAP","all",0.00610454943133798,"NFE2L1"
"ENSG00000082641","patient1","XGBoost_SHAP","all",0.00532164760809256,"NFE2L1"
"ENSG00000082641","patient6","XGBoost_SHAP","all",0.0022479924689882,"NFE2L1"
"ENSG00000082781","patient6","XGBoost_SHAP","all",0.00316199081012867,"ITGB5"
"ENSG00000082781","patient1","XGBoost_SHAP","all",0.00247699120088512,"ITGB5"
"ENSG00000082781","patient4","XGBoost_SHAP","all",0.00612904030138809,"ITGB5"
"ENSG00000082781","patient3","XGBoost_SHAP","all",0.012645309383397,"ITGB5"
"ENSG00000082781","patient5","XGBoost_SHAP","all",0.00427343539331523,"ITGB5"
"ENSG00000082781","patient2","XGBoost_SHAP","all",0.00212558223103643,"ITGB5"
"ENSG00000082996","patient5","XGBoost_SHAP","all",0.00172891119758242,"RNF13"
"ENSG00000082996","patient6","XGBoost_SHAP","all",0.00595727344459266,"RNF13"
"ENSG00000082996","patient3","XGBoost_SHAP","all",0.00249431426760747,"RNF13"
"ENSG00000082996","patient2","XGBoost_SHAP","all",0.0030697700555733,"RNF13"
"ENSG00000082996","patient1","XGBoost_SHAP","all",0.0019563859514947,"RNF13"
"ENSG00000082996","patient4","XGBoost_SHAP","all",0.00109078491436049,"RNF13"
"ENSG00000083896","patient1","XGBoost_SHAP","all",0.00472026752255831,"YTHDC1"
"ENSG00000083896","patient3","XGBoost_SHAP","all",0.00312640582482109,"YTHDC1"
"ENSG00000083896","patient5","XGBoost_SHAP","all",0.00236933012497918,"YTHDC1"
"ENSG00000083896","patient6","XGBoost_SHAP","all",0.00232362615740437,"YTHDC1"
"ENSG00000083896","patient4","XGBoost_SHAP","all",0.00270150282219871,"YTHDC1"
"ENSG00000083896","patient2","XGBoost_SHAP","all",0.0038631222280625,"YTHDC1"
"ENSG00000083937","patient2","XGBoost_SHAP","all",0.00119822938563085,"CHMP2B"
"ENSG00000083937","patient6","XGBoost_SHAP","all",0.00122863210342425,"CHMP2B"
"ENSG00000083937","patient3","XGBoost_SHAP","all",0.00188309219647419,"CHMP2B"
"ENSG00000083937","patient1","XGBoost_SHAP","all",0.000952709262423035,"CHMP2B"
"ENSG00000083937","patient5","XGBoost_SHAP","all",0.00102215845642665,"CHMP2B"
"ENSG00000083937","patient4","XGBoost_SHAP","all",0.000830829230119264,"CHMP2B"
"ENSG00000084070","patient2","XGBoost_SHAP","all",0.0122321461641438,"SMAP2"
"ENSG00000084070","patient1","XGBoost_SHAP","all",0.00661250078626228,"SMAP2"
"ENSG00000084070","patient4","XGBoost_SHAP","all",0.00792186577642247,"SMAP2"
"ENSG00000084070","patient5","XGBoost_SHAP","all",0.0072510019173131,"SMAP2"
"ENSG00000084070","patient6","XGBoost_SHAP","all",0.00322481853035792,"SMAP2"
"ENSG00000084070","patient3","XGBoost_SHAP","all",0.010814150560209,"SMAP2"
"ENSG00000084234","patient5","XGBoost_SHAP","all",0.00699662709004429,"APLP2"
"ENSG00000084234","patient1","XGBoost_SHAP","all",0.00439827669433236,"APLP2"
"ENSG00000084623","patient1","XGBoost_SHAP","all",0.00689965543329524,"EIF3I"
"ENSG00000084623","patient4","XGBoost_SHAP","all",0.00197400075464251,"EIF3I"
"ENSG00000084623","patient2","XGBoost_SHAP","all",0.00268397071821523,"EIF3I"
"ENSG00000084623","patient5","XGBoost_SHAP","all",0.0022932704710123,"EIF3I"
"ENSG00000084623","patient6","XGBoost_SHAP","all",0.00512988795865732,"EIF3I"
"ENSG00000084623","patient3","XGBoost_SHAP","all",0.00705209567200785,"EIF3I"
"ENSG00000084733","patient2","XGBoost_SHAP","all",0.00288982698147931,"RAB10"
"ENSG00000084733","patient5","XGBoost_SHAP","all",0.00212862344471127,"RAB10"
"ENSG00000084733","patient4","XGBoost_SHAP","all",0.00251534241543603,"RAB10"
"ENSG00000084733","patient6","XGBoost_SHAP","all",0.00154869875281536,"RAB10"
"ENSG00000084733","patient1","XGBoost_SHAP","all",0.0022203352010788,"RAB10"
"ENSG00000084733","patient3","XGBoost_SHAP","all",0.00249253958832317,"RAB10"
"ENSG00000084754","patient5","XGBoost_SHAP","all",0.00202005869391301,"HADHA"
"ENSG00000084754","patient6","XGBoost_SHAP","all",0.000842824488839455,"HADHA"
"ENSG00000084754","patient2","XGBoost_SHAP","all",0.00162666296088777,"HADHA"
"ENSG00000084754","patient3","XGBoost_SHAP","all",0.00237478469838787,"HADHA"
"ENSG00000084754","patient4","XGBoost_SHAP","all",0.00221293329564161,"HADHA"
"ENSG00000084754","patient1","XGBoost_SHAP","all",0.00315784043946525,"HADHA"
"ENSG00000085063","patient5","XGBoost_SHAP","all",0.00546851632481065,"CD59"
"ENSG00000085063","patient6","XGBoost_SHAP","all",0.00375922157243745,"CD59"
"ENSG00000085063","patient1","XGBoost_SHAP","all",0.00379086427929958,"CD59"
"ENSG00000085063","patient3","XGBoost_SHAP","all",0.00306924753054289,"CD59"
"ENSG00000085063","patient2","XGBoost_SHAP","all",0.00351156608172583,"CD59"
"ENSG00000085063","patient4","XGBoost_SHAP","all",0.00286843207151898,"CD59"
"ENSG00000085224","patient5","XGBoost_SHAP","all",0.00351068098409093,"ATRX"
"ENSG00000085224","patient1","XGBoost_SHAP","all",0.00136297666892666,"ATRX"
"ENSG00000085224","patient6","XGBoost_SHAP","all",0.00327872176511296,"ATRX"
"ENSG00000085224","patient2","XGBoost_SHAP","all",0.00121932215770236,"ATRX"
"ENSG00000085224","patient4","XGBoost_SHAP","all",0.00284830739034212,"ATRX"
"ENSG00000085224","patient3","XGBoost_SHAP","all",0.00349361970571319,"ATRX"
"ENSG00000085662","patient2","XGBoost_SHAP","all",0.00424860543860997,"AKR1B1"
"ENSG00000085662","patient4","XGBoost_SHAP","all",0.0030096199082199,"AKR1B1"
"ENSG00000085662","patient5","XGBoost_SHAP","all",0.00505865659093852,"AKR1B1"
"ENSG00000085662","patient1","XGBoost_SHAP","all",0.00237525909533601,"AKR1B1"
"ENSG00000085662","patient6","XGBoost_SHAP","all",0.00419086801904313,"AKR1B1"
"ENSG00000085662","patient3","XGBoost_SHAP","all",0.00335133981578888,"AKR1B1"
"ENSG00000085719","patient1","XGBoost_SHAP","all",0.00815897240405091,"CPNE3"
"ENSG00000085719","patient2","XGBoost_SHAP","all",0.00621318378806368,"CPNE3"
"ENSG00000085719","patient3","XGBoost_SHAP","all",0.0059579624685636,"CPNE3"
"ENSG00000085719","patient5","XGBoost_SHAP","all",0.00506760418264335,"CPNE3"
"ENSG00000085719","patient6","XGBoost_SHAP","all",0.00536261443831458,"CPNE3"
"ENSG00000085719","patient4","XGBoost_SHAP","all",0.00364971078105488,"CPNE3"
"ENSG00000085733","patient6","XGBoost_SHAP","all",0.00140832510461597,"CTTN"
"ENSG00000085733","patient3","XGBoost_SHAP","all",0.00415723584313785,"CTTN"
"ENSG00000085733","patient2","XGBoost_SHAP","all",0.0029826894567742,"CTTN"
"ENSG00000085733","patient5","XGBoost_SHAP","all",0.00135365733672824,"CTTN"
"ENSG00000085733","patient1","XGBoost_SHAP","all",0.00232278406570549,"CTTN"
"ENSG00000085733","patient4","XGBoost_SHAP","all",0.00109175152384188,"CTTN"
"ENSG00000085832","patient4","XGBoost_SHAP","all",0.000309039157738875,"EPS15"
"ENSG00000085832","patient3","XGBoost_SHAP","all",0.000238383963493112,"EPS15"
"ENSG00000085832","patient6","XGBoost_SHAP","all",0.00134299704653501,"EPS15"
"ENSG00000085832","patient2","XGBoost_SHAP","all",0.00105333785463214,"EPS15"
"ENSG00000085832","patient5","XGBoost_SHAP","all",0.000998457919762567,"EPS15"
"ENSG00000085832","patient1","XGBoost_SHAP","all",0.000532302150510976,"EPS15"
"ENSG00000085871","patient5","XGBoost_SHAP","all",0.0294108655816167,"MGST2"
"ENSG00000085871","patient3","XGBoost_SHAP","all",0.0261704230539898,"MGST2"
"ENSG00000085871","patient6","XGBoost_SHAP","all",0.0261316308882343,"MGST2"
"ENSG00000085871","patient2","XGBoost_SHAP","all",0.0251629381624883,"MGST2"
"ENSG00000085871","patient4","XGBoost_SHAP","all",0.014160503728703,"MGST2"
"ENSG00000085871","patient1","XGBoost_SHAP","all",0.0205750309807076,"MGST2"
"ENSG00000086061","patient1","XGBoost_SHAP","all",0.0115168092139254,"DNAJA1"
"ENSG00000086061","patient4","XGBoost_SHAP","all",0.00582633009583394,"DNAJA1"
"ENSG00000086061","patient5","XGBoost_SHAP","all",0.00364937145874502,"DNAJA1"
"ENSG00000086061","patient6","XGBoost_SHAP","all",0.0033123983204532,"DNAJA1"
"ENSG00000086061","patient3","XGBoost_SHAP","all",0.0055799895987616,"DNAJA1"
"ENSG00000086061","patient2","XGBoost_SHAP","all",0.00306839084158071,"DNAJA1"
"ENSG00000086062","patient2","XGBoost_SHAP","all",0.00364476033893149,"B4GALT1"
"ENSG00000086062","patient5","XGBoost_SHAP","all",0.00327252882320979,"B4GALT1"
"ENSG00000086062","patient1","XGBoost_SHAP","all",0.00192271516238184,"B4GALT1"
"ENSG00000086062","patient3","XGBoost_SHAP","all",0.00237835626084788,"B4GALT1"
"ENSG00000086062","patient6","XGBoost_SHAP","all",0.00341498431451811,"B4GALT1"
"ENSG00000086062","patient4","XGBoost_SHAP","all",0.00135035786453954,"B4GALT1"
"ENSG00000086065","patient4","XGBoost_SHAP","all",0.00605753116621417,"CHMP5"
"ENSG00000086065","patient3","XGBoost_SHAP","all",0.00176748247052817,"CHMP5"
"ENSG00000086065","patient5","XGBoost_SHAP","all",0.00317650820947892,"CHMP5"
"ENSG00000086065","patient6","XGBoost_SHAP","all",0.00569134078395193,"CHMP5"
"ENSG00000086065","patient2","XGBoost_SHAP","all",0.00167991309441854,"CHMP5"
"ENSG00000086065","patient1","XGBoost_SHAP","all",0.0015161968132734,"CHMP5"
"ENSG00000086598","patient3","XGBoost_SHAP","all",0.00467524704249388,"TMED2"
"ENSG00000086598","patient1","XGBoost_SHAP","all",0.0029861185345266,"TMED2"
"ENSG00000086598","patient5","XGBoost_SHAP","all",0.00586854355360807,"TMED2"
"ENSG00000086598","patient2","XGBoost_SHAP","all",0.00537914850383587,"TMED2"
"ENSG00000086598","patient4","XGBoost_SHAP","all",0.00868120390075634,"TMED2"
"ENSG00000086598","patient6","XGBoost_SHAP","all",0.00387687080130805,"TMED2"
"ENSG00000087074","patient4","XGBoost_SHAP","all",0.0073257933956267,"PPP1R15A"
"ENSG00000087074","patient6","XGBoost_SHAP","all",0.00440658817396973,"PPP1R15A"
"ENSG00000087074","patient5","XGBoost_SHAP","all",0.00345150568988296,"PPP1R15A"
"ENSG00000087074","patient3","XGBoost_SHAP","all",0.00667741115982732,"PPP1R15A"
"ENSG00000087074","patient1","XGBoost_SHAP","all",0.00381873026433455,"PPP1R15A"
"ENSG00000087074","patient2","XGBoost_SHAP","all",0.00678264909918305,"PPP1R15A"
"ENSG00000087077","patient3","XGBoost_SHAP","all",0.00218839213630481,"TRIP6"
"ENSG00000087077","patient2","XGBoost_SHAP","all",0.000882362439125856,"TRIP6"
"ENSG00000087077","patient4","XGBoost_SHAP","all",0.000951996615290535,"TRIP6"
"ENSG00000087088","patient1","XGBoost_SHAP","all",0.00224423954256624,"BAX"
"ENSG00000087088","patient6","XGBoost_SHAP","all",0.00498481995430715,"BAX"
"ENSG00000087088","patient3","XGBoost_SHAP","all",0.00183418533954623,"BAX"
"ENSG00000087088","patient4","XGBoost_SHAP","all",0.00243822893007501,"BAX"
"ENSG00000087088","patient5","XGBoost_SHAP","all",0.00303979452684872,"BAX"
"ENSG00000087088","patient2","XGBoost_SHAP","all",0.00107130572730237,"BAX"
"ENSG00000087191","patient3","XGBoost_SHAP","all",0.0074286449788307,"PSMC5"
"ENSG00000087191","patient5","XGBoost_SHAP","all",0.00374422175398302,"PSMC5"
"ENSG00000087191","patient6","XGBoost_SHAP","all",0.00416013312724132,"PSMC5"
"ENSG00000087191","patient4","XGBoost_SHAP","all",0.00257196939453331,"PSMC5"
"ENSG00000087191","patient2","XGBoost_SHAP","all",0.00231903182381091,"PSMC5"
"ENSG00000087191","patient1","XGBoost_SHAP","all",0.00450037106463651,"PSMC5"
"ENSG00000087245","patient6","XGBoost_SHAP","all",0.00954518522298476,"MMP2"
"ENSG00000087245","patient3","XGBoost_SHAP","all",0.0210877907815438,"MMP2"
"ENSG00000087245","patient5","XGBoost_SHAP","all",0.0125062327247944,"MMP2"
"ENSG00000087245","patient2","XGBoost_SHAP","all",0.0145428102668988,"MMP2"
"ENSG00000087245","patient1","XGBoost_SHAP","all",0.0122589258774479,"MMP2"
"ENSG00000087245","patient4","XGBoost_SHAP","all",0.0193105275268524,"MMP2"
"ENSG00000087274","patient3","XGBoost_SHAP","all",0.00300079781625545,"ADD1"
"ENSG00000087274","patient6","XGBoost_SHAP","all",0.00392553907407276,"ADD1"
"ENSG00000087274","patient5","XGBoost_SHAP","all",0.0016344869484739,"ADD1"
"ENSG00000087274","patient1","XGBoost_SHAP","all",0.0013646747209986,"ADD1"
"ENSG00000087274","patient2","XGBoost_SHAP","all",0.00221792524786363,"ADD1"
"ENSG00000087274","patient4","XGBoost_SHAP","all",0.00249803751070678,"ADD1"
"ENSG00000087302","patient1","XGBoost_SHAP","all",0.00231835864375066,"RTRAF"
"ENSG00000087365","patient2","XGBoost_SHAP","all",0.00245950104534862,"SF3B2"
"ENSG00000087365","patient6","XGBoost_SHAP","all",0.00281297957782716,"SF3B2"
"ENSG00000087365","patient4","XGBoost_SHAP","all",0.00396312528275602,"SF3B2"
"ENSG00000087365","patient1","XGBoost_SHAP","all",0.00327933537008603,"SF3B2"
"ENSG00000087365","patient5","XGBoost_SHAP","all",0.00398571473331063,"SF3B2"
"ENSG00000087365","patient3","XGBoost_SHAP","all",0.0035036894353538,"SF3B2"
"ENSG00000087502","patient2","XGBoost_SHAP","all",0.00115643168717652,"ERGIC2"
"ENSG00000087502","patient1","XGBoost_SHAP","all",0.00187555708912939,"ERGIC2"
"ENSG00000087502","patient4","XGBoost_SHAP","all",0.00219751043010666,"ERGIC2"
"ENSG00000087502","patient6","XGBoost_SHAP","all",0.00287252377795021,"ERGIC2"
"ENSG00000087502","patient3","XGBoost_SHAP","all",0.00118322877627482,"ERGIC2"
"ENSG00000087502","patient5","XGBoost_SHAP","all",0.00239554595762336,"ERGIC2"
"ENSG00000087884","patient3","XGBoost_SHAP","all",0.00177594640087408,"AAMDC"
"ENSG00000087884","patient4","XGBoost_SHAP","all",0.00276003346670845,"AAMDC"
"ENSG00000087884","patient1","XGBoost_SHAP","all",0.00465678237831044,"AAMDC"
"ENSG00000087884","patient2","XGBoost_SHAP","all",0.00166852823273318,"AAMDC"
"ENSG00000087884","patient6","XGBoost_SHAP","all",0.00128105801786781,"AAMDC"
"ENSG00000087884","patient5","XGBoost_SHAP","all",0.00107161960450684,"AAMDC"
"ENSG00000088205","patient3","XGBoost_SHAP","all",0.00142262032063142,"DDX18"
"ENSG00000088205","patient6","XGBoost_SHAP","all",0.00144736225923957,"DDX18"
"ENSG00000088205","patient2","XGBoost_SHAP","all",0.00133792652922784,"DDX18"
"ENSG00000088205","patient4","XGBoost_SHAP","all",0.00185685012645988,"DDX18"
"ENSG00000088205","patient5","XGBoost_SHAP","all",0.00198986320580544,"DDX18"
"ENSG00000088205","patient1","XGBoost_SHAP","all",0.00160736334384035,"DDX18"
"ENSG00000088448","patient6","XGBoost_SHAP","all",0.000968387464107431,"ANKRD10"
"ENSG00000088448","patient1","XGBoost_SHAP","all",0.00127960533988151,"ANKRD10"
"ENSG00000088832","patient4","XGBoost_SHAP","all",0.0121921618308968,"FKBP1A"
"ENSG00000088832","patient6","XGBoost_SHAP","all",0.0288100623556359,"FKBP1A"
"ENSG00000088832","patient2","XGBoost_SHAP","all",0.0161739634640552,"FKBP1A"
"ENSG00000088832","patient1","XGBoost_SHAP","all",0.0163764097490743,"FKBP1A"
"ENSG00000088832","patient3","XGBoost_SHAP","all",0.0210650830371124,"FKBP1A"
"ENSG00000088832","patient5","XGBoost_SHAP","all",0.0191423549748282,"FKBP1A"
"ENSG00000088930","patient1","XGBoost_SHAP","all",0.00121792185892869,"XRN2"
"ENSG00000088930","patient4","XGBoost_SHAP","all",0.00205167045457831,"XRN2"
"ENSG00000088930","patient2","XGBoost_SHAP","all",0.00358655954363168,"XRN2"
"ENSG00000088930","patient3","XGBoost_SHAP","all",0.00332497874060181,"XRN2"
"ENSG00000088930","patient6","XGBoost_SHAP","all",0.00632555330942335,"XRN2"
"ENSG00000088930","patient5","XGBoost_SHAP","all",0.00494253267366799,"XRN2"
"ENSG00000089006","patient6","XGBoost_SHAP","all",0.00094394551048331,"SNX5"
"ENSG00000089006","patient2","XGBoost_SHAP","all",0.00136353878384638,"SNX5"
"ENSG00000089006","patient5","XGBoost_SHAP","all",0.00198124314448133,"SNX5"
"ENSG00000089006","patient1","XGBoost_SHAP","all",0.0008101467180416,"SNX5"
"ENSG00000089006","patient3","XGBoost_SHAP","all",0.0013245170381342,"SNX5"
"ENSG00000089048","patient4","XGBoost_SHAP","all",0.000389243734758561,"ESF1"
"ENSG00000089048","patient5","XGBoost_SHAP","all",0.00225112001345702,"ESF1"
"ENSG00000089048","patient1","XGBoost_SHAP","all",0.00296018803655185,"ESF1"
"ENSG00000089048","patient6","XGBoost_SHAP","all",0.00188814152268048,"ESF1"
"ENSG00000089048","patient3","XGBoost_SHAP","all",0.00198706927735108,"ESF1"
"ENSG00000089048","patient2","XGBoost_SHAP","all",0.00225617710083571,"ESF1"
"ENSG00000089053","patient6","XGBoost_SHAP","all",0.00215104558630786,"ANAPC5"
"ENSG00000089053","patient1","XGBoost_SHAP","all",0.0019332064037347,"ANAPC5"
"ENSG00000089053","patient3","XGBoost_SHAP","all",0.00198296720433126,"ANAPC5"
"ENSG00000089053","patient4","XGBoost_SHAP","all",0.0011831659542925,"ANAPC5"
"ENSG00000089053","patient5","XGBoost_SHAP","all",0.00214705593978465,"ANAPC5"
"ENSG00000089053","patient2","XGBoost_SHAP","all",0.00205584991724908,"ANAPC5"
"ENSG00000089063","patient1","XGBoost_SHAP","all",0.0030240919737771,"TMEM230"
"ENSG00000089248","patient2","XGBoost_SHAP","all",0.00359942612569169,"ERP29"
"ENSG00000089248","patient4","XGBoost_SHAP","all",0.00664778254712386,"ERP29"
"ENSG00000089248","patient6","XGBoost_SHAP","all",0.003676198089405,"ERP29"
"ENSG00000089248","patient5","XGBoost_SHAP","all",0.00232265219585112,"ERP29"
"ENSG00000089248","patient3","XGBoost_SHAP","all",0.00659834294675454,"ERP29"
"ENSG00000089248","patient1","XGBoost_SHAP","all",0.0053081251108707,"ERP29"
"ENSG00000089280","patient5","XGBoost_SHAP","all",0.0016725172555462,"FUS"
"ENSG00000089280","patient4","XGBoost_SHAP","all",0.00248194698307755,"FUS"
"ENSG00000089280","patient3","XGBoost_SHAP","all",0.00170242797389011,"FUS"
"ENSG00000089280","patient2","XGBoost_SHAP","all",0.00195883430080663,"FUS"
"ENSG00000089280","patient1","XGBoost_SHAP","all",0.000993802402510722,"FUS"
"ENSG00000089280","patient6","XGBoost_SHAP","all",0.00209784268464744,"FUS"
"ENSG00000089289","patient5","XGBoost_SHAP","all",0.00103119332534184,"IGBP1"
"ENSG00000089289","patient4","XGBoost_SHAP","all",0.00112997975790114,"IGBP1"
"ENSG00000089289","patient3","XGBoost_SHAP","all",0.00117476240937687,"IGBP1"
"ENSG00000089289","patient1","XGBoost_SHAP","all",0.0017566692321507,"IGBP1"
"ENSG00000089289","patient6","XGBoost_SHAP","all",0.00184882713099678,"IGBP1"
"ENSG00000089289","patient2","XGBoost_SHAP","all",0.000561213161900166,"IGBP1"
"ENSG00000089327","patient3","XGBoost_SHAP","all",0.00958700431795898,"FXYD5"
"ENSG00000089327","patient2","XGBoost_SHAP","all",0.00628298813164998,"FXYD5"
"ENSG00000089327","patient4","XGBoost_SHAP","all",0.00320863511507237,"FXYD5"
"ENSG00000089327","patient5","XGBoost_SHAP","all",0.00973398179590356,"FXYD5"
"ENSG00000089327","patient6","XGBoost_SHAP","all",0.00356190016406586,"FXYD5"
"ENSG00000089327","patient1","XGBoost_SHAP","all",0.00603494635087419,"FXYD5"
"ENSG00000089693","patient3","XGBoost_SHAP","all",0.00305506827807518,"MLF2"
"ENSG00000089693","patient4","XGBoost_SHAP","all",0.00181030942409414,"MLF2"
"ENSG00000089693","patient1","XGBoost_SHAP","all",0.00273181111386411,"MLF2"
"ENSG00000089693","patient6","XGBoost_SHAP","all",0.00121819116272766,"MLF2"
"ENSG00000089693","patient5","XGBoost_SHAP","all",0.00107292969882173,"MLF2"
"ENSG00000089693","patient2","XGBoost_SHAP","all",0.002787440252232,"MLF2"
"ENSG00000090006","patient5","XGBoost_SHAP","all",0.0074189084760831,"LTBP4"
"ENSG00000090006","patient6","XGBoost_SHAP","all",0.00606813930421676,"LTBP4"
"ENSG00000090006","patient4","XGBoost_SHAP","all",0.0153130953878793,"LTBP4"
"ENSG00000090006","patient1","XGBoost_SHAP","all",0.010891985568167,"LTBP4"
"ENSG00000090006","patient2","XGBoost_SHAP","all",0.00807320779926171,"LTBP4"
"ENSG00000090006","patient3","XGBoost_SHAP","all",0.0145521331376245,"LTBP4"
"ENSG00000090013","patient2","XGBoost_SHAP","all",0.00379568336141005,"BLVRB"
"ENSG00000090013","patient6","XGBoost_SHAP","all",0.00946959387689981,"BLVRB"
"ENSG00000090013","patient5","XGBoost_SHAP","all",0.0086969387141343,"BLVRB"
"ENSG00000090013","patient4","XGBoost_SHAP","all",0.00878733732823087,"BLVRB"
"ENSG00000090013","patient3","XGBoost_SHAP","all",0.00832664331127316,"BLVRB"
"ENSG00000090013","patient1","XGBoost_SHAP","all",0.0104101859145706,"BLVRB"
"ENSG00000090060","patient2","XGBoost_SHAP","all",0.00101838448334457,"PAPOLA"
"ENSG00000090060","patient1","XGBoost_SHAP","all",0.00105847727646139,"PAPOLA"
"ENSG00000090060","patient4","XGBoost_SHAP","all",0.000856625605628009,"PAPOLA"
"ENSG00000090060","patient6","XGBoost_SHAP","all",0.00139589554674242,"PAPOLA"
"ENSG00000090060","patient5","XGBoost_SHAP","all",0.000775615899761756,"PAPOLA"
"ENSG00000090060","patient3","XGBoost_SHAP","all",0.00157913680898186,"PAPOLA"
"ENSG00000090104","patient1","XGBoost_SHAP","all",0.0026492692225526,"RGS1"
"ENSG00000090104","patient3","XGBoost_SHAP","all",0.0113664248700541,"RGS1"
"ENSG00000090104","patient6","XGBoost_SHAP","all",0.00385956242171227,"RGS1"
"ENSG00000090104","patient5","XGBoost_SHAP","all",0.00773715026130503,"RGS1"
"ENSG00000090238","patient2","XGBoost_SHAP","all",0.00208645027646711,"YPEL3"
"ENSG00000090238","patient6","XGBoost_SHAP","all",0.00294244222803412,"YPEL3"
"ENSG00000090238","patient1","XGBoost_SHAP","all",0.00174066197121159,"YPEL3"
"ENSG00000090238","patient4","XGBoost_SHAP","all",0.00290299046833626,"YPEL3"
"ENSG00000090238","patient3","XGBoost_SHAP","all",0.0021822026473613,"YPEL3"
"ENSG00000090238","patient5","XGBoost_SHAP","all",0.00309523698974464,"YPEL3"
"ENSG00000090273","patient3","XGBoost_SHAP","all",0.00210878785533834,"NUDC"
"ENSG00000090273","patient6","XGBoost_SHAP","all",0.0015684390016698,"NUDC"
"ENSG00000090273","patient2","XGBoost_SHAP","all",0.00102202746593504,"NUDC"
"ENSG00000090273","patient5","XGBoost_SHAP","all",0.000990805437441556,"NUDC"
"ENSG00000090273","patient1","XGBoost_SHAP","all",0.001395861337394,"NUDC"
"ENSG00000090273","patient4","XGBoost_SHAP","all",0.00158342915737376,"NUDC"
"ENSG00000090382","patient4","XGBoost_SHAP","all",0.0133814850387301,"LYZ"
"ENSG00000090382","patient6","XGBoost_SHAP","all",0.0149579438033518,"LYZ"
"ENSG00000090382","patient5","XGBoost_SHAP","all",0.0073663478605988,"LYZ"
"ENSG00000090382","patient2","XGBoost_SHAP","all",0.0172625513310639,"LYZ"
"ENSG00000090382","patient1","XGBoost_SHAP","all",0.00761663239997982,"LYZ"
"ENSG00000090382","patient3","XGBoost_SHAP","all",0.00689509570168426,"LYZ"
"ENSG00000090621","patient6","XGBoost_SHAP","all",0.00650644616191982,"PABPC4"
"ENSG00000090621","patient4","XGBoost_SHAP","all",0.0063752426203873,"PABPC4"
"ENSG00000090621","patient1","XGBoost_SHAP","all",0.0072750902524653,"PABPC4"
"ENSG00000090621","patient2","XGBoost_SHAP","all",0.00180784867227243,"PABPC4"
"ENSG00000090621","patient3","XGBoost_SHAP","all",0.00683001017853761,"PABPC4"
"ENSG00000090621","patient5","XGBoost_SHAP","all",0.00712055214469857,"PABPC4"
"ENSG00000090863","patient3","XGBoost_SHAP","all",0.00143248694619087,"GLG1"
"ENSG00000090863","patient6","XGBoost_SHAP","all",0.00185202661847752,"GLG1"
"ENSG00000090863","patient1","XGBoost_SHAP","all",0.00206532149079173,"GLG1"
"ENSG00000090863","patient5","XGBoost_SHAP","all",0.00171424005260093,"GLG1"
"ENSG00000090863","patient2","XGBoost_SHAP","all",0.00193209981037219,"GLG1"
"ENSG00000090863","patient4","XGBoost_SHAP","all",0.00220778442006727,"GLG1"
"ENSG00000091039","patient6","XGBoost_SHAP","all",0.00506561691083965,"OSBPL8"
"ENSG00000091039","patient5","XGBoost_SHAP","all",0.00837654448645742,"OSBPL8"
"ENSG00000091039","patient3","XGBoost_SHAP","all",0.0126055342935747,"OSBPL8"
"ENSG00000091039","patient2","XGBoost_SHAP","all",0.0088712334536927,"OSBPL8"
"ENSG00000091039","patient4","XGBoost_SHAP","all",0.0166262533073191,"OSBPL8"
"ENSG00000091039","patient1","XGBoost_SHAP","all",0.00497503024273726,"OSBPL8"
"ENSG00000091136","patient4","XGBoost_SHAP","all",0.00449035496781648,"LAMB1"
"ENSG00000091164","patient3","XGBoost_SHAP","all",0.00322530831637845,"TXNL1"
"ENSG00000091164","patient5","XGBoost_SHAP","all",0.00425314677338617,"TXNL1"
"ENSG00000091164","patient6","XGBoost_SHAP","all",0.00485538331995239,"TXNL1"
"ENSG00000091164","patient2","XGBoost_SHAP","all",0.0039564006763139,"TXNL1"
"ENSG00000091164","patient4","XGBoost_SHAP","all",0.000665842302579072,"TXNL1"
"ENSG00000091164","patient1","XGBoost_SHAP","all",0.00310818866574962,"TXNL1"
"ENSG00000091317","patient4","XGBoost_SHAP","all",0.0020828273072766,"CMTM6"
"ENSG00000091317","patient3","XGBoost_SHAP","all",0.00458268716736826,"CMTM6"
"ENSG00000091317","patient1","XGBoost_SHAP","all",0.00267837172041739,"CMTM6"
"ENSG00000091317","patient6","XGBoost_SHAP","all",0.00139208801129949,"CMTM6"
"ENSG00000091317","patient2","XGBoost_SHAP","all",0.00281228193406116,"CMTM6"
"ENSG00000091317","patient5","XGBoost_SHAP","all",0.00324518357393478,"CMTM6"
"ENSG00000091436","patient6","XGBoost_SHAP","all",0.00955941287449952,"MAP3K20"
"ENSG00000091436","patient1","XGBoost_SHAP","all",0.0090450203413482,"MAP3K20"
"ENSG00000091436","patient5","XGBoost_SHAP","all",0.00289540299632249,"MAP3K20"
"ENSG00000091436","patient2","XGBoost_SHAP","all",0.00529923014294047,"MAP3K20"
"ENSG00000091436","patient4","XGBoost_SHAP","all",0.00456833948276857,"MAP3K20"
"ENSG00000091436","patient3","XGBoost_SHAP","all",0.00613586149429907,"MAP3K20"
"ENSG00000091527","patient1","XGBoost_SHAP","all",0.00426580444888522,"CDV3"
"ENSG00000091527","patient2","XGBoost_SHAP","all",0.00619203195825078,"CDV3"
"ENSG00000091527","patient3","XGBoost_SHAP","all",0.00158903486424365,"CDV3"
"ENSG00000091527","patient5","XGBoost_SHAP","all",0.00329174930362329,"CDV3"
"ENSG00000091527","patient4","XGBoost_SHAP","all",0.00448004470713192,"CDV3"
"ENSG00000091527","patient6","XGBoost_SHAP","all",0.00101587038189126,"CDV3"
"ENSG00000091986","patient1","XGBoost_SHAP","all",0.0154468918742319,"CCDC80"
"ENSG00000091986","patient4","XGBoost_SHAP","all",0.0207051409017806,"CCDC80"
"ENSG00000091986","patient5","XGBoost_SHAP","all",0.0269969500657424,"CCDC80"
"ENSG00000091986","patient3","XGBoost_SHAP","all",0.0150792718840852,"CCDC80"
"ENSG00000091986","patient6","XGBoost_SHAP","all",0.015412267861238,"CCDC80"
"ENSG00000091986","patient2","XGBoost_SHAP","all",0.0281060499928325,"CCDC80"
"ENSG00000092010","patient4","XGBoost_SHAP","all",0.00260604054154703,"PSME1"
"ENSG00000092010","patient3","XGBoost_SHAP","all",0.00765405244461012,"PSME1"
"ENSG00000092010","patient1","XGBoost_SHAP","all",0.00360830102722679,"PSME1"
"ENSG00000092010","patient5","XGBoost_SHAP","all",0.00487684007387839,"PSME1"
"ENSG00000092010","patient6","XGBoost_SHAP","all",0.00544910725386579,"PSME1"
"ENSG00000092010","patient2","XGBoost_SHAP","all",0.00444357907701249,"PSME1"
"ENSG00000092199","patient5","XGBoost_SHAP","all",0.0022358164958737,"HNRNPC"
"ENSG00000092199","patient1","XGBoost_SHAP","all",0.0024859056251889,"HNRNPC"
"ENSG00000092199","patient2","XGBoost_SHAP","all",0.00191682169516224,"HNRNPC"
"ENSG00000092201","patient4","XGBoost_SHAP","all",0.00215835268682894,"SUPT16H"
"ENSG00000092201","patient6","XGBoost_SHAP","all",0.00107479661987478,"SUPT16H"
"ENSG00000092201","patient2","XGBoost_SHAP","all",0.00140791052702601,"SUPT16H"
"ENSG00000092201","patient3","XGBoost_SHAP","all",0.00160372919129442,"SUPT16H"
"ENSG00000092201","patient5","XGBoost_SHAP","all",0.00233206779335651,"SUPT16H"
"ENSG00000092201","patient1","XGBoost_SHAP","all",0.000984606832780022,"SUPT16H"
"ENSG00000092531","patient4","XGBoost_SHAP","all",0.00314246875513234,"SNAP23"
"ENSG00000092531","patient5","XGBoost_SHAP","all",0.00280168627636151,"SNAP23"
"ENSG00000092531","patient2","XGBoost_SHAP","all",0.00359036657336018,"SNAP23"
"ENSG00000092531","patient6","XGBoost_SHAP","all",0.00390098088368533,"SNAP23"
"ENSG00000092531","patient1","XGBoost_SHAP","all",0.00204001161976189,"SNAP23"
"ENSG00000092531","patient3","XGBoost_SHAP","all",0.00167004540149472,"SNAP23"
"ENSG00000092964","patient1","XGBoost_SHAP","all",0.00725011580945416,"DPYSL2"
"ENSG00000092964","patient6","XGBoost_SHAP","all",0.0062289515090889,"DPYSL2"
"ENSG00000092964","patient2","XGBoost_SHAP","all",0.00317387119730669,"DPYSL2"
"ENSG00000092964","patient4","XGBoost_SHAP","all",0.00628777517542164,"DPYSL2"
"ENSG00000092964","patient3","XGBoost_SHAP","all",0.00742648774278977,"DPYSL2"
"ENSG00000092964","patient5","XGBoost_SHAP","all",0.00526266094007849,"DPYSL2"
"ENSG00000093010","patient2","XGBoost_SHAP","all",0.00332522751212674,"COMT"
"ENSG00000093010","patient1","XGBoost_SHAP","all",0.00511663700942161,"COMT"
"ENSG00000093010","patient4","XGBoost_SHAP","all",0.0019726253862318,"COMT"
"ENSG00000093010","patient5","XGBoost_SHAP","all",0.00701994013091824,"COMT"
"ENSG00000093010","patient6","XGBoost_SHAP","all",0.003660015263049,"COMT"
"ENSG00000093010","patient3","XGBoost_SHAP","all",0.00752199308891963,"COMT"
"ENSG00000093167","patient1","XGBoost_SHAP","all",0.00172221008847809,"LRRFIP2"
"ENSG00000093167","patient4","XGBoost_SHAP","all",0.000553050914711998,"LRRFIP2"
"ENSG00000093167","patient2","XGBoost_SHAP","all",0.00395942565531138,"LRRFIP2"
"ENSG00000093167","patient5","XGBoost_SHAP","all",0.000836333481168056,"LRRFIP2"
"ENSG00000093167","patient6","XGBoost_SHAP","all",0.00265434355366595,"LRRFIP2"
"ENSG00000093167","patient3","XGBoost_SHAP","all",0.00272050242762208,"LRRFIP2"
"ENSG00000094916","patient1","XGBoost_SHAP","all",0.00178993550239226,"CBX5"
"ENSG00000094916","patient3","XGBoost_SHAP","all",0.00265321259638852,"CBX5"
"ENSG00000094916","patient2","XGBoost_SHAP","all",0.0030190905086868,"CBX5"
"ENSG00000094916","patient4","XGBoost_SHAP","all",0.00258866855525782,"CBX5"
"ENSG00000094963","patient5","XGBoost_SHAP","all",0.0255948861612619,"FMO2"
"ENSG00000094963","patient3","XGBoost_SHAP","all",0.0198716398208099,"FMO2"
"ENSG00000094963","patient4","XGBoost_SHAP","all",0.0259176082717002,"FMO2"
"ENSG00000094963","patient2","XGBoost_SHAP","all",0.0228807018479712,"FMO2"
"ENSG00000094963","patient1","XGBoost_SHAP","all",0.0204611429391969,"FMO2"
"ENSG00000094963","patient6","XGBoost_SHAP","all",0.0129349931059394,"FMO2"
"ENSG00000095139","patient3","XGBoost_SHAP","all",0.00168182021809366,"ARCN1"
"ENSG00000095380","patient5","XGBoost_SHAP","all",0.0019473545355946,"NANS"
"ENSG00000095637","patient6","XGBoost_SHAP","all",0.00444254597405949,"SORBS1"
"ENSG00000095637","patient4","XGBoost_SHAP","all",0.00228550830836507,"SORBS1"
"ENSG00000095637","patient5","XGBoost_SHAP","all",0.0026127629411968,"SORBS1"
"ENSG00000095637","patient2","XGBoost_SHAP","all",0.00252409313997297,"SORBS1"
"ENSG00000095637","patient1","XGBoost_SHAP","all",0.00371457464900171,"SORBS1"
"ENSG00000095637","patient3","XGBoost_SHAP","all",0.00291488669554872,"SORBS1"
"ENSG00000095787","patient4","XGBoost_SHAP","all",0.00141130566816599,"WAC"
"ENSG00000095787","patient3","XGBoost_SHAP","all",0.00293162316253015,"WAC"
"ENSG00000095787","patient5","XGBoost_SHAP","all",0.00320986337144243,"WAC"
"ENSG00000095787","patient6","XGBoost_SHAP","all",0.00157776580623525,"WAC"
"ENSG00000095787","patient1","XGBoost_SHAP","all",0.00055920089686091,"WAC"
"ENSG00000095787","patient2","XGBoost_SHAP","all",0.0046535672021768,"WAC"
"ENSG00000095794","patient6","XGBoost_SHAP","all",0.00184209704795721,"CREM"
"ENSG00000095794","patient3","XGBoost_SHAP","all",0.00305461997925895,"CREM"
"ENSG00000095794","patient2","XGBoost_SHAP","all",0.000616376761566536,"CREM"
"ENSG00000095794","patient1","XGBoost_SHAP","all",0.00125303306937954,"CREM"
"ENSG00000095794","patient4","XGBoost_SHAP","all",0.00120385602363545,"CREM"
"ENSG00000095794","patient5","XGBoost_SHAP","all",0.00114159918416651,"CREM"
"ENSG00000096060","patient6","XGBoost_SHAP","all",0.00495899522484734,"FKBP5"
"ENSG00000096060","patient2","XGBoost_SHAP","all",0.0024537389820016,"FKBP5"
"ENSG00000096060","patient1","XGBoost_SHAP","all",0.00496500631534166,"FKBP5"
"ENSG00000096060","patient4","XGBoost_SHAP","all",0.0029686522366223,"FKBP5"
"ENSG00000096060","patient3","XGBoost_SHAP","all",0.00234036597893402,"FKBP5"
"ENSG00000096060","patient5","XGBoost_SHAP","all",0.00351937650226929,"FKBP5"
"ENSG00000096401","patient3","XGBoost_SHAP","all",0.00381410042366392,"CDC5L"
"ENSG00000096401","patient1","XGBoost_SHAP","all",0.000858667930930409,"CDC5L"
"ENSG00000096401","patient6","XGBoost_SHAP","all",0.00198006232024882,"CDC5L"
"ENSG00000096401","patient4","XGBoost_SHAP","all",0.000984135070648937,"CDC5L"
"ENSG00000096401","patient5","XGBoost_SHAP","all",0.0033942227821317,"CDC5L"
"ENSG00000096401","patient2","XGBoost_SHAP","all",0.00144640452527125,"CDC5L"
"ENSG00000096746","patient5","XGBoost_SHAP","all",0.00273232585487375,"HNRNPH3"
"ENSG00000096746","patient1","XGBoost_SHAP","all",0.00140055914414312,"HNRNPH3"
"ENSG00000096746","patient6","XGBoost_SHAP","all",0.00238439949307333,"HNRNPH3"
"ENSG00000096746","patient2","XGBoost_SHAP","all",0.00101424829001612,"HNRNPH3"
"ENSG00000096746","patient3","XGBoost_SHAP","all",0.0023757603321877,"HNRNPH3"
"ENSG00000096746","patient4","XGBoost_SHAP","all",0.00280468069199682,"HNRNPH3"
"ENSG00000097033","patient5","XGBoost_SHAP","all",0.00442121094607621,"SH3GLB1"
"ENSG00000097033","patient3","XGBoost_SHAP","all",0.00411520498207216,"SH3GLB1"
"ENSG00000097033","patient1","XGBoost_SHAP","all",0.00610540986153976,"SH3GLB1"
"ENSG00000097033","patient4","XGBoost_SHAP","all",0.00353835816047182,"SH3GLB1"
"ENSG00000097033","patient2","XGBoost_SHAP","all",0.00391275120723494,"SH3GLB1"
"ENSG00000097033","patient6","XGBoost_SHAP","all",0.00366875959527283,"SH3GLB1"
"ENSG00000099204","patient2","XGBoost_SHAP","all",0.00552140429758831,"ABLIM1"
"ENSG00000099204","patient3","XGBoost_SHAP","all",0.00657915660249036,"ABLIM1"
"ENSG00000099204","patient1","XGBoost_SHAP","all",0.00272134395056909,"ABLIM1"
"ENSG00000099204","patient6","XGBoost_SHAP","all",0.00507785409887341,"ABLIM1"
"ENSG00000099204","patient4","XGBoost_SHAP","all",0.00161836947536537,"ABLIM1"
"ENSG00000099250","patient3","XGBoost_SHAP","all",0.00753693637045716,"NRP1"
"ENSG00000099250","patient6","XGBoost_SHAP","all",0.00737914300475597,"NRP1"
"ENSG00000099250","patient5","XGBoost_SHAP","all",0.00805899857450531,"NRP1"
"ENSG00000099250","patient4","XGBoost_SHAP","all",0.012904354704602,"NRP1"
"ENSG00000099250","patient1","XGBoost_SHAP","all",0.00406637897543873,"NRP1"
"ENSG00000099250","patient2","XGBoost_SHAP","all",0.0095202966902567,"NRP1"
"ENSG00000099260","patient1","XGBoost_SHAP","all",0.0230116710327992,"PALMD"
"ENSG00000099260","patient4","XGBoost_SHAP","all",0.00490368956166278,"PALMD"
"ENSG00000099260","patient2","XGBoost_SHAP","all",0.0156394920479175,"PALMD"
"ENSG00000099260","patient3","XGBoost_SHAP","all",0.0175647021113427,"PALMD"
"ENSG00000099260","patient6","XGBoost_SHAP","all",0.0175119037703231,"PALMD"
"ENSG00000099260","patient5","XGBoost_SHAP","all",0.0261563536699353,"PALMD"
"ENSG00000099385","patient1","XGBoost_SHAP","all",0.00267116183898057,"BCL7C"
"ENSG00000099385","patient3","XGBoost_SHAP","all",0.00285890370072472,"BCL7C"
"ENSG00000099385","patient2","XGBoost_SHAP","all",0.0016447965196755,"BCL7C"
"ENSG00000099385","patient4","XGBoost_SHAP","all",0.00358217094960848,"BCL7C"
"ENSG00000099385","patient5","XGBoost_SHAP","all",0.00162080362824178,"BCL7C"
"ENSG00000099385","patient6","XGBoost_SHAP","all",0.00236838020989051,"BCL7C"
"ENSG00000099624","patient5","XGBoost_SHAP","all",0.00366792870911617,"ATP5F1D"
"ENSG00000099624","patient6","XGBoost_SHAP","all",0.00259496202003113,"ATP5F1D"
"ENSG00000099624","patient3","XGBoost_SHAP","all",0.00621490065065909,"ATP5F1D"
"ENSG00000099624","patient4","XGBoost_SHAP","all",0.00369519258194242,"ATP5F1D"
"ENSG00000099783","patient2","XGBoost_SHAP","all",0.00326790146677136,"HNRNPM"
"ENSG00000099783","patient4","XGBoost_SHAP","all",0.00306208751559701,"HNRNPM"
"ENSG00000099783","patient6","XGBoost_SHAP","all",0.00391769689927352,"HNRNPM"
"ENSG00000099783","patient5","XGBoost_SHAP","all",0.00378672635157103,"HNRNPM"
"ENSG00000099783","patient3","XGBoost_SHAP","all",0.00386587664031182,"HNRNPM"
"ENSG00000099783","patient1","XGBoost_SHAP","all",0.00317247561968569,"HNRNPM"
"ENSG00000099785","patient6","XGBoost_SHAP","all",0.00430276174342485,"MARCHF2"
"ENSG00000099785","patient4","XGBoost_SHAP","all",0.00496978998606025,"MARCHF2"
"ENSG00000099797","patient6","XGBoost_SHAP","all",0.00616014778616814,"TECR"
"ENSG00000099797","patient3","XGBoost_SHAP","all",0.00238626700451079,"TECR"
"ENSG00000099797","patient4","XGBoost_SHAP","all",0.00209528207049139,"TECR"
"ENSG00000099797","patient2","XGBoost_SHAP","all",0.00170063682426071,"TECR"
"ENSG00000099797","patient1","XGBoost_SHAP","all",0.00202855451443856,"TECR"
"ENSG00000099797","patient5","XGBoost_SHAP","all",0.00308986438573278,"TECR"
"ENSG00000099800","patient1","XGBoost_SHAP","all",0.00306872574391647,"TIMM13"
"ENSG00000099800","patient6","XGBoost_SHAP","all",0.00189558838822267,"TIMM13"
"ENSG00000099800","patient2","XGBoost_SHAP","all",0.00394632327084264,"TIMM13"
"ENSG00000099800","patient4","XGBoost_SHAP","all",0.00258440407584512,"TIMM13"
"ENSG00000099800","patient5","XGBoost_SHAP","all",0.0038229225841182,"TIMM13"
"ENSG00000099800","patient3","XGBoost_SHAP","all",0.00346641510208676,"TIMM13"
"ENSG00000099817","patient4","XGBoost_SHAP","all",0.00158860038317197,"POLR2E"
"ENSG00000099817","patient5","XGBoost_SHAP","all",0.00191730147178778,"POLR2E"
"ENSG00000099817","patient3","XGBoost_SHAP","all",0.00180536402147965,"POLR2E"
"ENSG00000099817","patient1","XGBoost_SHAP","all",0.00189001003943251,"POLR2E"
"ENSG00000099817","patient2","XGBoost_SHAP","all",0.00150186026918647,"POLR2E"
"ENSG00000099817","patient6","XGBoost_SHAP","all",0.000902022488971261,"POLR2E"
"ENSG00000099860","patient4","XGBoost_SHAP","all",0.00416411356606119,"GADD45B"
"ENSG00000099860","patient3","XGBoost_SHAP","all",0.0158077860213373,"GADD45B"
"ENSG00000099860","patient5","XGBoost_SHAP","all",0.0061630544969733,"GADD45B"
"ENSG00000099860","patient2","XGBoost_SHAP","all",0.0079588602250017,"GADD45B"
"ENSG00000099860","patient6","XGBoost_SHAP","all",0.0077609572489309,"GADD45B"
"ENSG00000099860","patient1","XGBoost_SHAP","all",0.00472392351238833,"GADD45B"
"ENSG00000099875","patient6","XGBoost_SHAP","all",0.00526627935483536,"MKNK2"
"ENSG00000099901","patient6","XGBoost_SHAP","all",0.00113420448868057,"RANBP1"
"ENSG00000099901","patient2","XGBoost_SHAP","all",0.0010650693171944,"RANBP1"
"ENSG00000099901","patient3","XGBoost_SHAP","all",0.00102748886428645,"RANBP1"
"ENSG00000099901","patient1","XGBoost_SHAP","all",0.00163631959732787,"RANBP1"
"ENSG00000099901","patient5","XGBoost_SHAP","all",0.00134387458475591,"RANBP1"
"ENSG00000099901","patient4","XGBoost_SHAP","all",0.00381962618092321,"RANBP1"
"ENSG00000099977","patient4","XGBoost_SHAP","all",0.00106689936734074,"DDT"
"ENSG00000099977","patient1","XGBoost_SHAP","all",0.00148384381281693,"DDT"
"ENSG00000099977","patient5","XGBoost_SHAP","all",0.00141085507060596,"DDT"
"ENSG00000099977","patient2","XGBoost_SHAP","all",0.00157879949461252,"DDT"
"ENSG00000099977","patient6","XGBoost_SHAP","all",0.000997439938123895,"DDT"
"ENSG00000099977","patient3","XGBoost_SHAP","all",0.00158654505152362,"DDT"
"ENSG00000099998","patient4","XGBoost_SHAP","all",0.013285467237911,"GGT5"
"ENSG00000099998","patient6","XGBoost_SHAP","all",0.00849994160311195,"GGT5"
"ENSG00000099998","patient1","XGBoost_SHAP","all",0.0210848824976184,"GGT5"
"ENSG00000099998","patient3","XGBoost_SHAP","all",0.0116766924539151,"GGT5"
"ENSG00000099998","patient2","XGBoost_SHAP","all",0.0192968461427993,"GGT5"
"ENSG00000099998","patient5","XGBoost_SHAP","all",0.0205656814929888,"GGT5"
"ENSG00000100028","patient2","XGBoost_SHAP","all",0.00106989712095128,"SNRPD3"
"ENSG00000100028","patient3","XGBoost_SHAP","all",0.000730259003126163,"SNRPD3"
"ENSG00000100028","patient4","XGBoost_SHAP","all",0.0007661798376921,"SNRPD3"
"ENSG00000100028","patient5","XGBoost_SHAP","all",0.00180587729831679,"SNRPD3"
"ENSG00000100028","patient6","XGBoost_SHAP","all",0.00125341752638792,"SNRPD3"
"ENSG00000100028","patient1","XGBoost_SHAP","all",0.00175150451807344,"SNRPD3"
"ENSG00000100097","patient5","XGBoost_SHAP","all",0.0189945416246726,"LGALS1"
"ENSG00000100097","patient4","XGBoost_SHAP","all",0.0375401062352801,"LGALS1"
"ENSG00000100097","patient3","XGBoost_SHAP","all",0.0329820798067125,"LGALS1"
"ENSG00000100097","patient1","XGBoost_SHAP","all",0.0189687829791313,"LGALS1"
"ENSG00000100097","patient6","XGBoost_SHAP","all",0.0198399679884294,"LGALS1"
"ENSG00000100097","patient2","XGBoost_SHAP","all",0.0229344743194832,"LGALS1"
"ENSG00000100100","patient5","XGBoost_SHAP","all",0.00321462045954473,"PIK3IP1"
"ENSG00000100106","patient2","XGBoost_SHAP","all",0.00244697871313591,"TRIOBP"
"ENSG00000100106","patient6","XGBoost_SHAP","all",0.00210950549620553,"TRIOBP"
"ENSG00000100106","patient4","XGBoost_SHAP","all",0.00157644139215943,"TRIOBP"
"ENSG00000100106","patient3","XGBoost_SHAP","all",0.00169346260988411,"TRIOBP"
"ENSG00000100106","patient1","XGBoost_SHAP","all",0.00239277260884413,"TRIOBP"
"ENSG00000100129","patient1","XGBoost_SHAP","all",0.00107742429609716,"EIF3L"
"ENSG00000100129","patient3","XGBoost_SHAP","all",0.00281361073083698,"EIF3L"
"ENSG00000100129","patient5","XGBoost_SHAP","all",0.00253199781067811,"EIF3L"
"ENSG00000100129","patient4","XGBoost_SHAP","all",0.00124431599977347,"EIF3L"
"ENSG00000100129","patient6","XGBoost_SHAP","all",0.0017602842535539,"EIF3L"
"ENSG00000100129","patient2","XGBoost_SHAP","all",0.0019865397639365,"EIF3L"
"ENSG00000100138","patient1","XGBoost_SHAP","all",0.00330814270977801,"SNU13"
"ENSG00000100142","patient3","XGBoost_SHAP","all",0.00151051559511142,"POLR2F"
"ENSG00000100142","patient2","XGBoost_SHAP","all",0.00144992812231944,"POLR2F"
"ENSG00000100142","patient4","XGBoost_SHAP","all",0.00280699912436995,"POLR2F"
"ENSG00000100142","patient5","XGBoost_SHAP","all",0.001413199332252,"POLR2F"
"ENSG00000100142","patient1","XGBoost_SHAP","all",0.00406857303794946,"POLR2F"
"ENSG00000100142","patient6","XGBoost_SHAP","all",0.00116352033573523,"POLR2F"
"ENSG00000100201","patient3","XGBoost_SHAP","all",0.00134795996420508,"DDX17"
"ENSG00000100201","patient2","XGBoost_SHAP","all",0.0028077599817807,"DDX17"
"ENSG00000100201","patient6","XGBoost_SHAP","all",0.00117600030127114,"DDX17"
"ENSG00000100201","patient1","XGBoost_SHAP","all",0.00298391837664897,"DDX17"
"ENSG00000100201","patient4","XGBoost_SHAP","all",0.00226378487176472,"DDX17"
"ENSG00000100201","patient5","XGBoost_SHAP","all",0.0013472337363892,"DDX17"
"ENSG00000100216","patient3","XGBoost_SHAP","all",0.00116276597271527,"TOMM22"
"ENSG00000100216","patient1","XGBoost_SHAP","all",0.000645936066400565,"TOMM22"
"ENSG00000100216","patient5","XGBoost_SHAP","all",0.00110904490779409,"TOMM22"
"ENSG00000100216","patient6","XGBoost_SHAP","all",0.0012545025653417,"TOMM22"
"ENSG00000100216","patient2","XGBoost_SHAP","all",0.000728928231652674,"TOMM22"
"ENSG00000100219","patient2","XGBoost_SHAP","all",0.0104105475047581,"XBP1"
"ENSG00000100219","patient4","XGBoost_SHAP","all",0.00786367406651659,"XBP1"
"ENSG00000100219","patient5","XGBoost_SHAP","all",0.00914749753625685,"XBP1"
"ENSG00000100219","patient1","XGBoost_SHAP","all",0.012457009636127,"XBP1"
"ENSG00000100219","patient3","XGBoost_SHAP","all",0.00878895929588135,"XBP1"
"ENSG00000100219","patient6","XGBoost_SHAP","all",0.0160874977112766,"XBP1"
"ENSG00000100234","patient5","XGBoost_SHAP","all",0.0278757645551464,"TIMP3"
"ENSG00000100234","patient1","XGBoost_SHAP","all",0.0479094576008453,"TIMP3"
"ENSG00000100234","patient4","XGBoost_SHAP","all",0.0336741786502635,"TIMP3"
"ENSG00000100234","patient6","XGBoost_SHAP","all",0.033717741098696,"TIMP3"
"ENSG00000100234","patient3","XGBoost_SHAP","all",0.0457849501080195,"TIMP3"
"ENSG00000100234","patient2","XGBoost_SHAP","all",0.0361671852006478,"TIMP3"
"ENSG00000100242","patient5","XGBoost_SHAP","all",0.0078133058799103,"SUN2"
"ENSG00000100242","patient2","XGBoost_SHAP","all",0.00553907096962289,"SUN2"
"ENSG00000100242","patient1","XGBoost_SHAP","all",0.00809409170027995,"SUN2"
"ENSG00000100242","patient4","XGBoost_SHAP","all",0.00711573706669379,"SUN2"
"ENSG00000100242","patient3","XGBoost_SHAP","all",0.00666475510058683,"SUN2"
"ENSG00000100242","patient6","XGBoost_SHAP","all",0.0115715280031355,"SUN2"
"ENSG00000100243","patient4","XGBoost_SHAP","all",0.0051433242347175,"CYB5R3"
"ENSG00000100243","patient3","XGBoost_SHAP","all",0.0230132624236194,"CYB5R3"
"ENSG00000100243","patient5","XGBoost_SHAP","all",0.00812836211006794,"CYB5R3"
"ENSG00000100243","patient2","XGBoost_SHAP","all",0.0181328531642342,"CYB5R3"
"ENSG00000100243","patient1","XGBoost_SHAP","all",0.00631477200227723,"CYB5R3"
"ENSG00000100243","patient6","XGBoost_SHAP","all",0.00664856218083766,"CYB5R3"
"ENSG00000100292","patient6","XGBoost_SHAP","all",0.016680849985642,"HMOX1"
"ENSG00000100292","patient5","XGBoost_SHAP","all",0.00936223864475423,"HMOX1"
"ENSG00000100345","patient2","XGBoost_SHAP","all",0.00585052745621706,"MYH9"
"ENSG00000100345","patient3","XGBoost_SHAP","all",0.00196169660254118,"MYH9"
"ENSG00000100345","patient5","XGBoost_SHAP","all",0.0048756476482006,"MYH9"
"ENSG00000100345","patient4","XGBoost_SHAP","all",0.00632326090805394,"MYH9"
"ENSG00000100345","patient6","XGBoost_SHAP","all",0.00643116116428729,"MYH9"
"ENSG00000100345","patient1","XGBoost_SHAP","all",0.00290387592838241,"MYH9"
"ENSG00000100348","patient5","XGBoost_SHAP","all",0.00204370811738902,"TXN2"
"ENSG00000100348","patient4","XGBoost_SHAP","all",0.00528044254695391,"TXN2"
"ENSG00000100348","patient2","XGBoost_SHAP","all",0.00115419761596427,"TXN2"
"ENSG00000100348","patient3","XGBoost_SHAP","all",0.00409174524675107,"TXN2"
"ENSG00000100348","patient6","XGBoost_SHAP","all",0.00281212493982099,"TXN2"
"ENSG00000100348","patient1","XGBoost_SHAP","all",0.00410779863136482,"TXN2"
"ENSG00000100353","patient5","XGBoost_SHAP","all",0.00267726807528269,"EIF3D"
"ENSG00000100353","patient1","XGBoost_SHAP","all",0.0029545134868337,"EIF3D"
"ENSG00000100353","patient2","XGBoost_SHAP","all",0.00559894910555989,"EIF3D"
"ENSG00000100353","patient4","XGBoost_SHAP","all",0.00236176798935653,"EIF3D"
"ENSG00000100353","patient6","XGBoost_SHAP","all",0.00454299872869657,"EIF3D"
"ENSG00000100353","patient3","XGBoost_SHAP","all",0.00510869221962886,"EIF3D"
"ENSG00000100354","patient3","XGBoost_SHAP","all",0.00452829508571939,"TNRC6B"
"ENSG00000100354","patient1","XGBoost_SHAP","all",0.00273487325974937,"TNRC6B"
"ENSG00000100354","patient2","XGBoost_SHAP","all",0.00294544038482981,"TNRC6B"
"ENSG00000100354","patient4","XGBoost_SHAP","all",0.0025954142634049,"TNRC6B"
"ENSG00000100354","patient6","XGBoost_SHAP","all",0.00202489471946807,"TNRC6B"
"ENSG00000100354","patient5","XGBoost_SHAP","all",0.000796844189953841,"TNRC6B"
"ENSG00000100442","patient2","XGBoost_SHAP","all",0.00104019592127466,"FKBP3"
"ENSG00000100442","patient4","XGBoost_SHAP","all",0.00282528830458617,"FKBP3"
"ENSG00000100442","patient5","XGBoost_SHAP","all",0.00162162855223048,"FKBP3"
"ENSG00000100442","patient1","XGBoost_SHAP","all",0.00256721555516278,"FKBP3"
"ENSG00000100442","patient6","XGBoost_SHAP","all",0.00141048366435825,"FKBP3"
"ENSG00000100442","patient3","XGBoost_SHAP","all",0.00271663891773031,"FKBP3"
"ENSG00000100519","patient5","XGBoost_SHAP","all",0.00183863273492659,"PSMC6"
"ENSG00000100519","patient4","XGBoost_SHAP","all",0.00142900688754649,"PSMC6"
"ENSG00000100519","patient2","XGBoost_SHAP","all",0.000738787510503247,"PSMC6"
"ENSG00000100519","patient1","XGBoost_SHAP","all",0.00179698285189015,"PSMC6"
"ENSG00000100519","patient6","XGBoost_SHAP","all",0.00295176223911705,"PSMC6"
"ENSG00000100519","patient3","XGBoost_SHAP","all",0.00216330503614154,"PSMC6"
"ENSG00000100528","patient3","XGBoost_SHAP","all",0.00188709006020932,"CNIH1"
"ENSG00000100528","patient5","XGBoost_SHAP","all",0.00102798317772975,"CNIH1"
"ENSG00000100528","patient6","XGBoost_SHAP","all",0.00191447714936741,"CNIH1"
"ENSG00000100528","patient1","XGBoost_SHAP","all",0.00127139217375831,"CNIH1"
"ENSG00000100528","patient2","XGBoost_SHAP","all",0.001222260093825,"CNIH1"
"ENSG00000100528","patient4","XGBoost_SHAP","all",0.000950604714509026,"CNIH1"
"ENSG00000100567","patient6","XGBoost_SHAP","all",0.000802453882355603,"PSMA3"
"ENSG00000100567","patient1","XGBoost_SHAP","all",0.00153186658314856,"PSMA3"
"ENSG00000100567","patient5","XGBoost_SHAP","all",0.00106085942096553,"PSMA3"
"ENSG00000100567","patient3","XGBoost_SHAP","all",0.00194776986023982,"PSMA3"
"ENSG00000100567","patient4","XGBoost_SHAP","all",0.00118839374091028,"PSMA3"
"ENSG00000100567","patient2","XGBoost_SHAP","all",0.00133343280760652,"PSMA3"
"ENSG00000100568","patient5","XGBoost_SHAP","all",0.00398359366684912,"VTI1B"
"ENSG00000100568","patient6","XGBoost_SHAP","all",0.00142931004372557,"VTI1B"
"ENSG00000100568","patient1","XGBoost_SHAP","all",0.000662863472257876,"VTI1B"
"ENSG00000100568","patient3","XGBoost_SHAP","all",0.00264946522748602,"VTI1B"
"ENSG00000100568","patient2","XGBoost_SHAP","all",0.00114993232293633,"VTI1B"
"ENSG00000100568","patient4","XGBoost_SHAP","all",0.000711649498217104,"VTI1B"
"ENSG00000100592","patient1","XGBoost_SHAP","all",0.0021358521883908,"DAAM1"
"ENSG00000100592","patient6","XGBoost_SHAP","all",0.00127849808792608,"DAAM1"
"ENSG00000100592","patient5","XGBoost_SHAP","all",0.00090745864843482,"DAAM1"
"ENSG00000100592","patient3","XGBoost_SHAP","all",0.0019719894107523,"DAAM1"
"ENSG00000100592","patient2","XGBoost_SHAP","all",0.00221182717424202,"DAAM1"
"ENSG00000100592","patient4","XGBoost_SHAP","all",0.00127541156624042,"DAAM1"
"ENSG00000100600","patient6","XGBoost_SHAP","all",0.00590163883107036,"LGMN"
"ENSG00000100600","patient4","XGBoost_SHAP","all",0.00205856080139832,"LGMN"
"ENSG00000100600","patient3","XGBoost_SHAP","all",0.00891578663152369,"LGMN"
"ENSG00000100600","patient1","XGBoost_SHAP","all",0.00355795943654751,"LGMN"
"ENSG00000100600","patient5","XGBoost_SHAP","all",0.00229824062278025,"LGMN"
"ENSG00000100600","patient2","XGBoost_SHAP","all",0.00193279450527675,"LGMN"
"ENSG00000100603","patient2","XGBoost_SHAP","all",0.00414491878860414,"SNW1"
"ENSG00000100603","patient3","XGBoost_SHAP","all",0.00367830628549332,"SNW1"
"ENSG00000100603","patient5","XGBoost_SHAP","all",0.00617106621702028,"SNW1"
"ENSG00000100603","patient4","XGBoost_SHAP","all",0.00334192070974065,"SNW1"
"ENSG00000100603","patient1","XGBoost_SHAP","all",0.00249776358712188,"SNW1"
"ENSG00000100603","patient6","XGBoost_SHAP","all",0.00376558301360393,"SNW1"
"ENSG00000100612","patient4","XGBoost_SHAP","all",0.00159817962460508,"DHRS7"
"ENSG00000100612","patient1","XGBoost_SHAP","all",0.00280412173536028,"DHRS7"
"ENSG00000100612","patient3","XGBoost_SHAP","all",0.00362790455363581,"DHRS7"
"ENSG00000100612","patient2","XGBoost_SHAP","all",0.00128918143176574,"DHRS7"
"ENSG00000100612","patient6","XGBoost_SHAP","all",0.00322354984487046,"DHRS7"
"ENSG00000100612","patient5","XGBoost_SHAP","all",0.00245729023849038,"DHRS7"
"ENSG00000100644","patient6","XGBoost_SHAP","all",0.00913667663973631,"HIF1A"
"ENSG00000100644","patient2","XGBoost_SHAP","all",0.00654744042611723,"HIF1A"
"ENSG00000100644","patient5","XGBoost_SHAP","all",0.00858577100481609,"HIF1A"
"ENSG00000100644","patient1","XGBoost_SHAP","all",0.00390754016030278,"HIF1A"
"ENSG00000100644","patient3","XGBoost_SHAP","all",0.0123792041286621,"HIF1A"
"ENSG00000100644","patient4","XGBoost_SHAP","all",0.0116122413347011,"HIF1A"
"ENSG00000100664","patient1","XGBoost_SHAP","all",0.00194381708223223,"EIF5"
"ENSG00000100711","patient4","XGBoost_SHAP","all",0.00066766397558086,"ZFYVE21"
"ENSG00000100711","patient1","XGBoost_SHAP","all",0.00139222402082005,"ZFYVE21"
"ENSG00000100711","patient3","XGBoost_SHAP","all",0.00138475441057501,"ZFYVE21"
"ENSG00000100711","patient6","XGBoost_SHAP","all",0.000722165800686253,"ZFYVE21"
"ENSG00000100711","patient2","XGBoost_SHAP","all",0.00124534272311576,"ZFYVE21"
"ENSG00000100711","patient5","XGBoost_SHAP","all",0.00181375064513247,"ZFYVE21"
"ENSG00000100764","patient3","XGBoost_SHAP","all",0.00159576865009259,"PSMC1"
"ENSG00000100764","patient6","XGBoost_SHAP","all",0.0023136072303823,"PSMC1"
"ENSG00000100764","patient5","XGBoost_SHAP","all",0.00175979759039789,"PSMC1"
"ENSG00000100764","patient1","XGBoost_SHAP","all",0.00151163386828684,"PSMC1"
"ENSG00000100764","patient2","XGBoost_SHAP","all",0.00151830778608565,"PSMC1"
"ENSG00000100764","patient4","XGBoost_SHAP","all",0.00122479781657256,"PSMC1"
"ENSG00000100804","patient6","XGBoost_SHAP","all",0.00379422405687922,"PSMB5"
"ENSG00000100804","patient2","XGBoost_SHAP","all",0.00286284507540159,"PSMB5"
"ENSG00000100804","patient4","XGBoost_SHAP","all",0.00123363550206464,"PSMB5"
"ENSG00000100804","patient3","XGBoost_SHAP","all",0.000850975222739495,"PSMB5"
"ENSG00000100804","patient1","XGBoost_SHAP","all",0.000809144678114992,"PSMB5"
"ENSG00000100804","patient5","XGBoost_SHAP","all",0.0029242634637467,"PSMB5"
"ENSG00000100811","patient5","XGBoost_SHAP","all",0.00335682105444051,"YY1"
"ENSG00000100811","patient2","XGBoost_SHAP","all",0.00224070970517391,"YY1"
"ENSG00000100811","patient4","XGBoost_SHAP","all",0.00280410553982307,"YY1"
"ENSG00000100811","patient6","XGBoost_SHAP","all",0.00311458130257297,"YY1"
"ENSG00000100811","patient3","XGBoost_SHAP","all",0.00251370773831081,"YY1"
"ENSG00000100811","patient1","XGBoost_SHAP","all",0.00271768853192409,"YY1"
"ENSG00000100815","patient2","XGBoost_SHAP","all",0.00137798000593089,"TRIP11"
"ENSG00000100815","patient6","XGBoost_SHAP","all",0.00049066843185391,"TRIP11"
"ENSG00000100815","patient4","XGBoost_SHAP","all",0.00192122783028152,"TRIP11"
"ENSG00000100815","patient3","XGBoost_SHAP","all",0.00085509667590427,"TRIP11"
"ENSG00000100815","patient1","XGBoost_SHAP","all",0.00176983673884058,"TRIP11"
"ENSG00000100815","patient5","XGBoost_SHAP","all",0.001335013888384,"TRIP11"
"ENSG00000100823","patient5","XGBoost_SHAP","all",0.00287367652884189,"APEX1"
"ENSG00000100823","patient1","XGBoost_SHAP","all",0.00161960715189859,"APEX1"
"ENSG00000100823","patient2","XGBoost_SHAP","all",0.00334530993588555,"APEX1"
"ENSG00000100823","patient4","XGBoost_SHAP","all",0.00247276206692798,"APEX1"
"ENSG00000100823","patient3","XGBoost_SHAP","all",0.00473035270334365,"APEX1"
"ENSG00000100823","patient6","XGBoost_SHAP","all",0.00296979950968906,"APEX1"
"ENSG00000100852","patient6","XGBoost_SHAP","all",0.00179709277797766,"ARHGAP5"
"ENSG00000100852","patient3","XGBoost_SHAP","all",0.00136437376581029,"ARHGAP5"
"ENSG00000100852","patient5","XGBoost_SHAP","all",0.00146056125655137,"ARHGAP5"
"ENSG00000100852","patient1","XGBoost_SHAP","all",0.00193813682348326,"ARHGAP5"
"ENSG00000100852","patient2","XGBoost_SHAP","all",0.00135507211377179,"ARHGAP5"
"ENSG00000100852","patient4","XGBoost_SHAP","all",0.00507127624012004,"ARHGAP5"
"ENSG00000100906","patient1","XGBoost_SHAP","all",0.0106950075896478,"NFKBIA"
"ENSG00000100906","patient3","XGBoost_SHAP","all",0.0086087391471877,"NFKBIA"
"ENSG00000100906","patient4","XGBoost_SHAP","all",0.0103122198991048,"NFKBIA"
"ENSG00000100906","patient2","XGBoost_SHAP","all",0.00449386103878949,"NFKBIA"
"ENSG00000100906","patient6","XGBoost_SHAP","all",0.00621020013882006,"NFKBIA"
"ENSG00000100906","patient5","XGBoost_SHAP","all",0.0103854273033916,"NFKBIA"
"ENSG00000100911","patient1","XGBoost_SHAP","all",0.00401964275270176,"PSME2"
"ENSG00000100911","patient3","XGBoost_SHAP","all",0.00333313060104404,"PSME2"
"ENSG00000100911","patient2","XGBoost_SHAP","all",0.00353139643615092,"PSME2"
"ENSG00000100911","patient6","XGBoost_SHAP","all",0.00359241706720244,"PSME2"
"ENSG00000100911","patient4","XGBoost_SHAP","all",0.0014917163895661,"PSME2"
"ENSG00000100911","patient5","XGBoost_SHAP","all",0.00264297741716894,"PSME2"
"ENSG00000100941","patient3","XGBoost_SHAP","all",0.00253061348218889,"PNN"
"ENSG00000100941","patient4","XGBoost_SHAP","all",0.000899692346286108,"PNN"
"ENSG00000100941","patient2","XGBoost_SHAP","all",0.00150348584641138,"PNN"
"ENSG00000100941","patient5","XGBoost_SHAP","all",0.00184017887539691,"PNN"
"ENSG00000100941","patient1","XGBoost_SHAP","all",0.00330944007975624,"PNN"
"ENSG00000100941","patient6","XGBoost_SHAP","all",0.00209803987384266,"PNN"
"ENSG00000100979","patient6","XGBoost_SHAP","all",0.00386287613989405,"PLTP"
"ENSG00000100979","patient1","XGBoost_SHAP","all",0.00541966673978166,"PLTP"
"ENSG00000100979","patient5","XGBoost_SHAP","all",0.0030438041874621,"PLTP"
"ENSG00000100979","patient3","XGBoost_SHAP","all",0.00463710790550364,"PLTP"
"ENSG00000100979","patient4","XGBoost_SHAP","all",0.00269875722671352,"PLTP"
"ENSG00000100979","patient2","XGBoost_SHAP","all",0.00880707720978677,"PLTP"
"ENSG00000101000","patient2","XGBoost_SHAP","all",0.0111146018392583,"PROCR"
"ENSG00000101000","patient5","XGBoost_SHAP","all",0.00965500838632939,"PROCR"
"ENSG00000101000","patient1","XGBoost_SHAP","all",0.00590165964811732,"PROCR"
"ENSG00000101000","patient3","XGBoost_SHAP","all",0.00969572205827983,"PROCR"
"ENSG00000101000","patient6","XGBoost_SHAP","all",0.00925897845439866,"PROCR"
"ENSG00000101000","patient4","XGBoost_SHAP","all",0.0106290507238989,"PROCR"
"ENSG00000101150","patient2","XGBoost_SHAP","all",0.000753996786069954,"TPD52L2"
"ENSG00000101150","patient5","XGBoost_SHAP","all",0.00421839565273686,"TPD52L2"
"ENSG00000101150","patient4","XGBoost_SHAP","all",0.00217478569461674,"TPD52L2"
"ENSG00000101150","patient6","XGBoost_SHAP","all",0.00106841897291811,"TPD52L2"
"ENSG00000101150","patient3","XGBoost_SHAP","all",0.000753564647412839,"TPD52L2"
"ENSG00000101160","patient5","XGBoost_SHAP","all",0.0126497613227476,"CTSZ"
"ENSG00000101160","patient4","XGBoost_SHAP","all",0.0147173945450543,"CTSZ"
"ENSG00000101160","patient3","XGBoost_SHAP","all",0.0255236601233707,"CTSZ"
"ENSG00000101160","patient1","XGBoost_SHAP","all",0.015754821369608,"CTSZ"
"ENSG00000101160","patient6","XGBoost_SHAP","all",0.0194991323495393,"CTSZ"
"ENSG00000101160","patient2","XGBoost_SHAP","all",0.0193381629055227,"CTSZ"
"ENSG00000101161","patient5","XGBoost_SHAP","all",0.00180015274985767,"PRPF6"
"ENSG00000101161","patient4","XGBoost_SHAP","all",0.00135592971024594,"PRPF6"
"ENSG00000101161","patient2","XGBoost_SHAP","all",0.00110691253163777,"PRPF6"
"ENSG00000101161","patient3","XGBoost_SHAP","all",0.000653193040642088,"PRPF6"
"ENSG00000101161","patient6","XGBoost_SHAP","all",0.0017362158180198,"PRPF6"
"ENSG00000101161","patient1","XGBoost_SHAP","all",0.000840585496111856,"PRPF6"
"ENSG00000101266","patient5","XGBoost_SHAP","all",0.00271833979660606,"CSNK2A1"
"ENSG00000101266","patient2","XGBoost_SHAP","all",0.000791983589006126,"CSNK2A1"
"ENSG00000101266","patient3","XGBoost_SHAP","all",0.000584322426751901,"CSNK2A1"
"ENSG00000101266","patient4","XGBoost_SHAP","all",0.00261597519432473,"CSNK2A1"
"ENSG00000101294","patient4","XGBoost_SHAP","all",0.00278520832104914,"HM13"
"ENSG00000101294","patient5","XGBoost_SHAP","all",0.00335584876358316,"HM13"
"ENSG00000101294","patient1","XGBoost_SHAP","all",0.00239744658120675,"HM13"
"ENSG00000101294","patient6","XGBoost_SHAP","all",0.0040677302452721,"HM13"
"ENSG00000101294","patient3","XGBoost_SHAP","all",0.00153660013563603,"HM13"
"ENSG00000101294","patient2","XGBoost_SHAP","all",0.00296679516086138,"HM13"
"ENSG00000101335","patient5","XGBoost_SHAP","all",0.0557080836522378,"MYL9"
"ENSG00000101335","patient1","XGBoost_SHAP","all",0.043649209283666,"MYL9"
"ENSG00000101335","patient6","XGBoost_SHAP","all",0.0418981417617152,"MYL9"
"ENSG00000101335","patient3","XGBoost_SHAP","all",0.051239660360655,"MYL9"
"ENSG00000101335","patient2","XGBoost_SHAP","all",0.0462176054136676,"MYL9"
"ENSG00000101335","patient4","XGBoost_SHAP","all",0.0525292659244626,"MYL9"
"ENSG00000101347","patient4","XGBoost_SHAP","all",0.0106843480492961,"SAMHD1"
"ENSG00000101347","patient6","XGBoost_SHAP","all",0.00451997870335808,"SAMHD1"
"ENSG00000101347","patient5","XGBoost_SHAP","all",0.00988891323988876,"SAMHD1"
"ENSG00000101347","patient3","XGBoost_SHAP","all",0.0045119827405444,"SAMHD1"
"ENSG00000101347","patient1","XGBoost_SHAP","all",0.0061597331715578,"SAMHD1"
"ENSG00000101347","patient2","XGBoost_SHAP","all",0.00945983191145953,"SAMHD1"
"ENSG00000101361","patient4","XGBoost_SHAP","all",0.000500288324848952,"NOP56"
"ENSG00000101361","patient5","XGBoost_SHAP","all",0.00121615655162653,"NOP56"
"ENSG00000101361","patient6","XGBoost_SHAP","all",0.00128683561370111,"NOP56"
"ENSG00000101361","patient2","XGBoost_SHAP","all",0.00168903225924899,"NOP56"
"ENSG00000101361","patient1","XGBoost_SHAP","all",0.000784346900088459,"NOP56"
"ENSG00000101361","patient3","XGBoost_SHAP","all",0.00126324357092138,"NOP56"
"ENSG00000101367","patient5","XGBoost_SHAP","all",0.00193050954540616,"MAPRE1"
"ENSG00000101367","patient4","XGBoost_SHAP","all",0.00110669882498401,"MAPRE1"
"ENSG00000101367","patient3","XGBoost_SHAP","all",0.00386430493338297,"MAPRE1"
"ENSG00000101384","patient5","XGBoost_SHAP","all",0.00640460534276266,"JAG1"
"ENSG00000101384","patient1","XGBoost_SHAP","all",0.00603546222836578,"JAG1"
"ENSG00000101384","patient4","XGBoost_SHAP","all",0.00664838932822696,"JAG1"
"ENSG00000101384","patient3","XGBoost_SHAP","all",0.0106106043938274,"JAG1"
"ENSG00000101384","patient2","XGBoost_SHAP","all",0.00544092744348375,"JAG1"
"ENSG00000101384","patient6","XGBoost_SHAP","all",0.00733767484831319,"JAG1"
"ENSG00000101421","patient3","XGBoost_SHAP","all",0.00109806790852111,"CHMP4B"
"ENSG00000101421","patient2","XGBoost_SHAP","all",0.000957088123816038,"CHMP4B"
"ENSG00000101421","patient1","XGBoost_SHAP","all",0.00287676592301674,"CHMP4B"
"ENSG00000101421","patient6","XGBoost_SHAP","all",0.00147777054018385,"CHMP4B"
"ENSG00000101421","patient5","XGBoost_SHAP","all",0.000571555149005544,"CHMP4B"
"ENSG00000101421","patient4","XGBoost_SHAP","all",0.00050831719426908,"CHMP4B"
"ENSG00000101460","patient4","XGBoost_SHAP","all",0.00377026927027988,"MAP1LC3A"
"ENSG00000101460","patient6","XGBoost_SHAP","all",0.00221885379345136,"MAP1LC3A"
"ENSG00000101460","patient1","XGBoost_SHAP","all",0.00136160250523366,"MAP1LC3A"
"ENSG00000101460","patient2","XGBoost_SHAP","all",0.00775424056558097,"MAP1LC3A"
"ENSG00000101460","patient5","XGBoost_SHAP","all",0.00201026462824298,"MAP1LC3A"
"ENSG00000101460","patient3","XGBoost_SHAP","all",0.00316910212278959,"MAP1LC3A"
"ENSG00000101596","patient4","XGBoost_SHAP","all",0.0016314987289667,"SMCHD1"
"ENSG00000101596","patient1","XGBoost_SHAP","all",0.0017344417728018,"SMCHD1"
"ENSG00000101596","patient6","XGBoost_SHAP","all",0.00243936367543202,"SMCHD1"
"ENSG00000101596","patient5","XGBoost_SHAP","all",0.00145392339122133,"SMCHD1"
"ENSG00000101596","patient2","XGBoost_SHAP","all",0.00164572584742807,"SMCHD1"
"ENSG00000101596","patient3","XGBoost_SHAP","all",0.00339971276095105,"SMCHD1"
"ENSG00000101654","patient6","XGBoost_SHAP","all",0.0013719165525587,"RNMT"
"ENSG00000101654","patient1","XGBoost_SHAP","all",0.00187360108945597,"RNMT"
"ENSG00000101654","patient4","XGBoost_SHAP","all",0.00182136369270239,"RNMT"
"ENSG00000101654","patient3","XGBoost_SHAP","all",0.00321159485322504,"RNMT"
"ENSG00000101654","patient5","XGBoost_SHAP","all",0.0029268106748608,"RNMT"
"ENSG00000101654","patient2","XGBoost_SHAP","all",0.00189486865526214,"RNMT"
"ENSG00000101745","patient3","XGBoost_SHAP","all",0.00217512999807861,"ANKRD12"
"ENSG00000101745","patient6","XGBoost_SHAP","all",0.00268214508221595,"ANKRD12"
"ENSG00000101745","patient4","XGBoost_SHAP","all",0.00219925239499085,"ANKRD12"
"ENSG00000101745","patient5","XGBoost_SHAP","all",0.00347847799829888,"ANKRD12"
"ENSG00000101745","patient1","XGBoost_SHAP","all",0.00198290750382205,"ANKRD12"
"ENSG00000101745","patient2","XGBoost_SHAP","all",0.00282487453451171,"ANKRD12"
"ENSG00000101782","patient1","XGBoost_SHAP","all",0.00128016710688583,"RIOK3"
"ENSG00000101782","patient5","XGBoost_SHAP","all",0.00134346624919273,"RIOK3"
"ENSG00000101782","patient4","XGBoost_SHAP","all",0.00169253352203697,"RIOK3"
"ENSG00000101782","patient6","XGBoost_SHAP","all",0.00119180769044277,"RIOK3"
"ENSG00000101782","patient2","XGBoost_SHAP","all",0.00052139366421639,"RIOK3"
"ENSG00000101782","patient3","XGBoost_SHAP","all",0.00061406250130283,"RIOK3"
"ENSG00000101856","patient6","XGBoost_SHAP","all",0.00576825925000171,"PGRMC1"
"ENSG00000101856","patient2","XGBoost_SHAP","all",0.00286279920994822,"PGRMC1"
"ENSG00000101856","patient3","XGBoost_SHAP","all",0.00233191684235553,"PGRMC1"
"ENSG00000101856","patient4","XGBoost_SHAP","all",0.00543021242214657,"PGRMC1"
"ENSG00000101856","patient1","XGBoost_SHAP","all",0.0031234191725357,"PGRMC1"
"ENSG00000101856","patient5","XGBoost_SHAP","all",0.00278965210220431,"PGRMC1"
"ENSG00000101940","patient5","XGBoost_SHAP","all",0.00230698686588336,"WDR13"
"ENSG00000101940","patient4","XGBoost_SHAP","all",0.00194769782736211,"WDR13"
"ENSG00000101955","patient1","XGBoost_SHAP","all",0.0017102713945551,"SRPX"
"ENSG00000101955","patient6","XGBoost_SHAP","all",0.00262272294016637,"SRPX"
"ENSG00000101955","patient5","XGBoost_SHAP","all",0.00151321557519746,"SRPX"
"ENSG00000101955","patient4","XGBoost_SHAP","all",0.00140376200716656,"SRPX"
"ENSG00000101955","patient3","XGBoost_SHAP","all",0.00221623909955125,"SRPX"
"ENSG00000101955","patient2","XGBoost_SHAP","all",0.00293440289569234,"SRPX"
"ENSG00000101972","patient2","XGBoost_SHAP","all",0.00181915548172582,"STAG2"
"ENSG00000101972","patient3","XGBoost_SHAP","all",0.00214645677066243,"STAG2"
"ENSG00000101972","patient4","XGBoost_SHAP","all",0.000547896604131302,"STAG2"
"ENSG00000101972","patient1","XGBoost_SHAP","all",0.00514544609478506,"STAG2"
"ENSG00000101972","patient5","XGBoost_SHAP","all",0.00247559920748109,"STAG2"
"ENSG00000101972","patient6","XGBoost_SHAP","all",0.00142908833911803,"STAG2"
"ENSG00000102007","patient3","XGBoost_SHAP","all",0.00270676626326245,"PLP2"
"ENSG00000102007","patient2","XGBoost_SHAP","all",0.00429050179677378,"PLP2"
"ENSG00000102007","patient1","XGBoost_SHAP","all",0.0063092709644463,"PLP2"
"ENSG00000102007","patient6","XGBoost_SHAP","all",0.00532921342536805,"PLP2"
"ENSG00000102007","patient5","XGBoost_SHAP","all",0.00464989891185989,"PLP2"
"ENSG00000102007","patient4","XGBoost_SHAP","all",0.0100082123848526,"PLP2"
"ENSG00000102024","patient4","XGBoost_SHAP","all",0.0125628386183507,"PLS3"
"ENSG00000102024","patient2","XGBoost_SHAP","all",0.0251389365865741,"PLS3"
"ENSG00000102024","patient5","XGBoost_SHAP","all",0.0392186630924609,"PLS3"
"ENSG00000102024","patient3","XGBoost_SHAP","all",0.0293516865415926,"PLS3"
"ENSG00000102024","patient6","XGBoost_SHAP","all",0.0231093852672688,"PLS3"
"ENSG00000102024","patient1","XGBoost_SHAP","all",0.026641166360601,"PLS3"
"ENSG00000102030","patient6","XGBoost_SHAP","all",0.00173117488217158,"NAA10"
"ENSG00000102030","patient1","XGBoost_SHAP","all",0.000929402684456695,"NAA10"
"ENSG00000102030","patient5","XGBoost_SHAP","all",0.00221265732690824,"NAA10"
"ENSG00000102030","patient2","XGBoost_SHAP","all",0.00270158069975441,"NAA10"
"ENSG00000102030","patient4","XGBoost_SHAP","all",0.000804329357104188,"NAA10"
"ENSG00000102030","patient3","XGBoost_SHAP","all",0.00221864450049966,"NAA10"
"ENSG00000102054","patient6","XGBoost_SHAP","all",0.00113577353373634,"RBBP7"
"ENSG00000102054","patient1","XGBoost_SHAP","all",0.00142632656668263,"RBBP7"
"ENSG00000102054","patient4","XGBoost_SHAP","all",0.00173663080421731,"RBBP7"
"ENSG00000102054","patient2","XGBoost_SHAP","all",0.000794921093625959,"RBBP7"
"ENSG00000102054","patient5","XGBoost_SHAP","all",0.000870320023849384,"RBBP7"
"ENSG00000102054","patient3","XGBoost_SHAP","all",0.00127772960777504,"RBBP7"
"ENSG00000102119","patient6","XGBoost_SHAP","all",0.000875320664484519,"EMD"
"ENSG00000102119","patient1","XGBoost_SHAP","all",0.00266205614083031,"EMD"
"ENSG00000102119","patient5","XGBoost_SHAP","all",0.00230274573905992,"EMD"
"ENSG00000102119","patient2","XGBoost_SHAP","all",0.000891239525257199,"EMD"
"ENSG00000102144","patient1","XGBoost_SHAP","all",0.00113684554990322,"PGK1"
"ENSG00000102144","patient6","XGBoost_SHAP","all",0.00318970185277192,"PGK1"
"ENSG00000102144","patient2","XGBoost_SHAP","all",0.00207807713333267,"PGK1"
"ENSG00000102144","patient5","XGBoost_SHAP","all",0.00220903344189665,"PGK1"
"ENSG00000102144","patient4","XGBoost_SHAP","all",0.00657607016214582,"PGK1"
"ENSG00000102144","patient3","XGBoost_SHAP","all",0.00383280716578029,"PGK1"
"ENSG00000102172","patient4","XGBoost_SHAP","all",0.00538687700340482,"SMS"
"ENSG00000102172","patient6","XGBoost_SHAP","all",0.00539052952470609,"SMS"
"ENSG00000102172","patient2","XGBoost_SHAP","all",0.0103392963858311,"SMS"
"ENSG00000102172","patient3","XGBoost_SHAP","all",0.00387641822795018,"SMS"
"ENSG00000102172","patient5","XGBoost_SHAP","all",0.00397789686464059,"SMS"
"ENSG00000102172","patient1","XGBoost_SHAP","all",0.00490098176213148,"SMS"
"ENSG00000102189","patient6","XGBoost_SHAP","all",0.00256414957576033,"EEA1"
"ENSG00000102189","patient5","XGBoost_SHAP","all",0.00374627736237511,"EEA1"
"ENSG00000102189","patient4","XGBoost_SHAP","all",0.00205889417373387,"EEA1"
"ENSG00000102189","patient3","XGBoost_SHAP","all",0.00304017096381965,"EEA1"
"ENSG00000102189","patient2","XGBoost_SHAP","all",0.00253977113910277,"EEA1"
"ENSG00000102189","patient1","XGBoost_SHAP","all",0.00406360919479386,"EEA1"
"ENSG00000102265","patient6","XGBoost_SHAP","all",0.0212984849911009,"TIMP1"
"ENSG00000102265","patient1","XGBoost_SHAP","all",0.0168966148081162,"TIMP1"
"ENSG00000102309","patient3","XGBoost_SHAP","all",0.000585194962455713,"PIN4"
"ENSG00000102309","patient5","XGBoost_SHAP","all",0.00125987581324504,"PIN4"
"ENSG00000102309","patient2","XGBoost_SHAP","all",0.00108345324504138,"PIN4"
"ENSG00000102309","patient1","XGBoost_SHAP","all",0.000697517307071398,"PIN4"
"ENSG00000102316","patient2","XGBoost_SHAP","all",0.00351190924141458,"MAGED2"
"ENSG00000102316","patient4","XGBoost_SHAP","all",0.00320573321336516,"MAGED2"
"ENSG00000102316","patient6","XGBoost_SHAP","all",0.00284029896838663,"MAGED2"
"ENSG00000102316","patient5","XGBoost_SHAP","all",0.0097790985364581,"MAGED2"
"ENSG00000102316","patient3","XGBoost_SHAP","all",0.00461604142684512,"MAGED2"
"ENSG00000102316","patient1","XGBoost_SHAP","all",0.00240367824104761,"MAGED2"
"ENSG00000102317","patient6","XGBoost_SHAP","all",0.00166716923492457,"RBM3"
"ENSG00000102317","patient1","XGBoost_SHAP","all",0.00282475341349219,"RBM3"
"ENSG00000102317","patient5","XGBoost_SHAP","all",0.00266960838113181,"RBM3"
"ENSG00000102317","patient2","XGBoost_SHAP","all",0.00179721410978768,"RBM3"
"ENSG00000102317","patient3","XGBoost_SHAP","all",0.00216824290947744,"RBM3"
"ENSG00000102401","patient2","XGBoost_SHAP","all",0.00162948694672679,"ARMCX3"
"ENSG00000102401","patient3","XGBoost_SHAP","all",0.00111731709065254,"ARMCX3"
"ENSG00000102401","patient5","XGBoost_SHAP","all",0.00108386857125206,"ARMCX3"
"ENSG00000102401","patient6","XGBoost_SHAP","all",0.00242369568217938,"ARMCX3"
"ENSG00000102401","patient4","XGBoost_SHAP","all",0.00154115412790343,"ARMCX3"
"ENSG00000102401","patient1","XGBoost_SHAP","all",0.000667815315988274,"ARMCX3"
"ENSG00000102409","patient4","XGBoost_SHAP","all",0.0010750038676239,"BEX4"
"ENSG00000102409","patient1","XGBoost_SHAP","all",0.0027857221977719,"BEX4"
"ENSG00000102409","patient2","XGBoost_SHAP","all",0.0019535228891764,"BEX4"
"ENSG00000102409","patient6","XGBoost_SHAP","all",0.00318372364261928,"BEX4"
"ENSG00000102409","patient3","XGBoost_SHAP","all",0.00141890005849019,"BEX4"
"ENSG00000102409","patient5","XGBoost_SHAP","all",0.00263864280004048,"BEX4"
"ENSG00000102531","patient1","XGBoost_SHAP","all",0.00225131781121008,"FNDC3A"
"ENSG00000102531","patient4","XGBoost_SHAP","all",0.00191277283657838,"FNDC3A"
"ENSG00000102531","patient3","XGBoost_SHAP","all",0.00149448950703209,"FNDC3A"
"ENSG00000102531","patient5","XGBoost_SHAP","all",0.00167613437774821,"FNDC3A"
"ENSG00000102531","patient6","XGBoost_SHAP","all",0.00154913962843778,"FNDC3A"
"ENSG00000102531","patient2","XGBoost_SHAP","all",0.00167751917589459,"FNDC3A"
"ENSG00000102580","patient2","XGBoost_SHAP","all",0.00303868900759567,"DNAJC3"
"ENSG00000102580","patient1","XGBoost_SHAP","all",0.00382091301729248,"DNAJC3"
"ENSG00000102580","patient3","XGBoost_SHAP","all",0.00424984810600909,"DNAJC3"
"ENSG00000102580","patient4","XGBoost_SHAP","all",0.00216434702297317,"DNAJC3"
"ENSG00000102580","patient6","XGBoost_SHAP","all",0.00584985533049384,"DNAJC3"
"ENSG00000102580","patient5","XGBoost_SHAP","all",0.00098344052195959,"DNAJC3"
"ENSG00000102760","patient6","XGBoost_SHAP","all",0.00723699821127121,"RGCC"
"ENSG00000102760","patient1","XGBoost_SHAP","all",0.0166733830294308,"RGCC"
"ENSG00000102760","patient4","XGBoost_SHAP","all",0.0229952554482978,"RGCC"
"ENSG00000102760","patient5","XGBoost_SHAP","all",0.0223106542970876,"RGCC"
"ENSG00000102786","patient2","XGBoost_SHAP","all",0.000884635998555505,"INTS6"
"ENSG00000102786","patient1","XGBoost_SHAP","all",0.00131994870389939,"INTS6"
"ENSG00000102786","patient5","XGBoost_SHAP","all",0.0027635388074189,"INTS6"
"ENSG00000102786","patient6","XGBoost_SHAP","all",0.00213832164349152,"INTS6"
"ENSG00000102786","patient3","XGBoost_SHAP","all",0.00172450579055779,"INTS6"
"ENSG00000102786","patient4","XGBoost_SHAP","all",0.0021062295619104,"INTS6"
"ENSG00000102802","patient1","XGBoost_SHAP","all",0.0134995867789076,"MEDAG"
"ENSG00000102802","patient4","XGBoost_SHAP","all",0.023914490806216,"MEDAG"
"ENSG00000102802","patient3","XGBoost_SHAP","all",0.0218586781512787,"MEDAG"
"ENSG00000102802","patient2","XGBoost_SHAP","all",0.0253760994167565,"MEDAG"
"ENSG00000102802","patient6","XGBoost_SHAP","all",0.0173288860268552,"MEDAG"
"ENSG00000102804","patient2","XGBoost_SHAP","all",0.0222880287546275,"TSC22D1"
"ENSG00000102804","patient3","XGBoost_SHAP","all",0.0243729530023433,"TSC22D1"
"ENSG00000102804","patient6","XGBoost_SHAP","all",0.0251202840984968,"TSC22D1"
"ENSG00000102804","patient5","XGBoost_SHAP","all",0.0178103579887397,"TSC22D1"
"ENSG00000102804","patient4","XGBoost_SHAP","all",0.0202715236184021,"TSC22D1"
"ENSG00000102804","patient1","XGBoost_SHAP","all",0.0145212721169325,"TSC22D1"
"ENSG00000102879","patient5","XGBoost_SHAP","all",0.0110872612412595,"CORO1A"
"ENSG00000102879","patient4","XGBoost_SHAP","all",0.0104682091071252,"CORO1A"
"ENSG00000102879","patient6","XGBoost_SHAP","all",0.00969123137523965,"CORO1A"
"ENSG00000102898","patient3","XGBoost_SHAP","all",0.00233234660758117,"NUTF2"
"ENSG00000102898","patient4","XGBoost_SHAP","all",0.00150611916741039,"NUTF2"
"ENSG00000102898","patient1","XGBoost_SHAP","all",0.00116113161928905,"NUTF2"
"ENSG00000102898","patient6","XGBoost_SHAP","all",0.00169440607405215,"NUTF2"
"ENSG00000102898","patient2","XGBoost_SHAP","all",0.00194972870064689,"NUTF2"
"ENSG00000102898","patient5","XGBoost_SHAP","all",0.00173945018776854,"NUTF2"
"ENSG00000102908","patient4","XGBoost_SHAP","all",0.00343746137187316,"NFAT5"
"ENSG00000102931","patient4","XGBoost_SHAP","all",0.00109559085761983,"ARL2BP"
"ENSG00000102931","patient3","XGBoost_SHAP","all",0.000827481449461019,"ARL2BP"
"ENSG00000102931","patient6","XGBoost_SHAP","all",0.000656599486183652,"ARL2BP"
"ENSG00000102931","patient2","XGBoost_SHAP","all",0.000968414282519579,"ARL2BP"
"ENSG00000102931","patient5","XGBoost_SHAP","all",0.000714273641384362,"ARL2BP"
"ENSG00000102931","patient1","XGBoost_SHAP","all",0.00185899781715177,"ARL2BP"
"ENSG00000103024","patient2","XGBoost_SHAP","all",0.0022900669084681,"NME3"
"ENSG00000103024","patient5","XGBoost_SHAP","all",0.00183913604845594,"NME3"
"ENSG00000103024","patient3","XGBoost_SHAP","all",0.00366960681768034,"NME3"
"ENSG00000103024","patient6","XGBoost_SHAP","all",0.00347809575242969,"NME3"
"ENSG00000103024","patient4","XGBoost_SHAP","all",0.000989541524297084,"NME3"
"ENSG00000103024","patient1","XGBoost_SHAP","all",0.00231829345851293,"NME3"
"ENSG00000103035","patient5","XGBoost_SHAP","all",0.0023573784938429,"PSMD7"
"ENSG00000103035","patient2","XGBoost_SHAP","all",0.00132096115311149,"PSMD7"
"ENSG00000103035","patient4","XGBoost_SHAP","all",0.00166824308633116,"PSMD7"
"ENSG00000103035","patient6","XGBoost_SHAP","all",0.00312968269665848,"PSMD7"
"ENSG00000103035","patient1","XGBoost_SHAP","all",0.00301509039785502,"PSMD7"
"ENSG00000103035","patient3","XGBoost_SHAP","all",0.00264417856314441,"PSMD7"
"ENSG00000103145","patient2","XGBoost_SHAP","all",0.00710401696657106,"HCFC1R1"
"ENSG00000103145","patient4","XGBoost_SHAP","all",0.0156187023825941,"HCFC1R1"
"ENSG00000103145","patient3","XGBoost_SHAP","all",0.00565080112545018,"HCFC1R1"
"ENSG00000103145","patient6","XGBoost_SHAP","all",0.0100403174660456,"HCFC1R1"
"ENSG00000103145","patient1","XGBoost_SHAP","all",0.00475050207936541,"HCFC1R1"
"ENSG00000103145","patient5","XGBoost_SHAP","all",0.00870025719983395,"HCFC1R1"
"ENSG00000103152","patient2","XGBoost_SHAP","all",0.00615671642849943,"MPG"
"ENSG00000103152","patient4","XGBoost_SHAP","all",0.00864408270375564,"MPG"
"ENSG00000103152","patient5","XGBoost_SHAP","all",0.00569160356013104,"MPG"
"ENSG00000103152","patient3","XGBoost_SHAP","all",0.00319559657885475,"MPG"
"ENSG00000103152","patient1","XGBoost_SHAP","all",0.00639624731735244,"MPG"
"ENSG00000103152","patient6","XGBoost_SHAP","all",0.00391452420457424,"MPG"
"ENSG00000103187","patient4","XGBoost_SHAP","all",0.00823677140834268,"COTL1"
"ENSG00000103187","patient5","XGBoost_SHAP","all",0.00730435392598241,"COTL1"
"ENSG00000103187","patient3","XGBoost_SHAP","all",0.00457705244726798,"COTL1"
"ENSG00000103187","patient1","XGBoost_SHAP","all",0.00845898224680546,"COTL1"
"ENSG00000103187","patient2","XGBoost_SHAP","all",0.0226832186920407,"COTL1"
"ENSG00000103187","patient6","XGBoost_SHAP","all",0.00341267564764711,"COTL1"
"ENSG00000103196","patient4","XGBoost_SHAP","all",0.00245666791787637,"CRISPLD2"
"ENSG00000103202","patient5","XGBoost_SHAP","all",0.00157196201811287,"NME4"
"ENSG00000103202","patient4","XGBoost_SHAP","all",0.0013916884186577,"NME4"
"ENSG00000103202","patient2","XGBoost_SHAP","all",0.00123337353345537,"NME4"
"ENSG00000103202","patient1","XGBoost_SHAP","all",0.00301736226016811,"NME4"
"ENSG00000103202","patient3","XGBoost_SHAP","all",0.00173172628225312,"NME4"
"ENSG00000103202","patient6","XGBoost_SHAP","all",0.00297583310251314,"NME4"
"ENSG00000103266","patient4","XGBoost_SHAP","all",0.000768338625647332,"STUB1"
"ENSG00000103266","patient6","XGBoost_SHAP","all",0.00127393563537346,"STUB1"
"ENSG00000103266","patient3","XGBoost_SHAP","all",0.00105167932869639,"STUB1"
"ENSG00000103266","patient1","XGBoost_SHAP","all",0.00163820365331657,"STUB1"
"ENSG00000103266","patient2","XGBoost_SHAP","all",0.000976849783621237,"STUB1"
"ENSG00000103266","patient5","XGBoost_SHAP","all",0.00112587871273471,"STUB1"
"ENSG00000103275","patient1","XGBoost_SHAP","all",0.00209335610005168,"UBE2I"
"ENSG00000103275","patient6","XGBoost_SHAP","all",0.0019587911744111,"UBE2I"
"ENSG00000103275","patient5","XGBoost_SHAP","all",0.00129592051656555,"UBE2I"
"ENSG00000103275","patient2","XGBoost_SHAP","all",0.00137867538159484,"UBE2I"
"ENSG00000103275","patient3","XGBoost_SHAP","all",0.00146920666444989,"UBE2I"
"ENSG00000103275","patient4","XGBoost_SHAP","all",0.00132054507431443,"UBE2I"
"ENSG00000103342","patient3","XGBoost_SHAP","all",0.00201612933637931,"GSPT1"
"ENSG00000103342","patient4","XGBoost_SHAP","all",0.000805642167086274,"GSPT1"
"ENSG00000103490","patient3","XGBoost_SHAP","all",0.00440362981240768,"PYCARD"
"ENSG00000103490","patient6","XGBoost_SHAP","all",0.00740852526392136,"PYCARD"
"ENSG00000103490","patient1","XGBoost_SHAP","all",0.00396294899375678,"PYCARD"
"ENSG00000103490","patient5","XGBoost_SHAP","all",0.0121306772600471,"PYCARD"
"ENSG00000103490","patient2","XGBoost_SHAP","all",0.00428474810879324,"PYCARD"
"ENSG00000103490","patient4","XGBoost_SHAP","all",0.00906374744930926,"PYCARD"
"ENSG00000103502","patient5","XGBoost_SHAP","all",0.000816052385386365,"CDIPT"
"ENSG00000103769","patient6","XGBoost_SHAP","all",0.00157119275471573,"RAB11A"
"ENSG00000103769","patient4","XGBoost_SHAP","all",0.00148132263669565,"RAB11A"
"ENSG00000103769","patient5","XGBoost_SHAP","all",0.00124615204633363,"RAB11A"
"ENSG00000103769","patient2","XGBoost_SHAP","all",0.00154285463992892,"RAB11A"
"ENSG00000103769","patient3","XGBoost_SHAP","all",0.0021005656482267,"RAB11A"
"ENSG00000103769","patient1","XGBoost_SHAP","all",0.00189189080850884,"RAB11A"
"ENSG00000103811","patient4","XGBoost_SHAP","all",0.00331332806245118,"CTSH"
"ENSG00000103811","patient6","XGBoost_SHAP","all",0.0159649453656335,"CTSH"
"ENSG00000103811","patient5","XGBoost_SHAP","all",0.0148719593040127,"CTSH"
"ENSG00000103811","patient2","XGBoost_SHAP","all",0.0353614078026296,"CTSH"
"ENSG00000103811","patient1","XGBoost_SHAP","all",0.00922828980210022,"CTSH"
"ENSG00000103811","patient3","XGBoost_SHAP","all",0.0127231041359698,"CTSH"
"ENSG00000103966","patient4","XGBoost_SHAP","all",0.000638283696666491,"EHD4"
"ENSG00000103978","patient1","XGBoost_SHAP","all",0.00334331521574255,"TMEM87A"
"ENSG00000103978","patient5","XGBoost_SHAP","all",0.00114375884826285,"TMEM87A"
"ENSG00000103978","patient4","XGBoost_SHAP","all",0.00348651920089893,"TMEM87A"
"ENSG00000103978","patient6","XGBoost_SHAP","all",0.00172278441771959,"TMEM87A"
"ENSG00000103978","patient3","XGBoost_SHAP","all",0.00461827247612963,"TMEM87A"
"ENSG00000103978","patient2","XGBoost_SHAP","all",0.00281304875098827,"TMEM87A"
"ENSG00000103994","patient1","XGBoost_SHAP","all",0.00694687152973012,"ZNF106"
"ENSG00000103994","patient3","XGBoost_SHAP","all",0.00230900586754916,"ZNF106"
"ENSG00000103994","patient6","XGBoost_SHAP","all",0.00288030423691083,"ZNF106"
"ENSG00000103994","patient4","XGBoost_SHAP","all",0.00169748095946127,"ZNF106"
"ENSG00000103994","patient5","XGBoost_SHAP","all",0.00201197995754898,"ZNF106"
"ENSG00000103994","patient2","XGBoost_SHAP","all",0.00216432879992978,"ZNF106"
"ENSG00000104047","patient1","XGBoost_SHAP","all",0.00308241787307991,"DTWD1"
"ENSG00000104047","patient2","XGBoost_SHAP","all",0.00523883311833446,"DTWD1"
"ENSG00000104047","patient3","XGBoost_SHAP","all",0.00473356063941888,"DTWD1"
"ENSG00000104067","patient4","XGBoost_SHAP","all",0.00147874896135178,"TJP1"
"ENSG00000104067","patient2","XGBoost_SHAP","all",0.00165786942178999,"TJP1"
"ENSG00000104067","patient5","XGBoost_SHAP","all",0.00144458998705826,"TJP1"
"ENSG00000104067","patient3","XGBoost_SHAP","all",0.00145907064112724,"TJP1"
"ENSG00000104067","patient1","XGBoost_SHAP","all",0.00187482315637073,"TJP1"
"ENSG00000104067","patient6","XGBoost_SHAP","all",0.00166977926988992,"TJP1"
"ENSG00000104131","patient3","XGBoost_SHAP","all",0.000969313075453089,"EIF3J"
"ENSG00000104131","patient6","XGBoost_SHAP","all",0.002405790883345,"EIF3J"
"ENSG00000104131","patient1","XGBoost_SHAP","all",0.00181193647787281,"EIF3J"
"ENSG00000104131","patient4","XGBoost_SHAP","all",0.00201314415751522,"EIF3J"
"ENSG00000104131","patient2","XGBoost_SHAP","all",0.000648714102222587,"EIF3J"
"ENSG00000104131","patient5","XGBoost_SHAP","all",0.00388821309733571,"EIF3J"
"ENSG00000104231","patient5","XGBoost_SHAP","all",0.00171854352143293,"ZFAND1"
"ENSG00000104231","patient6","XGBoost_SHAP","all",0.00139012433396271,"ZFAND1"
"ENSG00000104324","patient4","XGBoost_SHAP","all",0.00186085449740375,"CPQ"
"ENSG00000104324","patient5","XGBoost_SHAP","all",0.00255404403324304,"CPQ"
"ENSG00000104324","patient2","XGBoost_SHAP","all",0.00090359321328474,"CPQ"
"ENSG00000104324","patient6","XGBoost_SHAP","all",0.00213855203724717,"CPQ"
"ENSG00000104324","patient3","XGBoost_SHAP","all",0.00223870185869908,"CPQ"
"ENSG00000104324","patient1","XGBoost_SHAP","all",0.00174951245118549,"CPQ"
"ENSG00000104325","patient5","XGBoost_SHAP","all",0.00269375962134046,"DECR1"
"ENSG00000104325","patient6","XGBoost_SHAP","all",0.00312764827437722,"DECR1"
"ENSG00000104325","patient2","XGBoost_SHAP","all",0.00308826486636103,"DECR1"
"ENSG00000104325","patient4","XGBoost_SHAP","all",0.00365837908050522,"DECR1"
"ENSG00000104332","patient6","XGBoost_SHAP","all",0.00485757082423458,"SFRP1"
"ENSG00000104332","patient4","XGBoost_SHAP","all",0.00796059169958094,"SFRP1"
"ENSG00000104332","patient3","XGBoost_SHAP","all",0.00378344606093453,"SFRP1"
"ENSG00000104332","patient2","XGBoost_SHAP","all",0.00318697298493797,"SFRP1"
"ENSG00000104332","patient5","XGBoost_SHAP","all",0.00571592282738144,"SFRP1"
"ENSG00000104332","patient1","XGBoost_SHAP","all",0.00155003690148019,"SFRP1"
"ENSG00000104368","patient4","XGBoost_SHAP","all",0.00303895110344457,"PLAT"
"ENSG00000104368","patient5","XGBoost_SHAP","all",0.00309531855568939,"PLAT"
"ENSG00000104368","patient6","XGBoost_SHAP","all",0.00609469181241693,"PLAT"
"ENSG00000104368","patient3","XGBoost_SHAP","all",0.00505517167476567,"PLAT"
"ENSG00000104368","patient2","XGBoost_SHAP","all",0.00637802115007469,"PLAT"
"ENSG00000104368","patient1","XGBoost_SHAP","all",0.00335263060272222,"PLAT"
"ENSG00000104412","patient2","XGBoost_SHAP","all",0.00118394784166473,"EMC2"
"ENSG00000104412","patient5","XGBoost_SHAP","all",0.00172300292659442,"EMC2"
"ENSG00000104419","patient5","XGBoost_SHAP","all",0.00662566233047744,"NDRG1"
"ENSG00000104419","patient3","XGBoost_SHAP","all",0.0168960384155039,"NDRG1"
"ENSG00000104419","patient4","XGBoost_SHAP","all",0.0114687200318165,"NDRG1"
"ENSG00000104419","patient6","XGBoost_SHAP","all",0.0103719889721851,"NDRG1"
"ENSG00000104419","patient2","XGBoost_SHAP","all",0.0128917610961547,"NDRG1"
"ENSG00000104419","patient1","XGBoost_SHAP","all",0.0107312634678507,"NDRG1"
"ENSG00000104671","patient5","XGBoost_SHAP","all",0.000951217538116163,"DCTN6"
"ENSG00000104671","patient2","XGBoost_SHAP","all",0.00104425289525896,"DCTN6"
"ENSG00000104671","patient3","XGBoost_SHAP","all",0.00085155778456344,"DCTN6"
"ENSG00000104695","patient2","XGBoost_SHAP","all",0.00071620001466073,"PPP2CB"
"ENSG00000104695","patient6","XGBoost_SHAP","all",0.00206749166381757,"PPP2CB"
"ENSG00000104695","patient1","XGBoost_SHAP","all",0.0021266794671525,"PPP2CB"
"ENSG00000104695","patient4","XGBoost_SHAP","all",0.00183879875243171,"PPP2CB"
"ENSG00000104763","patient5","XGBoost_SHAP","all",0.00303985938566544,"ASAH1"
"ENSG00000104763","patient1","XGBoost_SHAP","all",0.00283199567746333,"ASAH1"
"ENSG00000104763","patient4","XGBoost_SHAP","all",0.00386666672670136,"ASAH1"
"ENSG00000104763","patient3","XGBoost_SHAP","all",0.0030911042426305,"ASAH1"
"ENSG00000104763","patient6","XGBoost_SHAP","all",0.00281867096779615,"ASAH1"
"ENSG00000104763","patient2","XGBoost_SHAP","all",0.0020777158308693,"ASAH1"
"ENSG00000104765","patient2","XGBoost_SHAP","all",0.00576134858948866,"BNIP3L"
"ENSG00000104765","patient1","XGBoost_SHAP","all",0.00388559600937036,"BNIP3L"
"ENSG00000104765","patient5","XGBoost_SHAP","all",0.00721439821121136,"BNIP3L"
"ENSG00000104765","patient4","XGBoost_SHAP","all",0.0041413328899422,"BNIP3L"
"ENSG00000104765","patient3","XGBoost_SHAP","all",0.00559479787616263,"BNIP3L"
"ENSG00000104765","patient6","XGBoost_SHAP","all",0.00580068004769961,"BNIP3L"
"ENSG00000104805","patient5","XGBoost_SHAP","all",0.00325869170184035,"NUCB1"
"ENSG00000104805","patient1","XGBoost_SHAP","all",0.00389274405578049,"NUCB1"
"ENSG00000104805","patient4","XGBoost_SHAP","all",0.00464344861904345,"NUCB1"
"ENSG00000104805","patient2","XGBoost_SHAP","all",0.00322953891700733,"NUCB1"
"ENSG00000104805","patient3","XGBoost_SHAP","all",0.00312263454443315,"NUCB1"
"ENSG00000104823","patient5","XGBoost_SHAP","all",0.00779516424318362,"ECH1"
"ENSG00000104823","patient1","XGBoost_SHAP","all",0.00349884808933412,"ECH1"
"ENSG00000104823","patient3","XGBoost_SHAP","all",0.00553912134512452,"ECH1"
"ENSG00000104823","patient2","XGBoost_SHAP","all",0.0162052400896778,"ECH1"
"ENSG00000104823","patient4","XGBoost_SHAP","all",0.00412576216306128,"ECH1"
"ENSG00000104823","patient6","XGBoost_SHAP","all",0.007116983947076,"ECH1"
"ENSG00000104852","patient6","XGBoost_SHAP","all",0.00374535401147421,"SNRNP70"
"ENSG00000104852","patient2","XGBoost_SHAP","all",0.00440866450138747,"SNRNP70"
"ENSG00000104852","patient3","XGBoost_SHAP","all",0.00456696320473686,"SNRNP70"
"ENSG00000104852","patient1","XGBoost_SHAP","all",0.000835502070274002,"SNRNP70"
"ENSG00000104852","patient5","XGBoost_SHAP","all",0.00291150066965202,"SNRNP70"
"ENSG00000104852","patient4","XGBoost_SHAP","all",0.00530392849320331,"SNRNP70"
"ENSG00000104870","patient1","XGBoost_SHAP","all",0.0167097767904293,"FCGRT"
"ENSG00000104870","patient4","XGBoost_SHAP","all",0.0071344284625845,"FCGRT"
"ENSG00000104870","patient6","XGBoost_SHAP","all",0.0143701099609877,"FCGRT"
"ENSG00000104870","patient5","XGBoost_SHAP","all",0.0141376055379065,"FCGRT"
"ENSG00000104870","patient3","XGBoost_SHAP","all",0.0155242344510857,"FCGRT"
"ENSG00000104870","patient2","XGBoost_SHAP","all",0.0210135904731864,"FCGRT"
"ENSG00000104894","patient4","XGBoost_SHAP","all",0.00864020912639266,"CD37"
"ENSG00000104894","patient3","XGBoost_SHAP","all",0.00660662435248481,"CD37"
"ENSG00000104894","patient5","XGBoost_SHAP","all",0.0169117691920399,"CD37"
"ENSG00000104894","patient1","XGBoost_SHAP","all",0.0113410464773454,"CD37"
"ENSG00000104894","patient6","XGBoost_SHAP","all",0.010505906712478,"CD37"
"ENSG00000104894","patient2","XGBoost_SHAP","all",0.0188759363480652,"CD37"
"ENSG00000104964","patient1","XGBoost_SHAP","all",0.00268159132292032,"TLE5"
"ENSG00000104964","patient5","XGBoost_SHAP","all",0.00297351943966897,"TLE5"
"ENSG00000104964","patient4","XGBoost_SHAP","all",0.000708805983798214,"TLE5"
"ENSG00000104964","patient6","XGBoost_SHAP","all",0.00170870138167937,"TLE5"
"ENSG00000104964","patient2","XGBoost_SHAP","all",0.0029581254585895,"TLE5"
"ENSG00000104964","patient3","XGBoost_SHAP","all",0.00253952577471025,"TLE5"
"ENSG00000105176","patient3","XGBoost_SHAP","all",0.0013883617059703,"URI1"
"ENSG00000105176","patient4","XGBoost_SHAP","all",0.00250866156325385,"URI1"
"ENSG00000105176","patient1","XGBoost_SHAP","all",0.0031883717628098,"URI1"
"ENSG00000105176","patient2","XGBoost_SHAP","all",0.00147216095834301,"URI1"
"ENSG00000105185","patient5","XGBoost_SHAP","all",0.00193444395506837,"PDCD5"
"ENSG00000105185","patient6","XGBoost_SHAP","all",0.000951195455326479,"PDCD5"
"ENSG00000105185","patient3","XGBoost_SHAP","all",0.00136018704075594,"PDCD5"
"ENSG00000105185","patient2","XGBoost_SHAP","all",0.00307821300943764,"PDCD5"
"ENSG00000105185","patient4","XGBoost_SHAP","all",0.00105815275067766,"PDCD5"
"ENSG00000105185","patient1","XGBoost_SHAP","all",0.00195319968632477,"PDCD5"
"ENSG00000105202","patient1","XGBoost_SHAP","all",0.00450698916417299,"FBL"
"ENSG00000105202","patient5","XGBoost_SHAP","all",0.0012760290150042,"FBL"
"ENSG00000105202","patient3","XGBoost_SHAP","all",0.00182470381336078,"FBL"
"ENSG00000105202","patient6","XGBoost_SHAP","all",0.00143565785401097,"FBL"
"ENSG00000105202","patient2","XGBoost_SHAP","all",0.00236443508361965,"FBL"
"ENSG00000105202","patient4","XGBoost_SHAP","all",0.00208086922027071,"FBL"
"ENSG00000105223","patient5","XGBoost_SHAP","all",0.00116392954853047,"PLD3"
"ENSG00000105223","patient2","XGBoost_SHAP","all",0.00108014301208457,"PLD3"
"ENSG00000105223","patient6","XGBoost_SHAP","all",0.002800435648575,"PLD3"
"ENSG00000105223","patient3","XGBoost_SHAP","all",0.00217492450820526,"PLD3"
"ENSG00000105223","patient1","XGBoost_SHAP","all",0.0017378267142381,"PLD3"
"ENSG00000105223","patient4","XGBoost_SHAP","all",0.00166047944182205,"PLD3"
"ENSG00000105254","patient5","XGBoost_SHAP","all",0.00247201757782288,"TBCB"
"ENSG00000105254","patient6","XGBoost_SHAP","all",0.00230795600292552,"TBCB"
"ENSG00000105254","patient2","XGBoost_SHAP","all",0.00197578526670403,"TBCB"
"ENSG00000105254","patient4","XGBoost_SHAP","all",0.00330520920639851,"TBCB"
"ENSG00000105254","patient3","XGBoost_SHAP","all",0.00285186009576871,"TBCB"
"ENSG00000105254","patient1","XGBoost_SHAP","all",0.00150226930050908,"TBCB"
"ENSG00000105258","patient6","XGBoost_SHAP","all",0.00309245321365954,"POLR2I"
"ENSG00000105258","patient5","XGBoost_SHAP","all",0.0035484678744349,"POLR2I"
"ENSG00000105258","patient1","XGBoost_SHAP","all",0.00325148033168495,"POLR2I"
"ENSG00000105258","patient3","XGBoost_SHAP","all",0.00406089730599729,"POLR2I"
"ENSG00000105258","patient4","XGBoost_SHAP","all",0.00318087262085472,"POLR2I"
"ENSG00000105258","patient2","XGBoost_SHAP","all",0.00455221129756913,"POLR2I"
"ENSG00000105323","patient4","XGBoost_SHAP","all",0.000932563317330742,"HNRNPUL1"
"ENSG00000105329","patient4","XGBoost_SHAP","all",0.000847533099885349,"TGFB1"
"ENSG00000105329","patient3","XGBoost_SHAP","all",0.00154958439037004,"TGFB1"
"ENSG00000105329","patient1","XGBoost_SHAP","all",0.000751313003535546,"TGFB1"
"ENSG00000105329","patient6","XGBoost_SHAP","all",0.00142830455605522,"TGFB1"
"ENSG00000105329","patient2","XGBoost_SHAP","all",0.00158674665871511,"TGFB1"
"ENSG00000105329","patient5","XGBoost_SHAP","all",0.00113375671863709,"TGFB1"
"ENSG00000105355","patient5","XGBoost_SHAP","all",0.00389254784977004,"PLIN3"
"ENSG00000105355","patient2","XGBoost_SHAP","all",0.00540436391680213,"PLIN3"
"ENSG00000105355","patient1","XGBoost_SHAP","all",0.00829480020930874,"PLIN3"
"ENSG00000105355","patient4","XGBoost_SHAP","all",0.00351183344540181,"PLIN3"
"ENSG00000105355","patient3","XGBoost_SHAP","all",0.00136354634837872,"PLIN3"
"ENSG00000105355","patient6","XGBoost_SHAP","all",0.00685232200590281,"PLIN3"
"ENSG00000105373","patient2","XGBoost_SHAP","all",0.00284898896209367,"NOP53"
"ENSG00000105373","patient6","XGBoost_SHAP","all",0.00392393522276142,"NOP53"
"ENSG00000105373","patient4","XGBoost_SHAP","all",0.00669140985628845,"NOP53"
"ENSG00000105373","patient1","XGBoost_SHAP","all",0.00521799273254631,"NOP53"
"ENSG00000105373","patient3","XGBoost_SHAP","all",0.00368631249166388,"NOP53"
"ENSG00000105373","patient5","XGBoost_SHAP","all",0.00309610051216928,"NOP53"
"ENSG00000105379","patient1","XGBoost_SHAP","all",0.00487768761252674,"ETFB"
"ENSG00000105379","patient2","XGBoost_SHAP","all",0.000974731878252591,"ETFB"
"ENSG00000105379","patient4","XGBoost_SHAP","all",0.00118182654991806,"ETFB"
"ENSG00000105379","patient3","XGBoost_SHAP","all",0.00273295938381126,"ETFB"
"ENSG00000105379","patient5","XGBoost_SHAP","all",0.00127564233957116,"ETFB"
"ENSG00000105379","patient6","XGBoost_SHAP","all",0.000890601057092378,"ETFB"
"ENSG00000105401","patient1","XGBoost_SHAP","all",0.00389552543234335,"CDC37"
"ENSG00000105401","patient3","XGBoost_SHAP","all",0.00262290779443173,"CDC37"
"ENSG00000105401","patient6","XGBoost_SHAP","all",0.00276493705921174,"CDC37"
"ENSG00000105401","patient5","XGBoost_SHAP","all",0.00255534022612123,"CDC37"
"ENSG00000105401","patient4","XGBoost_SHAP","all",0.00296199011868405,"CDC37"
"ENSG00000105401","patient2","XGBoost_SHAP","all",0.00168563679241737,"CDC37"
"ENSG00000105402","patient3","XGBoost_SHAP","all",0.00297956905724819,"NAPA"
"ENSG00000105402","patient1","XGBoost_SHAP","all",0.00128129790844227,"NAPA"
"ENSG00000105402","patient4","XGBoost_SHAP","all",0.00149461291268198,"NAPA"
"ENSG00000105402","patient6","XGBoost_SHAP","all",0.00185471808914494,"NAPA"
"ENSG00000105402","patient5","XGBoost_SHAP","all",0.00135798346597885,"NAPA"
"ENSG00000105402","patient2","XGBoost_SHAP","all",0.00228062527377542,"NAPA"
"ENSG00000105518","patient1","XGBoost_SHAP","all",0.00291560366935577,"TMEM205"
"ENSG00000105518","patient4","XGBoost_SHAP","all",0.00132966993006471,"TMEM205"
"ENSG00000105518","patient5","XGBoost_SHAP","all",0.00326926031659595,"TMEM205"
"ENSG00000105518","patient2","XGBoost_SHAP","all",0.000817732125645644,"TMEM205"
"ENSG00000105518","patient6","XGBoost_SHAP","all",0.00284993425249303,"TMEM205"
"ENSG00000105518","patient3","XGBoost_SHAP","all",0.00256464859607147,"TMEM205"
"ENSG00000105568","patient3","XGBoost_SHAP","all",0.00482982294865507,"PPP2R1A"
"ENSG00000105568","patient6","XGBoost_SHAP","all",0.00538214500919163,"PPP2R1A"
"ENSG00000105568","patient4","XGBoost_SHAP","all",0.00171253823986802,"PPP2R1A"
"ENSG00000105568","patient5","XGBoost_SHAP","all",0.0041153535043585,"PPP2R1A"
"ENSG00000105568","patient2","XGBoost_SHAP","all",0.00840672056538309,"PPP2R1A"
"ENSG00000105568","patient1","XGBoost_SHAP","all",0.00754299129308022,"PPP2R1A"
"ENSG00000105655","patient3","XGBoost_SHAP","all",0.0291739191397833,"ISYNA1"
"ENSG00000105655","patient2","XGBoost_SHAP","all",0.0336754398070073,"ISYNA1"
"ENSG00000105655","patient1","XGBoost_SHAP","all",0.0438515103694312,"ISYNA1"
"ENSG00000105655","patient4","XGBoost_SHAP","all",0.028897261689702,"ISYNA1"
"ENSG00000105655","patient6","XGBoost_SHAP","all",0.0272500106889794,"ISYNA1"
"ENSG00000105655","patient5","XGBoost_SHAP","all",0.0342182104720641,"ISYNA1"
"ENSG00000105664","patient1","XGBoost_SHAP","all",0.00954215597821705,"COMP"
"ENSG00000105664","patient5","XGBoost_SHAP","all",0.00949985390876647,"COMP"
"ENSG00000105664","patient3","XGBoost_SHAP","all",0.00666675120520817,"COMP"
"ENSG00000105669","patient4","XGBoost_SHAP","all",0.00449917409647469,"COPE"
"ENSG00000105669","patient5","XGBoost_SHAP","all",0.00550781393496266,"COPE"
"ENSG00000105669","patient3","XGBoost_SHAP","all",0.00334539576424375,"COPE"
"ENSG00000105669","patient1","XGBoost_SHAP","all",0.00435028266969301,"COPE"
"ENSG00000105669","patient2","XGBoost_SHAP","all",0.0029073518269667,"COPE"
"ENSG00000105669","patient6","XGBoost_SHAP","all",0.00578485517850656,"COPE"
"ENSG00000105677","patient3","XGBoost_SHAP","all",0.00236204195412939,"TMEM147"
"ENSG00000105677","patient2","XGBoost_SHAP","all",0.002605512052473,"TMEM147"
"ENSG00000105677","patient1","XGBoost_SHAP","all",0.000810675027785098,"TMEM147"
"ENSG00000105677","patient5","XGBoost_SHAP","all",0.0027416936946574,"TMEM147"
"ENSG00000105677","patient4","XGBoost_SHAP","all",0.004188289645721,"TMEM147"
"ENSG00000105677","patient6","XGBoost_SHAP","all",0.00181843785337212,"TMEM147"
"ENSG00000105698","patient5","XGBoost_SHAP","all",0.00098165627700518,"USF2"
"ENSG00000105698","patient4","XGBoost_SHAP","all",0.002738030901722,"USF2"
"ENSG00000105698","patient6","XGBoost_SHAP","all",0.00151750508423414,"USF2"
"ENSG00000105698","patient1","XGBoost_SHAP","all",0.00271085963154904,"USF2"
"ENSG00000105698","patient3","XGBoost_SHAP","all",0.00440822620920025,"USF2"
"ENSG00000105698","patient2","XGBoost_SHAP","all",0.00370958269142827,"USF2"
"ENSG00000105700","patient6","XGBoost_SHAP","all",0.00222441637444718,"KXD1"
"ENSG00000105700","patient5","XGBoost_SHAP","all",0.00139237234218247,"KXD1"
"ENSG00000105700","patient1","XGBoost_SHAP","all",0.0019530369391868,"KXD1"
"ENSG00000105700","patient2","XGBoost_SHAP","all",0.00349694682059147,"KXD1"
"ENSG00000105701","patient1","XGBoost_SHAP","all",0.0022474179290136,"FKBP8"
"ENSG00000105701","patient3","XGBoost_SHAP","all",0.00398535882074868,"FKBP8"
"ENSG00000105701","patient6","XGBoost_SHAP","all",0.00417603464039233,"FKBP8"
"ENSG00000105701","patient5","XGBoost_SHAP","all",0.0055100189748094,"FKBP8"
"ENSG00000105701","patient2","XGBoost_SHAP","all",0.00167901058709927,"FKBP8"
"ENSG00000105835","patient6","XGBoost_SHAP","all",0.00271878043344987,"NAMPT"
"ENSG00000105835","patient1","XGBoost_SHAP","all",0.00527010802631678,"NAMPT"
"ENSG00000105835","patient4","XGBoost_SHAP","all",0.00109684811536433,"NAMPT"
"ENSG00000105835","patient3","XGBoost_SHAP","all",0.0021583380488034,"NAMPT"
"ENSG00000105835","patient5","XGBoost_SHAP","all",0.00254783876852663,"NAMPT"
"ENSG00000105835","patient2","XGBoost_SHAP","all",0.00152087338596031,"NAMPT"
"ENSG00000105856","patient2","XGBoost_SHAP","all",0.00258048788498426,"HBP1"
"ENSG00000105856","patient6","XGBoost_SHAP","all",0.00324072740273294,"HBP1"
"ENSG00000105856","patient4","XGBoost_SHAP","all",0.00231800005033053,"HBP1"
"ENSG00000105856","patient5","XGBoost_SHAP","all",0.00198986470610118,"HBP1"
"ENSG00000105856","patient1","XGBoost_SHAP","all",0.00261275553187592,"HBP1"
"ENSG00000105856","patient3","XGBoost_SHAP","all",0.000914915471236489,"HBP1"
"ENSG00000105887","patient1","XGBoost_SHAP","all",0.00232866484279591,"MTPN"
"ENSG00000105887","patient4","XGBoost_SHAP","all",0.0012612346805206,"MTPN"
"ENSG00000105887","patient2","XGBoost_SHAP","all",0.00112173463187537,"MTPN"
"ENSG00000105887","patient3","XGBoost_SHAP","all",0.00231484441982258,"MTPN"
"ENSG00000105887","patient6","XGBoost_SHAP","all",0.0014863419228071,"MTPN"
"ENSG00000105887","patient5","XGBoost_SHAP","all",0.000904348967069982,"MTPN"
"ENSG00000105968","patient5","XGBoost_SHAP","all",0.00352122739253461,"H2AZ2"
"ENSG00000105968","patient6","XGBoost_SHAP","all",0.00315640191183526,"H2AZ2"
"ENSG00000105968","patient2","XGBoost_SHAP","all",0.00179609276596781,"H2AZ2"
"ENSG00000105968","patient1","XGBoost_SHAP","all",0.00235828282413059,"H2AZ2"
"ENSG00000105968","patient4","XGBoost_SHAP","all",0.00217821390873027,"H2AZ2"
"ENSG00000105968","patient3","XGBoost_SHAP","all",0.00173355188147128,"H2AZ2"
"ENSG00000105971","patient2","XGBoost_SHAP","all",0.00444970008846529,"CAV2"
"ENSG00000105971","patient4","XGBoost_SHAP","all",0.00212534632851019,"CAV2"
"ENSG00000105971","patient3","XGBoost_SHAP","all",0.0105306230148391,"CAV2"
"ENSG00000105971","patient6","XGBoost_SHAP","all",0.00631457878468103,"CAV2"
"ENSG00000105971","patient5","XGBoost_SHAP","all",0.00396528126068283,"CAV2"
"ENSG00000105971","patient1","XGBoost_SHAP","all",0.0060332424009915,"CAV2"
"ENSG00000105974","patient4","XGBoost_SHAP","all",0.0174966938901108,"CAV1"
"ENSG00000105974","patient5","XGBoost_SHAP","all",0.0436738811331749,"CAV1"
"ENSG00000105974","patient2","XGBoost_SHAP","all",0.0199402302905573,"CAV1"
"ENSG00000105974","patient6","XGBoost_SHAP","all",0.0172032399252573,"CAV1"
"ENSG00000105974","patient3","XGBoost_SHAP","all",0.0176316590440693,"CAV1"
"ENSG00000105974","patient1","XGBoost_SHAP","all",0.0420494777905789,"CAV1"
"ENSG00000105993","patient2","XGBoost_SHAP","all",0.00291583763250074,"DNAJB6"
"ENSG00000105993","patient5","XGBoost_SHAP","all",0.00252876583369012,"DNAJB6"
"ENSG00000105993","patient3","XGBoost_SHAP","all",0.00457739399948573,"DNAJB6"
"ENSG00000105993","patient4","XGBoost_SHAP","all",0.00236863956782695,"DNAJB6"
"ENSG00000105993","patient6","XGBoost_SHAP","all",0.00227836770386903,"DNAJB6"
"ENSG00000105993","patient1","XGBoost_SHAP","all",0.00210050957397611,"DNAJB6"
"ENSG00000106028","patient1","XGBoost_SHAP","all",0.00189282139495421,"SSBP1"
"ENSG00000106034","patient2","XGBoost_SHAP","all",0.00269770699322905,"CPED1"
"ENSG00000106034","patient3","XGBoost_SHAP","all",0.0017641529134623,"CPED1"
"ENSG00000106034","patient6","XGBoost_SHAP","all",0.00130548919104754,"CPED1"
"ENSG00000106034","patient4","XGBoost_SHAP","all",0.00247233108663746,"CPED1"
"ENSG00000106034","patient1","XGBoost_SHAP","all",0.00304900549384911,"CPED1"
"ENSG00000106034","patient5","XGBoost_SHAP","all",0.00180841181435181,"CPED1"
"ENSG00000106052","patient6","XGBoost_SHAP","all",0.00474966588571429,"TAX1BP1"
"ENSG00000106052","patient5","XGBoost_SHAP","all",0.00339304408409105,"TAX1BP1"
"ENSG00000106052","patient3","XGBoost_SHAP","all",0.00148658272806774,"TAX1BP1"
"ENSG00000106052","patient2","XGBoost_SHAP","all",0.00363099284060206,"TAX1BP1"
"ENSG00000106052","patient1","XGBoost_SHAP","all",0.00427301755947455,"TAX1BP1"
"ENSG00000106052","patient4","XGBoost_SHAP","all",0.00198258423151127,"TAX1BP1"
"ENSG00000106066","patient1","XGBoost_SHAP","all",0.00305363484538002,"CPVL"
"ENSG00000106066","patient6","XGBoost_SHAP","all",0.0039734313619389,"CPVL"
"ENSG00000106066","patient2","XGBoost_SHAP","all",0.00534642903331754,"CPVL"
"ENSG00000106066","patient5","XGBoost_SHAP","all",0.00215761546295794,"CPVL"
"ENSG00000106066","patient3","XGBoost_SHAP","all",0.00138675881489613,"CPVL"
"ENSG00000106066","patient4","XGBoost_SHAP","all",0.00426245030048118,"CPVL"
"ENSG00000106211","patient5","XGBoost_SHAP","all",0.0123820123188978,"HSPB1"
"ENSG00000106211","patient6","XGBoost_SHAP","all",0.0258379633315305,"HSPB1"
"ENSG00000106244","patient2","XGBoost_SHAP","all",0.00125867381495967,"PDAP1"
"ENSG00000106244","patient1","XGBoost_SHAP","all",0.00105738053596033,"PDAP1"
"ENSG00000106244","patient5","XGBoost_SHAP","all",0.001666316362076,"PDAP1"
"ENSG00000106244","patient4","XGBoost_SHAP","all",0.00209696848889268,"PDAP1"
"ENSG00000106244","patient3","XGBoost_SHAP","all",0.000740912161143564,"PDAP1"
"ENSG00000106244","patient6","XGBoost_SHAP","all",0.0037440312411546,"PDAP1"
"ENSG00000106245","patient3","XGBoost_SHAP","all",0.00500973531605078,"BUD31"
"ENSG00000106245","patient2","XGBoost_SHAP","all",0.00154696733186182,"BUD31"
"ENSG00000106245","patient6","XGBoost_SHAP","all",0.000993863671594204,"BUD31"
"ENSG00000106245","patient5","XGBoost_SHAP","all",0.00122665902498853,"BUD31"
"ENSG00000106245","patient4","XGBoost_SHAP","all",0.00114910861485263,"BUD31"
"ENSG00000106245","patient1","XGBoost_SHAP","all",0.0018213369585405,"BUD31"
"ENSG00000106299","patient1","XGBoost_SHAP","all",0.000646790941939183,"WASL"
"ENSG00000106299","patient2","XGBoost_SHAP","all",0.0013134452639724,"WASL"
"ENSG00000106299","patient5","XGBoost_SHAP","all",0.00198215389132508,"WASL"
"ENSG00000106299","patient3","XGBoost_SHAP","all",0.00321658148460207,"WASL"
"ENSG00000106299","patient4","XGBoost_SHAP","all",0.00409140667306929,"WASL"
"ENSG00000106299","patient6","XGBoost_SHAP","all",0.00168592115047917,"WASL"
"ENSG00000106333","patient4","XGBoost_SHAP","all",0.0156359732624386,"PCOLCE"
"ENSG00000106333","patient5","XGBoost_SHAP","all",0.0134542148007967,"PCOLCE"
"ENSG00000106333","patient3","XGBoost_SHAP","all",0.0164677809614162,"PCOLCE"
"ENSG00000106333","patient1","XGBoost_SHAP","all",0.0118076534599482,"PCOLCE"
"ENSG00000106333","patient6","XGBoost_SHAP","all",0.0148282750789016,"PCOLCE"
"ENSG00000106333","patient2","XGBoost_SHAP","all",0.0211105520718967,"PCOLCE"
"ENSG00000106355","patient5","XGBoost_SHAP","all",0.00247860764308156,"LSM5"
"ENSG00000106355","patient4","XGBoost_SHAP","all",0.00375431866036882,"LSM5"
"ENSG00000106355","patient1","XGBoost_SHAP","all",0.00426151429480509,"LSM5"
"ENSG00000106355","patient6","XGBoost_SHAP","all",0.00463300179648276,"LSM5"
"ENSG00000106355","patient2","XGBoost_SHAP","all",0.00687487480364532,"LSM5"
"ENSG00000106355","patient3","XGBoost_SHAP","all",0.00231588944972457,"LSM5"
"ENSG00000106366","patient5","XGBoost_SHAP","all",0.00977634177651409,"SERPINE1"
"ENSG00000106366","patient4","XGBoost_SHAP","all",0.00495429579940296,"SERPINE1"
"ENSG00000106366","patient2","XGBoost_SHAP","all",0.00730270125352165,"SERPINE1"
"ENSG00000106366","patient1","XGBoost_SHAP","all",0.00638228307523719,"SERPINE1"
"ENSG00000106366","patient3","XGBoost_SHAP","all",0.00591010120996617,"SERPINE1"
"ENSG00000106366","patient6","XGBoost_SHAP","all",0.00347529570964974,"SERPINE1"
"ENSG00000106400","patient4","XGBoost_SHAP","all",0.00106259877730552,"ZNHIT1"
"ENSG00000106400","patient2","XGBoost_SHAP","all",0.00109309200888978,"ZNHIT1"
"ENSG00000106400","patient3","XGBoost_SHAP","all",0.00318558376443984,"ZNHIT1"
"ENSG00000106400","patient1","XGBoost_SHAP","all",0.00253633366926865,"ZNHIT1"
"ENSG00000106400","patient5","XGBoost_SHAP","all",0.0020637199461235,"ZNHIT1"
"ENSG00000106400","patient6","XGBoost_SHAP","all",0.00258382913086585,"ZNHIT1"
"ENSG00000106443","patient5","XGBoost_SHAP","all",0.00318485871700374,"PHF14"
"ENSG00000106443","patient4","XGBoost_SHAP","all",0.0035335780764053,"PHF14"
"ENSG00000106443","patient6","XGBoost_SHAP","all",0.00478354890450523,"PHF14"
"ENSG00000106443","patient2","XGBoost_SHAP","all",0.00133634235318364,"PHF14"
"ENSG00000106443","patient3","XGBoost_SHAP","all",0.00417602788017628,"PHF14"
"ENSG00000106443","patient1","XGBoost_SHAP","all",0.00291035129476239,"PHF14"
"ENSG00000106460","patient1","XGBoost_SHAP","all",0.000665256071016609,"TMEM106B"
"ENSG00000106460","patient5","XGBoost_SHAP","all",0.000870144659739388,"TMEM106B"
"ENSG00000106460","patient6","XGBoost_SHAP","all",0.0007475197666675,"TMEM106B"
"ENSG00000106460","patient2","XGBoost_SHAP","all",0.00230176935886894,"TMEM106B"
"ENSG00000106460","patient3","XGBoost_SHAP","all",0.000687332394872409,"TMEM106B"
"ENSG00000106483","patient4","XGBoost_SHAP","all",0.00671030920224452,"SFRP4"
"ENSG00000106483","patient2","XGBoost_SHAP","all",0.00464611407009079,"SFRP4"
"ENSG00000106483","patient6","XGBoost_SHAP","all",0.00245360182350711,"SFRP4"
"ENSG00000106483","patient5","XGBoost_SHAP","all",0.0077832094542303,"SFRP4"
"ENSG00000106483","patient3","XGBoost_SHAP","all",0.00553097408587208,"SFRP4"
"ENSG00000106483","patient1","XGBoost_SHAP","all",0.00932083748916528,"SFRP4"
"ENSG00000106538","patient2","XGBoost_SHAP","all",0.00589472706687639,"RARRES2"
"ENSG00000106538","patient4","XGBoost_SHAP","all",0.00516639061247395,"RARRES2"
"ENSG00000106538","patient3","XGBoost_SHAP","all",0.00457814832161858,"RARRES2"
"ENSG00000106538","patient1","XGBoost_SHAP","all",0.00375475141934482,"RARRES2"
"ENSG00000106538","patient5","XGBoost_SHAP","all",0.00222480724714629,"RARRES2"
"ENSG00000106538","patient6","XGBoost_SHAP","all",0.0044823240973419,"RARRES2"
"ENSG00000106565","patient6","XGBoost_SHAP","all",0.0137160560642865,"TMEM176B"
"ENSG00000106565","patient1","XGBoost_SHAP","all",0.0126179676158402,"TMEM176B"
"ENSG00000106565","patient2","XGBoost_SHAP","all",0.0343652689645737,"TMEM176B"
"ENSG00000106565","patient4","XGBoost_SHAP","all",0.0235515069862728,"TMEM176B"
"ENSG00000106565","patient5","XGBoost_SHAP","all",0.0232580423658363,"TMEM176B"
"ENSG00000106565","patient3","XGBoost_SHAP","all",0.0432135979441224,"TMEM176B"
"ENSG00000106588","patient2","XGBoost_SHAP","all",0.00166597815523873,"PSMA2"
"ENSG00000106588","patient5","XGBoost_SHAP","all",0.000904154421254759,"PSMA2"
"ENSG00000106588","patient1","XGBoost_SHAP","all",0.00139835979961755,"PSMA2"
"ENSG00000106588","patient3","XGBoost_SHAP","all",0.00088874263181134,"PSMA2"
"ENSG00000106588","patient6","XGBoost_SHAP","all",0.00165023244112672,"PSMA2"
"ENSG00000106588","patient4","XGBoost_SHAP","all",0.00128619594269915,"PSMA2"
"ENSG00000106591","patient2","XGBoost_SHAP","all",0.00076767963273354,"MRPL32"
"ENSG00000106591","patient4","XGBoost_SHAP","all",0.00452537724790016,"MRPL32"
"ENSG00000106591","patient6","XGBoost_SHAP","all",0.00175670452871601,"MRPL32"
"ENSG00000106591","patient3","XGBoost_SHAP","all",0.0027078579704224,"MRPL32"
"ENSG00000106591","patient5","XGBoost_SHAP","all",0.00386418987944544,"MRPL32"
"ENSG00000106615","patient5","XGBoost_SHAP","all",0.00185107696357345,"RHEB"
"ENSG00000106615","patient4","XGBoost_SHAP","all",0.00212560356675571,"RHEB"
"ENSG00000106615","patient6","XGBoost_SHAP","all",0.00304480627256089,"RHEB"
"ENSG00000106615","patient2","XGBoost_SHAP","all",0.00317994430731415,"RHEB"
"ENSG00000106615","patient1","XGBoost_SHAP","all",0.00365728573688225,"RHEB"
"ENSG00000106615","patient3","XGBoost_SHAP","all",0.00289022984339693,"RHEB"
"ENSG00000106624","patient4","XGBoost_SHAP","all",0.0153932437504423,"AEBP1"
"ENSG00000106624","patient1","XGBoost_SHAP","all",0.023609120599857,"AEBP1"
"ENSG00000106624","patient5","XGBoost_SHAP","all",0.0307755277823104,"AEBP1"
"ENSG00000106624","patient3","XGBoost_SHAP","all",0.0320358581773479,"AEBP1"
"ENSG00000106624","patient6","XGBoost_SHAP","all",0.0237065389319874,"AEBP1"
"ENSG00000106624","patient2","XGBoost_SHAP","all",0.0255783787730235,"AEBP1"
"ENSG00000106682","patient2","XGBoost_SHAP","all",0.0011279507150854,"EIF4H"
"ENSG00000106682","patient3","XGBoost_SHAP","all",0.00112473939948603,"EIF4H"
"ENSG00000106682","patient6","XGBoost_SHAP","all",0.00208452553320362,"EIF4H"
"ENSG00000106682","patient4","XGBoost_SHAP","all",0.00130206270159388,"EIF4H"
"ENSG00000106682","patient1","XGBoost_SHAP","all",0.00176474192642184,"EIF4H"
"ENSG00000106682","patient5","XGBoost_SHAP","all",0.00148278272741607,"EIF4H"
"ENSG00000106772","patient3","XGBoost_SHAP","all",0.00149530136130122,"PRUNE2"
"ENSG00000106772","patient4","XGBoost_SHAP","all",0.00321496375582011,"PRUNE2"
"ENSG00000106809","patient6","XGBoost_SHAP","all",0.0209279989935863,"OGN"
"ENSG00000106809","patient1","XGBoost_SHAP","all",0.0277284502724885,"OGN"
"ENSG00000106809","patient2","XGBoost_SHAP","all",0.020047931548158,"OGN"
"ENSG00000106809","patient4","XGBoost_SHAP","all",0.0233181354684038,"OGN"
"ENSG00000106809","patient5","XGBoost_SHAP","all",0.0161665068938249,"OGN"
"ENSG00000106809","patient3","XGBoost_SHAP","all",0.0166367220595488,"OGN"
"ENSG00000106819","patient4","XGBoost_SHAP","all",0.00742513013551067,"ASPN"
"ENSG00000106819","patient1","XGBoost_SHAP","all",0.0122867033941096,"ASPN"
"ENSG00000106819","patient3","XGBoost_SHAP","all",0.00880269224349116,"ASPN"
"ENSG00000106819","patient6","XGBoost_SHAP","all",0.00909676108824393,"ASPN"
"ENSG00000106819","patient2","XGBoost_SHAP","all",0.013859867464751,"ASPN"
"ENSG00000106819","patient5","XGBoost_SHAP","all",0.00408899714334379,"ASPN"
"ENSG00000106991","patient2","XGBoost_SHAP","all",0.0139514378694349,"ENG"
"ENSG00000106991","patient4","XGBoost_SHAP","all",0.0199368191915126,"ENG"
"ENSG00000106991","patient3","XGBoost_SHAP","all",0.0160500669135586,"ENG"
"ENSG00000106991","patient1","XGBoost_SHAP","all",0.01595918942221,"ENG"
"ENSG00000106991","patient6","XGBoost_SHAP","all",0.0171638447574513,"ENG"
"ENSG00000106991","patient5","XGBoost_SHAP","all",0.0091814621851978,"ENG"
"ENSG00000107262","patient6","XGBoost_SHAP","all",0.00306828701421851,"BAG1"
"ENSG00000107262","patient4","XGBoost_SHAP","all",0.00353859223664154,"BAG1"
"ENSG00000107262","patient1","XGBoost_SHAP","all",0.00276765561887323,"BAG1"
"ENSG00000107262","patient2","XGBoost_SHAP","all",0.00149005232951279,"BAG1"
"ENSG00000107262","patient5","XGBoost_SHAP","all",0.00168629715493082,"BAG1"
"ENSG00000107262","patient3","XGBoost_SHAP","all",0.000978742179203756,"BAG1"
"ENSG00000107281","patient3","XGBoost_SHAP","all",0.0077196387785519,"NPDC1"
"ENSG00000107281","patient1","XGBoost_SHAP","all",0.00646145198839371,"NPDC1"
"ENSG00000107281","patient4","XGBoost_SHAP","all",0.00563906889718317,"NPDC1"
"ENSG00000107281","patient6","XGBoost_SHAP","all",0.00606636873440419,"NPDC1"
"ENSG00000107281","patient5","XGBoost_SHAP","all",0.0105084710918882,"NPDC1"
"ENSG00000107281","patient2","XGBoost_SHAP","all",0.00927848948958007,"NPDC1"
"ENSG00000107290","patient1","XGBoost_SHAP","all",0.00190260319442435,"SETX"
"ENSG00000107290","patient2","XGBoost_SHAP","all",0.00166871611964381,"SETX"
"ENSG00000107290","patient6","XGBoost_SHAP","all",0.00118142067722637,"SETX"
"ENSG00000107290","patient4","XGBoost_SHAP","all",0.000625635472451809,"SETX"
"ENSG00000107290","patient3","XGBoost_SHAP","all",0.00314675404847006,"SETX"
"ENSG00000107317","patient3","XGBoost_SHAP","all",0.0075468300043458,"PTGDS"
"ENSG00000107317","patient1","XGBoost_SHAP","all",0.0146589530138128,"PTGDS"
"ENSG00000107317","patient4","XGBoost_SHAP","all",0.00955550933566947,"PTGDS"
"ENSG00000107317","patient2","XGBoost_SHAP","all",0.00944907089175005,"PTGDS"
"ENSG00000107317","patient5","XGBoost_SHAP","all",0.00871523801543284,"PTGDS"
"ENSG00000107317","patient6","XGBoost_SHAP","all",0.00575522207012761,"PTGDS"
"ENSG00000107341","patient4","XGBoost_SHAP","all",0.000539505731832843,"UBE2R2"
"ENSG00000107341","patient6","XGBoost_SHAP","all",0.00082681574444845,"UBE2R2"
"ENSG00000107341","patient5","XGBoost_SHAP","all",0.00079015457752818,"UBE2R2"
"ENSG00000107341","patient2","XGBoost_SHAP","all",0.000529196567191932,"UBE2R2"
"ENSG00000107341","patient1","XGBoost_SHAP","all",0.00188206387584307,"UBE2R2"
"ENSG00000107372","patient3","XGBoost_SHAP","all",0.0103933479307474,"ZFAND5"
"ENSG00000107372","patient2","XGBoost_SHAP","all",0.00551961717329492,"ZFAND5"
"ENSG00000107372","patient5","XGBoost_SHAP","all",0.00327090675305483,"ZFAND5"
"ENSG00000107372","patient4","XGBoost_SHAP","all",0.0100687746258168,"ZFAND5"
"ENSG00000107372","patient1","XGBoost_SHAP","all",0.00570254713842204,"ZFAND5"
"ENSG00000107372","patient6","XGBoost_SHAP","all",0.00497578077023351,"ZFAND5"
"ENSG00000107438","patient4","XGBoost_SHAP","all",0.014443827433852,"PDLIM1"
"ENSG00000107438","patient2","XGBoost_SHAP","all",0.0204370162787171,"PDLIM1"
"ENSG00000107438","patient6","XGBoost_SHAP","all",0.0123233969114035,"PDLIM1"
"ENSG00000107438","patient3","XGBoost_SHAP","all",0.0236600413460683,"PDLIM1"
"ENSG00000107438","patient5","XGBoost_SHAP","all",0.0208893287060914,"PDLIM1"
"ENSG00000107438","patient1","XGBoost_SHAP","all",0.0252517020538287,"PDLIM1"
"ENSG00000107551","patient1","XGBoost_SHAP","all",0.0038172140654144,"RASSF4"
"ENSG00000107551","patient2","XGBoost_SHAP","all",0.00888322384956959,"RASSF4"
"ENSG00000107551","patient5","XGBoost_SHAP","all",0.00965601994452893,"RASSF4"
"ENSG00000107551","patient6","XGBoost_SHAP","all",0.00471773785607978,"RASSF4"
"ENSG00000107551","patient3","XGBoost_SHAP","all",0.00611250164611066,"RASSF4"
"ENSG00000107551","patient4","XGBoost_SHAP","all",0.00638877469686118,"RASSF4"
"ENSG00000107562","patient3","XGBoost_SHAP","all",0.0211548678148371,"CXCL12"
"ENSG00000107562","patient5","XGBoost_SHAP","all",0.0171778280773385,"CXCL12"
"ENSG00000107562","patient4","XGBoost_SHAP","all",0.0212413539255306,"CXCL12"
"ENSG00000107562","patient2","XGBoost_SHAP","all",0.0359177345759457,"CXCL12"
"ENSG00000107562","patient6","XGBoost_SHAP","all",0.0244768071602148,"CXCL12"
"ENSG00000107562","patient1","XGBoost_SHAP","all",0.0155914123435856,"CXCL12"
"ENSG00000107581","patient6","XGBoost_SHAP","all",0.00363648657993452,"EIF3A"
"ENSG00000107581","patient5","XGBoost_SHAP","all",0.00325523021542299,"EIF3A"
"ENSG00000107581","patient2","XGBoost_SHAP","all",0.0030216218023953,"EIF3A"
"ENSG00000107581","patient1","XGBoost_SHAP","all",0.00146687816306563,"EIF3A"
"ENSG00000107581","patient4","XGBoost_SHAP","all",0.00423933284564054,"EIF3A"
"ENSG00000107581","patient3","XGBoost_SHAP","all",0.00268501445591274,"EIF3A"
"ENSG00000107738","patient4","XGBoost_SHAP","all",0.00240071549095471,"VSIR"
"ENSG00000107738","patient1","XGBoost_SHAP","all",0.00267364578546222,"VSIR"
"ENSG00000107738","patient3","XGBoost_SHAP","all",0.00160305346317063,"VSIR"
"ENSG00000107738","patient6","XGBoost_SHAP","all",0.00289985658571577,"VSIR"
"ENSG00000107738","patient5","XGBoost_SHAP","all",0.00384534166322522,"VSIR"
"ENSG00000107738","patient2","XGBoost_SHAP","all",0.00222448860099148,"VSIR"
"ENSG00000107771","patient3","XGBoost_SHAP","all",0.000866349378281492,"CCSER2"
"ENSG00000107771","patient1","XGBoost_SHAP","all",0.00112901840368732,"CCSER2"
"ENSG00000107771","patient2","XGBoost_SHAP","all",0.00122259628228494,"CCSER2"
"ENSG00000107771","patient6","XGBoost_SHAP","all",0.00156154613266088,"CCSER2"
"ENSG00000107771","patient5","XGBoost_SHAP","all",0.00222317372621544,"CCSER2"
"ENSG00000107771","patient4","XGBoost_SHAP","all",0.000587862819455041,"CCSER2"
"ENSG00000107796","patient1","XGBoost_SHAP","all",0.0393812328073308,"ACTA2"
"ENSG00000107796","patient3","XGBoost_SHAP","all",0.0307621020913261,"ACTA2"
"ENSG00000107796","patient5","XGBoost_SHAP","all",0.0258842111630564,"ACTA2"
"ENSG00000107796","patient6","XGBoost_SHAP","all",0.0348809698049429,"ACTA2"
"ENSG00000107796","patient2","XGBoost_SHAP","all",0.0403740990780308,"ACTA2"
"ENSG00000107796","patient4","XGBoost_SHAP","all",0.0449909920815424,"ACTA2"
"ENSG00000107798","patient3","XGBoost_SHAP","all",0.000465326291113665,"LIPA"
"ENSG00000107798","patient5","XGBoost_SHAP","all",0.00130466102308252,"LIPA"
"ENSG00000107798","patient6","XGBoost_SHAP","all",0.000745864245120766,"LIPA"
"ENSG00000107798","patient2","XGBoost_SHAP","all",0.000531789082766719,"LIPA"
"ENSG00000107798","patient1","XGBoost_SHAP","all",0.000956579851782107,"LIPA"
"ENSG00000107798","patient4","XGBoost_SHAP","all",0.00150050121591934,"LIPA"
"ENSG00000107863","patient3","XGBoost_SHAP","all",0.00278480505192639,"ARHGAP21"
"ENSG00000107863","patient6","XGBoost_SHAP","all",0.000989094018386752,"ARHGAP21"
"ENSG00000107863","patient4","XGBoost_SHAP","all",0.00110209072989527,"ARHGAP21"
"ENSG00000107863","patient2","XGBoost_SHAP","all",0.00269853246229533,"ARHGAP21"
"ENSG00000107863","patient1","XGBoost_SHAP","all",0.00247556385017745,"ARHGAP21"
"ENSG00000107874","patient2","XGBoost_SHAP","all",0.00436294701550838,"CUEDC2"
"ENSG00000107874","patient1","XGBoost_SHAP","all",0.00239512067190664,"CUEDC2"
"ENSG00000107874","patient4","XGBoost_SHAP","all",0.0013451677858739,"CUEDC2"
"ENSG00000107874","patient3","XGBoost_SHAP","all",0.00292903669119069,"CUEDC2"
"ENSG00000107874","patient5","XGBoost_SHAP","all",0.00307649131371238,"CUEDC2"
"ENSG00000107874","patient6","XGBoost_SHAP","all",0.00233426728617872,"CUEDC2"
"ENSG00000108055","patient2","XGBoost_SHAP","all",0.00269721196157498,"SMC3"
"ENSG00000108055","patient4","XGBoost_SHAP","all",0.00177127630570853,"SMC3"
"ENSG00000108055","patient6","XGBoost_SHAP","all",0.00304784823442913,"SMC3"
"ENSG00000108055","patient3","XGBoost_SHAP","all",0.00330506092317825,"SMC3"
"ENSG00000108055","patient1","XGBoost_SHAP","all",0.00543878602931971,"SMC3"
"ENSG00000108055","patient5","XGBoost_SHAP","all",0.00421577027239928,"SMC3"
"ENSG00000108256","patient6","XGBoost_SHAP","all",0.00240762887450792,"NUFIP2"
"ENSG00000108256","patient1","XGBoost_SHAP","all",0.000743948438119341,"NUFIP2"
"ENSG00000108256","patient4","XGBoost_SHAP","all",0.00092088303239659,"NUFIP2"
"ENSG00000108256","patient3","XGBoost_SHAP","all",0.00260956618986159,"NUFIP2"
"ENSG00000108256","patient5","XGBoost_SHAP","all",0.00367614919844223,"NUFIP2"
"ENSG00000108256","patient2","XGBoost_SHAP","all",0.00152149279943114,"NUFIP2"
"ENSG00000108424","patient2","XGBoost_SHAP","all",0.00120628416487212,"KPNB1"
"ENSG00000108424","patient1","XGBoost_SHAP","all",0.00128315794373885,"KPNB1"
"ENSG00000108424","patient5","XGBoost_SHAP","all",0.00166568873978334,"KPNB1"
"ENSG00000108424","patient6","XGBoost_SHAP","all",0.00213198779251976,"KPNB1"
"ENSG00000108424","patient4","XGBoost_SHAP","all",0.00100434570190889,"KPNB1"
"ENSG00000108424","patient3","XGBoost_SHAP","all",0.00147394021101962,"KPNB1"
"ENSG00000108468","patient5","XGBoost_SHAP","all",0.00702725103193966,"CBX1"
"ENSG00000108468","patient1","XGBoost_SHAP","all",0.00274703419321672,"CBX1"
"ENSG00000108468","patient6","XGBoost_SHAP","all",0.00844624570974806,"CBX1"
"ENSG00000108468","patient2","XGBoost_SHAP","all",0.00142318857765075,"CBX1"
"ENSG00000108468","patient3","XGBoost_SHAP","all",0.0163635469853954,"CBX1"
"ENSG00000108468","patient4","XGBoost_SHAP","all",0.00296405589495895,"CBX1"
"ENSG00000108561","patient1","XGBoost_SHAP","all",0.00127421995857486,"C1QBP"
"ENSG00000108561","patient4","XGBoost_SHAP","all",0.00109473927355828,"C1QBP"
"ENSG00000108561","patient5","XGBoost_SHAP","all",0.000800403312850301,"C1QBP"
"ENSG00000108561","patient2","XGBoost_SHAP","all",0.00211347490590737,"C1QBP"
"ENSG00000108561","patient3","XGBoost_SHAP","all",0.00153936258593397,"C1QBP"
"ENSG00000108561","patient6","XGBoost_SHAP","all",0.00200608721364284,"C1QBP"
"ENSG00000108588","patient6","XGBoost_SHAP","all",0.0033277107102961,"CCDC47"
"ENSG00000108588","patient3","XGBoost_SHAP","all",0.00149051797342388,"CCDC47"
"ENSG00000108588","patient2","XGBoost_SHAP","all",0.003945391831334,"CCDC47"
"ENSG00000108588","patient4","XGBoost_SHAP","all",0.0016109618405811,"CCDC47"
"ENSG00000108588","patient5","XGBoost_SHAP","all",0.00262007962126274,"CCDC47"
"ENSG00000108588","patient1","XGBoost_SHAP","all",0.000905964716147861,"CCDC47"
"ENSG00000108639","patient2","XGBoost_SHAP","all",0.000267895280619082,"SYNGR2"
"ENSG00000108639","patient3","XGBoost_SHAP","all",0.000649339349893434,"SYNGR2"
"ENSG00000108639","patient1","XGBoost_SHAP","all",0.00153721500285291,"SYNGR2"
"ENSG00000108639","patient6","XGBoost_SHAP","all",0.00163920715564871,"SYNGR2"
"ENSG00000108639","patient4","XGBoost_SHAP","all",0.00074172256141417,"SYNGR2"
"ENSG00000108639","patient5","XGBoost_SHAP","all",0.00080657718368552,"SYNGR2"
"ENSG00000108679","patient4","XGBoost_SHAP","all",0.0084418259921645,"LGALS3BP"
"ENSG00000108679","patient1","XGBoost_SHAP","all",0.00486917553552706,"LGALS3BP"
"ENSG00000108679","patient2","XGBoost_SHAP","all",0.00833875095796513,"LGALS3BP"
"ENSG00000108679","patient3","XGBoost_SHAP","all",0.0143272548766947,"LGALS3BP"
"ENSG00000108679","patient6","XGBoost_SHAP","all",0.00914777710647092,"LGALS3BP"
"ENSG00000108679","patient5","XGBoost_SHAP","all",0.00855293395474216,"LGALS3BP"
"ENSG00000108691","patient6","XGBoost_SHAP","all",0.00296755901350482,"CCL2"
"ENSG00000108691","patient2","XGBoost_SHAP","all",0.00143859797791419,"CCL2"
"ENSG00000108691","patient3","XGBoost_SHAP","all",0.00341496254517553,"CCL2"
"ENSG00000108691","patient1","XGBoost_SHAP","all",0.00403701988504795,"CCL2"
"ENSG00000108691","patient4","XGBoost_SHAP","all",0.00278821446581238,"CCL2"
"ENSG00000108691","patient5","XGBoost_SHAP","all",0.00161979106517341,"CCL2"
"ENSG00000108774","patient1","XGBoost_SHAP","all",0.00745591772834925,"RAB5C"
"ENSG00000108774","patient2","XGBoost_SHAP","all",0.00491708038353414,"RAB5C"
"ENSG00000108774","patient6","XGBoost_SHAP","all",0.0044202130944009,"RAB5C"
"ENSG00000108774","patient3","XGBoost_SHAP","all",0.0064923399300743,"RAB5C"
"ENSG00000108774","patient5","XGBoost_SHAP","all",0.0107355672016451,"RAB5C"
"ENSG00000108774","patient4","XGBoost_SHAP","all",0.00360515033814109,"RAB5C"
"ENSG00000108821","patient3","XGBoost_SHAP","all",0.0132913478063277,"COL1A1"
"ENSG00000108821","patient6","XGBoost_SHAP","all",0.0252479950996724,"COL1A1"
"ENSG00000108821","patient1","XGBoost_SHAP","all",0.0229515930902457,"COL1A1"
"ENSG00000108821","patient5","XGBoost_SHAP","all",0.0275987433362329,"COL1A1"
"ENSG00000108821","patient2","XGBoost_SHAP","all",0.0222070522321231,"COL1A1"
"ENSG00000108821","patient4","XGBoost_SHAP","all",0.0149602098976648,"COL1A1"
"ENSG00000108823","patient2","XGBoost_SHAP","all",0.00702908285919462,"SGCA"
"ENSG00000108823","patient6","XGBoost_SHAP","all",0.00939539784830183,"SGCA"
"ENSG00000108823","patient1","XGBoost_SHAP","all",0.00683865955179498,"SGCA"
"ENSG00000108823","patient3","XGBoost_SHAP","all",0.00578525230594467,"SGCA"
"ENSG00000108823","patient5","XGBoost_SHAP","all",0.00799669578277963,"SGCA"
"ENSG00000108823","patient4","XGBoost_SHAP","all",0.00975274310067563,"SGCA"
"ENSG00000108828","patient1","XGBoost_SHAP","all",0.0019296838340673,"VAT1"
"ENSG00000108828","patient2","XGBoost_SHAP","all",0.00187498289357323,"VAT1"
"ENSG00000108828","patient4","XGBoost_SHAP","all",0.000294583483187409,"VAT1"
"ENSG00000108828","patient6","XGBoost_SHAP","all",0.000835298265737329,"VAT1"
"ENSG00000108828","patient3","XGBoost_SHAP","all",0.00206091123286173,"VAT1"
"ENSG00000108848","patient6","XGBoost_SHAP","all",0.00128236835920203,"LUC7L3"
"ENSG00000108848","patient3","XGBoost_SHAP","all",0.00264914259416035,"LUC7L3"
"ENSG00000108848","patient5","XGBoost_SHAP","all",0.00151336410476412,"LUC7L3"
"ENSG00000108848","patient1","XGBoost_SHAP","all",0.00230832492089393,"LUC7L3"
"ENSG00000108848","patient2","XGBoost_SHAP","all",0.00112627852530053,"LUC7L3"
"ENSG00000108848","patient4","XGBoost_SHAP","all",0.000961951033193447,"LUC7L3"
"ENSG00000108946","patient1","XGBoost_SHAP","all",0.000995729441424051,"PRKAR1A"
"ENSG00000108946","patient5","XGBoost_SHAP","all",0.000974166451421908,"PRKAR1A"
"ENSG00000108946","patient3","XGBoost_SHAP","all",0.00360191497686895,"PRKAR1A"
"ENSG00000108946","patient4","XGBoost_SHAP","all",0.00281315013946828,"PRKAR1A"
"ENSG00000108946","patient2","XGBoost_SHAP","all",0.00287374104382142,"PRKAR1A"
"ENSG00000108946","patient6","XGBoost_SHAP","all",0.00191052036169636,"PRKAR1A"
"ENSG00000109046","patient3","XGBoost_SHAP","all",0.00459074434614689,"WSB1"
"ENSG00000109046","patient1","XGBoost_SHAP","all",0.00167603274863508,"WSB1"
"ENSG00000109046","patient5","XGBoost_SHAP","all",0.00679590066337449,"WSB1"
"ENSG00000109046","patient2","XGBoost_SHAP","all",0.00150855780544471,"WSB1"
"ENSG00000109046","patient6","XGBoost_SHAP","all",0.00295369971095592,"WSB1"
"ENSG00000109046","patient4","XGBoost_SHAP","all",0.00587927257913403,"WSB1"
"ENSG00000109099","patient5","XGBoost_SHAP","all",0.0208510642189107,"PMP22"
"ENSG00000109099","patient1","XGBoost_SHAP","all",0.0278747615462822,"PMP22"
"ENSG00000109099","patient4","XGBoost_SHAP","all",0.0281512362383104,"PMP22"
"ENSG00000109099","patient2","XGBoost_SHAP","all",0.041494088542137,"PMP22"
"ENSG00000109099","patient6","XGBoost_SHAP","all",0.0386810739310374,"PMP22"
"ENSG00000109099","patient3","XGBoost_SHAP","all",0.0429713017709293,"PMP22"
"ENSG00000109113","patient3","XGBoost_SHAP","all",0.00540994507901872,"RAB34"
"ENSG00000109113","patient2","XGBoost_SHAP","all",0.00433116886312217,"RAB34"
"ENSG00000109113","patient5","XGBoost_SHAP","all",0.00702810824307134,"RAB34"
"ENSG00000109113","patient6","XGBoost_SHAP","all",0.00292734833833412,"RAB34"
"ENSG00000109113","patient1","XGBoost_SHAP","all",0.00300251702162992,"RAB34"
"ENSG00000109113","patient4","XGBoost_SHAP","all",0.00551275784686352,"RAB34"
"ENSG00000109180","patient1","XGBoost_SHAP","all",0.00233995976026928,"OCIAD1"
"ENSG00000109381","patient3","XGBoost_SHAP","all",0.00242815970358609,"ELF2"
"ENSG00000109381","patient1","XGBoost_SHAP","all",0.0023545943711021,"ELF2"
"ENSG00000109381","patient5","XGBoost_SHAP","all",0.00286871857770672,"ELF2"
"ENSG00000109381","patient6","XGBoost_SHAP","all",0.00265515530587438,"ELF2"
"ENSG00000109381","patient4","XGBoost_SHAP","all",0.00116093286216168,"ELF2"
"ENSG00000109381","patient2","XGBoost_SHAP","all",0.00188712701923701,"ELF2"
"ENSG00000109390","patient6","XGBoost_SHAP","all",0.00112306256851813,"NDUFC1"
"ENSG00000109390","patient5","XGBoost_SHAP","all",0.00320941245378459,"NDUFC1"
"ENSG00000109390","patient1","XGBoost_SHAP","all",0.00226297721965358,"NDUFC1"
"ENSG00000109472","patient1","XGBoost_SHAP","all",0.0533179740446823,"CPE"
"ENSG00000109472","patient4","XGBoost_SHAP","all",0.0440966478710061,"CPE"
"ENSG00000109472","patient3","XGBoost_SHAP","all",0.0564499964296034,"CPE"
"ENSG00000109472","patient5","XGBoost_SHAP","all",0.0385764074841811,"CPE"
"ENSG00000109472","patient6","XGBoost_SHAP","all",0.0610549416850229,"CPE"
"ENSG00000109472","patient2","XGBoost_SHAP","all",0.0490364185679612,"CPE"
"ENSG00000109536","patient6","XGBoost_SHAP","all",0.00117824073690376,"FRG1"
"ENSG00000109536","patient4","XGBoost_SHAP","all",0.00273524777947528,"FRG1"
"ENSG00000109536","patient5","XGBoost_SHAP","all",0.00446337648116246,"FRG1"
"ENSG00000109536","patient3","XGBoost_SHAP","all",0.00286115156883048,"FRG1"
"ENSG00000109536","patient1","XGBoost_SHAP","all",0.00287352797279333,"FRG1"
"ENSG00000109536","patient2","XGBoost_SHAP","all",0.00112487202038391,"FRG1"
"ENSG00000109610","patient1","XGBoost_SHAP","all",0.0172679184666208,"SOD3"
"ENSG00000109610","patient4","XGBoost_SHAP","all",0.0111559090426951,"SOD3"
"ENSG00000109610","patient3","XGBoost_SHAP","all",0.0073154468074315,"SOD3"
"ENSG00000109610","patient2","XGBoost_SHAP","all",0.0173808637351424,"SOD3"
"ENSG00000109610","patient6","XGBoost_SHAP","all",0.0175619368386093,"SOD3"
"ENSG00000109610","patient5","XGBoost_SHAP","all",0.0259213916817825,"SOD3"
"ENSG00000109686","patient4","XGBoost_SHAP","all",0.00211084477385191,"SH3D19"
"ENSG00000109775","patient3","XGBoost_SHAP","all",0.00126084538185393,"UFSP2"
"ENSG00000109775","patient5","XGBoost_SHAP","all",0.00159937890879761,"UFSP2"
"ENSG00000109775","patient2","XGBoost_SHAP","all",0.00153993634299816,"UFSP2"
"ENSG00000109775","patient1","XGBoost_SHAP","all",0.0022191925700523,"UFSP2"
"ENSG00000109787","patient1","XGBoost_SHAP","all",0.00336819042358063,"KLF3"
"ENSG00000109787","patient3","XGBoost_SHAP","all",0.00221530852533634,"KLF3"
"ENSG00000109787","patient4","XGBoost_SHAP","all",0.00209004149201685,"KLF3"
"ENSG00000109787","patient5","XGBoost_SHAP","all",0.0016605882394895,"KLF3"
"ENSG00000109787","patient6","XGBoost_SHAP","all",0.00176765162681628,"KLF3"
"ENSG00000109787","patient2","XGBoost_SHAP","all",0.00342353794234176,"KLF3"
"ENSG00000109846","patient1","XGBoost_SHAP","all",0.0286911578857674,"CRYAB"
"ENSG00000109846","patient5","XGBoost_SHAP","all",0.0300533279272568,"CRYAB"
"ENSG00000109846","patient6","XGBoost_SHAP","all",0.0343068594028123,"CRYAB"
"ENSG00000109846","patient2","XGBoost_SHAP","all",0.0400073925279925,"CRYAB"
"ENSG00000109846","patient4","XGBoost_SHAP","all",0.0417945278651464,"CRYAB"
"ENSG00000109846","patient3","XGBoost_SHAP","all",0.0354449825381814,"CRYAB"
"ENSG00000109861","patient6","XGBoost_SHAP","all",0.00576057878062808,"CTSC"
"ENSG00000109861","patient5","XGBoost_SHAP","all",0.00159716682769072,"CTSC"
"ENSG00000109861","patient3","XGBoost_SHAP","all",0.00355414148006478,"CTSC"
"ENSG00000109861","patient1","XGBoost_SHAP","all",0.0036560616450364,"CTSC"
"ENSG00000109861","patient2","XGBoost_SHAP","all",0.00449324188577416,"CTSC"
"ENSG00000109861","patient4","XGBoost_SHAP","all",0.00101601449044833,"CTSC"
"ENSG00000109906","patient2","XGBoost_SHAP","all",0.00159236242775236,"ZBTB16"
"ENSG00000109906","patient1","XGBoost_SHAP","all",0.00375863134479964,"ZBTB16"
"ENSG00000109906","patient5","XGBoost_SHAP","all",0.00365137066394042,"ZBTB16"
"ENSG00000109906","patient4","XGBoost_SHAP","all",0.00602384704559988,"ZBTB16"
"ENSG00000109906","patient3","XGBoost_SHAP","all",0.00197295158837305,"ZBTB16"
"ENSG00000109906","patient6","XGBoost_SHAP","all",0.00667720575849464,"ZBTB16"
"ENSG00000109920","patient2","XGBoost_SHAP","all",0.00148756165632766,"FNBP4"
"ENSG00000109920","patient6","XGBoost_SHAP","all",0.00128865452234188,"FNBP4"
"ENSG00000109920","patient4","XGBoost_SHAP","all",0.000850176154033508,"FNBP4"
"ENSG00000109920","patient3","XGBoost_SHAP","all",0.0011019412306511,"FNBP4"
"ENSG00000109920","patient1","XGBoost_SHAP","all",0.0026193637106529,"FNBP4"
"ENSG00000110077","patient6","XGBoost_SHAP","all",0.0201420310625797,"MS4A6A"
"ENSG00000110077","patient4","XGBoost_SHAP","all",0.0101084098395935,"MS4A6A"
"ENSG00000110077","patient3","XGBoost_SHAP","all",0.0134978324172867,"MS4A6A"
"ENSG00000110077","patient5","XGBoost_SHAP","all",0.00606540143375221,"MS4A6A"
"ENSG00000110077","patient2","XGBoost_SHAP","all",0.0594423243408017,"MS4A6A"
"ENSG00000110077","patient1","XGBoost_SHAP","all",0.0145087716401788,"MS4A6A"
"ENSG00000110079","patient6","XGBoost_SHAP","all",0.00115434274045337,"MS4A4A"
"ENSG00000110079","patient4","XGBoost_SHAP","all",0.000174533803482057,"MS4A4A"
"ENSG00000110079","patient5","XGBoost_SHAP","all",0.00106834109802882,"MS4A4A"
"ENSG00000110079","patient3","XGBoost_SHAP","all",0.00168032404235352,"MS4A4A"
"ENSG00000110079","patient2","XGBoost_SHAP","all",0.0087371099236631,"MS4A4A"
"ENSG00000110079","patient1","XGBoost_SHAP","all",0.000914902405159716,"MS4A4A"
"ENSG00000110092","patient3","XGBoost_SHAP","all",0.0136195308033203,"CCND1"
"ENSG00000110092","patient5","XGBoost_SHAP","all",0.00983761190711363,"CCND1"
"ENSG00000110092","patient2","XGBoost_SHAP","all",0.0100209252982845,"CCND1"
"ENSG00000110092","patient1","XGBoost_SHAP","all",0.00809214346080484,"CCND1"
"ENSG00000110092","patient6","XGBoost_SHAP","all",0.00730548181535394,"CCND1"
"ENSG00000110092","patient4","XGBoost_SHAP","all",0.00490289436082743,"CCND1"
"ENSG00000110108","patient2","XGBoost_SHAP","all",0.00124322146085492,"TMEM109"
"ENSG00000110108","patient1","XGBoost_SHAP","all",0.00174837217709562,"TMEM109"
"ENSG00000110108","patient5","XGBoost_SHAP","all",0.00360918533852242,"TMEM109"
"ENSG00000110108","patient4","XGBoost_SHAP","all",0.00259481099725598,"TMEM109"
"ENSG00000110108","patient3","XGBoost_SHAP","all",0.00148271128747484,"TMEM109"
"ENSG00000110108","patient6","XGBoost_SHAP","all",0.001922563093694,"TMEM109"
"ENSG00000110321","patient1","XGBoost_SHAP","all",0.0024499197643672,"EIF4G2"
"ENSG00000110321","patient5","XGBoost_SHAP","all",0.00218718468692399,"EIF4G2"
"ENSG00000110367","patient2","XGBoost_SHAP","all",0.00221760335539634,"DDX6"
"ENSG00000110367","patient6","XGBoost_SHAP","all",0.00131695055532691,"DDX6"
"ENSG00000110367","patient1","XGBoost_SHAP","all",0.00280400635174853,"DDX6"
"ENSG00000110367","patient5","XGBoost_SHAP","all",0.00424472278811175,"DDX6"
"ENSG00000110367","patient3","XGBoost_SHAP","all",0.00464052602662797,"DDX6"
"ENSG00000110367","patient4","XGBoost_SHAP","all",0.00244380992891342,"DDX6"
"ENSG00000110422","patient5","XGBoost_SHAP","all",0.00339359696463972,"HIPK3"
"ENSG00000110422","patient2","XGBoost_SHAP","all",0.00372646910729832,"HIPK3"
"ENSG00000110422","patient4","XGBoost_SHAP","all",0.00272385694759837,"HIPK3"
"ENSG00000110422","patient6","XGBoost_SHAP","all",0.000754577006769971,"HIPK3"
"ENSG00000110422","patient3","XGBoost_SHAP","all",0.0035096553509575,"HIPK3"
"ENSG00000110422","patient1","XGBoost_SHAP","all",0.00261713978094421,"HIPK3"
"ENSG00000110711","patient2","XGBoost_SHAP","all",0.00333485683552347,"AIP"
"ENSG00000110711","patient4","XGBoost_SHAP","all",0.00203825032303878,"AIP"
"ENSG00000110711","patient1","XGBoost_SHAP","all",0.00198382482231958,"AIP"
"ENSG00000110711","patient5","XGBoost_SHAP","all",0.00390036231566719,"AIP"
"ENSG00000110711","patient6","XGBoost_SHAP","all",0.00331577342868766,"AIP"
"ENSG00000110711","patient3","XGBoost_SHAP","all",0.00148528335005847,"AIP"
"ENSG00000110717","patient2","XGBoost_SHAP","all",0.00159519062475134,"NDUFS8"
"ENSG00000110717","patient4","XGBoost_SHAP","all",0.00276186101492807,"NDUFS8"
"ENSG00000110717","patient1","XGBoost_SHAP","all",0.00191488141576218,"NDUFS8"
"ENSG00000110717","patient5","XGBoost_SHAP","all",0.00333324400404669,"NDUFS8"
"ENSG00000110717","patient3","XGBoost_SHAP","all",0.00154734025178543,"NDUFS8"
"ENSG00000110717","patient6","XGBoost_SHAP","all",0.00176244605654896,"NDUFS8"
"ENSG00000110799","patient2","XGBoost_SHAP","all",0.0548565373839109,"VWF"
"ENSG00000110799","patient6","XGBoost_SHAP","all",0.0905118553789308,"VWF"
"ENSG00000110799","patient1","XGBoost_SHAP","all",0.0445209120434953,"VWF"
"ENSG00000110799","patient4","XGBoost_SHAP","all",0.0864544088102708,"VWF"
"ENSG00000110799","patient3","XGBoost_SHAP","all",0.0700536270487798,"VWF"
"ENSG00000110799","patient5","XGBoost_SHAP","all",0.0600083919690001,"VWF"
"ENSG00000110841","patient2","XGBoost_SHAP","all",0.00521063183932322,"PPFIBP1"
"ENSG00000110841","patient6","XGBoost_SHAP","all",0.00911677662340914,"PPFIBP1"
"ENSG00000110841","patient3","XGBoost_SHAP","all",0.00861543481597632,"PPFIBP1"
"ENSG00000110841","patient1","XGBoost_SHAP","all",0.00778344272157682,"PPFIBP1"
"ENSG00000110841","patient5","XGBoost_SHAP","all",0.00257937572544321,"PPFIBP1"
"ENSG00000110841","patient4","XGBoost_SHAP","all",0.0102608573454759,"PPFIBP1"
"ENSG00000110852","patient5","XGBoost_SHAP","all",0.00541346064675816,"CLEC2B"
"ENSG00000110852","patient3","XGBoost_SHAP","all",0.00511630796425149,"CLEC2B"
"ENSG00000110852","patient4","XGBoost_SHAP","all",0.00289076051078695,"CLEC2B"
"ENSG00000110852","patient2","XGBoost_SHAP","all",0.00633591665172567,"CLEC2B"
"ENSG00000110852","patient6","XGBoost_SHAP","all",0.00648112383863517,"CLEC2B"
"ENSG00000110852","patient1","XGBoost_SHAP","all",0.00524941898071128,"CLEC2B"
"ENSG00000110917","patient4","XGBoost_SHAP","all",0.00141688838019943,"MLEC"
"ENSG00000110917","patient6","XGBoost_SHAP","all",0.00145821709686184,"MLEC"
"ENSG00000110917","patient1","XGBoost_SHAP","all",0.00256625975052523,"MLEC"
"ENSG00000110917","patient3","XGBoost_SHAP","all",0.000718024296541741,"MLEC"
"ENSG00000110917","patient2","XGBoost_SHAP","all",0.00170777762179025,"MLEC"
"ENSG00000110917","patient5","XGBoost_SHAP","all",0.00102376356205543,"MLEC"
"ENSG00000110955","patient1","XGBoost_SHAP","all",0.00134321819514301,"ATP5F1B"
"ENSG00000110955","patient2","XGBoost_SHAP","all",0.00189488041075798,"ATP5F1B"
"ENSG00000110955","patient3","XGBoost_SHAP","all",0.00281301271007156,"ATP5F1B"
"ENSG00000111011","patient5","XGBoost_SHAP","all",0.00246629520910692,"RSRC2"
"ENSG00000111011","patient1","XGBoost_SHAP","all",0.00330148725139034,"RSRC2"
"ENSG00000111011","patient2","XGBoost_SHAP","all",0.00153314003401524,"RSRC2"
"ENSG00000111011","patient4","XGBoost_SHAP","all",0.00391323228336231,"RSRC2"
"ENSG00000111011","patient3","XGBoost_SHAP","all",0.00303037214231275,"RSRC2"
"ENSG00000111011","patient6","XGBoost_SHAP","all",0.00215005350216594,"RSRC2"
"ENSG00000111077","patient4","XGBoost_SHAP","all",0.00500374387426439,"TNS2"
"ENSG00000111077","patient3","XGBoost_SHAP","all",0.00600229968825918,"TNS2"
"ENSG00000111077","patient6","XGBoost_SHAP","all",0.00371777646857412,"TNS2"
"ENSG00000111077","patient1","XGBoost_SHAP","all",0.00274951472872395,"TNS2"
"ENSG00000111077","patient5","XGBoost_SHAP","all",0.0021403113916122,"TNS2"
"ENSG00000111077","patient2","XGBoost_SHAP","all",0.00557193603913706,"TNS2"
"ENSG00000111142","patient5","XGBoost_SHAP","all",0.00153505510453639,"METAP2"
"ENSG00000111142","patient1","XGBoost_SHAP","all",0.00336394149477683,"METAP2"
"ENSG00000111142","patient2","XGBoost_SHAP","all",0.00145588943270739,"METAP2"
"ENSG00000111142","patient4","XGBoost_SHAP","all",0.00284899396086896,"METAP2"
"ENSG00000111142","patient3","XGBoost_SHAP","all",0.000455037672197548,"METAP2"
"ENSG00000111142","patient6","XGBoost_SHAP","all",0.00185901649916017,"METAP2"
"ENSG00000111145","patient5","XGBoost_SHAP","all",0.00193904073166654,"ELK3"
"ENSG00000111145","patient6","XGBoost_SHAP","all",0.00588674138666489,"ELK3"
"ENSG00000111145","patient4","XGBoost_SHAP","all",0.00382032511727212,"ELK3"
"ENSG00000111145","patient1","XGBoost_SHAP","all",0.0057352128769807,"ELK3"
"ENSG00000111145","patient3","XGBoost_SHAP","all",0.00377423260372847,"ELK3"
"ENSG00000111145","patient2","XGBoost_SHAP","all",0.00292494540510486,"ELK3"
"ENSG00000111237","patient4","XGBoost_SHAP","all",0.00246895831832577,"VPS29"
"ENSG00000111237","patient3","XGBoost_SHAP","all",0.00212591490881095,"VPS29"
"ENSG00000111237","patient5","XGBoost_SHAP","all",0.00175947767404,"VPS29"
"ENSG00000111237","patient1","XGBoost_SHAP","all",0.00186418355601316,"VPS29"
"ENSG00000111237","patient6","XGBoost_SHAP","all",0.00193580011356123,"VPS29"
"ENSG00000111237","patient2","XGBoost_SHAP","all",0.00248219402233982,"VPS29"
"ENSG00000111275","patient4","XGBoost_SHAP","all",0.0148204132547033,"ALDH2"
"ENSG00000111275","patient3","XGBoost_SHAP","all",0.0149640205643731,"ALDH2"
"ENSG00000111275","patient1","XGBoost_SHAP","all",0.00922594280231451,"ALDH2"
"ENSG00000111275","patient6","XGBoost_SHAP","all",0.00603584947064768,"ALDH2"
"ENSG00000111275","patient5","XGBoost_SHAP","all",0.0121985574745216,"ALDH2"
"ENSG00000111275","patient2","XGBoost_SHAP","all",0.0135586116899357,"ALDH2"
"ENSG00000111276","patient3","XGBoost_SHAP","all",0.00338312399784267,"CDKN1B"
"ENSG00000111276","patient1","XGBoost_SHAP","all",0.00359596146235595,"CDKN1B"
"ENSG00000111276","patient2","XGBoost_SHAP","all",0.00330027422041656,"CDKN1B"
"ENSG00000111276","patient6","XGBoost_SHAP","all",0.00205249062871974,"CDKN1B"
"ENSG00000111276","patient5","XGBoost_SHAP","all",0.00141613860286208,"CDKN1B"
"ENSG00000111276","patient4","XGBoost_SHAP","all",0.00241903649774538,"CDKN1B"
"ENSG00000111341","patient1","XGBoost_SHAP","all",0.0402370355957028,"MGP"
"ENSG00000111341","patient6","XGBoost_SHAP","all",0.0569999072877585,"MGP"
"ENSG00000111341","patient4","XGBoost_SHAP","all",0.0708937788354802,"MGP"
"ENSG00000111341","patient5","XGBoost_SHAP","all",0.0763236794166284,"MGP"
"ENSG00000111341","patient2","XGBoost_SHAP","all",0.0597885263870897,"MGP"
"ENSG00000111341","patient3","XGBoost_SHAP","all",0.0588963952188118,"MGP"
"ENSG00000111348","patient6","XGBoost_SHAP","all",0.0131513596187989,"ARHGDIB"
"ENSG00000111348","patient3","XGBoost_SHAP","all",0.00519788088627384,"ARHGDIB"
"ENSG00000111348","patient5","XGBoost_SHAP","all",0.0146099857073057,"ARHGDIB"
"ENSG00000111348","patient1","XGBoost_SHAP","all",0.0087129075606812,"ARHGDIB"
"ENSG00000111348","patient4","XGBoost_SHAP","all",0.0144199582568108,"ARHGDIB"
"ENSG00000111348","patient2","XGBoost_SHAP","all",0.0128879340990046,"ARHGDIB"
"ENSG00000111404","patient5","XGBoost_SHAP","all",0.0366953693228056,"RERGL"
"ENSG00000111404","patient1","XGBoost_SHAP","all",0.0350900914925079,"RERGL"
"ENSG00000111404","patient2","XGBoost_SHAP","all",0.0370497259067647,"RERGL"
"ENSG00000111404","patient3","XGBoost_SHAP","all",0.0436563357273872,"RERGL"
"ENSG00000111404","patient6","XGBoost_SHAP","all",0.0445848095882095,"RERGL"
"ENSG00000111481","patient6","XGBoost_SHAP","all",0.00171581358192644,"COPZ1"
"ENSG00000111481","patient2","XGBoost_SHAP","all",0.00206409313312548,"COPZ1"
"ENSG00000111481","patient3","XGBoost_SHAP","all",0.00177313529121542,"COPZ1"
"ENSG00000111481","patient1","XGBoost_SHAP","all",0.0039133358427086,"COPZ1"
"ENSG00000111481","patient5","XGBoost_SHAP","all",0.00511214833507247,"COPZ1"
"ENSG00000111615","patient2","XGBoost_SHAP","all",0.00146553564416412,"KRR1"
"ENSG00000111615","patient5","XGBoost_SHAP","all",0.000847969946907535,"KRR1"
"ENSG00000111615","patient6","XGBoost_SHAP","all",0.00282334590854951,"KRR1"
"ENSG00000111615","patient1","XGBoost_SHAP","all",0.00201129520494394,"KRR1"
"ENSG00000111615","patient3","XGBoost_SHAP","all",0.00168334587954909,"KRR1"
"ENSG00000111615","patient4","XGBoost_SHAP","all",0.000639719814911744,"KRR1"
"ENSG00000111639","patient4","XGBoost_SHAP","all",0.00333941337278466,"MRPL51"
"ENSG00000111639","patient6","XGBoost_SHAP","all",0.00155482962897321,"MRPL51"
"ENSG00000111639","patient2","XGBoost_SHAP","all",0.00102755474183506,"MRPL51"
"ENSG00000111639","patient5","XGBoost_SHAP","all",0.00231638822259261,"MRPL51"
"ENSG00000111639","patient3","XGBoost_SHAP","all",0.00192679294255958,"MRPL51"
"ENSG00000111639","patient1","XGBoost_SHAP","all",0.00410209109949946,"MRPL51"
"ENSG00000111642","patient6","XGBoost_SHAP","all",0.00129821629543737,"CHD4"
"ENSG00000111642","patient3","XGBoost_SHAP","all",0.00193041060838912,"CHD4"
"ENSG00000111642","patient5","XGBoost_SHAP","all",0.00277226834116662,"CHD4"
"ENSG00000111642","patient4","XGBoost_SHAP","all",0.00119931404451021,"CHD4"
"ENSG00000111642","patient1","XGBoost_SHAP","all",0.00250062134073841,"CHD4"
"ENSG00000111642","patient2","XGBoost_SHAP","all",0.000893623081568872,"CHD4"
"ENSG00000111666","patient1","XGBoost_SHAP","all",0.005065212745701,"CHPT1"
"ENSG00000111666","patient5","XGBoost_SHAP","all",0.00285941641054759,"CHPT1"
"ENSG00000111666","patient6","XGBoost_SHAP","all",0.0029957209529445,"CHPT1"
"ENSG00000111666","patient4","XGBoost_SHAP","all",0.00412924472876397,"CHPT1"
"ENSG00000111678","patient5","XGBoost_SHAP","all",0.00471716569515243,"C12orf57"
"ENSG00000111678","patient1","XGBoost_SHAP","all",0.00347593590729844,"C12orf57"
"ENSG00000111678","patient6","XGBoost_SHAP","all",0.00434894598849735,"C12orf57"
"ENSG00000111678","patient2","XGBoost_SHAP","all",0.0034379622423494,"C12orf57"
"ENSG00000111678","patient4","XGBoost_SHAP","all",0.00415099807289633,"C12orf57"
"ENSG00000111678","patient3","XGBoost_SHAP","all",0.00507082356163972,"C12orf57"
"ENSG00000111716","patient6","XGBoost_SHAP","all",0.00927155796349876,"LDHB"
"ENSG00000111716","patient1","XGBoost_SHAP","all",0.0031959178443562,"LDHB"
"ENSG00000111716","patient2","XGBoost_SHAP","all",0.00487215161260795,"LDHB"
"ENSG00000111716","patient3","XGBoost_SHAP","all",0.0175211071428741,"LDHB"
"ENSG00000111716","patient5","XGBoost_SHAP","all",0.0117118428874028,"LDHB"
"ENSG00000111716","patient4","XGBoost_SHAP","all",0.0112231624215382,"LDHB"
"ENSG00000111786","patient5","XGBoost_SHAP","all",0.00326638892344752,"SRSF9"
"ENSG00000111786","patient3","XGBoost_SHAP","all",0.00535863653844887,"SRSF9"
"ENSG00000111786","patient2","XGBoost_SHAP","all",0.0018191994370954,"SRSF9"
"ENSG00000111786","patient4","XGBoost_SHAP","all",0.00188680603644874,"SRSF9"
"ENSG00000111786","patient1","XGBoost_SHAP","all",0.00466072375820595,"SRSF9"
"ENSG00000111786","patient6","XGBoost_SHAP","all",0.00362015798659364,"SRSF9"
"ENSG00000111790","patient4","XGBoost_SHAP","all",0.0019401641512119,"FGFR1OP2"
"ENSG00000111790","patient6","XGBoost_SHAP","all",0.00201531553602577,"FGFR1OP2"
"ENSG00000111790","patient3","XGBoost_SHAP","all",0.0035391391233049,"FGFR1OP2"
"ENSG00000111790","patient1","XGBoost_SHAP","all",0.00195667817470408,"FGFR1OP2"
"ENSG00000111790","patient2","XGBoost_SHAP","all",0.0025492715608587,"FGFR1OP2"
"ENSG00000111790","patient5","XGBoost_SHAP","all",0.00219626636016801,"FGFR1OP2"
"ENSG00000111817","patient6","XGBoost_SHAP","all",0.0058859188273685,"DSE"
"ENSG00000111817","patient3","XGBoost_SHAP","all",0.00627211237369553,"DSE"
"ENSG00000111817","patient5","XGBoost_SHAP","all",0.00552998076426333,"DSE"
"ENSG00000111817","patient2","XGBoost_SHAP","all",0.00799031090307437,"DSE"
"ENSG00000111817","patient1","XGBoost_SHAP","all",0.00320887680685224,"DSE"
"ENSG00000111817","patient4","XGBoost_SHAP","all",0.00720664429219567,"DSE"
"ENSG00000111832","patient1","XGBoost_SHAP","all",0.00237852095053376,"RWDD1"
"ENSG00000111832","patient3","XGBoost_SHAP","all",0.00387582691792814,"RWDD1"
"ENSG00000111832","patient6","XGBoost_SHAP","all",0.00427454623522012,"RWDD1"
"ENSG00000111832","patient2","XGBoost_SHAP","all",0.00168252596165375,"RWDD1"
"ENSG00000111832","patient5","XGBoost_SHAP","all",0.00457224834360013,"RWDD1"
"ENSG00000111885","patient6","XGBoost_SHAP","all",0.00305814429513404,"MAN1A1"
"ENSG00000111885","patient1","XGBoost_SHAP","all",0.0035027690510821,"MAN1A1"
"ENSG00000111885","patient2","XGBoost_SHAP","all",0.00516947511781975,"MAN1A1"
"ENSG00000111885","patient5","XGBoost_SHAP","all",0.00132234460382341,"MAN1A1"
"ENSG00000111885","patient3","XGBoost_SHAP","all",0.00326519110379692,"MAN1A1"
"ENSG00000111885","patient4","XGBoost_SHAP","all",0.00189342259509598,"MAN1A1"
"ENSG00000111897","patient3","XGBoost_SHAP","all",0.00265624280569609,"SERINC1"
"ENSG00000111897","patient5","XGBoost_SHAP","all",0.00736869544112034,"SERINC1"
"ENSG00000111897","patient6","XGBoost_SHAP","all",0.00246243639815413,"SERINC1"
"ENSG00000111897","patient4","XGBoost_SHAP","all",0.0110717119697091,"SERINC1"
"ENSG00000111897","patient1","XGBoost_SHAP","all",0.00720854436719661,"SERINC1"
"ENSG00000111897","patient2","XGBoost_SHAP","all",0.00723710501035963,"SERINC1"
"ENSG00000111906","patient1","XGBoost_SHAP","all",0.00318146002463737,"HDDC2"
"ENSG00000111906","patient3","XGBoost_SHAP","all",0.00913026175672332,"HDDC2"
"ENSG00000111906","patient2","XGBoost_SHAP","all",0.0024173575856527,"HDDC2"
"ENSG00000111906","patient6","XGBoost_SHAP","all",0.006896583595694,"HDDC2"
"ENSG00000111906","patient5","XGBoost_SHAP","all",0.00386862209225647,"HDDC2"
"ENSG00000111906","patient4","XGBoost_SHAP","all",0.00461343647669707,"HDDC2"
"ENSG00000111912","patient1","XGBoost_SHAP","all",0.000869046672206715,"NCOA7"
"ENSG00000111912","patient5","XGBoost_SHAP","all",0.0018389785398076,"NCOA7"
"ENSG00000111912","patient3","XGBoost_SHAP","all",0.00230181377043109,"NCOA7"
"ENSG00000111912","patient6","XGBoost_SHAP","all",0.00136089944656789,"NCOA7"
"ENSG00000111912","patient4","XGBoost_SHAP","all",0.00209025016020995,"NCOA7"
"ENSG00000111912","patient2","XGBoost_SHAP","all",0.000912970937044184,"NCOA7"
"ENSG00000111961","patient4","XGBoost_SHAP","all",0.00597848296725947,"SASH1"
"ENSG00000111961","patient2","XGBoost_SHAP","all",0.00397133526914451,"SASH1"
"ENSG00000111961","patient3","XGBoost_SHAP","all",0.0041919216295318,"SASH1"
"ENSG00000111961","patient1","XGBoost_SHAP","all",0.00396638056494624,"SASH1"
"ENSG00000112110","patient1","XGBoost_SHAP","all",0.0038505704129809,"MRPL18"
"ENSG00000112110","patient3","XGBoost_SHAP","all",0.00213395722923395,"MRPL18"
"ENSG00000112110","patient5","XGBoost_SHAP","all",0.00163962996175647,"MRPL18"
"ENSG00000112110","patient6","XGBoost_SHAP","all",0.00197976204762619,"MRPL18"
"ENSG00000112110","patient4","XGBoost_SHAP","all",0.00123506888363229,"MRPL18"
"ENSG00000112110","patient2","XGBoost_SHAP","all",0.00244192029573073,"MRPL18"
"ENSG00000112146","patient3","XGBoost_SHAP","all",0.00114679386004173,"FBXO9"
"ENSG00000112146","patient4","XGBoost_SHAP","all",0.00149714687216331,"FBXO9"
"ENSG00000112146","patient2","XGBoost_SHAP","all",0.000598076324356344,"FBXO9"
"ENSG00000112149","patient5","XGBoost_SHAP","all",0.0103623569718428,"CD83"
"ENSG00000112149","patient1","XGBoost_SHAP","all",0.00720718507741712,"CD83"
"ENSG00000112149","patient6","XGBoost_SHAP","all",0.00929684536688445,"CD83"
"ENSG00000112149","patient3","XGBoost_SHAP","all",0.00996797657647981,"CD83"
"ENSG00000112308","patient3","XGBoost_SHAP","all",0.0110888584740692,"C6orf62"
"ENSG00000112308","patient6","XGBoost_SHAP","all",0.00379270246775547,"C6orf62"
"ENSG00000112308","patient5","XGBoost_SHAP","all",0.00307438527686647,"C6orf62"
"ENSG00000112308","patient2","XGBoost_SHAP","all",0.00551206489038065,"C6orf62"
"ENSG00000112308","patient1","XGBoost_SHAP","all",0.00164541670611408,"C6orf62"
"ENSG00000112308","patient4","XGBoost_SHAP","all",0.00798691104716594,"C6orf62"
"ENSG00000112378","patient6","XGBoost_SHAP","all",0.00112323405844494,"PERP"
"ENSG00000112378","patient5","XGBoost_SHAP","all",0.00190218628792536,"PERP"
"ENSG00000112378","patient2","XGBoost_SHAP","all",0.00129236264801022,"PERP"
"ENSG00000112419","patient3","XGBoost_SHAP","all",0.00182875106879499,"PHACTR2"
"ENSG00000112419","patient6","XGBoost_SHAP","all",0.00145386972251828,"PHACTR2"
"ENSG00000112419","patient2","XGBoost_SHAP","all",0.00250883348164826,"PHACTR2"
"ENSG00000112419","patient5","XGBoost_SHAP","all",0.00278260172797793,"PHACTR2"
"ENSG00000112419","patient1","XGBoost_SHAP","all",0.00134009530263636,"PHACTR2"
"ENSG00000112419","patient4","XGBoost_SHAP","all",0.00142658184920581,"PHACTR2"
"ENSG00000112514","patient4","XGBoost_SHAP","all",0.022792389850262,"CUTA"
"ENSG00000112514","patient1","XGBoost_SHAP","all",0.0267970003761691,"CUTA"
"ENSG00000112514","patient3","XGBoost_SHAP","all",0.0285119404751862,"CUTA"
"ENSG00000112514","patient6","XGBoost_SHAP","all",0.0306344275521523,"CUTA"
"ENSG00000112514","patient5","XGBoost_SHAP","all",0.0235602415386949,"CUTA"
"ENSG00000112514","patient2","XGBoost_SHAP","all",0.0104673687129432,"CUTA"
"ENSG00000112531","patient2","XGBoost_SHAP","all",0.0083998756769212,"QKI"
"ENSG00000112531","patient3","XGBoost_SHAP","all",0.00799479632917081,"QKI"
"ENSG00000112531","patient6","XGBoost_SHAP","all",0.010631374127991,"QKI"
"ENSG00000112531","patient5","XGBoost_SHAP","all",0.00281949351036319,"QKI"
"ENSG00000112531","patient4","XGBoost_SHAP","all",0.00696156451633322,"QKI"
"ENSG00000112531","patient1","XGBoost_SHAP","all",0.00653226483240534,"QKI"
"ENSG00000112562","patient1","XGBoost_SHAP","all",0.0073683202091929,"SMOC2"
"ENSG00000112562","patient4","XGBoost_SHAP","all",0.0116739823781936,"SMOC2"
"ENSG00000112562","patient6","XGBoost_SHAP","all",0.0096380832807143,"SMOC2"
"ENSG00000112562","patient5","XGBoost_SHAP","all",0.0113342134629756,"SMOC2"
"ENSG00000112562","patient2","XGBoost_SHAP","all",0.00882322141405913,"SMOC2"
"ENSG00000112562","patient3","XGBoost_SHAP","all",0.0087863796646489,"SMOC2"
"ENSG00000112576","patient5","XGBoost_SHAP","all",0.00236416236903578,"CCND3"
"ENSG00000112576","patient4","XGBoost_SHAP","all",0.00485245171690029,"CCND3"
"ENSG00000112697","patient5","XGBoost_SHAP","all",0.00217198895940901,"CDC50A"
"ENSG00000112697","patient3","XGBoost_SHAP","all",0.00211741957000447,"CDC50A"
"ENSG00000112697","patient2","XGBoost_SHAP","all",0.000740996326632122,"CDC50A"
"ENSG00000112697","patient4","XGBoost_SHAP","all",0.000936073240577875,"CDC50A"
"ENSG00000112697","patient1","XGBoost_SHAP","all",0.0012891637061989,"CDC50A"
"ENSG00000112697","patient6","XGBoost_SHAP","all",0.0037151018204513,"CDC50A"
"ENSG00000112699","patient3","XGBoost_SHAP","all",0.00511171664867813,"GMDS"
"ENSG00000112699","patient6","XGBoost_SHAP","all",0.0044211507079355,"GMDS"
"ENSG00000112699","patient1","XGBoost_SHAP","all",0.00627678886749516,"GMDS"
"ENSG00000112699","patient2","XGBoost_SHAP","all",0.00322751458327955,"GMDS"
"ENSG00000112699","patient4","XGBoost_SHAP","all",0.00200984359581585,"GMDS"
"ENSG00000112699","patient5","XGBoost_SHAP","all",0.00502701347052369,"GMDS"
"ENSG00000112701","patient5","XGBoost_SHAP","all",0.00206958491343117,"SENP6"
"ENSG00000112701","patient1","XGBoost_SHAP","all",0.000715461319192845,"SENP6"
"ENSG00000112701","patient2","XGBoost_SHAP","all",0.00077323732627461,"SENP6"
"ENSG00000112701","patient6","XGBoost_SHAP","all",0.000983413366133387,"SENP6"
"ENSG00000112701","patient3","XGBoost_SHAP","all",0.00224528909355272,"SENP6"
"ENSG00000112701","patient4","XGBoost_SHAP","all",0.00187147671916442,"SENP6"
"ENSG00000112739","patient4","XGBoost_SHAP","all",0.00148331151113111,"PRP4K"
"ENSG00000112739","patient3","XGBoost_SHAP","all",0.00182205521170454,"PRP4K"
"ENSG00000112739","patient6","XGBoost_SHAP","all",0.00229943112555326,"PRP4K"
"ENSG00000112739","patient1","XGBoost_SHAP","all",0.00064811701409537,"PRP4K"
"ENSG00000112739","patient2","XGBoost_SHAP","all",0.00259678057502354,"PRP4K"
"ENSG00000112739","patient5","XGBoost_SHAP","all",0.000968423270346051,"PRP4K"
"ENSG00000112759","patient3","XGBoost_SHAP","all",0.00319037514213774,"SLC29A1"
"ENSG00000112759","patient2","XGBoost_SHAP","all",0.00183502577150411,"SLC29A1"
"ENSG00000112759","patient5","XGBoost_SHAP","all",0.00177357448275812,"SLC29A1"
"ENSG00000112759","patient6","XGBoost_SHAP","all",0.00365609282282225,"SLC29A1"
"ENSG00000112759","patient1","XGBoost_SHAP","all",0.00259061520825804,"SLC29A1"
"ENSG00000112773","patient6","XGBoost_SHAP","all",0.0058410816641482,"TENT5A"
"ENSG00000112773","patient4","XGBoost_SHAP","all",0.00419600103179319,"TENT5A"
"ENSG00000112773","patient1","XGBoost_SHAP","all",0.00361076360915584,"TENT5A"
"ENSG00000112773","patient2","XGBoost_SHAP","all",0.00402288690817506,"TENT5A"
"ENSG00000112773","patient5","XGBoost_SHAP","all",0.00182034315717167,"TENT5A"
"ENSG00000112773","patient3","XGBoost_SHAP","all",0.00684634091367232,"TENT5A"
"ENSG00000112936","patient6","XGBoost_SHAP","all",0.0077778439922403,"C7"
"ENSG00000112936","patient1","XGBoost_SHAP","all",0.0101785369342664,"C7"
"ENSG00000112936","patient4","XGBoost_SHAP","all",0.00897010515004527,"C7"
"ENSG00000112936","patient5","XGBoost_SHAP","all",0.00704087365509641,"C7"
"ENSG00000112936","patient2","XGBoost_SHAP","all",0.00970794656718131,"C7"
"ENSG00000112936","patient3","XGBoost_SHAP","all",0.00744355831843101,"C7"
"ENSG00000112977","patient4","XGBoost_SHAP","all",0.00259958258268909,"DAP"
"ENSG00000112977","patient1","XGBoost_SHAP","all",0.00535184213987647,"DAP"
"ENSG00000112977","patient5","XGBoost_SHAP","all",0.00165438710338638,"DAP"
"ENSG00000112977","patient3","XGBoost_SHAP","all",0.00358651770090965,"DAP"
"ENSG00000112977","patient6","XGBoost_SHAP","all",0.00392258133164198,"DAP"
"ENSG00000112977","patient2","XGBoost_SHAP","all",0.00108461000649854,"DAP"
"ENSG00000113013","patient3","XGBoost_SHAP","all",0.00400076315607773,"HSPA9"
"ENSG00000113013","patient6","XGBoost_SHAP","all",0.00770840908056911,"HSPA9"
"ENSG00000113013","patient1","XGBoost_SHAP","all",0.00252888433621893,"HSPA9"
"ENSG00000113013","patient4","XGBoost_SHAP","all",0.00460592561125664,"HSPA9"
"ENSG00000113013","patient2","XGBoost_SHAP","all",0.00523857037871896,"HSPA9"
"ENSG00000113013","patient5","XGBoost_SHAP","all",0.00462102812074896,"HSPA9"
"ENSG00000113068","patient1","XGBoost_SHAP","all",0.00140990883837243,"PFDN1"
"ENSG00000113068","patient4","XGBoost_SHAP","all",0.00193814152570343,"PFDN1"
"ENSG00000113068","patient2","XGBoost_SHAP","all",0.00186578915409389,"PFDN1"
"ENSG00000113068","patient5","XGBoost_SHAP","all",0.00108614641771558,"PFDN1"
"ENSG00000113068","patient3","XGBoost_SHAP","all",0.00071420913617652,"PFDN1"
"ENSG00000113068","patient6","XGBoost_SHAP","all",0.00114991652385288,"PFDN1"
"ENSG00000113140","patient5","XGBoost_SHAP","all",0.0192773905949206,"SPARC"
"ENSG00000113140","patient4","XGBoost_SHAP","all",0.00690087261972181,"SPARC"
"ENSG00000113140","patient3","XGBoost_SHAP","all",0.0169829812058718,"SPARC"
"ENSG00000113140","patient6","XGBoost_SHAP","all",0.0122767945743801,"SPARC"
"ENSG00000113140","patient2","XGBoost_SHAP","all",0.0158986978189242,"SPARC"
"ENSG00000113140","patient1","XGBoost_SHAP","all",0.0102263683251173,"SPARC"
"ENSG00000113141","patient3","XGBoost_SHAP","all",0.00383042932273389,"IK"
"ENSG00000113141","patient5","XGBoost_SHAP","all",0.00307663107211425,"IK"
"ENSG00000113141","patient1","XGBoost_SHAP","all",0.00433884950424232,"IK"
"ENSG00000113141","patient4","XGBoost_SHAP","all",0.00421384501975135,"IK"
"ENSG00000113141","patient2","XGBoost_SHAP","all",0.00671801505888264,"IK"
"ENSG00000113141","patient6","XGBoost_SHAP","all",0.00633336695437298,"IK"
"ENSG00000113269","patient2","XGBoost_SHAP","all",0.00529096306325639,"RNF130"
"ENSG00000113269","patient4","XGBoost_SHAP","all",0.00138528886306328,"RNF130"
"ENSG00000113269","patient1","XGBoost_SHAP","all",0.00164424554425077,"RNF130"
"ENSG00000113269","patient6","XGBoost_SHAP","all",0.00213857079298516,"RNF130"
"ENSG00000113269","patient3","XGBoost_SHAP","all",0.00155840187045144,"RNF130"
"ENSG00000113269","patient5","XGBoost_SHAP","all",0.00174394838631617,"RNF130"
"ENSG00000113282","patient4","XGBoost_SHAP","all",0.00191242047606888,"CLINT1"
"ENSG00000113282","patient3","XGBoost_SHAP","all",0.00655908236271594,"CLINT1"
"ENSG00000113282","patient1","XGBoost_SHAP","all",0.0057363650088616,"CLINT1"
"ENSG00000113282","patient6","XGBoost_SHAP","all",0.00646726088860537,"CLINT1"
"ENSG00000113282","patient2","XGBoost_SHAP","all",0.00190947626027898,"CLINT1"
"ENSG00000113282","patient5","XGBoost_SHAP","all",0.009346821067993,"CLINT1"
"ENSG00000113312","patient6","XGBoost_SHAP","all",0.00109261758621812,"TTC1"
"ENSG00000113312","patient4","XGBoost_SHAP","all",0.000523282689956116,"TTC1"
"ENSG00000113312","patient5","XGBoost_SHAP","all",0.00156622294529919,"TTC1"
"ENSG00000113312","patient3","XGBoost_SHAP","all",0.00106858633294777,"TTC1"
"ENSG00000113312","patient2","XGBoost_SHAP","all",0.000659627486535282,"TTC1"
"ENSG00000113312","patient1","XGBoost_SHAP","all",0.00120286653444509,"TTC1"
"ENSG00000113580","patient1","XGBoost_SHAP","all",0.00595910420783874,"NR3C1"
"ENSG00000113580","patient5","XGBoost_SHAP","all",0.00502773718512488,"NR3C1"
"ENSG00000113580","patient3","XGBoost_SHAP","all",0.00508785149680386,"NR3C1"
"ENSG00000113580","patient2","XGBoost_SHAP","all",0.00380004074963039,"NR3C1"
"ENSG00000113580","patient4","XGBoost_SHAP","all",0.0011658720284322,"NR3C1"
"ENSG00000113580","patient6","XGBoost_SHAP","all",0.00771074076298374,"NR3C1"
"ENSG00000113594","patient3","XGBoost_SHAP","all",0.00172486931464931,"LIFR"
"ENSG00000113594","patient1","XGBoost_SHAP","all",0.0020696178715529,"LIFR"
"ENSG00000113594","patient4","XGBoost_SHAP","all",0.0021883298476059,"LIFR"
"ENSG00000113594","patient5","XGBoost_SHAP","all",0.00247194061959586,"LIFR"
"ENSG00000113594","patient6","XGBoost_SHAP","all",0.00883767278956654,"LIFR"
"ENSG00000113594","patient2","XGBoost_SHAP","all",0.00341125825353268,"LIFR"
"ENSG00000113621","patient1","XGBoost_SHAP","all",0.000649581655563136,"TXNDC15"
"ENSG00000113621","patient6","XGBoost_SHAP","all",0.00132481269806888,"TXNDC15"
"ENSG00000113621","patient2","XGBoost_SHAP","all",0.000869021827021226,"TXNDC15"
"ENSG00000113621","patient5","XGBoost_SHAP","all",0.000441493706359931,"TXNDC15"
"ENSG00000113621","patient3","XGBoost_SHAP","all",0.00176471820051512,"TXNDC15"
"ENSG00000113621","patient4","XGBoost_SHAP","all",0.000273610742853182,"TXNDC15"
"ENSG00000113648","patient4","XGBoost_SHAP","all",0.00151966234563372,"MACROH2A1"
"ENSG00000113648","patient3","XGBoost_SHAP","all",0.0021825565332548,"MACROH2A1"
"ENSG00000113648","patient6","XGBoost_SHAP","all",0.00201020706752993,"MACROH2A1"
"ENSG00000113648","patient2","XGBoost_SHAP","all",0.00185666177121983,"MACROH2A1"
"ENSG00000113648","patient1","XGBoost_SHAP","all",0.00249490501919719,"MACROH2A1"
"ENSG00000113648","patient5","XGBoost_SHAP","all",0.000891776986782145,"MACROH2A1"
"ENSG00000113657","patient2","XGBoost_SHAP","all",0.00969295802535729,"DPYSL3"
"ENSG00000113657","patient3","XGBoost_SHAP","all",0.00836302314398842,"DPYSL3"
"ENSG00000113657","patient6","XGBoost_SHAP","all",0.00603350569511413,"DPYSL3"
"ENSG00000113657","patient4","XGBoost_SHAP","all",0.00550942612115987,"DPYSL3"
"ENSG00000113657","patient5","XGBoost_SHAP","all",0.00217920813714833,"DPYSL3"
"ENSG00000113657","patient1","XGBoost_SHAP","all",0.00472221375244299,"DPYSL3"
"ENSG00000113658","patient3","XGBoost_SHAP","all",0.00224978441007387,"SMAD5"
"ENSG00000113658","patient2","XGBoost_SHAP","all",0.0035546897260404,"SMAD5"
"ENSG00000113721","patient3","XGBoost_SHAP","all",0.0118373769461425,"PDGFRB"
"ENSG00000113721","patient4","XGBoost_SHAP","all",0.0161754801972033,"PDGFRB"
"ENSG00000113721","patient2","XGBoost_SHAP","all",0.00918136632234014,"PDGFRB"
"ENSG00000113721","patient1","XGBoost_SHAP","all",0.00426465808384451,"PDGFRB"
"ENSG00000113721","patient5","XGBoost_SHAP","all",0.00987736472142926,"PDGFRB"
"ENSG00000113721","patient6","XGBoost_SHAP","all",0.0109726965056325,"PDGFRB"
"ENSG00000113742","patient4","XGBoost_SHAP","all",0.00197538384364277,"CPEB4"
"ENSG00000113811","patient3","XGBoost_SHAP","all",0.00310352748838337,"SELENOK"
"ENSG00000113811","patient6","XGBoost_SHAP","all",0.00372832875722328,"SELENOK"
"ENSG00000113811","patient5","XGBoost_SHAP","all",0.00248882164473253,"SELENOK"
"ENSG00000113811","patient4","XGBoost_SHAP","all",0.0012738346261199,"SELENOK"
"ENSG00000113811","patient2","XGBoost_SHAP","all",0.00336987549870358,"SELENOK"
"ENSG00000113811","patient1","XGBoost_SHAP","all",0.00285624324608342,"SELENOK"
"ENSG00000113845","patient4","XGBoost_SHAP","all",0.000334987158478575,"TIMMDC1"
"ENSG00000113845","patient6","XGBoost_SHAP","all",0.000809951868349988,"TIMMDC1"
"ENSG00000113845","patient3","XGBoost_SHAP","all",0.000811242398922936,"TIMMDC1"
"ENSG00000113845","patient5","XGBoost_SHAP","all",0.00106281907439673,"TIMMDC1"
"ENSG00000113845","patient2","XGBoost_SHAP","all",0.000931703842737384,"TIMMDC1"
"ENSG00000113845","patient1","XGBoost_SHAP","all",0.000598776565411649,"TIMMDC1"
"ENSG00000113851","patient4","XGBoost_SHAP","all",0.00370400568359947,"CRBN"
"ENSG00000113851","patient3","XGBoost_SHAP","all",0.00255188172303693,"CRBN"
"ENSG00000113851","patient2","XGBoost_SHAP","all",0.00142494298515515,"CRBN"
"ENSG00000113851","patient6","XGBoost_SHAP","all",0.00325315797906543,"CRBN"
"ENSG00000113851","patient1","XGBoost_SHAP","all",0.00430476183251944,"CRBN"
"ENSG00000113851","patient5","XGBoost_SHAP","all",0.00108216942279461,"CRBN"
"ENSG00000114023","patient6","XGBoost_SHAP","all",0.00133393743285099,"FAM162A"
"ENSG00000114023","patient4","XGBoost_SHAP","all",0.00127840439901154,"FAM162A"
"ENSG00000114023","patient1","XGBoost_SHAP","all",0.000632759476460707,"FAM162A"
"ENSG00000114023","patient3","XGBoost_SHAP","all",0.00211839954244595,"FAM162A"
"ENSG00000114023","patient2","XGBoost_SHAP","all",0.00132070308598606,"FAM162A"
"ENSG00000114023","patient5","XGBoost_SHAP","all",0.000507579630149239,"FAM162A"
"ENSG00000114062","patient4","XGBoost_SHAP","all",0.00201932747087042,"UBE3A"
"ENSG00000114062","patient3","XGBoost_SHAP","all",0.000523348392384635,"UBE3A"
"ENSG00000114062","patient6","XGBoost_SHAP","all",0.00201741956578802,"UBE3A"
"ENSG00000114062","patient2","XGBoost_SHAP","all",0.00128780100697564,"UBE3A"
"ENSG00000114062","patient5","XGBoost_SHAP","all",0.00189421474711824,"UBE3A"
"ENSG00000114062","patient1","XGBoost_SHAP","all",0.0011924842751178,"UBE3A"
"ENSG00000114115","patient3","XGBoost_SHAP","all",0.00565970929788594,"RBP1"
"ENSG00000114115","patient2","XGBoost_SHAP","all",0.00565176763522233,"RBP1"
"ENSG00000114115","patient1","XGBoost_SHAP","all",0.00565498223250332,"RBP1"
"ENSG00000114115","patient4","XGBoost_SHAP","all",0.00425388442812304,"RBP1"
"ENSG00000114125","patient3","XGBoost_SHAP","all",0.00217271888194229,"RNF7"
"ENSG00000114125","patient2","XGBoost_SHAP","all",0.00521823843366166,"RNF7"
"ENSG00000114125","patient5","XGBoost_SHAP","all",0.00308140899709784,"RNF7"
"ENSG00000114125","patient6","XGBoost_SHAP","all",0.00413996442140183,"RNF7"
"ENSG00000114125","patient4","XGBoost_SHAP","all",0.00273209169700207,"RNF7"
"ENSG00000114125","patient1","XGBoost_SHAP","all",0.000938786295672967,"RNF7"
"ENSG00000114209","patient2","XGBoost_SHAP","all",0.00475798662072552,"PDCD10"
"ENSG00000114209","patient5","XGBoost_SHAP","all",0.00901278215790509,"PDCD10"
"ENSG00000114209","patient3","XGBoost_SHAP","all",0.00995287728528889,"PDCD10"
"ENSG00000114209","patient6","XGBoost_SHAP","all",0.00608931261522615,"PDCD10"
"ENSG00000114209","patient4","XGBoost_SHAP","all",0.00243896300074387,"PDCD10"
"ENSG00000114209","patient1","XGBoost_SHAP","all",0.00409064682755698,"PDCD10"
"ENSG00000114315","patient3","XGBoost_SHAP","all",0.00479750013783146,"HES1"
"ENSG00000114315","patient2","XGBoost_SHAP","all",0.00301586891432023,"HES1"
"ENSG00000114315","patient4","XGBoost_SHAP","all",0.00371730300106968,"HES1"
"ENSG00000114315","patient5","XGBoost_SHAP","all",0.00340818652664656,"HES1"
"ENSG00000114315","patient1","XGBoost_SHAP","all",0.00280581546715011,"HES1"
"ENSG00000114315","patient6","XGBoost_SHAP","all",0.00189848404720216,"HES1"
"ENSG00000114331","patient2","XGBoost_SHAP","all",0.00444474668858541,"ACAP2"
"ENSG00000114331","patient6","XGBoost_SHAP","all",0.0056809492547131,"ACAP2"
"ENSG00000114331","patient1","XGBoost_SHAP","all",0.0126558947236047,"ACAP2"
"ENSG00000114331","patient5","XGBoost_SHAP","all",0.0044374268244232,"ACAP2"
"ENSG00000114331","patient3","XGBoost_SHAP","all",0.00811540764070584,"ACAP2"
"ENSG00000114331","patient4","XGBoost_SHAP","all",0.00714936608968226,"ACAP2"
"ENSG00000114354","patient2","XGBoost_SHAP","all",0.00203508180781206,"TFG"
"ENSG00000114354","patient6","XGBoost_SHAP","all",0.00145060760632257,"TFG"
"ENSG00000114354","patient1","XGBoost_SHAP","all",0.00243004372532355,"TFG"
"ENSG00000114354","patient4","XGBoost_SHAP","all",0.000859850251543615,"TFG"
"ENSG00000114354","patient3","XGBoost_SHAP","all",0.00119431707151551,"TFG"
"ENSG00000114354","patient5","XGBoost_SHAP","all",0.00126727728372011,"TFG"
"ENSG00000114416","patient5","XGBoost_SHAP","all",0.00245777382779488,"FXR1"
"ENSG00000114416","patient4","XGBoost_SHAP","all",0.00256282119211397,"FXR1"
"ENSG00000114416","patient6","XGBoost_SHAP","all",0.00207852488969422,"FXR1"
"ENSG00000114416","patient1","XGBoost_SHAP","all",0.00689782958953595,"FXR1"
"ENSG00000114416","patient3","XGBoost_SHAP","all",0.00166280440569642,"FXR1"
"ENSG00000114416","patient2","XGBoost_SHAP","all",0.00252838859419787,"FXR1"
"ENSG00000114439","patient6","XGBoost_SHAP","all",0.00272521564192603,"BBX"
"ENSG00000114439","patient2","XGBoost_SHAP","all",0.00136235903961883,"BBX"
"ENSG00000114439","patient1","XGBoost_SHAP","all",0.00238450077232008,"BBX"
"ENSG00000114439","patient4","XGBoost_SHAP","all",0.0016738803990587,"BBX"
"ENSG00000114439","patient3","XGBoost_SHAP","all",0.00159149331831939,"BBX"
"ENSG00000114439","patient5","XGBoost_SHAP","all",0.00302028274728037,"BBX"
"ENSG00000114446","patient4","XGBoost_SHAP","all",0.000748580101311112,"IFT57"
"ENSG00000114446","patient3","XGBoost_SHAP","all",0.0024689516601515,"IFT57"
"ENSG00000114450","patient6","XGBoost_SHAP","all",0.00162268705568203,"GNB4"
"ENSG00000114450","patient4","XGBoost_SHAP","all",0.000630404764249747,"GNB4"
"ENSG00000114450","patient5","XGBoost_SHAP","all",0.00161387264415802,"GNB4"
"ENSG00000114450","patient1","XGBoost_SHAP","all",0.00130089639641175,"GNB4"
"ENSG00000114450","patient3","XGBoost_SHAP","all",0.00239302611639996,"GNB4"
"ENSG00000114450","patient2","XGBoost_SHAP","all",0.001525429783104,"GNB4"
"ENSG00000114541","patient4","XGBoost_SHAP","all",0.00494449962156248,"FRMD4B"
"ENSG00000114541","patient5","XGBoost_SHAP","all",0.00447381686007179,"FRMD4B"
"ENSG00000114541","patient1","XGBoost_SHAP","all",0.00739805779588375,"FRMD4B"
"ENSG00000114541","patient2","XGBoost_SHAP","all",0.00792728421807388,"FRMD4B"
"ENSG00000114541","patient3","XGBoost_SHAP","all",0.00435296884108664,"FRMD4B"
"ENSG00000114541","patient6","XGBoost_SHAP","all",0.00824784087639523,"FRMD4B"
"ENSG00000114626","patient5","XGBoost_SHAP","all",0.00642267227229256,"ABTB1"
"ENSG00000114626","patient6","XGBoost_SHAP","all",0.00571987068302787,"ABTB1"
"ENSG00000114698","patient5","XGBoost_SHAP","all",0.00187995304573837,"PLSCR4"
"ENSG00000114698","patient2","XGBoost_SHAP","all",0.00316586277917783,"PLSCR4"
"ENSG00000114698","patient3","XGBoost_SHAP","all",0.00242420846526268,"PLSCR4"
"ENSG00000114698","patient4","XGBoost_SHAP","all",0.00330537953214982,"PLSCR4"
"ENSG00000114698","patient6","XGBoost_SHAP","all",0.00395732176507171,"PLSCR4"
"ENSG00000114698","patient1","XGBoost_SHAP","all",0.006757252747044,"PLSCR4"
"ENSG00000114784","patient4","XGBoost_SHAP","all",0.0018590880236704,"EIF1B"
"ENSG00000114784","patient2","XGBoost_SHAP","all",0.00199764144717361,"EIF1B"
"ENSG00000114784","patient1","XGBoost_SHAP","all",0.00233087776845289,"EIF1B"
"ENSG00000114784","patient6","XGBoost_SHAP","all",0.00204756344965427,"EIF1B"
"ENSG00000114784","patient5","XGBoost_SHAP","all",0.000817938681588789,"EIF1B"
"ENSG00000114784","patient3","XGBoost_SHAP","all",0.00156052162249821,"EIF1B"
"ENSG00000114850","patient5","XGBoost_SHAP","all",0.00560138226587405,"SSR3"
"ENSG00000114850","patient2","XGBoost_SHAP","all",0.00395524075763254,"SSR3"
"ENSG00000114850","patient3","XGBoost_SHAP","all",0.012091758745116,"SSR3"
"ENSG00000114850","patient1","XGBoost_SHAP","all",0.00424236520163284,"SSR3"
"ENSG00000114850","patient4","XGBoost_SHAP","all",0.0070183933680967,"SSR3"
"ENSG00000114850","patient6","XGBoost_SHAP","all",0.00623718843396875,"SSR3"
"ENSG00000114857","patient2","XGBoost_SHAP","all",0.00220611385313272,"NKTR"
"ENSG00000114857","patient5","XGBoost_SHAP","all",0.00331760839731587,"NKTR"
"ENSG00000114857","patient1","XGBoost_SHAP","all",0.00321379645458608,"NKTR"
"ENSG00000114857","patient4","XGBoost_SHAP","all",0.00140425445763141,"NKTR"
"ENSG00000114857","patient3","XGBoost_SHAP","all",0.00299772288533671,"NKTR"
"ENSG00000114857","patient6","XGBoost_SHAP","all",0.00173226329067622,"NKTR"
"ENSG00000114861","patient1","XGBoost_SHAP","all",0.00151977656459107,"FOXP1"
"ENSG00000114861","patient3","XGBoost_SHAP","all",0.00477888311395309,"FOXP1"
"ENSG00000114861","patient2","XGBoost_SHAP","all",0.00619201558878094,"FOXP1"
"ENSG00000114861","patient4","XGBoost_SHAP","all",0.00278716084947102,"FOXP1"
"ENSG00000114861","patient5","XGBoost_SHAP","all",0.00605619452867032,"FOXP1"
"ENSG00000114861","patient6","XGBoost_SHAP","all",0.00313634665399017,"FOXP1"
"ENSG00000114956","patient1","XGBoost_SHAP","all",0.00238073704507279,"DGUOK"
"ENSG00000114956","patient4","XGBoost_SHAP","all",0.00108928653035159,"DGUOK"
"ENSG00000114956","patient6","XGBoost_SHAP","all",0.001258145352914,"DGUOK"
"ENSG00000114956","patient3","XGBoost_SHAP","all",0.0029169645705484,"DGUOK"
"ENSG00000114956","patient2","XGBoost_SHAP","all",0.000642433400237991,"DGUOK"
"ENSG00000114956","patient5","XGBoost_SHAP","all",0.000568206778341844,"DGUOK"
"ENSG00000114978","patient4","XGBoost_SHAP","all",0.00266287412192529,"MOB1A"
"ENSG00000114978","patient5","XGBoost_SHAP","all",0.00220197075113598,"MOB1A"
"ENSG00000114978","patient2","XGBoost_SHAP","all",0.00237423668148643,"MOB1A"
"ENSG00000114978","patient6","XGBoost_SHAP","all",0.00212989468367066,"MOB1A"
"ENSG00000114978","patient3","XGBoost_SHAP","all",0.00221378312929714,"MOB1A"
"ENSG00000114978","patient1","XGBoost_SHAP","all",0.00176816031747747,"MOB1A"
"ENSG00000115091","patient3","XGBoost_SHAP","all",0.00241213937842871,"ACTR3"
"ENSG00000115091","patient1","XGBoost_SHAP","all",0.00248455751710328,"ACTR3"
"ENSG00000115091","patient2","XGBoost_SHAP","all",0.00155676944486127,"ACTR3"
"ENSG00000115091","patient4","XGBoost_SHAP","all",0.00351921904068352,"ACTR3"
"ENSG00000115091","patient6","XGBoost_SHAP","all",0.00272162473853914,"ACTR3"
"ENSG00000115091","patient5","XGBoost_SHAP","all",0.00195208311149205,"ACTR3"
"ENSG00000115234","patient2","XGBoost_SHAP","all",0.000678584366199465,"SNX17"
"ENSG00000115234","patient3","XGBoost_SHAP","all",0.00466711109191251,"SNX17"
"ENSG00000115234","patient6","XGBoost_SHAP","all",0.00305206116262933,"SNX17"
"ENSG00000115234","patient4","XGBoost_SHAP","all",0.00140444887283808,"SNX17"
"ENSG00000115234","patient5","XGBoost_SHAP","all",0.00139136143804232,"SNX17"
"ENSG00000115234","patient1","XGBoost_SHAP","all",0.000739183835417396,"SNX17"
"ENSG00000115241","patient4","XGBoost_SHAP","all",0.00352688241961,"PPM1G"
"ENSG00000115241","patient6","XGBoost_SHAP","all",0.00353899492915056,"PPM1G"
"ENSG00000115241","patient1","XGBoost_SHAP","all",0.00347984621862035,"PPM1G"
"ENSG00000115241","patient5","XGBoost_SHAP","all",0.00339069512216167,"PPM1G"
"ENSG00000115241","patient3","XGBoost_SHAP","all",0.00435824983545398,"PPM1G"
"ENSG00000115241","patient2","XGBoost_SHAP","all",0.00515814379434317,"PPM1G"
"ENSG00000115286","patient5","XGBoost_SHAP","all",0.0029737028201343,"NDUFS7"
"ENSG00000115286","patient3","XGBoost_SHAP","all",0.00207309492098766,"NDUFS7"
"ENSG00000115286","patient1","XGBoost_SHAP","all",0.00312810549483049,"NDUFS7"
"ENSG00000115286","patient6","XGBoost_SHAP","all",0.00307766329233583,"NDUFS7"
"ENSG00000115286","patient2","XGBoost_SHAP","all",0.00179013738962327,"NDUFS7"
"ENSG00000115286","patient4","XGBoost_SHAP","all",0.00104326910623394,"NDUFS7"
"ENSG00000115306","patient4","XGBoost_SHAP","all",0.00501983544917788,"SPTBN1"
"ENSG00000115306","patient2","XGBoost_SHAP","all",0.00339175656216511,"SPTBN1"
"ENSG00000115306","patient5","XGBoost_SHAP","all",0.00378932386579854,"SPTBN1"
"ENSG00000115306","patient6","XGBoost_SHAP","all",0.00233334182282003,"SPTBN1"
"ENSG00000115306","patient1","XGBoost_SHAP","all",0.00314926334792262,"SPTBN1"
"ENSG00000115306","patient3","XGBoost_SHAP","all",0.00528151457623248,"SPTBN1"
"ENSG00000115307","patient5","XGBoost_SHAP","all",0.00138335499155678,"AUP1"
"ENSG00000115307","patient2","XGBoost_SHAP","all",0.000630769127849492,"AUP1"
"ENSG00000115307","patient6","XGBoost_SHAP","all",0.00223484133200748,"AUP1"
"ENSG00000115307","patient1","XGBoost_SHAP","all",0.000909098871105155,"AUP1"
"ENSG00000115307","patient3","XGBoost_SHAP","all",0.00327321026873555,"AUP1"
"ENSG00000115350","patient6","XGBoost_SHAP","all",0.00193139029891729,"POLE4"
"ENSG00000115350","patient3","XGBoost_SHAP","all",0.00247179754257258,"POLE4"
"ENSG00000115350","patient4","XGBoost_SHAP","all",0.00323097457645354,"POLE4"
"ENSG00000115350","patient1","XGBoost_SHAP","all",0.00155485893236014,"POLE4"
"ENSG00000115350","patient5","XGBoost_SHAP","all",0.0018512350055349,"POLE4"
"ENSG00000115350","patient2","XGBoost_SHAP","all",0.0015583112561887,"POLE4"
"ENSG00000115355","patient2","XGBoost_SHAP","all",0.0017153520187609,"CCDC88A"
"ENSG00000115355","patient5","XGBoost_SHAP","all",0.00822875385097305,"CCDC88A"
"ENSG00000115355","patient3","XGBoost_SHAP","all",0.00616564675695778,"CCDC88A"
"ENSG00000115355","patient6","XGBoost_SHAP","all",0.00104216830102209,"CCDC88A"
"ENSG00000115355","patient4","XGBoost_SHAP","all",0.00353108345665155,"CCDC88A"
"ENSG00000115355","patient1","XGBoost_SHAP","all",0.00351742216640249,"CCDC88A"
"ENSG00000115380","patient3","XGBoost_SHAP","all",0.0152955955613601,"EFEMP1"
"ENSG00000115380","patient2","XGBoost_SHAP","all",0.0197053535738989,"EFEMP1"
"ENSG00000115380","patient5","XGBoost_SHAP","all",0.0208198183667514,"EFEMP1"
"ENSG00000115380","patient4","XGBoost_SHAP","all",0.0236870166380949,"EFEMP1"
"ENSG00000115380","patient1","XGBoost_SHAP","all",0.0144483111988061,"EFEMP1"
"ENSG00000115380","patient6","XGBoost_SHAP","all",0.0136188163148619,"EFEMP1"
"ENSG00000115414","patient2","XGBoost_SHAP","all",0.0504454334560335,"FN1"
"ENSG00000115414","patient3","XGBoost_SHAP","all",0.0524391429226148,"FN1"
"ENSG00000115414","patient1","XGBoost_SHAP","all",0.0427778321490945,"FN1"
"ENSG00000115414","patient5","XGBoost_SHAP","all",0.0544956892687013,"FN1"
"ENSG00000115414","patient6","XGBoost_SHAP","all",0.0554805128116592,"FN1"
"ENSG00000115414","patient4","XGBoost_SHAP","all",0.0535678385064495,"FN1"
"ENSG00000115419","patient2","XGBoost_SHAP","all",0.00140805673138401,"GLS"
"ENSG00000115419","patient5","XGBoost_SHAP","all",0.00293825300962389,"GLS"
"ENSG00000115419","patient3","XGBoost_SHAP","all",0.00237431775060155,"GLS"
"ENSG00000115419","patient4","XGBoost_SHAP","all",0.00246054977286378,"GLS"
"ENSG00000115419","patient6","XGBoost_SHAP","all",0.00482370426695954,"GLS"
"ENSG00000115419","patient1","XGBoost_SHAP","all",0.00385307883404057,"GLS"
"ENSG00000115457","patient4","XGBoost_SHAP","all",0.0824266669776586,"IGFBP2"
"ENSG00000115457","patient1","XGBoost_SHAP","all",0.0677286421897741,"IGFBP2"
"ENSG00000115457","patient5","XGBoost_SHAP","all",0.0638307873068921,"IGFBP2"
"ENSG00000115457","patient2","XGBoost_SHAP","all",0.0740784434515682,"IGFBP2"
"ENSG00000115457","patient3","XGBoost_SHAP","all",0.0718406372721103,"IGFBP2"
"ENSG00000115457","patient6","XGBoost_SHAP","all",0.0694529359571604,"IGFBP2"
"ENSG00000115461","patient1","XGBoost_SHAP","all",0.0672072171639017,"IGFBP5"
"ENSG00000115461","patient4","XGBoost_SHAP","all",0.0509125860644778,"IGFBP5"
"ENSG00000115461","patient3","XGBoost_SHAP","all",0.062963953336693,"IGFBP5"
"ENSG00000115461","patient2","XGBoost_SHAP","all",0.071913877312179,"IGFBP5"
"ENSG00000115461","patient6","XGBoost_SHAP","all",0.0671998463294141,"IGFBP5"
"ENSG00000115461","patient5","XGBoost_SHAP","all",0.0678058013635223,"IGFBP5"
"ENSG00000115464","patient2","XGBoost_SHAP","all",0.000486301027040742,"USP34"
"ENSG00000115464","patient5","XGBoost_SHAP","all",0.000594210135720451,"USP34"
"ENSG00000115464","patient1","XGBoost_SHAP","all",0.00204356455451728,"USP34"
"ENSG00000115464","patient6","XGBoost_SHAP","all",0.00209311617839741,"USP34"
"ENSG00000115464","patient4","XGBoost_SHAP","all",0.00226788544332891,"USP34"
"ENSG00000115464","patient3","XGBoost_SHAP","all",0.00232171285252572,"USP34"
"ENSG00000115468","patient6","XGBoost_SHAP","all",0.00429583558535041,"EFHD1"
"ENSG00000115468","patient4","XGBoost_SHAP","all",0.0050515666121967,"EFHD1"
"ENSG00000115468","patient1","XGBoost_SHAP","all",0.00383178394326147,"EFHD1"
"ENSG00000115468","patient5","XGBoost_SHAP","all",0.0087442810006396,"EFHD1"
"ENSG00000115468","patient2","XGBoost_SHAP","all",0.00690770876610251,"EFHD1"
"ENSG00000115468","patient3","XGBoost_SHAP","all",0.0088058643104924,"EFHD1"
"ENSG00000115484","patient2","XGBoost_SHAP","all",0.0018499715681119,"CCT4"
"ENSG00000115484","patient1","XGBoost_SHAP","all",0.00634176821661699,"CCT4"
"ENSG00000115484","patient5","XGBoost_SHAP","all",0.00618734885645365,"CCT4"
"ENSG00000115484","patient6","XGBoost_SHAP","all",0.00408550200179893,"CCT4"
"ENSG00000115484","patient3","XGBoost_SHAP","all",0.00511278375795533,"CCT4"
"ENSG00000115484","patient4","XGBoost_SHAP","all",0.00418892808298444,"CCT4"
"ENSG00000115524","patient5","XGBoost_SHAP","all",0.00555084022391243,"SF3B1"
"ENSG00000115524","patient2","XGBoost_SHAP","all",0.00241029602531768,"SF3B1"
"ENSG00000115524","patient6","XGBoost_SHAP","all",0.00319710796295227,"SF3B1"
"ENSG00000115524","patient1","XGBoost_SHAP","all",0.00313411674782882,"SF3B1"
"ENSG00000115541","patient6","XGBoost_SHAP","all",0.00177922387349951,"HSPE1"
"ENSG00000115541","patient4","XGBoost_SHAP","all",0.00258972485393922,"HSPE1"
"ENSG00000115541","patient5","XGBoost_SHAP","all",0.00135672132787298,"HSPE1"
"ENSG00000115541","patient3","XGBoost_SHAP","all",0.00262325501928479,"HSPE1"
"ENSG00000115541","patient1","XGBoost_SHAP","all",0.00305091341023577,"HSPE1"
"ENSG00000115541","patient2","XGBoost_SHAP","all",0.00196737823109292,"HSPE1"
"ENSG00000115561","patient6","XGBoost_SHAP","all",0.0079744804742899,"CHMP3"
"ENSG00000115561","patient1","XGBoost_SHAP","all",0.0072814948859186,"CHMP3"
"ENSG00000115561","patient5","XGBoost_SHAP","all",0.00719891025867892,"CHMP3"
"ENSG00000115561","patient3","XGBoost_SHAP","all",0.00719257104432672,"CHMP3"
"ENSG00000115561","patient4","XGBoost_SHAP","all",0.00593013878931489,"CHMP3"
"ENSG00000115561","patient2","XGBoost_SHAP","all",0.00326357270241926,"CHMP3"
"ENSG00000115594","patient2","XGBoost_SHAP","all",0.00456347717405154,"IL1R1"
"ENSG00000115594","patient3","XGBoost_SHAP","all",0.00248230725251662,"IL1R1"
"ENSG00000115594","patient4","XGBoost_SHAP","all",0.00381503999152482,"IL1R1"
"ENSG00000115594","patient1","XGBoost_SHAP","all",0.00606339448838346,"IL1R1"
"ENSG00000115594","patient6","XGBoost_SHAP","all",0.000905515565924371,"IL1R1"
"ENSG00000115594","patient5","XGBoost_SHAP","all",0.00384928182101523,"IL1R1"
"ENSG00000115641","patient1","XGBoost_SHAP","all",0.00651078524536202,"FHL2"
"ENSG00000115641","patient5","XGBoost_SHAP","all",0.00545258028948807,"FHL2"
"ENSG00000115641","patient4","XGBoost_SHAP","all",0.00587898661668998,"FHL2"
"ENSG00000115641","patient6","XGBoost_SHAP","all",0.00824402964542806,"FHL2"
"ENSG00000115641","patient3","XGBoost_SHAP","all",0.00967417439616987,"FHL2"
"ENSG00000115641","patient2","XGBoost_SHAP","all",0.00862365185207814,"FHL2"
"ENSG00000115677","patient5","XGBoost_SHAP","all",0.00158067441966493,"HDLBP"
"ENSG00000115677","patient6","XGBoost_SHAP","all",0.00297337544814224,"HDLBP"
"ENSG00000115677","patient3","XGBoost_SHAP","all",0.00237132179046783,"HDLBP"
"ENSG00000115677","patient4","XGBoost_SHAP","all",0.00156327023161249,"HDLBP"
"ENSG00000115677","patient1","XGBoost_SHAP","all",0.00147901441836288,"HDLBP"
"ENSG00000115677","patient2","XGBoost_SHAP","all",0.0037119205491636,"HDLBP"
"ENSG00000115685","patient1","XGBoost_SHAP","all",0.00168534530711381,"PPP1R7"
"ENSG00000115685","patient2","XGBoost_SHAP","all",0.00224228763803633,"PPP1R7"
"ENSG00000115685","patient3","XGBoost_SHAP","all",0.00385680956426034,"PPP1R7"
"ENSG00000115685","patient5","XGBoost_SHAP","all",0.00256714102421392,"PPP1R7"
"ENSG00000115685","patient6","XGBoost_SHAP","all",0.00359062520517492,"PPP1R7"
"ENSG00000115738","patient6","XGBoost_SHAP","all",0.0068324504786624,"ID2"
"ENSG00000115738","patient5","XGBoost_SHAP","all",0.00580332460755954,"ID2"
"ENSG00000115738","patient3","XGBoost_SHAP","all",0.00597718694932968,"ID2"
"ENSG00000115738","patient4","XGBoost_SHAP","all",0.00875438458465608,"ID2"
"ENSG00000115738","patient2","XGBoost_SHAP","all",0.00264746903003658,"ID2"
"ENSG00000115738","patient1","XGBoost_SHAP","all",0.00679979159902988,"ID2"
"ENSG00000115816","patient3","XGBoost_SHAP","all",0.00172955308669767,"CEBPZ"
"ENSG00000115816","patient5","XGBoost_SHAP","all",0.00246429361699608,"CEBPZ"
"ENSG00000115816","patient4","XGBoost_SHAP","all",0.00173987886744302,"CEBPZ"
"ENSG00000115816","patient1","XGBoost_SHAP","all",0.00305680572100084,"CEBPZ"
"ENSG00000115816","patient2","XGBoost_SHAP","all",0.00178759854172312,"CEBPZ"
"ENSG00000115816","patient6","XGBoost_SHAP","all",0.00246910677435828,"CEBPZ"
"ENSG00000115866","patient5","XGBoost_SHAP","all",0.00251319881164824,"DARS1"
"ENSG00000115866","patient6","XGBoost_SHAP","all",0.00296219112827549,"DARS1"
"ENSG00000115866","patient2","XGBoost_SHAP","all",0.00306635248485735,"DARS1"
"ENSG00000115875","patient1","XGBoost_SHAP","all",0.0105217599374281,"SRSF7"
"ENSG00000115875","patient6","XGBoost_SHAP","all",0.00830591170667538,"SRSF7"
"ENSG00000115875","patient3","XGBoost_SHAP","all",0.0187688279056641,"SRSF7"
"ENSG00000115875","patient5","XGBoost_SHAP","all",0.0126829578764089,"SRSF7"
"ENSG00000115875","patient2","XGBoost_SHAP","all",0.0175655953276186,"SRSF7"
"ENSG00000115875","patient4","XGBoost_SHAP","all",0.0214368086861517,"SRSF7"
"ENSG00000115944","patient2","XGBoost_SHAP","all",0.00144747826453991,"COX7A2L"
"ENSG00000115944","patient5","XGBoost_SHAP","all",0.00210186607526509,"COX7A2L"
"ENSG00000115944","patient6","XGBoost_SHAP","all",0.0010170120361466,"COX7A2L"
"ENSG00000115944","patient3","XGBoost_SHAP","all",0.00141317201881067,"COX7A2L"
"ENSG00000115944","patient4","XGBoost_SHAP","all",0.00128563539892662,"COX7A2L"
"ENSG00000115944","patient1","XGBoost_SHAP","all",0.00157871010464985,"COX7A2L"
"ENSG00000115956","patient6","XGBoost_SHAP","all",0.0162656584923978,"PLEK"
"ENSG00000115956","patient5","XGBoost_SHAP","all",0.0240497034990755,"PLEK"
"ENSG00000115956","patient3","XGBoost_SHAP","all",0.0200848280464409,"PLEK"
"ENSG00000115977","patient6","XGBoost_SHAP","all",0.00141528534367655,"AAK1"
"ENSG00000115977","patient2","XGBoost_SHAP","all",0.000861451086271719,"AAK1"
"ENSG00000115977","patient5","XGBoost_SHAP","all",0.00129986279550456,"AAK1"
"ENSG00000115977","patient4","XGBoost_SHAP","all",0.00192237863127398,"AAK1"
"ENSG00000115977","patient3","XGBoost_SHAP","all",0.00243526121206073,"AAK1"
"ENSG00000115977","patient1","XGBoost_SHAP","all",0.00361096140963139,"AAK1"
"ENSG00000116005","patient4","XGBoost_SHAP","all",0.00287537524577303,"PCYOX1"
"ENSG00000116005","patient2","XGBoost_SHAP","all",0.000591687992441933,"PCYOX1"
"ENSG00000116005","patient1","XGBoost_SHAP","all",0.00226819702781361,"PCYOX1"
"ENSG00000116005","patient3","XGBoost_SHAP","all",0.00145200027914203,"PCYOX1"
"ENSG00000116005","patient6","XGBoost_SHAP","all",0.00188264569684242,"PCYOX1"
"ENSG00000116005","patient5","XGBoost_SHAP","all",0.00263707028079201,"PCYOX1"
"ENSG00000116016","patient4","XGBoost_SHAP","all",0.0254325492532051,"EPAS1"
"ENSG00000116016","patient2","XGBoost_SHAP","all",0.0228076044175035,"EPAS1"
"ENSG00000116016","patient1","XGBoost_SHAP","all",0.0206755344980223,"EPAS1"
"ENSG00000116016","patient6","XGBoost_SHAP","all",0.0345020879444576,"EPAS1"
"ENSG00000116016","patient5","XGBoost_SHAP","all",0.030227439182086,"EPAS1"
"ENSG00000116016","patient3","XGBoost_SHAP","all",0.0223858877231196,"EPAS1"
"ENSG00000116030","patient1","XGBoost_SHAP","all",0.0023771320962623,"SUMO1"
"ENSG00000116030","patient6","XGBoost_SHAP","all",0.00296929761234119,"SUMO1"
"ENSG00000116030","patient3","XGBoost_SHAP","all",0.00256510344826668,"SUMO1"
"ENSG00000116030","patient5","XGBoost_SHAP","all",0.00150423135238819,"SUMO1"
"ENSG00000116030","patient4","XGBoost_SHAP","all",0.00126525508665147,"SUMO1"
"ENSG00000116030","patient2","XGBoost_SHAP","all",0.00189800315202473,"SUMO1"
"ENSG00000116044","patient3","XGBoost_SHAP","all",0.00519338516810328,"NFE2L2"
"ENSG00000116044","patient4","XGBoost_SHAP","all",0.0107282315236134,"NFE2L2"
"ENSG00000116044","patient2","XGBoost_SHAP","all",0.00440237978235263,"NFE2L2"
"ENSG00000116044","patient1","XGBoost_SHAP","all",0.0042261090281197,"NFE2L2"
"ENSG00000116044","patient5","XGBoost_SHAP","all",0.008399799209548,"NFE2L2"
"ENSG00000116044","patient6","XGBoost_SHAP","all",0.00402490800053658,"NFE2L2"
"ENSG00000116132","patient6","XGBoost_SHAP","all",0.024731783991405,"PRRX1"
"ENSG00000116132","patient3","XGBoost_SHAP","all",0.0168926446570499,"PRRX1"
"ENSG00000116132","patient5","XGBoost_SHAP","all",0.0146471633320509,"PRRX1"
"ENSG00000116132","patient4","XGBoost_SHAP","all",0.021196388483836,"PRRX1"
"ENSG00000116132","patient1","XGBoost_SHAP","all",0.00847827298345115,"PRRX1"
"ENSG00000116132","patient2","XGBoost_SHAP","all",0.0193184419779179,"PRRX1"
"ENSG00000116161","patient5","XGBoost_SHAP","all",0.00217520390689971,"CACYBP"
"ENSG00000116161","patient1","XGBoost_SHAP","all",0.000500679296332234,"CACYBP"
"ENSG00000116161","patient2","XGBoost_SHAP","all",0.000593036617741147,"CACYBP"
"ENSG00000116161","patient3","XGBoost_SHAP","all",0.00248739838682671,"CACYBP"
"ENSG00000116161","patient4","XGBoost_SHAP","all",0.00175588435350919,"CACYBP"
"ENSG00000116161","patient6","XGBoost_SHAP","all",0.00131642305978979,"CACYBP"
"ENSG00000116171","patient5","XGBoost_SHAP","all",0.000654400438206421,"SCP2"
"ENSG00000116171","patient2","XGBoost_SHAP","all",0.00191583383739512,"SCP2"
"ENSG00000116171","patient1","XGBoost_SHAP","all",0.00177058978041103,"SCP2"
"ENSG00000116194","patient6","XGBoost_SHAP","all",0.00931200075318126,"ANGPTL1"
"ENSG00000116194","patient2","XGBoost_SHAP","all",0.0141377376087472,"ANGPTL1"
"ENSG00000116194","patient1","XGBoost_SHAP","all",0.0130053411595595,"ANGPTL1"
"ENSG00000116194","patient3","XGBoost_SHAP","all",0.0106042552202564,"ANGPTL1"
"ENSG00000116194","patient4","XGBoost_SHAP","all",0.0132174412521855,"ANGPTL1"
"ENSG00000116194","patient5","XGBoost_SHAP","all",0.0121828305978587,"ANGPTL1"
"ENSG00000116285","patient5","XGBoost_SHAP","all",0.00698190121468484,"ERRFI1"
"ENSG00000116285","patient3","XGBoost_SHAP","all",0.00273427638364772,"ERRFI1"
"ENSG00000116285","patient4","XGBoost_SHAP","all",0.00777131272842364,"ERRFI1"
"ENSG00000116285","patient6","XGBoost_SHAP","all",0.00577431238499026,"ERRFI1"
"ENSG00000116285","patient2","XGBoost_SHAP","all",0.00849547883795285,"ERRFI1"
"ENSG00000116350","patient3","XGBoost_SHAP","all",0.00388499083354328,"SRSF4"
"ENSG00000116350","patient1","XGBoost_SHAP","all",0.00179447636433952,"SRSF4"
"ENSG00000116350","patient5","XGBoost_SHAP","all",0.00167306303264439,"SRSF4"
"ENSG00000116350","patient6","XGBoost_SHAP","all",0.00166784454905972,"SRSF4"
"ENSG00000116350","patient4","XGBoost_SHAP","all",0.0020923822323645,"SRSF4"
"ENSG00000116350","patient2","XGBoost_SHAP","all",0.00111567002277662,"SRSF4"
"ENSG00000116459","patient6","XGBoost_SHAP","all",0.00203872611967507,"ATP5PB"
"ENSG00000116459","patient1","XGBoost_SHAP","all",0.00135103512756542,"ATP5PB"
"ENSG00000116459","patient5","XGBoost_SHAP","all",0.0016323767460872,"ATP5PB"
"ENSG00000116459","patient3","XGBoost_SHAP","all",0.00247299670872959,"ATP5PB"
"ENSG00000116459","patient2","XGBoost_SHAP","all",0.00215661871108267,"ATP5PB"
"ENSG00000116459","patient4","XGBoost_SHAP","all",0.00153983065322579,"ATP5PB"
"ENSG00000116473","patient2","XGBoost_SHAP","all",0.00452772046852132,"RAP1A"
"ENSG00000116473","patient6","XGBoost_SHAP","all",0.00586512384234565,"RAP1A"
"ENSG00000116473","patient1","XGBoost_SHAP","all",0.00451190547508912,"RAP1A"
"ENSG00000116473","patient5","XGBoost_SHAP","all",0.00563505131065493,"RAP1A"
"ENSG00000116473","patient3","XGBoost_SHAP","all",0.00386863258977739,"RAP1A"
"ENSG00000116473","patient4","XGBoost_SHAP","all",0.00238543588554114,"RAP1A"
"ENSG00000116489","patient2","XGBoost_SHAP","all",0.0019442211463599,"CAPZA1"
"ENSG00000116489","patient6","XGBoost_SHAP","all",0.00101815328726966,"CAPZA1"
"ENSG00000116489","patient5","XGBoost_SHAP","all",0.00275110048256163,"CAPZA1"
"ENSG00000116489","patient3","XGBoost_SHAP","all",0.00134713174043917,"CAPZA1"
"ENSG00000116489","patient4","XGBoost_SHAP","all",0.000832609006327418,"CAPZA1"
"ENSG00000116489","patient1","XGBoost_SHAP","all",0.00210569563828015,"CAPZA1"
"ENSG00000116539","patient5","XGBoost_SHAP","all",0.00142364090031001,"ASH1L"
"ENSG00000116539","patient3","XGBoost_SHAP","all",0.00176076154073379,"ASH1L"
"ENSG00000116539","patient2","XGBoost_SHAP","all",0.00124357272427552,"ASH1L"
"ENSG00000116539","patient4","XGBoost_SHAP","all",0.00189650807712852,"ASH1L"
"ENSG00000116539","patient6","XGBoost_SHAP","all",0.00165114008089947,"ASH1L"
"ENSG00000116539","patient1","XGBoost_SHAP","all",0.00133531246169996,"ASH1L"
"ENSG00000116560","patient5","XGBoost_SHAP","all",0.00314193426520975,"SFPQ"
"ENSG00000116560","patient1","XGBoost_SHAP","all",0.00621139786861879,"SFPQ"
"ENSG00000116560","patient4","XGBoost_SHAP","all",0.00186133392245385,"SFPQ"
"ENSG00000116560","patient2","XGBoost_SHAP","all",0.00371130422215357,"SFPQ"
"ENSG00000116560","patient6","XGBoost_SHAP","all",0.0030097770039405,"SFPQ"
"ENSG00000116560","patient3","XGBoost_SHAP","all",0.00323962080295561,"SFPQ"
"ENSG00000116586","patient2","XGBoost_SHAP","all",0.00114244285882826,"LAMTOR2"
"ENSG00000116586","patient5","XGBoost_SHAP","all",0.00394476881681774,"LAMTOR2"
"ENSG00000116586","patient6","XGBoost_SHAP","all",0.00174228572588077,"LAMTOR2"
"ENSG00000116586","patient3","XGBoost_SHAP","all",0.0011980586827743,"LAMTOR2"
"ENSG00000116586","patient1","XGBoost_SHAP","all",0.0015849112610498,"LAMTOR2"
"ENSG00000116586","patient4","XGBoost_SHAP","all",0.00163385500121091,"LAMTOR2"
"ENSG00000116649","patient5","XGBoost_SHAP","all",0.00087196832564588,"SRM"
"ENSG00000116649","patient3","XGBoost_SHAP","all",0.000918121257520148,"SRM"
"ENSG00000116649","patient6","XGBoost_SHAP","all",0.000648108938208078,"SRM"
"ENSG00000116649","patient1","XGBoost_SHAP","all",0.00151560984070125,"SRM"
"ENSG00000116649","patient2","XGBoost_SHAP","all",0.00197170248724434,"SRM"
"ENSG00000116649","patient4","XGBoost_SHAP","all",0.00128963924605756,"SRM"
"ENSG00000116717","patient6","XGBoost_SHAP","all",0.00265355774917466,"GADD45A"
"ENSG00000116717","patient5","XGBoost_SHAP","all",0.00244040176636339,"GADD45A"
"ENSG00000116717","patient4","XGBoost_SHAP","all",0.00220591757774791,"GADD45A"
"ENSG00000116717","patient1","XGBoost_SHAP","all",0.0031633546723472,"GADD45A"
"ENSG00000116717","patient3","XGBoost_SHAP","all",0.00366421208550293,"GADD45A"
"ENSG00000116717","patient2","XGBoost_SHAP","all",0.00301028976797495,"GADD45A"
"ENSG00000116741","patient1","XGBoost_SHAP","all",0.00792576379714232,"RGS2"
"ENSG00000116741","patient5","XGBoost_SHAP","all",0.00987220828216471,"RGS2"
"ENSG00000116741","patient6","XGBoost_SHAP","all",0.00858511412896725,"RGS2"
"ENSG00000116741","patient2","XGBoost_SHAP","all",0.00601235708684264,"RGS2"
"ENSG00000116741","patient3","XGBoost_SHAP","all",0.00908666828507243,"RGS2"
"ENSG00000116741","patient4","XGBoost_SHAP","all",0.00501522063617083,"RGS2"
"ENSG00000116747","patient5","XGBoost_SHAP","all",0.00268972711291032,"RO60"
"ENSG00000116747","patient4","XGBoost_SHAP","all",0.00272563973663094,"RO60"
"ENSG00000116747","patient1","XGBoost_SHAP","all",0.00157522057965496,"RO60"
"ENSG00000116747","patient6","XGBoost_SHAP","all",0.00440273694494919,"RO60"
"ENSG00000116747","patient2","XGBoost_SHAP","all",0.00259515254863127,"RO60"
"ENSG00000116747","patient3","XGBoost_SHAP","all",0.0041319154074475,"RO60"
"ENSG00000116754","patient5","XGBoost_SHAP","all",0.00456593957374448,"SRSF11"
"ENSG00000116754","patient3","XGBoost_SHAP","all",0.00682082537105581,"SRSF11"
"ENSG00000116754","patient1","XGBoost_SHAP","all",0.00594396654503478,"SRSF11"
"ENSG00000116754","patient2","XGBoost_SHAP","all",0.00326977504393655,"SRSF11"
"ENSG00000116754","patient6","XGBoost_SHAP","all",0.00992515317443293,"SRSF11"
"ENSG00000116774","patient6","XGBoost_SHAP","all",0.00138091684380136,"OLFML3"
"ENSG00000116774","patient1","XGBoost_SHAP","all",0.000738530838438706,"OLFML3"
"ENSG00000116774","patient2","XGBoost_SHAP","all",0.00139085393087105,"OLFML3"
"ENSG00000116774","patient3","XGBoost_SHAP","all",0.00204087993626192,"OLFML3"
"ENSG00000116774","patient4","XGBoost_SHAP","all",0.00106887575873954,"OLFML3"
"ENSG00000116774","patient5","XGBoost_SHAP","all",0.00265053394012562,"OLFML3"
"ENSG00000116898","patient5","XGBoost_SHAP","all",0.0013621172792894,"MRPS15"
"ENSG00000116962","patient4","XGBoost_SHAP","all",0.00263849613827737,"NID1"
"ENSG00000117020","patient4","XGBoost_SHAP","all",0.00194921159593741,"AKT3"
"ENSG00000117118","patient4","XGBoost_SHAP","all",0.00145570936449194,"SDHB"
"ENSG00000117118","patient1","XGBoost_SHAP","all",0.00103301804095402,"SDHB"
"ENSG00000117118","patient2","XGBoost_SHAP","all",0.00142907972116882,"SDHB"
"ENSG00000117118","patient5","XGBoost_SHAP","all",0.00250680091474474,"SDHB"
"ENSG00000117118","patient3","XGBoost_SHAP","all",0.00218055905695574,"SDHB"
"ENSG00000117118","patient6","XGBoost_SHAP","all",0.00282199138089465,"SDHB"
"ENSG00000117151","patient5","XGBoost_SHAP","all",0.00208832847202786,"CTBS"
"ENSG00000117151","patient4","XGBoost_SHAP","all",0.00153174114628897,"CTBS"
"ENSG00000117151","patient1","XGBoost_SHAP","all",0.00146534072905421,"CTBS"
"ENSG00000117151","patient2","XGBoost_SHAP","all",0.000818539053400542,"CTBS"
"ENSG00000117151","patient6","XGBoost_SHAP","all",0.00108842705056669,"CTBS"
"ENSG00000117151","patient3","XGBoost_SHAP","all",0.00304697659831495,"CTBS"
"ENSG00000117298","patient3","XGBoost_SHAP","all",0.00197577419579219,"ECE1"
"ENSG00000117298","patient6","XGBoost_SHAP","all",0.00259931115000902,"ECE1"
"ENSG00000117298","patient4","XGBoost_SHAP","all",0.00284314237776552,"ECE1"
"ENSG00000117318","patient4","XGBoost_SHAP","all",0.00454886351131603,"ID3"
"ENSG00000117318","patient6","XGBoost_SHAP","all",0.00602242816721502,"ID3"
"ENSG00000117318","patient1","XGBoost_SHAP","all",0.00893758635521714,"ID3"
"ENSG00000117318","patient5","XGBoost_SHAP","all",0.00618474345466171,"ID3"
"ENSG00000117318","patient2","XGBoost_SHAP","all",0.00660514202570501,"ID3"
"ENSG00000117318","patient3","XGBoost_SHAP","all",0.00372763301421702,"ID3"
"ENSG00000117335","patient1","XGBoost_SHAP","all",0.00212235030117705,"CD46"
"ENSG00000117335","patient4","XGBoost_SHAP","all",0.00299011202365902,"CD46"
"ENSG00000117335","patient2","XGBoost_SHAP","all",0.000795373809610632,"CD46"
"ENSG00000117335","patient3","XGBoost_SHAP","all",0.00172654557428633,"CD46"
"ENSG00000117335","patient6","XGBoost_SHAP","all",0.00206924150771986,"CD46"
"ENSG00000117335","patient5","XGBoost_SHAP","all",0.00282131651409563,"CD46"
"ENSG00000117362","patient4","XGBoost_SHAP","all",0.00199807985621859,"APH1A"
"ENSG00000117362","patient6","XGBoost_SHAP","all",0.0026619297714454,"APH1A"
"ENSG00000117362","patient3","XGBoost_SHAP","all",0.0035749324285555,"APH1A"
"ENSG00000117362","patient1","XGBoost_SHAP","all",0.00332637189653417,"APH1A"
"ENSG00000117362","patient5","XGBoost_SHAP","all",0.0015137730695945,"APH1A"
"ENSG00000117362","patient2","XGBoost_SHAP","all",0.00340234011268698,"APH1A"
"ENSG00000117410","patient3","XGBoost_SHAP","all",0.00434142024944592,"ATP6V0B"
"ENSG00000117410","patient4","XGBoost_SHAP","all",0.00465878400391854,"ATP6V0B"
"ENSG00000117410","patient2","XGBoost_SHAP","all",0.00200964984196134,"ATP6V0B"
"ENSG00000117410","patient1","XGBoost_SHAP","all",0.00265962135600909,"ATP6V0B"
"ENSG00000117410","patient6","XGBoost_SHAP","all",0.00401153970360548,"ATP6V0B"
"ENSG00000117410","patient5","XGBoost_SHAP","all",0.00377493355809603,"ATP6V0B"
"ENSG00000117448","patient3","XGBoost_SHAP","all",0.00138070482558035,"AKR1A1"
"ENSG00000117448","patient5","XGBoost_SHAP","all",0.000783747502258216,"AKR1A1"
"ENSG00000117448","patient2","XGBoost_SHAP","all",0.00187371943572119,"AKR1A1"
"ENSG00000117448","patient6","XGBoost_SHAP","all",0.00235108753615766,"AKR1A1"
"ENSG00000117448","patient4","XGBoost_SHAP","all",0.00195173055076232,"AKR1A1"
"ENSG00000117448","patient1","XGBoost_SHAP","all",0.00252012938639386,"AKR1A1"
"ENSG00000117519","patient5","XGBoost_SHAP","all",0.00496374455409199,"CNN3"
"ENSG00000117519","patient3","XGBoost_SHAP","all",0.00283094191918823,"CNN3"
"ENSG00000117519","patient4","XGBoost_SHAP","all",0.00527712915390896,"CNN3"
"ENSG00000117519","patient1","XGBoost_SHAP","all",0.003664845772586,"CNN3"
"ENSG00000117519","patient2","XGBoost_SHAP","all",0.00392700837532751,"CNN3"
"ENSG00000117519","patient6","XGBoost_SHAP","all",0.00581111562260385,"CNN3"
"ENSG00000117614","patient2","XGBoost_SHAP","all",0.00157496344684112,"SYF2"
"ENSG00000117614","patient6","XGBoost_SHAP","all",0.00144120106560756,"SYF2"
"ENSG00000117614","patient3","XGBoost_SHAP","all",0.00554792013345508,"SYF2"
"ENSG00000117614","patient1","XGBoost_SHAP","all",0.00368847238446083,"SYF2"
"ENSG00000117614","patient5","XGBoost_SHAP","all",0.004226528125687,"SYF2"
"ENSG00000117614","patient4","XGBoost_SHAP","all",0.00117789636787714,"SYF2"
"ENSG00000117616","patient2","XGBoost_SHAP","all",0.0018792756153513,"RSRP1"
"ENSG00000117616","patient1","XGBoost_SHAP","all",0.00170226776663577,"RSRP1"
"ENSG00000117616","patient6","XGBoost_SHAP","all",0.00118717360170435,"RSRP1"
"ENSG00000117616","patient5","XGBoost_SHAP","all",0.00101531946898709,"RSRP1"
"ENSG00000117616","patient3","XGBoost_SHAP","all",0.000862534430064729,"RSRP1"
"ENSG00000117616","patient4","XGBoost_SHAP","all",0.00309658082397546,"RSRP1"
"ENSG00000117632","patient2","XGBoost_SHAP","all",0.0461936910901935,"STMN1"
"ENSG00000117632","patient6","XGBoost_SHAP","all",0.0497695694228873,"STMN1"
"ENSG00000117632","patient1","XGBoost_SHAP","all",0.0465888650929928,"STMN1"
"ENSG00000117632","patient5","XGBoost_SHAP","all",0.0439450115350509,"STMN1"
"ENSG00000117632","patient3","XGBoost_SHAP","all",0.048212135203287,"STMN1"
"ENSG00000117632","patient4","XGBoost_SHAP","all",0.0335338370275525,"STMN1"
"ENSG00000117691","patient3","XGBoost_SHAP","all",0.00272343545103463,"NENF"
"ENSG00000117691","patient5","XGBoost_SHAP","all",0.00432014542478369,"NENF"
"ENSG00000117691","patient6","XGBoost_SHAP","all",0.00359420201695928,"NENF"
"ENSG00000117691","patient4","XGBoost_SHAP","all",0.00396260005123333,"NENF"
"ENSG00000117691","patient2","XGBoost_SHAP","all",0.00289223184967459,"NENF"
"ENSG00000117691","patient1","XGBoost_SHAP","all",0.00270309915679008,"NENF"
"ENSG00000117758","patient6","XGBoost_SHAP","all",0.00268380828219518,"STX12"
"ENSG00000117758","patient2","XGBoost_SHAP","all",0.000692579441079328,"STX12"
"ENSG00000117758","patient5","XGBoost_SHAP","all",0.00136940115305334,"STX12"
"ENSG00000117758","patient1","XGBoost_SHAP","all",0.00126740460126669,"STX12"
"ENSG00000117758","patient3","XGBoost_SHAP","all",0.006105669492172,"STX12"
"ENSG00000117758","patient4","XGBoost_SHAP","all",0.00266245121122253,"STX12"
"ENSG00000117862","patient2","XGBoost_SHAP","all",0.00166059886933117,"TXNDC12"
"ENSG00000117862","patient5","XGBoost_SHAP","all",0.00230657737194917,"TXNDC12"
"ENSG00000117862","patient3","XGBoost_SHAP","all",0.0097296375213437,"TXNDC12"
"ENSG00000117862","patient1","XGBoost_SHAP","all",0.00251608350330441,"TXNDC12"
"ENSG00000117862","patient6","XGBoost_SHAP","all",0.00471931367357675,"TXNDC12"
"ENSG00000117899","patient3","XGBoost_SHAP","all",0.00292576882863185,"MESD"
"ENSG00000117899","patient1","XGBoost_SHAP","all",0.00156746545044732,"MESD"
"ENSG00000117899","patient4","XGBoost_SHAP","all",0.0018426704402341,"MESD"
"ENSG00000117899","patient5","XGBoost_SHAP","all",0.00185480169959921,"MESD"
"ENSG00000117899","patient2","XGBoost_SHAP","all",0.00218053624711927,"MESD"
"ENSG00000117899","patient6","XGBoost_SHAP","all",0.00262857134313791,"MESD"
"ENSG00000117906","patient1","XGBoost_SHAP","all",0.00557477794554272,"RCN2"
"ENSG00000117906","patient6","XGBoost_SHAP","all",0.00364322835657123,"RCN2"
"ENSG00000117906","patient5","XGBoost_SHAP","all",0.00662648973531557,"RCN2"
"ENSG00000117906","patient2","XGBoost_SHAP","all",0.00410072103158329,"RCN2"
"ENSG00000117906","patient3","XGBoost_SHAP","all",0.00255718875210186,"RCN2"
"ENSG00000117906","patient4","XGBoost_SHAP","all",0.00142017369054881,"RCN2"
"ENSG00000117984","patient6","XGBoost_SHAP","all",0.00574385184593589,"CTSD"
"ENSG00000117984","patient2","XGBoost_SHAP","all",0.00424633654006911,"CTSD"
"ENSG00000117984","patient4","XGBoost_SHAP","all",0.0041852053733868,"CTSD"
"ENSG00000117984","patient5","XGBoost_SHAP","all",0.00318621075853114,"CTSD"
"ENSG00000117984","patient1","XGBoost_SHAP","all",0.00402063544410944,"CTSD"
"ENSG00000117984","patient3","XGBoost_SHAP","all",0.00753386787006391,"CTSD"
"ENSG00000118058","patient4","XGBoost_SHAP","all",0.00161970521086302,"KMT2A"
"ENSG00000118058","patient5","XGBoost_SHAP","all",0.00152358344998241,"KMT2A"
"ENSG00000118058","patient1","XGBoost_SHAP","all",0.00277613095746832,"KMT2A"
"ENSG00000118058","patient2","XGBoost_SHAP","all",0.00362372018502036,"KMT2A"
"ENSG00000118058","patient6","XGBoost_SHAP","all",0.00184613433653876,"KMT2A"
"ENSG00000118058","patient3","XGBoost_SHAP","all",0.00295943598588072,"KMT2A"
"ENSG00000118257","patient6","XGBoost_SHAP","all",0.0131847121354216,"NRP2"
"ENSG00000118257","patient3","XGBoost_SHAP","all",0.014385332990866,"NRP2"
"ENSG00000118257","patient4","XGBoost_SHAP","all",0.0122583447413361,"NRP2"
"ENSG00000118257","patient1","XGBoost_SHAP","all",0.00757033759735699,"NRP2"
"ENSG00000118292","patient4","XGBoost_SHAP","all",0.00971051978260711,"C1orf54"
"ENSG00000118292","patient1","XGBoost_SHAP","all",0.00814011411530231,"C1orf54"
"ENSG00000118292","patient6","XGBoost_SHAP","all",0.00801935419292377,"C1orf54"
"ENSG00000118292","patient3","XGBoost_SHAP","all",0.00779895203525292,"C1orf54"
"ENSG00000118292","patient5","XGBoost_SHAP","all",0.00819029185689618,"C1orf54"
"ENSG00000118292","patient2","XGBoost_SHAP","all",0.0116666178546296,"C1orf54"
"ENSG00000118407","patient5","XGBoost_SHAP","all",0.0120640640492967,"FILIP1"
"ENSG00000118407","patient1","XGBoost_SHAP","all",0.0115735781792617,"FILIP1"
"ENSG00000118407","patient6","XGBoost_SHAP","all",0.00799161446705446,"FILIP1"
"ENSG00000118407","patient2","XGBoost_SHAP","all",0.00990759955936595,"FILIP1"
"ENSG00000118407","patient3","XGBoost_SHAP","all",0.0055730460782962,"FILIP1"
"ENSG00000118407","patient4","XGBoost_SHAP","all",0.0198026082453614,"FILIP1"
"ENSG00000118418","patient4","XGBoost_SHAP","all",0.00921092559884451,"HMGN3"
"ENSG00000118418","patient5","XGBoost_SHAP","all",0.0116540507427318,"HMGN3"
"ENSG00000118418","patient3","XGBoost_SHAP","all",0.00955329749635904,"HMGN3"
"ENSG00000118418","patient1","XGBoost_SHAP","all",0.00911612041601171,"HMGN3"
"ENSG00000118418","patient2","XGBoost_SHAP","all",0.00780648590841743,"HMGN3"
"ENSG00000118418","patient6","XGBoost_SHAP","all",0.00748980788356788,"HMGN3"
"ENSG00000118482","patient5","XGBoost_SHAP","all",0.00155521582945524,"PHF3"
"ENSG00000118482","patient6","XGBoost_SHAP","all",0.0018307363865555,"PHF3"
"ENSG00000118482","patient4","XGBoost_SHAP","all",0.00377101717723664,"PHF3"
"ENSG00000118482","patient2","XGBoost_SHAP","all",0.00207517287839314,"PHF3"
"ENSG00000118482","patient1","XGBoost_SHAP","all",0.00297870574380783,"PHF3"
"ENSG00000118482","patient3","XGBoost_SHAP","all",0.00158734888851173,"PHF3"
"ENSG00000118503","patient3","XGBoost_SHAP","all",0.00318718513514114,"TNFAIP3"
"ENSG00000118503","patient5","XGBoost_SHAP","all",0.00179990435709454,"TNFAIP3"
"ENSG00000118503","patient4","XGBoost_SHAP","all",0.00314535974401142,"TNFAIP3"
"ENSG00000118508","patient4","XGBoost_SHAP","all",0.00493104769555786,"RAB32"
"ENSG00000118508","patient5","XGBoost_SHAP","all",0.00273295281282972,"RAB32"
"ENSG00000118508","patient6","XGBoost_SHAP","all",0.00635645338545389,"RAB32"
"ENSG00000118508","patient3","XGBoost_SHAP","all",0.0083544297619946,"RAB32"
"ENSG00000118508","patient1","XGBoost_SHAP","all",0.00662731681373908,"RAB32"
"ENSG00000118508","patient2","XGBoost_SHAP","all",0.00822346454418736,"RAB32"
"ENSG00000118515","patient2","XGBoost_SHAP","all",0.00735273227911422,"SGK1"
"ENSG00000118515","patient4","XGBoost_SHAP","all",0.00591381676477358,"SGK1"
"ENSG00000118515","patient1","XGBoost_SHAP","all",0.00827682254467834,"SGK1"
"ENSG00000118515","patient3","XGBoost_SHAP","all",0.0149805104028678,"SGK1"
"ENSG00000118515","patient6","XGBoost_SHAP","all",0.00760409805782956,"SGK1"
"ENSG00000118515","patient5","XGBoost_SHAP","all",0.00624368578622431,"SGK1"
"ENSG00000118523","patient2","XGBoost_SHAP","all",0.0119275382737143,"CCN2"
"ENSG00000118523","patient6","XGBoost_SHAP","all",0.0132991591087072,"CCN2"
"ENSG00000118523","patient3","XGBoost_SHAP","all",0.0118222253933329,"CCN2"
"ENSG00000118523","patient4","XGBoost_SHAP","all",0.0165737024988972,"CCN2"
"ENSG00000118523","patient5","XGBoost_SHAP","all",0.00638484364129787,"CCN2"
"ENSG00000118523","patient1","XGBoost_SHAP","all",0.00919523096738773,"CCN2"
"ENSG00000118640","patient6","XGBoost_SHAP","all",0.0213520680268472,"VAMP8"
"ENSG00000118640","patient3","XGBoost_SHAP","all",0.00872601669254387,"VAMP8"
"ENSG00000118640","patient5","XGBoost_SHAP","all",0.0262750223179131,"VAMP8"
"ENSG00000118640","patient1","XGBoost_SHAP","all",0.00757187595091971,"VAMP8"
"ENSG00000118640","patient2","XGBoost_SHAP","all",0.0479784105844254,"VAMP8"
"ENSG00000118640","patient4","XGBoost_SHAP","all",0.0102523513638932,"VAMP8"
"ENSG00000118689","patient4","XGBoost_SHAP","all",0.00359501613163965,"FOXO3"
"ENSG00000118689","patient6","XGBoost_SHAP","all",0.00225001063912836,"FOXO3"
"ENSG00000118689","patient1","XGBoost_SHAP","all",0.00136450453561644,"FOXO3"
"ENSG00000118689","patient2","XGBoost_SHAP","all",0.00067515832306163,"FOXO3"
"ENSG00000118689","patient3","XGBoost_SHAP","all",0.00200011323992889,"FOXO3"
"ENSG00000118689","patient5","XGBoost_SHAP","all",0.00203296922950421,"FOXO3"
"ENSG00000118705","patient1","XGBoost_SHAP","all",0.00667049925490869,"RPN2"
"ENSG00000118705","patient2","XGBoost_SHAP","all",0.00632663134539316,"RPN2"
"ENSG00000118705","patient5","XGBoost_SHAP","all",0.00494250824468406,"RPN2"
"ENSG00000118705","patient3","XGBoost_SHAP","all",0.00826929174459391,"RPN2"
"ENSG00000118705","patient6","XGBoost_SHAP","all",0.00382482047668591,"RPN2"
"ENSG00000118705","patient4","XGBoost_SHAP","all",0.00312498581546729,"RPN2"
"ENSG00000118762","patient2","XGBoost_SHAP","all",0.00189902299504441,"PKD2"
"ENSG00000118762","patient6","XGBoost_SHAP","all",0.002646891894304,"PKD2"
"ENSG00000118762","patient1","XGBoost_SHAP","all",0.00249205981091654,"PKD2"
"ENSG00000118762","patient5","XGBoost_SHAP","all",0.00257966129593058,"PKD2"
"ENSG00000118762","patient3","XGBoost_SHAP","all",0.0025345195060569,"PKD2"
"ENSG00000118762","patient4","XGBoost_SHAP","all",0.00155943533567548,"PKD2"
"ENSG00000118785","patient3","XGBoost_SHAP","all",0.00389749253136679,"SPP1"
"ENSG00000118785","patient5","XGBoost_SHAP","all",0.0036688255223925,"SPP1"
"ENSG00000118785","patient4","XGBoost_SHAP","all",0.00364888970141255,"SPP1"
"ENSG00000118785","patient2","XGBoost_SHAP","all",0.00448958908957574,"SPP1"
"ENSG00000118785","patient6","XGBoost_SHAP","all",0.00272441376468601,"SPP1"
"ENSG00000118785","patient1","XGBoost_SHAP","all",0.00964449002904105,"SPP1"
"ENSG00000118849","patient1","XGBoost_SHAP","all",0.0081662217035934,"RARRES1"
"ENSG00000118849","patient2","XGBoost_SHAP","all",0.00750790617078234,"RARRES1"
"ENSG00000118849","patient5","XGBoost_SHAP","all",0.00866621914788405,"RARRES1"
"ENSG00000118849","patient4","XGBoost_SHAP","all",0.0133189692039838,"RARRES1"
"ENSG00000118849","patient3","XGBoost_SHAP","all",0.0141380866283619,"RARRES1"
"ENSG00000118849","patient6","XGBoost_SHAP","all",0.0109003754626147,"RARRES1"
"ENSG00000118855","patient1","XGBoost_SHAP","all",0.00909915109232855,"MFSD1"
"ENSG00000118855","patient6","XGBoost_SHAP","all",0.00956756771909318,"MFSD1"
"ENSG00000118855","patient4","XGBoost_SHAP","all",0.00525453024625413,"MFSD1"
"ENSG00000118855","patient5","XGBoost_SHAP","all",0.0068361069538685,"MFSD1"
"ENSG00000118855","patient3","XGBoost_SHAP","all",0.00578188589176592,"MFSD1"
"ENSG00000118855","patient2","XGBoost_SHAP","all",0.00752341009268242,"MFSD1"
"ENSG00000118971","patient5","XGBoost_SHAP","all",0.00278942399708223,"CCND2"
"ENSG00000118971","patient3","XGBoost_SHAP","all",0.00246998202062124,"CCND2"
"ENSG00000118971","patient1","XGBoost_SHAP","all",0.00159151818164215,"CCND2"
"ENSG00000118971","patient2","XGBoost_SHAP","all",0.00259181018869489,"CCND2"
"ENSG00000118971","patient4","XGBoost_SHAP","all",0.00210879929817036,"CCND2"
"ENSG00000118971","patient6","XGBoost_SHAP","all",0.00218974315246544,"CCND2"
"ENSG00000119013","patient4","XGBoost_SHAP","all",0.00123025928285219,"NDUFB3"
"ENSG00000119013","patient6","XGBoost_SHAP","all",0.00174123139916501,"NDUFB3"
"ENSG00000119013","patient1","XGBoost_SHAP","all",0.00256314232779428,"NDUFB3"
"ENSG00000119013","patient3","XGBoost_SHAP","all",0.00184514374213656,"NDUFB3"
"ENSG00000119013","patient2","XGBoost_SHAP","all",0.00310866665500658,"NDUFB3"
"ENSG00000119013","patient5","XGBoost_SHAP","all",0.00226795309914811,"NDUFB3"
"ENSG00000119138","patient5","XGBoost_SHAP","all",0.00116785176061988,"KLF9"
"ENSG00000119138","patient6","XGBoost_SHAP","all",0.00118446552852706,"KLF9"
"ENSG00000119138","patient4","XGBoost_SHAP","all",0.00171126551455987,"KLF9"
"ENSG00000119138","patient3","XGBoost_SHAP","all",0.00180340972158598,"KLF9"
"ENSG00000119138","patient1","XGBoost_SHAP","all",0.00299630444932463,"KLF9"
"ENSG00000119138","patient2","XGBoost_SHAP","all",0.000666000352119205,"KLF9"
"ENSG00000119147","patient2","XGBoost_SHAP","all",0.0214442541917725,"ECRG4"
"ENSG00000119147","patient5","XGBoost_SHAP","all",0.024697070526979,"ECRG4"
"ENSG00000119147","patient1","XGBoost_SHAP","all",0.0268606901150226,"ECRG4"
"ENSG00000119147","patient3","XGBoost_SHAP","all",0.018866427050452,"ECRG4"
"ENSG00000119147","patient6","XGBoost_SHAP","all",0.0162213490632634,"ECRG4"
"ENSG00000119147","patient4","XGBoost_SHAP","all",0.0205880353125009,"ECRG4"
"ENSG00000119185","patient1","XGBoost_SHAP","all",0.00329763124544117,"ITGB1BP1"
"ENSG00000119185","patient3","XGBoost_SHAP","all",0.00178497698918542,"ITGB1BP1"
"ENSG00000119185","patient4","XGBoost_SHAP","all",0.00263371812932501,"ITGB1BP1"
"ENSG00000119185","patient5","XGBoost_SHAP","all",0.00108710268812378,"ITGB1BP1"
"ENSG00000119185","patient2","XGBoost_SHAP","all",0.00157338487242061,"ITGB1BP1"
"ENSG00000119185","patient6","XGBoost_SHAP","all",0.00164328764718271,"ITGB1BP1"
"ENSG00000119326","patient4","XGBoost_SHAP","all",0.00391848013521616,"CTNNAL1"
"ENSG00000119396","patient5","XGBoost_SHAP","all",0.000995648268356791,"RAB14"
"ENSG00000119396","patient4","XGBoost_SHAP","all",0.00160043570370969,"RAB14"
"ENSG00000119396","patient2","XGBoost_SHAP","all",0.00170388898345362,"RAB14"
"ENSG00000119396","patient3","XGBoost_SHAP","all",0.0018910354769232,"RAB14"
"ENSG00000119396","patient6","XGBoost_SHAP","all",0.00241895186811483,"RAB14"
"ENSG00000119396","patient1","XGBoost_SHAP","all",0.00209478795708258,"RAB14"
"ENSG00000119537","patient6","XGBoost_SHAP","all",0.00204282419028816,"KDSR"
"ENSG00000119537","patient3","XGBoost_SHAP","all",0.00181239883231565,"KDSR"
"ENSG00000119537","patient2","XGBoost_SHAP","all",0.00232634837776766,"KDSR"
"ENSG00000119537","patient4","XGBoost_SHAP","all",0.00133074990820386,"KDSR"
"ENSG00000119537","patient1","XGBoost_SHAP","all",0.00327218484785536,"KDSR"
"ENSG00000119537","patient5","XGBoost_SHAP","all",0.00219670511977892,"KDSR"
"ENSG00000119541","patient3","XGBoost_SHAP","all",0.00198780675308382,"VPS4B"
"ENSG00000119541","patient1","XGBoost_SHAP","all",0.000792796228994134,"VPS4B"
"ENSG00000119541","patient4","XGBoost_SHAP","all",0.000623202119601955,"VPS4B"
"ENSG00000119541","patient6","XGBoost_SHAP","all",0.00141427884110273,"VPS4B"
"ENSG00000119541","patient2","XGBoost_SHAP","all",0.000885750996455787,"VPS4B"
"ENSG00000119541","patient5","XGBoost_SHAP","all",0.0011316950434181,"VPS4B"
"ENSG00000119632","patient5","XGBoost_SHAP","all",0.00297456289899619,"IFI27L2"
"ENSG00000119632","patient3","XGBoost_SHAP","all",0.0055170186919021,"IFI27L2"
"ENSG00000119632","patient2","XGBoost_SHAP","all",0.00425540875557097,"IFI27L2"
"ENSG00000119632","patient4","XGBoost_SHAP","all",0.00327468989860062,"IFI27L2"
"ENSG00000119632","patient1","XGBoost_SHAP","all",0.00364437234677266,"IFI27L2"
"ENSG00000119632","patient6","XGBoost_SHAP","all",0.00663434989112958,"IFI27L2"
"ENSG00000119655","patient4","XGBoost_SHAP","all",0.0529509559920856,"NPC2"
"ENSG00000119655","patient1","XGBoost_SHAP","all",0.0629344403864718,"NPC2"
"ENSG00000119655","patient2","XGBoost_SHAP","all",0.0863893570710505,"NPC2"
"ENSG00000119655","patient5","XGBoost_SHAP","all",0.0827364685438446,"NPC2"
"ENSG00000119655","patient6","XGBoost_SHAP","all",0.0718776597228231,"NPC2"
"ENSG00000119655","patient3","XGBoost_SHAP","all",0.0505147843989425,"NPC2"
"ENSG00000119681","patient4","XGBoost_SHAP","all",0.0344255917140498,"LTBP2"
"ENSG00000119681","patient5","XGBoost_SHAP","all",0.0336361174410635,"LTBP2"
"ENSG00000119681","patient3","XGBoost_SHAP","all",0.0282592313159313,"LTBP2"
"ENSG00000119681","patient1","XGBoost_SHAP","all",0.0248717216055153,"LTBP2"
"ENSG00000119681","patient6","XGBoost_SHAP","all",0.0305542688544671,"LTBP2"
"ENSG00000119681","patient2","XGBoost_SHAP","all",0.0284364802682454,"LTBP2"
"ENSG00000119705","patient4","XGBoost_SHAP","all",0.00177355888405271,"SLIRP"
"ENSG00000119705","patient6","XGBoost_SHAP","all",0.00129471033235315,"SLIRP"
"ENSG00000119705","patient5","XGBoost_SHAP","all",0.00312071094858197,"SLIRP"
"ENSG00000119705","patient3","XGBoost_SHAP","all",0.00361562535494874,"SLIRP"
"ENSG00000119705","patient2","XGBoost_SHAP","all",0.00137122970895686,"SLIRP"
"ENSG00000119705","patient1","XGBoost_SHAP","all",0.00142483892644003,"SLIRP"
"ENSG00000119707","patient1","XGBoost_SHAP","all",0.00329631749126379,"RBM25"
"ENSG00000119707","patient3","XGBoost_SHAP","all",0.00247639430374335,"RBM25"
"ENSG00000119707","patient5","XGBoost_SHAP","all",0.00438074302348691,"RBM25"
"ENSG00000119707","patient4","XGBoost_SHAP","all",0.00556341465636938,"RBM25"
"ENSG00000119707","patient6","XGBoost_SHAP","all",0.00508466203472807,"RBM25"
"ENSG00000119707","patient2","XGBoost_SHAP","all",0.00196731029202538,"RBM25"
"ENSG00000119729","patient5","XGBoost_SHAP","all",0.00427021007116543,"RHOQ"
"ENSG00000119729","patient1","XGBoost_SHAP","all",0.0020657566517593,"RHOQ"
"ENSG00000119729","patient3","XGBoost_SHAP","all",0.00482375477984998,"RHOQ"
"ENSG00000119729","patient6","XGBoost_SHAP","all",0.00317787722355201,"RHOQ"
"ENSG00000119729","patient2","XGBoost_SHAP","all",0.00234005076264233,"RHOQ"
"ENSG00000119729","patient4","XGBoost_SHAP","all",0.00750206650754061,"RHOQ"
"ENSG00000119801","patient2","XGBoost_SHAP","all",0.00170601859789365,"YPEL5"
"ENSG00000119801","patient6","XGBoost_SHAP","all",0.00178177175817288,"YPEL5"
"ENSG00000119801","patient3","XGBoost_SHAP","all",0.00126460446083226,"YPEL5"
"ENSG00000119801","patient1","XGBoost_SHAP","all",0.00191081010032086,"YPEL5"
"ENSG00000119801","patient5","XGBoost_SHAP","all",0.00149343842913247,"YPEL5"
"ENSG00000119801","patient4","XGBoost_SHAP","all",0.00158968087083184,"YPEL5"
"ENSG00000119820","patient6","XGBoost_SHAP","all",0.00305257856235276,"YIPF4"
"ENSG00000119820","patient5","XGBoost_SHAP","all",0.00415266445005782,"YIPF4"
"ENSG00000119900","patient4","XGBoost_SHAP","all",0.00894446233298508,"OGFRL1"
"ENSG00000119900","patient1","XGBoost_SHAP","all",0.0079287608913028,"OGFRL1"
"ENSG00000119900","patient3","XGBoost_SHAP","all",0.00771866051277669,"OGFRL1"
"ENSG00000119900","patient6","XGBoost_SHAP","all",0.00523394920628799,"OGFRL1"
"ENSG00000119900","patient5","XGBoost_SHAP","all",0.00683394732551282,"OGFRL1"
"ENSG00000119922","patient3","XGBoost_SHAP","all",0.0022164001507849,"IFIT2"
"ENSG00000119922","patient1","XGBoost_SHAP","all",0.00324881130369255,"IFIT2"
"ENSG00000119950","patient6","XGBoost_SHAP","all",0.0188094018555661,"MXI1"
"ENSG00000119950","patient1","XGBoost_SHAP","all",0.0167787195211469,"MXI1"
"ENSG00000119950","patient2","XGBoost_SHAP","all",0.0223771128547306,"MXI1"
"ENSG00000119950","patient3","XGBoost_SHAP","all",0.00826383519032106,"MXI1"
"ENSG00000119950","patient4","XGBoost_SHAP","all",0.0203182066208393,"MXI1"
"ENSG00000119950","patient5","XGBoost_SHAP","all",0.0152826018245992,"MXI1"
"ENSG00000120129","patient3","XGBoost_SHAP","all",0.00882014588393286,"DUSP1"
"ENSG00000120129","patient5","XGBoost_SHAP","all",0.00553980262644699,"DUSP1"
"ENSG00000120129","patient4","XGBoost_SHAP","all",0.00837762472025838,"DUSP1"
"ENSG00000120129","patient2","XGBoost_SHAP","all",0.00586572603605114,"DUSP1"
"ENSG00000120129","patient1","XGBoost_SHAP","all",0.0109524711721479,"DUSP1"
"ENSG00000120129","patient6","XGBoost_SHAP","all",0.00327329587618322,"DUSP1"
"ENSG00000120265","patient5","XGBoost_SHAP","all",0.00193460380184723,"PCMT1"
"ENSG00000120265","patient4","XGBoost_SHAP","all",0.00185576169745646,"PCMT1"
"ENSG00000120265","patient2","XGBoost_SHAP","all",0.000880199101161747,"PCMT1"
"ENSG00000120265","patient1","XGBoost_SHAP","all",0.000721536260974985,"PCMT1"
"ENSG00000120265","patient3","XGBoost_SHAP","all",0.00155198411209146,"PCMT1"
"ENSG00000120265","patient6","XGBoost_SHAP","all",0.00172428537472292,"PCMT1"
"ENSG00000120306","patient2","XGBoost_SHAP","all",0.00476386210048182,"CYSTM1"
"ENSG00000120306","patient6","XGBoost_SHAP","all",0.00217174735474692,"CYSTM1"
"ENSG00000120306","patient3","XGBoost_SHAP","all",0.00333415356874093,"CYSTM1"
"ENSG00000120306","patient4","XGBoost_SHAP","all",0.00545155001919426,"CYSTM1"
"ENSG00000120306","patient5","XGBoost_SHAP","all",0.00390097598610676,"CYSTM1"
"ENSG00000120306","patient1","XGBoost_SHAP","all",0.00301813282021755,"CYSTM1"
"ENSG00000120438","patient6","XGBoost_SHAP","all",0.00272715386530583,"TCP1"
"ENSG00000120438","patient5","XGBoost_SHAP","all",0.00320654404067203,"TCP1"
"ENSG00000120438","patient2","XGBoost_SHAP","all",0.000468635011186043,"TCP1"
"ENSG00000120438","patient3","XGBoost_SHAP","all",0.00124974098592156,"TCP1"
"ENSG00000120438","patient1","XGBoost_SHAP","all",0.0022898764405598,"TCP1"
"ENSG00000120438","patient4","XGBoost_SHAP","all",0.00230977176735906,"TCP1"
"ENSG00000120533","patient6","XGBoost_SHAP","all",0.00355171840013409,"ENY2"
"ENSG00000120533","patient2","XGBoost_SHAP","all",0.00229405621432694,"ENY2"
"ENSG00000120533","patient1","XGBoost_SHAP","all",0.00284210399675095,"ENY2"
"ENSG00000120533","patient3","XGBoost_SHAP","all",0.00133975170089132,"ENY2"
"ENSG00000120533","patient4","XGBoost_SHAP","all",0.0026834306020822,"ENY2"
"ENSG00000120533","patient5","XGBoost_SHAP","all",0.00216827269644274,"ENY2"
"ENSG00000120594","patient6","XGBoost_SHAP","all",0.00803894207370716,"PLXDC2"
"ENSG00000120594","patient3","XGBoost_SHAP","all",0.00476723822282425,"PLXDC2"
"ENSG00000120594","patient1","XGBoost_SHAP","all",0.0047673258352272,"PLXDC2"
"ENSG00000120594","patient5","XGBoost_SHAP","all",0.00704544550962603,"PLXDC2"
"ENSG00000120594","patient2","XGBoost_SHAP","all",0.00774860861579867,"PLXDC2"
"ENSG00000120594","patient4","XGBoost_SHAP","all",0.00521825394234708,"PLXDC2"
"ENSG00000120616","patient4","XGBoost_SHAP","all",0.00184374884011838,"EPC1"
"ENSG00000120616","patient2","XGBoost_SHAP","all",0.000620210587232569,"EPC1"
"ENSG00000120616","patient3","XGBoost_SHAP","all",0.00113578281531104,"EPC1"
"ENSG00000120616","patient1","XGBoost_SHAP","all",0.000848842159807656,"EPC1"
"ENSG00000120616","patient5","XGBoost_SHAP","all",0.00139915990859024,"EPC1"
"ENSG00000120616","patient6","XGBoost_SHAP","all",0.0019672082543815,"EPC1"
"ENSG00000120675","patient1","XGBoost_SHAP","all",0.00361391673827951,"DNAJC15"
"ENSG00000120675","patient4","XGBoost_SHAP","all",0.00819835605968547,"DNAJC15"
"ENSG00000120675","patient2","XGBoost_SHAP","all",0.00347698337275378,"DNAJC15"
"ENSG00000120675","patient5","XGBoost_SHAP","all",0.00320959250836075,"DNAJC15"
"ENSG00000120675","patient3","XGBoost_SHAP","all",0.00278990240880373,"DNAJC15"
"ENSG00000120675","patient6","XGBoost_SHAP","all",0.00199527639564043,"DNAJC15"
"ENSG00000120686","patient4","XGBoost_SHAP","all",0.00173677702091782,"UFM1"
"ENSG00000120686","patient1","XGBoost_SHAP","all",0.00135331638864895,"UFM1"
"ENSG00000120686","patient3","XGBoost_SHAP","all",0.00147986373091286,"UFM1"
"ENSG00000120686","patient6","XGBoost_SHAP","all",0.0019201865189752,"UFM1"
"ENSG00000120686","patient2","XGBoost_SHAP","all",0.0013239285650516,"UFM1"
"ENSG00000120686","patient5","XGBoost_SHAP","all",0.00211758163841291,"UFM1"
"ENSG00000120690","patient5","XGBoost_SHAP","all",0.00371515084336046,"ELF1"
"ENSG00000120690","patient4","XGBoost_SHAP","all",0.00301260482652286,"ELF1"
"ENSG00000120690","patient6","XGBoost_SHAP","all",0.00291925830571203,"ELF1"
"ENSG00000120690","patient3","XGBoost_SHAP","all",0.00350465370383139,"ELF1"
"ENSG00000120690","patient1","XGBoost_SHAP","all",0.00297385584920997,"ELF1"
"ENSG00000120690","patient2","XGBoost_SHAP","all",0.00405825144376035,"ELF1"
"ENSG00000120708","patient6","XGBoost_SHAP","all",0.0251469314819579,"TGFBI"
"ENSG00000120708","patient2","XGBoost_SHAP","all",0.0230557462196009,"TGFBI"
"ENSG00000120708","patient5","XGBoost_SHAP","all",0.01594311273004,"TGFBI"
"ENSG00000120708","patient4","XGBoost_SHAP","all",0.0281534883147159,"TGFBI"
"ENSG00000120708","patient1","XGBoost_SHAP","all",0.0195709626071174,"TGFBI"
"ENSG00000120708","patient3","XGBoost_SHAP","all",0.0285230726970599,"TGFBI"
"ENSG00000120727","patient6","XGBoost_SHAP","all",0.00317653469934885,"PAIP2"
"ENSG00000120727","patient4","XGBoost_SHAP","all",0.000920549309895537,"PAIP2"
"ENSG00000120727","patient5","XGBoost_SHAP","all",0.00233812216852949,"PAIP2"
"ENSG00000120727","patient1","XGBoost_SHAP","all",0.00128171331907228,"PAIP2"
"ENSG00000120727","patient3","XGBoost_SHAP","all",0.00197338913823114,"PAIP2"
"ENSG00000120727","patient2","XGBoost_SHAP","all",0.0011889503653547,"PAIP2"
"ENSG00000120738","patient5","XGBoost_SHAP","all",0.00145674955119136,"EGR1"
"ENSG00000120738","patient4","XGBoost_SHAP","all",0.00267847913650609,"EGR1"
"ENSG00000120738","patient3","XGBoost_SHAP","all",0.00216080420222909,"EGR1"
"ENSG00000120738","patient6","XGBoost_SHAP","all",0.00159004581325462,"EGR1"
"ENSG00000120738","patient2","XGBoost_SHAP","all",0.00247567611457038,"EGR1"
"ENSG00000120738","patient1","XGBoost_SHAP","all",0.00148246939866601,"EGR1"
"ENSG00000120742","patient5","XGBoost_SHAP","all",0.00363469054896028,"SERP1"
"ENSG00000120742","patient6","XGBoost_SHAP","all",0.00464843058540165,"SERP1"
"ENSG00000120742","patient4","XGBoost_SHAP","all",0.00292945185969018,"SERP1"
"ENSG00000120742","patient3","XGBoost_SHAP","all",0.00491633351319115,"SERP1"
"ENSG00000120742","patient2","XGBoost_SHAP","all",0.00374691414827079,"SERP1"
"ENSG00000120742","patient1","XGBoost_SHAP","all",0.00597374938672287,"SERP1"
"ENSG00000120805","patient2","XGBoost_SHAP","all",0.00202155773551445,"ARL1"
"ENSG00000120805","patient5","XGBoost_SHAP","all",0.00350871192712046,"ARL1"
"ENSG00000120805","patient6","XGBoost_SHAP","all",0.00500133597563994,"ARL1"
"ENSG00000120805","patient1","XGBoost_SHAP","all",0.00239484646230147,"ARL1"
"ENSG00000120805","patient4","XGBoost_SHAP","all",0.00236050563221885,"ARL1"
"ENSG00000120805","patient3","XGBoost_SHAP","all",0.00262048704733872,"ARL1"
"ENSG00000120837","patient2","XGBoost_SHAP","all",0.000821228051217368,"NFYB"
"ENSG00000120837","patient1","XGBoost_SHAP","all",0.00127925335859496,"NFYB"
"ENSG00000120837","patient5","XGBoost_SHAP","all",0.00163157364140906,"NFYB"
"ENSG00000120837","patient4","XGBoost_SHAP","all",0.000851968792109501,"NFYB"
"ENSG00000120837","patient3","XGBoost_SHAP","all",0.00203059949961435,"NFYB"
"ENSG00000120860","patient2","XGBoost_SHAP","all",0.00234973002563371,"WASHC3"
"ENSG00000120860","patient1","XGBoost_SHAP","all",0.0012696798597505,"WASHC3"
"ENSG00000120860","patient6","XGBoost_SHAP","all",0.00315495244700039,"WASHC3"
"ENSG00000120860","patient5","XGBoost_SHAP","all",0.0019187718987233,"WASHC3"
"ENSG00000120860","patient4","XGBoost_SHAP","all",0.00135070885687913,"WASHC3"
"ENSG00000120860","patient3","XGBoost_SHAP","all",0.00251181007826016,"WASHC3"
"ENSG00000120885","patient1","XGBoost_SHAP","all",0.10389046618716,"CLU"
"ENSG00000120885","patient6","XGBoost_SHAP","all",0.12632823939659,"CLU"
"ENSG00000120885","patient2","XGBoost_SHAP","all",0.119138772362862,"CLU"
"ENSG00000120885","patient3","XGBoost_SHAP","all",0.126868670559271,"CLU"
"ENSG00000120885","patient5","XGBoost_SHAP","all",0.132702932464521,"CLU"
"ENSG00000120885","patient4","XGBoost_SHAP","all",0.127044868142878,"CLU"
"ENSG00000120896","patient5","XGBoost_SHAP","all",0.00182253939245794,"SORBS3"
"ENSG00000120896","patient6","XGBoost_SHAP","all",0.00204053237582107,"SORBS3"
"ENSG00000120896","patient3","XGBoost_SHAP","all",0.00315365422367787,"SORBS3"
"ENSG00000120896","patient2","XGBoost_SHAP","all",0.00151118378223934,"SORBS3"
"ENSG00000120896","patient1","XGBoost_SHAP","all",0.0051882172183269,"SORBS3"
"ENSG00000120896","patient4","XGBoost_SHAP","all",0.00420682010395339,"SORBS3"
"ENSG00000120913","patient4","XGBoost_SHAP","all",0.00245627440872644,"PDLIM2"
"ENSG00000120913","patient1","XGBoost_SHAP","all",0.00117064456134902,"PDLIM2"
"ENSG00000120913","patient6","XGBoost_SHAP","all",0.00146063544275604,"PDLIM2"
"ENSG00000120913","patient2","XGBoost_SHAP","all",0.00130686679352847,"PDLIM2"
"ENSG00000120913","patient5","XGBoost_SHAP","all",0.00202623940986716,"PDLIM2"
"ENSG00000120913","patient3","XGBoost_SHAP","all",0.00307385471264132,"PDLIM2"
"ENSG00000120963","patient1","XGBoost_SHAP","all",0.00428021214665318,"ZNF706"
"ENSG00000120963","patient5","XGBoost_SHAP","all",0.00553532390286135,"ZNF706"
"ENSG00000120963","patient3","XGBoost_SHAP","all",0.00724649086272684,"ZNF706"
"ENSG00000120963","patient2","XGBoost_SHAP","all",0.00386999279397552,"ZNF706"
"ENSG00000120963","patient6","XGBoost_SHAP","all",0.00546945583101478,"ZNF706"
"ENSG00000120963","patient4","XGBoost_SHAP","all",0.00324567213937124,"ZNF706"
"ENSG00000121064","patient6","XGBoost_SHAP","all",0.00306124292439799,"SCPEP1"
"ENSG00000121064","patient2","XGBoost_SHAP","all",0.0202816380746511,"SCPEP1"
"ENSG00000121064","patient1","XGBoost_SHAP","all",0.00430342197451438,"SCPEP1"
"ENSG00000121064","patient4","XGBoost_SHAP","all",0.0103109979089001,"SCPEP1"
"ENSG00000121064","patient5","XGBoost_SHAP","all",0.00455225210450964,"SCPEP1"
"ENSG00000121064","patient3","XGBoost_SHAP","all",0.0033905745125079,"SCPEP1"
"ENSG00000121067","patient6","XGBoost_SHAP","all",0.000820992743757515,"SPOP"
"ENSG00000121067","patient3","XGBoost_SHAP","all",0.00132280506269308,"SPOP"
"ENSG00000121067","patient5","XGBoost_SHAP","all",0.00171774421476886,"SPOP"
"ENSG00000121067","patient4","XGBoost_SHAP","all",0.00116745439230425,"SPOP"
"ENSG00000121067","patient2","XGBoost_SHAP","all",0.00113328500721154,"SPOP"
"ENSG00000121067","patient1","XGBoost_SHAP","all",0.00136850839487672,"SPOP"
"ENSG00000121691","patient3","XGBoost_SHAP","all",0.000721873708025662,"CAT"
"ENSG00000121691","patient5","XGBoost_SHAP","all",0.00284211561335313,"CAT"
"ENSG00000121691","patient2","XGBoost_SHAP","all",0.000327802947366161,"CAT"
"ENSG00000121691","patient6","XGBoost_SHAP","all",0.000585033052663412,"CAT"
"ENSG00000121691","patient1","XGBoost_SHAP","all",0.00191369274586271,"CAT"
"ENSG00000121691","patient4","XGBoost_SHAP","all",0.00167521693340073,"CAT"
"ENSG00000121774","patient4","XGBoost_SHAP","all",0.00435685704145976,"KHDRBS1"
"ENSG00000121774","patient2","XGBoost_SHAP","all",0.00597209263011525,"KHDRBS1"
"ENSG00000121774","patient3","XGBoost_SHAP","all",0.00172663792823672,"KHDRBS1"
"ENSG00000121774","patient5","XGBoost_SHAP","all",0.00371231331748994,"KHDRBS1"
"ENSG00000121774","patient6","XGBoost_SHAP","all",0.00516865330091737,"KHDRBS1"
"ENSG00000121774","patient1","XGBoost_SHAP","all",0.00592688601068775,"KHDRBS1"
"ENSG00000121851","patient6","XGBoost_SHAP","all",0.00161887853476336,"POLR3GL"
"ENSG00000121851","patient1","XGBoost_SHAP","all",0.00137970555552119,"POLR3GL"
"ENSG00000121851","patient5","XGBoost_SHAP","all",0.000764468923788339,"POLR3GL"
"ENSG00000121851","patient3","XGBoost_SHAP","all",0.00141969278675183,"POLR3GL"
"ENSG00000121851","patient4","XGBoost_SHAP","all",0.000417533950314782,"POLR3GL"
"ENSG00000121851","patient2","XGBoost_SHAP","all",0.00126371427593418,"POLR3GL"
"ENSG00000121858","patient1","XGBoost_SHAP","all",0.00761019557295697,"TNFSF10"
"ENSG00000121858","patient4","XGBoost_SHAP","all",0.00484643272368967,"TNFSF10"
"ENSG00000121858","patient5","XGBoost_SHAP","all",0.013385322759029,"TNFSF10"
"ENSG00000121858","patient3","XGBoost_SHAP","all",0.0101431865722742,"TNFSF10"
"ENSG00000121858","patient2","XGBoost_SHAP","all",0.00457905131727464,"TNFSF10"
"ENSG00000121858","patient6","XGBoost_SHAP","all",0.00676627211311264,"TNFSF10"
"ENSG00000121898","patient1","XGBoost_SHAP","all",0.00146108781277754,"CPXM2"
"ENSG00000121898","patient3","XGBoost_SHAP","all",0.00208713560059616,"CPXM2"
"ENSG00000121898","patient5","XGBoost_SHAP","all",0.000677488821546986,"CPXM2"
"ENSG00000121898","patient6","XGBoost_SHAP","all",0.000346428009727936,"CPXM2"
"ENSG00000121898","patient4","XGBoost_SHAP","all",0.00650054415634302,"CPXM2"
"ENSG00000121898","patient2","XGBoost_SHAP","all",0.00329069207146193,"CPXM2"
"ENSG00000121966","patient5","XGBoost_SHAP","all",0.00342757302415223,"CXCR4"
"ENSG00000121966","patient1","XGBoost_SHAP","all",0.00876345407633216,"CXCR4"
"ENSG00000121966","patient6","XGBoost_SHAP","all",0.00629606831103578,"CXCR4"
"ENSG00000122033","patient5","XGBoost_SHAP","all",0.00158889758260238,"MTIF3"
"ENSG00000122033","patient3","XGBoost_SHAP","all",0.00204788501561171,"MTIF3"
"ENSG00000122033","patient4","XGBoost_SHAP","all",0.0036124791264495,"MTIF3"
"ENSG00000122033","patient1","XGBoost_SHAP","all",0.00238185166326611,"MTIF3"
"ENSG00000122033","patient6","XGBoost_SHAP","all",0.00126833058543343,"MTIF3"
"ENSG00000122033","patient2","XGBoost_SHAP","all",0.00283312648017836,"MTIF3"
"ENSG00000122034","patient6","XGBoost_SHAP","all",0.00178065982862795,"GTF3A"
"ENSG00000122034","patient4","XGBoost_SHAP","all",0.000748834800589989,"GTF3A"
"ENSG00000122034","patient3","XGBoost_SHAP","all",0.00169874146781573,"GTF3A"
"ENSG00000122034","patient5","XGBoost_SHAP","all",0.00253690007779879,"GTF3A"
"ENSG00000122034","patient2","XGBoost_SHAP","all",0.000680146917334849,"GTF3A"
"ENSG00000122034","patient1","XGBoost_SHAP","all",0.00231066385286974,"GTF3A"
"ENSG00000122176","patient6","XGBoost_SHAP","all",0.00413284621164813,"FMOD"
"ENSG00000122176","patient2","XGBoost_SHAP","all",0.00468731369712963,"FMOD"
"ENSG00000122176","patient1","XGBoost_SHAP","all",0.00435137174731486,"FMOD"
"ENSG00000122176","patient4","XGBoost_SHAP","all",0.00492488693157055,"FMOD"
"ENSG00000122176","patient5","XGBoost_SHAP","all",0.00302535326519508,"FMOD"
"ENSG00000122176","patient3","XGBoost_SHAP","all",0.00444761339791198,"FMOD"
"ENSG00000122257","patient1","XGBoost_SHAP","all",0.00150018111943342,"RBBP6"
"ENSG00000122257","patient4","XGBoost_SHAP","all",0.00119051186496168,"RBBP6"
"ENSG00000122257","patient3","XGBoost_SHAP","all",0.000861610478271635,"RBBP6"
"ENSG00000122359","patient3","XGBoost_SHAP","all",0.00462775900846348,"ANXA11"
"ENSG00000122359","patient2","XGBoost_SHAP","all",0.00429509184133091,"ANXA11"
"ENSG00000122359","patient6","XGBoost_SHAP","all",0.00267580391431809,"ANXA11"
"ENSG00000122359","patient4","XGBoost_SHAP","all",0.00400629331000762,"ANXA11"
"ENSG00000122359","patient5","XGBoost_SHAP","all",0.0031515908499993,"ANXA11"
"ENSG00000122359","patient1","XGBoost_SHAP","all",0.00301487947759178,"ANXA11"
"ENSG00000122378","patient6","XGBoost_SHAP","all",0.0086747406079663,"PRXL2A"
"ENSG00000122378","patient1","XGBoost_SHAP","all",0.00464953379630356,"PRXL2A"
"ENSG00000122378","patient2","XGBoost_SHAP","all",0.00553410462180796,"PRXL2A"
"ENSG00000122378","patient5","XGBoost_SHAP","all",0.00911727750603328,"PRXL2A"
"ENSG00000122378","patient4","XGBoost_SHAP","all",0.00901777577520005,"PRXL2A"
"ENSG00000122378","patient3","XGBoost_SHAP","all",0.00443460762920456,"PRXL2A"
"ENSG00000122565","patient2","XGBoost_SHAP","all",0.00277379815909354,"CBX3"
"ENSG00000122565","patient4","XGBoost_SHAP","all",0.00231052932300979,"CBX3"
"ENSG00000122565","patient3","XGBoost_SHAP","all",0.00256728460830466,"CBX3"
"ENSG00000122565","patient6","XGBoost_SHAP","all",0.00288050246993584,"CBX3"
"ENSG00000122565","patient1","XGBoost_SHAP","all",0.00221122665729364,"CBX3"
"ENSG00000122565","patient5","XGBoost_SHAP","all",0.00370055747848418,"CBX3"
"ENSG00000122642","patient3","XGBoost_SHAP","all",0.00411122420878788,"FKBP9"
"ENSG00000122642","patient2","XGBoost_SHAP","all",0.003606947005111,"FKBP9"
"ENSG00000122642","patient6","XGBoost_SHAP","all",0.00537960580180117,"FKBP9"
"ENSG00000122642","patient4","XGBoost_SHAP","all",0.00196644279695769,"FKBP9"
"ENSG00000122642","patient5","XGBoost_SHAP","all",0.00197770252229203,"FKBP9"
"ENSG00000122642","patient1","XGBoost_SHAP","all",0.00564934202787345,"FKBP9"
"ENSG00000122644","patient4","XGBoost_SHAP","all",0.00780459799319821,"ARL4A"
"ENSG00000122644","patient1","XGBoost_SHAP","all",0.00380702994397875,"ARL4A"
"ENSG00000122644","patient5","XGBoost_SHAP","all",0.00530370846452463,"ARL4A"
"ENSG00000122644","patient2","XGBoost_SHAP","all",0.0101211047083835,"ARL4A"
"ENSG00000122644","patient3","XGBoost_SHAP","all",0.0163379025398502,"ARL4A"
"ENSG00000122644","patient6","XGBoost_SHAP","all",0.0064225264172174,"ARL4A"
"ENSG00000122679","patient6","XGBoost_SHAP","all",0.00430133303282153,"RAMP3"
"ENSG00000122679","patient3","XGBoost_SHAP","all",0.012387332490294,"RAMP3"
"ENSG00000122679","patient4","XGBoost_SHAP","all",0.00939741478881142,"RAMP3"
"ENSG00000122679","patient5","XGBoost_SHAP","all",0.00918676144514057,"RAMP3"
"ENSG00000122679","patient1","XGBoost_SHAP","all",0.0086093783460824,"RAMP3"
"ENSG00000122679","patient2","XGBoost_SHAP","all",0.00780598591593503,"RAMP3"
"ENSG00000122694","patient3","XGBoost_SHAP","all",0.00157942162084082,"GLIPR2"
"ENSG00000122694","patient4","XGBoost_SHAP","all",0.000737858477352043,"GLIPR2"
"ENSG00000122694","patient6","XGBoost_SHAP","all",0.00140684073153053,"GLIPR2"
"ENSG00000122786","patient1","XGBoost_SHAP","all",0.0463644457925107,"CALD1"
"ENSG00000122786","patient6","XGBoost_SHAP","all",0.0475318043090784,"CALD1"
"ENSG00000122786","patient3","XGBoost_SHAP","all",0.0433081309654913,"CALD1"
"ENSG00000122786","patient4","XGBoost_SHAP","all",0.0357518327400057,"CALD1"
"ENSG00000122786","patient2","XGBoost_SHAP","all",0.0598871274267371,"CALD1"
"ENSG00000122786","patient5","XGBoost_SHAP","all",0.0636001908640622,"CALD1"
"ENSG00000122862","patient4","XGBoost_SHAP","all",0.0145650123919887,"SRGN"
"ENSG00000122862","patient5","XGBoost_SHAP","all",0.0453816610254548,"SRGN"
"ENSG00000122862","patient2","XGBoost_SHAP","all",0.0216361446931853,"SRGN"
"ENSG00000122862","patient1","XGBoost_SHAP","all",0.0244639711864756,"SRGN"
"ENSG00000122862","patient3","XGBoost_SHAP","all",0.0273769949925042,"SRGN"
"ENSG00000122862","patient6","XGBoost_SHAP","all",0.0233139434816795,"SRGN"
"ENSG00000122873","patient6","XGBoost_SHAP","all",0.00153143857589743,"CISD1"
"ENSG00000122873","patient5","XGBoost_SHAP","all",0.00361793550497183,"CISD1"
"ENSG00000122873","patient4","XGBoost_SHAP","all",0.00250095801031908,"CISD1"
"ENSG00000122873","patient3","XGBoost_SHAP","all",0.00195748827018545,"CISD1"
"ENSG00000122873","patient2","XGBoost_SHAP","all",0.00171293720153181,"CISD1"
"ENSG00000122884","patient1","XGBoost_SHAP","all",0.00258909186171034,"P4HA1"
"ENSG00000122884","patient2","XGBoost_SHAP","all",0.000810485160835567,"P4HA1"
"ENSG00000122884","patient4","XGBoost_SHAP","all",0.00146437044107265,"P4HA1"
"ENSG00000122884","patient3","XGBoost_SHAP","all",0.00108414111534814,"P4HA1"
"ENSG00000122884","patient6","XGBoost_SHAP","all",0.00149406662924655,"P4HA1"
"ENSG00000122884","patient5","XGBoost_SHAP","all",0.00200922040425937,"P4HA1"
"ENSG00000123066","patient1","XGBoost_SHAP","all",0.00196097919416207,"MED13L"
"ENSG00000123066","patient2","XGBoost_SHAP","all",0.000937422764868322,"MED13L"
"ENSG00000123066","patient4","XGBoost_SHAP","all",0.0011842145941919,"MED13L"
"ENSG00000123091","patient6","XGBoost_SHAP","all",0.000604623723618717,"RNF11"
"ENSG00000123091","patient1","XGBoost_SHAP","all",0.00115169948170172,"RNF11"
"ENSG00000123091","patient3","XGBoost_SHAP","all",0.000990444582826346,"RNF11"
"ENSG00000123091","patient2","XGBoost_SHAP","all",0.000887437903875541,"RNF11"
"ENSG00000123091","patient5","XGBoost_SHAP","all",0.00162342424119864,"RNF11"
"ENSG00000123096","patient2","XGBoost_SHAP","all",0.00184875680489494,"SSPN"
"ENSG00000123096","patient5","XGBoost_SHAP","all",0.00125792443997581,"SSPN"
"ENSG00000123096","patient1","XGBoost_SHAP","all",0.0011921172113974,"SSPN"
"ENSG00000123096","patient4","XGBoost_SHAP","all",0.00176935819631773,"SSPN"
"ENSG00000123096","patient6","XGBoost_SHAP","all",0.0017801318270711,"SSPN"
"ENSG00000123096","patient3","XGBoost_SHAP","all",0.00161109355366656,"SSPN"
"ENSG00000123104","patient4","XGBoost_SHAP","all",0.00515641815873843,"ITPR2"
"ENSG00000123104","patient1","XGBoost_SHAP","all",0.00186892258622909,"ITPR2"
"ENSG00000123104","patient2","XGBoost_SHAP","all",0.00186548423645143,"ITPR2"
"ENSG00000123104","patient3","XGBoost_SHAP","all",0.00401235045228285,"ITPR2"
"ENSG00000123104","patient5","XGBoost_SHAP","all",0.00293513571906077,"ITPR2"
"ENSG00000123104","patient6","XGBoost_SHAP","all",0.00266943878832422,"ITPR2"
"ENSG00000123131","patient5","XGBoost_SHAP","all",0.00601273856072337,"PRDX4"
"ENSG00000123131","patient1","XGBoost_SHAP","all",0.00311573852829799,"PRDX4"
"ENSG00000123131","patient3","XGBoost_SHAP","all",0.0069976238189232,"PRDX4"
"ENSG00000123131","patient6","XGBoost_SHAP","all",0.0081739821942089,"PRDX4"
"ENSG00000123131","patient4","XGBoost_SHAP","all",0.0098136562555968,"PRDX4"
"ENSG00000123131","patient2","XGBoost_SHAP","all",0.00570282329577758,"PRDX4"
"ENSG00000123179","patient5","XGBoost_SHAP","all",0.00276075478098444,"EBPL"
"ENSG00000123179","patient4","XGBoost_SHAP","all",0.00113605325187054,"EBPL"
"ENSG00000123179","patient2","XGBoost_SHAP","all",0.00168480375144399,"EBPL"
"ENSG00000123179","patient1","XGBoost_SHAP","all",0.00166613185904006,"EBPL"
"ENSG00000123200","patient4","XGBoost_SHAP","all",0.00176983689579109,"ZC3H13"
"ENSG00000123200","patient6","XGBoost_SHAP","all",0.00147999191717588,"ZC3H13"
"ENSG00000123200","patient5","XGBoost_SHAP","all",0.00224814204431817,"ZC3H13"
"ENSG00000123200","patient2","XGBoost_SHAP","all",0.00263984850366308,"ZC3H13"
"ENSG00000123200","patient1","XGBoost_SHAP","all",0.00159799517828167,"ZC3H13"
"ENSG00000123200","patient3","XGBoost_SHAP","all",0.00147970787197529,"ZC3H13"
"ENSG00000123240","patient3","XGBoost_SHAP","all",0.0058196528366575,"OPTN"
"ENSG00000123240","patient4","XGBoost_SHAP","all",0.00288814458464429,"OPTN"
"ENSG00000123240","patient6","XGBoost_SHAP","all",0.0017991649925019,"OPTN"
"ENSG00000123240","patient1","XGBoost_SHAP","all",0.00223731774009688,"OPTN"
"ENSG00000123240","patient5","XGBoost_SHAP","all",0.00252053861316317,"OPTN"
"ENSG00000123240","patient2","XGBoost_SHAP","all",0.00416314333866417,"OPTN"
"ENSG00000123358","patient4","XGBoost_SHAP","all",0.0270213059816046,"NR4A1"
"ENSG00000123358","patient2","XGBoost_SHAP","all",0.0363288033388926,"NR4A1"
"ENSG00000123358","patient3","XGBoost_SHAP","all",0.0255409350775179,"NR4A1"
"ENSG00000123358","patient6","XGBoost_SHAP","all",0.0281744449690771,"NR4A1"
"ENSG00000123358","patient1","XGBoost_SHAP","all",0.0294547781272192,"NR4A1"
"ENSG00000123358","patient5","XGBoost_SHAP","all",0.0224051949055138,"NR4A1"
"ENSG00000123384","patient4","XGBoost_SHAP","all",0.0552443087981032,"LRP1"
"ENSG00000123384","patient6","XGBoost_SHAP","all",0.0539696798703736,"LRP1"
"ENSG00000123384","patient2","XGBoost_SHAP","all",0.0711583000621273,"LRP1"
"ENSG00000123384","patient3","XGBoost_SHAP","all",0.0551194530313702,"LRP1"
"ENSG00000123384","patient1","XGBoost_SHAP","all",0.0349149339171287,"LRP1"
"ENSG00000123384","patient5","XGBoost_SHAP","all",0.0491438532315141,"LRP1"
"ENSG00000123416","patient2","XGBoost_SHAP","all",0.00893939607197274,"TUBA1B"
"ENSG00000123416","patient1","XGBoost_SHAP","all",0.0100611958291921,"TUBA1B"
"ENSG00000123416","patient3","XGBoost_SHAP","all",0.00746779430341009,"TUBA1B"
"ENSG00000123416","patient4","XGBoost_SHAP","all",0.0147044031262649,"TUBA1B"
"ENSG00000123416","patient6","XGBoost_SHAP","all",0.00946021974492056,"TUBA1B"
"ENSG00000123416","patient5","XGBoost_SHAP","all",0.0136741726685249,"TUBA1B"
"ENSG00000123505","patient2","XGBoost_SHAP","all",0.00150890776908921,"AMD1"
"ENSG00000123505","patient6","XGBoost_SHAP","all",0.00188896663616035,"AMD1"
"ENSG00000123505","patient4","XGBoost_SHAP","all",0.0020333557473047,"AMD1"
"ENSG00000123505","patient3","XGBoost_SHAP","all",0.00190575601644375,"AMD1"
"ENSG00000123505","patient1","XGBoost_SHAP","all",0.00109250572921278,"AMD1"
"ENSG00000123505","patient5","XGBoost_SHAP","all",0.00117642296632192,"AMD1"
"ENSG00000123562","patient1","XGBoost_SHAP","all",0.00179455914973853,"MORF4L2"
"ENSG00000123562","patient6","XGBoost_SHAP","all",0.00425691821327147,"MORF4L2"
"ENSG00000123562","patient2","XGBoost_SHAP","all",0.00131885263166837,"MORF4L2"
"ENSG00000123562","patient5","XGBoost_SHAP","all",0.000949746132508132,"MORF4L2"
"ENSG00000123562","patient3","XGBoost_SHAP","all",0.00272437584305348,"MORF4L2"
"ENSG00000123562","patient4","XGBoost_SHAP","all",0.00183297403086486,"MORF4L2"
"ENSG00000123636","patient4","XGBoost_SHAP","all",0.00267462264204003,"BAZ2B"
"ENSG00000123636","patient2","XGBoost_SHAP","all",0.00241438501124023,"BAZ2B"
"ENSG00000123636","patient6","XGBoost_SHAP","all",0.0028466945639157,"BAZ2B"
"ENSG00000123636","patient3","XGBoost_SHAP","all",0.00297562497112938,"BAZ2B"
"ENSG00000123636","patient1","XGBoost_SHAP","all",0.00109321294796066,"BAZ2B"
"ENSG00000123636","patient5","XGBoost_SHAP","all",0.00348283139213096,"BAZ2B"
"ENSG00000123933","patient1","XGBoost_SHAP","all",0.00151172805592858,"MXD4"
"ENSG00000123933","patient3","XGBoost_SHAP","all",0.00121559398980994,"MXD4"
"ENSG00000123933","patient6","XGBoost_SHAP","all",0.00109547726896228,"MXD4"
"ENSG00000123933","patient2","XGBoost_SHAP","all",0.00063580252647748,"MXD4"
"ENSG00000123933","patient5","XGBoost_SHAP","all",0.000635980325093739,"MXD4"
"ENSG00000123933","patient4","XGBoost_SHAP","all",0.00140980195609033,"MXD4"
"ENSG00000123983","patient2","XGBoost_SHAP","all",0.00375815360462677,"ACSL3"
"ENSG00000123983","patient3","XGBoost_SHAP","all",0.00258148490904774,"ACSL3"
"ENSG00000123983","patient1","XGBoost_SHAP","all",0.00183690600777479,"ACSL3"
"ENSG00000123983","patient6","XGBoost_SHAP","all",0.00412436928689225,"ACSL3"
"ENSG00000123983","patient4","XGBoost_SHAP","all",0.00365482886389878,"ACSL3"
"ENSG00000124107","patient4","XGBoost_SHAP","all",0.00238440454806654,"SLPI"
"ENSG00000124155","patient1","XGBoost_SHAP","all",0.00320625878699976,"PIGT"
"ENSG00000124155","patient2","XGBoost_SHAP","all",0.00149965048402044,"PIGT"
"ENSG00000124155","patient3","XGBoost_SHAP","all",0.00121326227636972,"PIGT"
"ENSG00000124155","patient6","XGBoost_SHAP","all",0.00328736609820762,"PIGT"
"ENSG00000124155","patient5","XGBoost_SHAP","all",0.00109746930838993,"PIGT"
"ENSG00000124155","patient4","XGBoost_SHAP","all",0.00153722802763029,"PIGT"
"ENSG00000124212","patient1","XGBoost_SHAP","all",0.0151883482477181,"PTGIS"
"ENSG00000124212","patient3","XGBoost_SHAP","all",0.0114059045584077,"PTGIS"
"ENSG00000124212","patient6","XGBoost_SHAP","all",0.0138209346647229,"PTGIS"
"ENSG00000124212","patient4","XGBoost_SHAP","all",0.0120826520241221,"PTGIS"
"ENSG00000124212","patient2","XGBoost_SHAP","all",0.0116677611076725,"PTGIS"
"ENSG00000124212","patient5","XGBoost_SHAP","all",0.0162982545851288,"PTGIS"
"ENSG00000124214","patient3","XGBoost_SHAP","all",0.00127974011945962,"STAU1"
"ENSG00000124214","patient2","XGBoost_SHAP","all",0.00293379419056384,"STAU1"
"ENSG00000124214","patient5","XGBoost_SHAP","all",0.00286700729078436,"STAU1"
"ENSG00000124214","patient1","XGBoost_SHAP","all",0.00300986296955794,"STAU1"
"ENSG00000124214","patient4","XGBoost_SHAP","all",0.00440276915128324,"STAU1"
"ENSG00000124214","patient6","XGBoost_SHAP","all",0.0043731403466117,"STAU1"
"ENSG00000124225","patient4","XGBoost_SHAP","all",0.00686252239887397,"PMEPA1"
"ENSG00000124225","patient3","XGBoost_SHAP","all",0.00512603445464887,"PMEPA1"
"ENSG00000124225","patient5","XGBoost_SHAP","all",0.00643752853869152,"PMEPA1"
"ENSG00000124225","patient6","XGBoost_SHAP","all",0.00347674967618947,"PMEPA1"
"ENSG00000124225","patient1","XGBoost_SHAP","all",0.00278884893303101,"PMEPA1"
"ENSG00000124225","patient2","XGBoost_SHAP","all",0.00602827545637243,"PMEPA1"
"ENSG00000124299","patient6","XGBoost_SHAP","all",0.00133743599171674,"PEPD"
"ENSG00000124299","patient4","XGBoost_SHAP","all",0.00458142497982807,"PEPD"
"ENSG00000124299","patient3","XGBoost_SHAP","all",0.00216542223266637,"PEPD"
"ENSG00000124299","patient1","XGBoost_SHAP","all",0.000711183192827465,"PEPD"
"ENSG00000124299","patient2","XGBoost_SHAP","all",0.00236106954912362,"PEPD"
"ENSG00000124299","patient5","XGBoost_SHAP","all",0.00186006702508767,"PEPD"
"ENSG00000124357","patient2","XGBoost_SHAP","all",0.000681575589267755,"NAGK"
"ENSG00000124357","patient3","XGBoost_SHAP","all",0.000945184172911759,"NAGK"
"ENSG00000124357","patient1","XGBoost_SHAP","all",0.00077695590959985,"NAGK"
"ENSG00000124357","patient5","XGBoost_SHAP","all",0.00146215550686367,"NAGK"
"ENSG00000124357","patient6","XGBoost_SHAP","all",0.000534429081302006,"NAGK"
"ENSG00000124357","patient4","XGBoost_SHAP","all",0.0011427945642378,"NAGK"
"ENSG00000124491","patient5","XGBoost_SHAP","all",0.0117370152086953,"F13A1"
"ENSG00000124491","patient3","XGBoost_SHAP","all",0.0388625937023879,"F13A1"
"ENSG00000124491","patient1","XGBoost_SHAP","all",0.0343860669177959,"F13A1"
"ENSG00000124491","patient6","XGBoost_SHAP","all",0.0186690719038956,"F13A1"
"ENSG00000124491","patient4","XGBoost_SHAP","all",0.0221885353612581,"F13A1"
"ENSG00000124491","patient2","XGBoost_SHAP","all",0.00261489356821921,"F13A1"
"ENSG00000124562","patient1","XGBoost_SHAP","all",0.0008193543763573,"SNRPC"
"ENSG00000124562","patient2","XGBoost_SHAP","all",0.00174852311148604,"SNRPC"
"ENSG00000124562","patient5","XGBoost_SHAP","all",0.000744327661841432,"SNRPC"
"ENSG00000124562","patient4","XGBoost_SHAP","all",0.00155154974613056,"SNRPC"
"ENSG00000124562","patient6","XGBoost_SHAP","all",0.00121781809213769,"SNRPC"
"ENSG00000124562","patient3","XGBoost_SHAP","all",0.000993210127860957,"SNRPC"
"ENSG00000124570","patient1","XGBoost_SHAP","all",0.00236198657102248,"SERPINB6"
"ENSG00000124570","patient6","XGBoost_SHAP","all",0.0035556928520576,"SERPINB6"
"ENSG00000124570","patient4","XGBoost_SHAP","all",0.00178135491230938,"SERPINB6"
"ENSG00000124570","patient2","XGBoost_SHAP","all",0.00317027656727905,"SERPINB6"
"ENSG00000124570","patient3","XGBoost_SHAP","all",0.00436355911711982,"SERPINB6"
"ENSG00000124570","patient5","XGBoost_SHAP","all",0.0053610310291632,"SERPINB6"
"ENSG00000124749","patient1","XGBoost_SHAP","all",0.00175152271339658,"COL21A1"
"ENSG00000124749","patient3","XGBoost_SHAP","all",0.000973992647903899,"COL21A1"
"ENSG00000124749","patient2","XGBoost_SHAP","all",0.000693652678707912,"COL21A1"
"ENSG00000124762","patient2","XGBoost_SHAP","all",0.00398813867308299,"CDKN1A"
"ENSG00000124762","patient3","XGBoost_SHAP","all",0.00752291721324716,"CDKN1A"
"ENSG00000124762","patient4","XGBoost_SHAP","all",0.0083309871204376,"CDKN1A"
"ENSG00000124762","patient6","XGBoost_SHAP","all",0.00768966230817509,"CDKN1A"
"ENSG00000124762","patient5","XGBoost_SHAP","all",0.00686970450820174,"CDKN1A"
"ENSG00000124762","patient1","XGBoost_SHAP","all",0.0127793319304864,"CDKN1A"
"ENSG00000124766","patient4","XGBoost_SHAP","all",0.00851619797518177,"SOX4"
"ENSG00000124766","patient1","XGBoost_SHAP","all",0.00386666667207588,"SOX4"
"ENSG00000124766","patient6","XGBoost_SHAP","all",0.0019733837542993,"SOX4"
"ENSG00000124766","patient2","XGBoost_SHAP","all",0.00301825984159646,"SOX4"
"ENSG00000124766","patient3","XGBoost_SHAP","all",0.00337881783547887,"SOX4"
"ENSG00000124766","patient5","XGBoost_SHAP","all",0.0051740513253353,"SOX4"
"ENSG00000124767","patient6","XGBoost_SHAP","all",0.00376935096959041,"GLO1"
"ENSG00000124767","patient1","XGBoost_SHAP","all",0.00711979185972138,"GLO1"
"ENSG00000124767","patient3","XGBoost_SHAP","all",0.00250784571278789,"GLO1"
"ENSG00000124767","patient5","XGBoost_SHAP","all",0.00306128161466405,"GLO1"
"ENSG00000124767","patient2","XGBoost_SHAP","all",0.00314327536163733,"GLO1"
"ENSG00000124767","patient4","XGBoost_SHAP","all",0.00353570481716688,"GLO1"
"ENSG00000124783","patient2","XGBoost_SHAP","all",0.00117146147572264,"SSR1"
"ENSG00000124783","patient3","XGBoost_SHAP","all",0.00767618146859542,"SSR1"
"ENSG00000124783","patient5","XGBoost_SHAP","all",0.00453279903337608,"SSR1"
"ENSG00000124783","patient6","XGBoost_SHAP","all",0.00601549214755735,"SSR1"
"ENSG00000124783","patient1","XGBoost_SHAP","all",0.00440833555100088,"SSR1"
"ENSG00000124783","patient4","XGBoost_SHAP","all",0.0039656301680619,"SSR1"
"ENSG00000124831","patient2","XGBoost_SHAP","all",0.00470910503924714,"LRRFIP1"
"ENSG00000124831","patient4","XGBoost_SHAP","all",0.00505172193473283,"LRRFIP1"
"ENSG00000124831","patient5","XGBoost_SHAP","all",0.00587216749084122,"LRRFIP1"
"ENSG00000124831","patient3","XGBoost_SHAP","all",0.00409832924863101,"LRRFIP1"
"ENSG00000124831","patient1","XGBoost_SHAP","all",0.00277692791280792,"LRRFIP1"
"ENSG00000124831","patient6","XGBoost_SHAP","all",0.00240379675214076,"LRRFIP1"
"ENSG00000125037","patient5","XGBoost_SHAP","all",0.00118948756456422,"EMC3"
"ENSG00000125148","patient1","XGBoost_SHAP","all",0.0110852305551549,"MT2A"
"ENSG00000125148","patient6","XGBoost_SHAP","all",0.012321288706777,"MT2A"
"ENSG00000125148","patient3","XGBoost_SHAP","all",0.0139791629053105,"MT2A"
"ENSG00000125148","patient2","XGBoost_SHAP","all",0.0116875752310515,"MT2A"
"ENSG00000125148","patient5","XGBoost_SHAP","all",0.0091891454814855,"MT2A"
"ENSG00000125148","patient4","XGBoost_SHAP","all",0.00984058079520757,"MT2A"
"ENSG00000125304","patient3","XGBoost_SHAP","all",0.000716747938537676,"TM9SF2"
"ENSG00000125304","patient2","XGBoost_SHAP","all",0.00072838187329458,"TM9SF2"
"ENSG00000125304","patient4","XGBoost_SHAP","all",0.0023953268394653,"TM9SF2"
"ENSG00000125304","patient6","XGBoost_SHAP","all",0.000635421936071304,"TM9SF2"
"ENSG00000125304","patient1","XGBoost_SHAP","all",0.000616137730466405,"TM9SF2"
"ENSG00000125304","patient5","XGBoost_SHAP","all",0.00132720407665391,"TM9SF2"
"ENSG00000125347","patient1","XGBoost_SHAP","all",0.00284931798838446,"IRF1"
"ENSG00000125347","patient2","XGBoost_SHAP","all",0.00760175979502158,"IRF1"
"ENSG00000125347","patient6","XGBoost_SHAP","all",0.00309034043337847,"IRF1"
"ENSG00000125347","patient5","XGBoost_SHAP","all",0.00200627121544408,"IRF1"
"ENSG00000125347","patient4","XGBoost_SHAP","all",0.00201762217528512,"IRF1"
"ENSG00000125347","patient3","XGBoost_SHAP","all",0.00219939421448486,"IRF1"
"ENSG00000125458","patient2","XGBoost_SHAP","all",0.00197504112589251,"NT5C"
"ENSG00000125458","patient3","XGBoost_SHAP","all",0.0026579815046717,"NT5C"
"ENSG00000125458","patient5","XGBoost_SHAP","all",0.00153401436932597,"NT5C"
"ENSG00000125458","patient4","XGBoost_SHAP","all",0.00437026412733115,"NT5C"
"ENSG00000125458","patient1","XGBoost_SHAP","all",0.00103581732509338,"NT5C"
"ENSG00000125458","patient6","XGBoost_SHAP","all",0.00253859311835792,"NT5C"
"ENSG00000125652","patient5","XGBoost_SHAP","all",0.00164098189926214,"ALKBH7"
"ENSG00000125652","patient1","XGBoost_SHAP","all",0.00213000156909646,"ALKBH7"
"ENSG00000125652","patient4","XGBoost_SHAP","all",0.0020756243352128,"ALKBH7"
"ENSG00000125652","patient3","XGBoost_SHAP","all",0.00179229493620454,"ALKBH7"
"ENSG00000125652","patient2","XGBoost_SHAP","all",0.00113523821323208,"ALKBH7"
"ENSG00000125652","patient6","XGBoost_SHAP","all",0.00124591382770815,"ALKBH7"
"ENSG00000125676","patient5","XGBoost_SHAP","all",0.00401118512872919,"THOC2"
"ENSG00000125676","patient3","XGBoost_SHAP","all",0.00184202444460875,"THOC2"
"ENSG00000125676","patient1","XGBoost_SHAP","all",0.00478833378251889,"THOC2"
"ENSG00000125676","patient2","XGBoost_SHAP","all",0.00442458518546965,"THOC2"
"ENSG00000125676","patient6","XGBoost_SHAP","all",0.00247386334861861,"THOC2"
"ENSG00000125676","patient4","XGBoost_SHAP","all",0.00409505228060887,"THOC2"
"ENSG00000125730","patient2","XGBoost_SHAP","all",0.00470643486334778,"C3"
"ENSG00000125730","patient5","XGBoost_SHAP","all",0.00558155208842718,"C3"
"ENSG00000125730","patient4","XGBoost_SHAP","all",0.00587643366312446,"C3"
"ENSG00000125730","patient6","XGBoost_SHAP","all",0.00297191372243536,"C3"
"ENSG00000125730","patient1","XGBoost_SHAP","all",0.00392956246968734,"C3"
"ENSG00000125730","patient3","XGBoost_SHAP","all",0.00352200120453805,"C3"
"ENSG00000125740","patient3","XGBoost_SHAP","all",0.0205521022824323,"FOSB"
"ENSG00000125740","patient1","XGBoost_SHAP","all",0.0322295815824591,"FOSB"
"ENSG00000125740","patient4","XGBoost_SHAP","all",0.00291362657220645,"FOSB"
"ENSG00000125740","patient2","XGBoost_SHAP","all",0.030595124543506,"FOSB"
"ENSG00000125740","patient6","XGBoost_SHAP","all",0.0208718418852061,"FOSB"
"ENSG00000125740","patient5","XGBoost_SHAP","all",0.0127977918360725,"FOSB"
"ENSG00000125753","patient6","XGBoost_SHAP","all",0.010489570283719,"VASP"
"ENSG00000125753","patient2","XGBoost_SHAP","all",0.00649061681272853,"VASP"
"ENSG00000125753","patient1","XGBoost_SHAP","all",0.00431128640495585,"VASP"
"ENSG00000125753","patient4","XGBoost_SHAP","all",0.00608345353668188,"VASP"
"ENSG00000125753","patient5","XGBoost_SHAP","all",0.00763391714276706,"VASP"
"ENSG00000125753","patient3","XGBoost_SHAP","all",0.00743848832176097,"VASP"
"ENSG00000125810","patient6","XGBoost_SHAP","all",0.0224616005797844,"CD93"
"ENSG00000125810","patient2","XGBoost_SHAP","all",0.0172842038609495,"CD93"
"ENSG00000125810","patient1","XGBoost_SHAP","all",0.0253554034351205,"CD93"
"ENSG00000125810","patient3","XGBoost_SHAP","all",0.019962479540874,"CD93"
"ENSG00000125810","patient4","XGBoost_SHAP","all",0.0224769924920068,"CD93"
"ENSG00000125810","patient5","XGBoost_SHAP","all",0.0259872785278812,"CD93"
"ENSG00000125818","patient6","XGBoost_SHAP","all",0.00575957560368871,"PSMF1"
"ENSG00000125818","patient1","XGBoost_SHAP","all",0.00141339976353936,"PSMF1"
"ENSG00000125818","patient3","XGBoost_SHAP","all",0.000460555381646063,"PSMF1"
"ENSG00000125818","patient5","XGBoost_SHAP","all",0.00147633470081075,"PSMF1"
"ENSG00000125818","patient4","XGBoost_SHAP","all",0.00227175168396206,"PSMF1"
"ENSG00000125818","patient2","XGBoost_SHAP","all",0.0015596568610405,"PSMF1"
"ENSG00000125827","patient5","XGBoost_SHAP","all",0.00153103302400155,"TMX4"
"ENSG00000125827","patient3","XGBoost_SHAP","all",0.00554669517161718,"TMX4"
"ENSG00000125827","patient6","XGBoost_SHAP","all",0.00304840240747462,"TMX4"
"ENSG00000125827","patient1","XGBoost_SHAP","all",0.00546130798791634,"TMX4"
"ENSG00000125827","patient2","XGBoost_SHAP","all",0.0055833070311564,"TMX4"
"ENSG00000125827","patient4","XGBoost_SHAP","all",0.00513515164389064,"TMX4"
"ENSG00000125835","patient6","XGBoost_SHAP","all",0.000735920098015413,"SNRPB"
"ENSG00000125835","patient3","XGBoost_SHAP","all",0.0032152103681971,"SNRPB"
"ENSG00000125835","patient4","XGBoost_SHAP","all",0.00148594747845167,"SNRPB"
"ENSG00000125835","patient5","XGBoost_SHAP","all",0.00214412809244574,"SNRPB"
"ENSG00000125835","patient2","XGBoost_SHAP","all",0.0022467865128334,"SNRPB"
"ENSG00000125835","patient1","XGBoost_SHAP","all",0.000852155823144193,"SNRPB"
"ENSG00000125844","patient2","XGBoost_SHAP","all",0.00235806065009213,"RRBP1"
"ENSG00000125844","patient4","XGBoost_SHAP","all",0.00405350543220035,"RRBP1"
"ENSG00000125844","patient5","XGBoost_SHAP","all",0.00300704781361488,"RRBP1"
"ENSG00000125844","patient1","XGBoost_SHAP","all",0.00314692519850123,"RRBP1"
"ENSG00000125844","patient3","XGBoost_SHAP","all",0.00141772172765378,"RRBP1"
"ENSG00000125844","patient6","XGBoost_SHAP","all",0.00205801693621593,"RRBP1"
"ENSG00000125868","patient6","XGBoost_SHAP","all",0.0165290740502797,"DSTN"
"ENSG00000125868","patient3","XGBoost_SHAP","all",0.0347758606302947,"DSTN"
"ENSG00000125868","patient2","XGBoost_SHAP","all",0.0241122685077909,"DSTN"
"ENSG00000125868","patient1","XGBoost_SHAP","all",0.0392856402384103,"DSTN"
"ENSG00000125868","patient4","XGBoost_SHAP","all",0.0376180703276678,"DSTN"
"ENSG00000125868","patient5","XGBoost_SHAP","all",0.0270346377824835,"DSTN"
"ENSG00000125870","patient4","XGBoost_SHAP","all",0.00685255987808113,"SNRPB2"
"ENSG00000125870","patient1","XGBoost_SHAP","all",0.00363639406709989,"SNRPB2"
"ENSG00000125870","patient5","XGBoost_SHAP","all",0.00532655176503128,"SNRPB2"
"ENSG00000125870","patient2","XGBoost_SHAP","all",0.00610138325777368,"SNRPB2"
"ENSG00000125870","patient6","XGBoost_SHAP","all",0.00584399385163471,"SNRPB2"
"ENSG00000125870","patient3","XGBoost_SHAP","all",0.00513845760466453,"SNRPB2"
"ENSG00000125901","patient6","XGBoost_SHAP","all",0.00468520699142049,"MRPS26"
"ENSG00000125901","patient2","XGBoost_SHAP","all",0.00397498401882245,"MRPS26"
"ENSG00000125901","patient3","XGBoost_SHAP","all",0.00578382427091362,"MRPS26"
"ENSG00000125901","patient1","XGBoost_SHAP","all",0.00215364542196096,"MRPS26"
"ENSG00000125901","patient5","XGBoost_SHAP","all",0.00188349860987846,"MRPS26"
"ENSG00000125944","patient1","XGBoost_SHAP","all",0.00455649753927525,"HNRNPR"
"ENSG00000125944","patient2","XGBoost_SHAP","all",0.00263387773005312,"HNRNPR"
"ENSG00000125944","patient5","XGBoost_SHAP","all",0.00211918559078553,"HNRNPR"
"ENSG00000125944","patient4","XGBoost_SHAP","all",0.0014328833412795,"HNRNPR"
"ENSG00000125944","patient3","XGBoost_SHAP","all",0.00179440252519875,"HNRNPR"
"ENSG00000125944","patient6","XGBoost_SHAP","all",0.00331703066166784,"HNRNPR"
"ENSG00000125968","patient6","XGBoost_SHAP","all",0.0394696065287042,"ID1"
"ENSG00000125968","patient5","XGBoost_SHAP","all",0.0457079925734886,"ID1"
"ENSG00000125968","patient1","XGBoost_SHAP","all",0.0322264647398168,"ID1"
"ENSG00000125968","patient3","XGBoost_SHAP","all",0.0315926069516417,"ID1"
"ENSG00000125968","patient2","XGBoost_SHAP","all",0.0452227859608725,"ID1"
"ENSG00000125968","patient4","XGBoost_SHAP","all",0.0415164046800974,"ID1"
"ENSG00000125970","patient3","XGBoost_SHAP","all",0.00185695770180433,"RALY"
"ENSG00000125970","patient1","XGBoost_SHAP","all",0.00127273925493727,"RALY"
"ENSG00000125970","patient5","XGBoost_SHAP","all",0.0009623962228901,"RALY"
"ENSG00000125970","patient4","XGBoost_SHAP","all",0.00049460612988454,"RALY"
"ENSG00000125970","patient6","XGBoost_SHAP","all",0.00193484926759267,"RALY"
"ENSG00000125970","patient2","XGBoost_SHAP","all",0.00120727405565561,"RALY"
"ENSG00000125977","patient3","XGBoost_SHAP","all",0.00158985592601672,"EIF2S2"
"ENSG00000125977","patient5","XGBoost_SHAP","all",0.00134246915331365,"EIF2S2"
"ENSG00000125977","patient6","XGBoost_SHAP","all",0.00140675778030224,"EIF2S2"
"ENSG00000125977","patient1","XGBoost_SHAP","all",0.00137733760568092,"EIF2S2"
"ENSG00000125977","patient2","XGBoost_SHAP","all",0.00296174768750877,"EIF2S2"
"ENSG00000125991","patient6","XGBoost_SHAP","all",0.00178749415209714,"ERGIC3"
"ENSG00000125991","patient5","XGBoost_SHAP","all",0.00161536321464884,"ERGIC3"
"ENSG00000125991","patient1","XGBoost_SHAP","all",0.000864990621341349,"ERGIC3"
"ENSG00000125991","patient3","XGBoost_SHAP","all",0.00103444831182483,"ERGIC3"
"ENSG00000125991","patient4","XGBoost_SHAP","all",0.000717041566602978,"ERGIC3"
"ENSG00000125991","patient2","XGBoost_SHAP","all",0.00175728239856021,"ERGIC3"
"ENSG00000125995","patient2","XGBoost_SHAP","all",0.00248217310304602,"ROMO1"
"ENSG00000125995","patient5","XGBoost_SHAP","all",0.00298811646985271,"ROMO1"
"ENSG00000125995","patient6","XGBoost_SHAP","all",0.00152958756446365,"ROMO1"
"ENSG00000125995","patient1","XGBoost_SHAP","all",0.00177839936279879,"ROMO1"
"ENSG00000125995","patient4","XGBoost_SHAP","all",0.0016585189748257,"ROMO1"
"ENSG00000125995","patient3","XGBoost_SHAP","all",0.00202753764788453,"ROMO1"
"ENSG00000126005","patient2","XGBoost_SHAP","all",0.00327841536942685,"MMP24OS"
"ENSG00000126005","patient1","XGBoost_SHAP","all",0.0086023025716856,"MMP24OS"
"ENSG00000126005","patient3","XGBoost_SHAP","all",0.0020687955389227,"MMP24OS"
"ENSG00000126005","patient4","XGBoost_SHAP","all",0.00199974794236936,"MMP24OS"
"ENSG00000126005","patient5","XGBoost_SHAP","all",0.00411505290991045,"MMP24OS"
"ENSG00000126005","patient6","XGBoost_SHAP","all",0.00560428658585344,"MMP24OS"
"ENSG00000126067","patient5","XGBoost_SHAP","all",0.00220294203658276,"PSMB2"
"ENSG00000126067","patient2","XGBoost_SHAP","all",0.00361470145006622,"PSMB2"
"ENSG00000126067","patient6","XGBoost_SHAP","all",0.00210032148154037,"PSMB2"
"ENSG00000126067","patient4","XGBoost_SHAP","all",0.00179998417047236,"PSMB2"
"ENSG00000126067","patient1","XGBoost_SHAP","all",0.00257862478547635,"PSMB2"
"ENSG00000126067","patient3","XGBoost_SHAP","all",0.000770673003489121,"PSMB2"
"ENSG00000126247","patient2","XGBoost_SHAP","all",0.0015624199248353,"CAPNS1"
"ENSG00000126247","patient3","XGBoost_SHAP","all",0.0023827668874601,"CAPNS1"
"ENSG00000126247","patient6","XGBoost_SHAP","all",0.00226075354807713,"CAPNS1"
"ENSG00000126247","patient1","XGBoost_SHAP","all",0.00186156000401995,"CAPNS1"
"ENSG00000126247","patient4","XGBoost_SHAP","all",0.00113583636171021,"CAPNS1"
"ENSG00000126247","patient5","XGBoost_SHAP","all",0.00116496540247198,"CAPNS1"
"ENSG00000126261","patient5","XGBoost_SHAP","all",0.00126756780039554,"UBA2"
"ENSG00000126261","patient6","XGBoost_SHAP","all",0.00273862403431443,"UBA2"
"ENSG00000126261","patient1","XGBoost_SHAP","all",0.00207375947672029,"UBA2"
"ENSG00000126261","patient2","XGBoost_SHAP","all",0.00286171511716563,"UBA2"
"ENSG00000126261","patient4","XGBoost_SHAP","all",0.0023969042926947,"UBA2"
"ENSG00000126261","patient3","XGBoost_SHAP","all",0.00135762294611772,"UBA2"
"ENSG00000126264","patient6","XGBoost_SHAP","all",0.00808038608440454,"HCST"
"ENSG00000126264","patient2","XGBoost_SHAP","all",0.00742080605493664,"HCST"
"ENSG00000126264","patient4","XGBoost_SHAP","all",0.00483909210133907,"HCST"
"ENSG00000126264","patient5","XGBoost_SHAP","all",0.00591984611997235,"HCST"
"ENSG00000126264","patient1","XGBoost_SHAP","all",0.0044393415632439,"HCST"
"ENSG00000126264","patient3","XGBoost_SHAP","all",0.0015917207274955,"HCST"
"ENSG00000126351","patient4","XGBoost_SHAP","all",0.0044852134483573,"THRA"
"ENSG00000126351","patient1","XGBoost_SHAP","all",0.00172444731278787,"THRA"
"ENSG00000126351","patient5","XGBoost_SHAP","all",0.00291531570040442,"THRA"
"ENSG00000126351","patient6","XGBoost_SHAP","all",0.00144304805276393,"THRA"
"ENSG00000126351","patient2","XGBoost_SHAP","all",0.00402458339363788,"THRA"
"ENSG00000126351","patient3","XGBoost_SHAP","all",0.00102917946719905,"THRA"
"ENSG00000126457","patient2","XGBoost_SHAP","all",0.00644982680272214,"PRMT1"
"ENSG00000126457","patient4","XGBoost_SHAP","all",0.00388048089358434,"PRMT1"
"ENSG00000126457","patient3","XGBoost_SHAP","all",0.0112973287586016,"PRMT1"
"ENSG00000126457","patient1","XGBoost_SHAP","all",0.0105185495552373,"PRMT1"
"ENSG00000126457","patient6","XGBoost_SHAP","all",0.0086916586627813,"PRMT1"
"ENSG00000126457","patient5","XGBoost_SHAP","all",0.00997338408012759,"PRMT1"
"ENSG00000126458","patient3","XGBoost_SHAP","all",0.00253766998939003,"RRAS"
"ENSG00000126458","patient5","XGBoost_SHAP","all",0.00286881677788854,"RRAS"
"ENSG00000126458","patient4","XGBoost_SHAP","all",0.00109323867325901,"RRAS"
"ENSG00000126458","patient6","XGBoost_SHAP","all",0.00354338731748728,"RRAS"
"ENSG00000126458","patient2","XGBoost_SHAP","all",0.00195557402838618,"RRAS"
"ENSG00000126458","patient1","XGBoost_SHAP","all",0.00331494194748301,"RRAS"
"ENSG00000126524","patient5","XGBoost_SHAP","all",0.00748872800832879,"SBDS"
"ENSG00000126524","patient3","XGBoost_SHAP","all",0.00978751249610589,"SBDS"
"ENSG00000126524","patient4","XGBoost_SHAP","all",0.00699576392369991,"SBDS"
"ENSG00000126524","patient2","XGBoost_SHAP","all",0.00676350274884885,"SBDS"
"ENSG00000126524","patient6","XGBoost_SHAP","all",0.00997019496491348,"SBDS"
"ENSG00000126524","patient1","XGBoost_SHAP","all",0.00473942337365815,"SBDS"
"ENSG00000126653","patient2","XGBoost_SHAP","all",0.00738170829675209,"NSRP1"
"ENSG00000126653","patient3","XGBoost_SHAP","all",0.00508268803092027,"NSRP1"
"ENSG00000126653","patient5","XGBoost_SHAP","all",0.00358586216337415,"NSRP1"
"ENSG00000126653","patient6","XGBoost_SHAP","all",0.00651517968354183,"NSRP1"
"ENSG00000126653","patient4","XGBoost_SHAP","all",0.00774486717598472,"NSRP1"
"ENSG00000126653","patient1","XGBoost_SHAP","all",0.00160758246529195,"NSRP1"
"ENSG00000126698","patient3","XGBoost_SHAP","all",0.00192639290921092,"DNAJC8"
"ENSG00000126698","patient6","XGBoost_SHAP","all",0.00158891143164021,"DNAJC8"
"ENSG00000126698","patient4","XGBoost_SHAP","all",0.000858117711676172,"DNAJC8"
"ENSG00000126698","patient5","XGBoost_SHAP","all",0.00186315142198151,"DNAJC8"
"ENSG00000126698","patient2","XGBoost_SHAP","all",0.00359880792308702,"DNAJC8"
"ENSG00000126698","patient1","XGBoost_SHAP","all",0.00154935210961169,"DNAJC8"
"ENSG00000126709","patient3","XGBoost_SHAP","all",0.00121715515836449,"IFI6"
"ENSG00000126709","patient5","XGBoost_SHAP","all",0.00160381009953809,"IFI6"
"ENSG00000126709","patient6","XGBoost_SHAP","all",0.00248755554927509,"IFI6"
"ENSG00000126709","patient2","XGBoost_SHAP","all",0.00295086183511248,"IFI6"
"ENSG00000126709","patient1","XGBoost_SHAP","all",0.00370528911375921,"IFI6"
"ENSG00000126709","patient4","XGBoost_SHAP","all",0.0059472909067158,"IFI6"
"ENSG00000126756","patient2","XGBoost_SHAP","all",0.00154230614906195,"UXT"
"ENSG00000126756","patient6","XGBoost_SHAP","all",0.000519497880376843,"UXT"
"ENSG00000126756","patient5","XGBoost_SHAP","all",0.00164825419309807,"UXT"
"ENSG00000126756","patient4","XGBoost_SHAP","all",0.00298657624998314,"UXT"
"ENSG00000126756","patient3","XGBoost_SHAP","all",0.00144286958124818,"UXT"
"ENSG00000126756","patient1","XGBoost_SHAP","all",0.00164652566487592,"UXT"
"ENSG00000126934","patient6","XGBoost_SHAP","all",0.000967360794834151,"MAP2K2"
"ENSG00000126934","patient2","XGBoost_SHAP","all",0.00229481041350549,"MAP2K2"
"ENSG00000126934","patient3","XGBoost_SHAP","all",0.00474908417117812,"MAP2K2"
"ENSG00000126934","patient4","XGBoost_SHAP","all",0.00144074890590984,"MAP2K2"
"ENSG00000126934","patient1","XGBoost_SHAP","all",0.00193800536597701,"MAP2K2"
"ENSG00000126934","patient5","XGBoost_SHAP","all",0.00328056466964827,"MAP2K2"
"ENSG00000126945","patient5","XGBoost_SHAP","all",0.0014082230556754,"HNRNPH2"
"ENSG00000127022","patient1","XGBoost_SHAP","all",0.0029789133702647,"CANX"
"ENSG00000127022","patient5","XGBoost_SHAP","all",0.00165374807595191,"CANX"
"ENSG00000127083","patient3","XGBoost_SHAP","all",0.00703979259684396,"OMD"
"ENSG00000127083","patient4","XGBoost_SHAP","all",0.00778563405036868,"OMD"
"ENSG00000127083","patient5","XGBoost_SHAP","all",0.0116156238277324,"OMD"
"ENSG00000127083","patient1","XGBoost_SHAP","all",0.018027946722203,"OMD"
"ENSG00000127083","patient2","XGBoost_SHAP","all",0.0106479889970335,"OMD"
"ENSG00000127083","patient6","XGBoost_SHAP","all",0.00892083350270708,"OMD"
"ENSG00000127125","patient3","XGBoost_SHAP","all",0.00131239051999486,"PPCS"
"ENSG00000127125","patient6","XGBoost_SHAP","all",0.0018030964452664,"PPCS"
"ENSG00000127125","patient1","XGBoost_SHAP","all",0.00129669646168378,"PPCS"
"ENSG00000127125","patient2","XGBoost_SHAP","all",0.00154313162857488,"PPCS"
"ENSG00000127125","patient5","XGBoost_SHAP","all",0.00318570112468178,"PPCS"
"ENSG00000127125","patient4","XGBoost_SHAP","all",0.00264269846926131,"PPCS"
"ENSG00000127314","patient5","XGBoost_SHAP","all",0.00174831450993953,"RAP1B"
"ENSG00000127314","patient1","XGBoost_SHAP","all",0.0055696955508686,"RAP1B"
"ENSG00000127314","patient2","XGBoost_SHAP","all",0.0013979104808865,"RAP1B"
"ENSG00000127445","patient1","XGBoost_SHAP","all",0.00149997179037813,"PIN1"
"ENSG00000127445","patient3","XGBoost_SHAP","all",0.00269552368318777,"PIN1"
"ENSG00000127445","patient6","XGBoost_SHAP","all",0.0054110056523907,"PIN1"
"ENSG00000127445","patient5","XGBoost_SHAP","all",0.00394149104620363,"PIN1"
"ENSG00000127445","patient2","XGBoost_SHAP","all",0.0017359118260646,"PIN1"
"ENSG00000127445","patient4","XGBoost_SHAP","all",0.00189041526423416,"PIN1"
"ENSG00000127483","patient1","XGBoost_SHAP","all",0.00658417788575282,"HP1BP3"
"ENSG00000127483","patient5","XGBoost_SHAP","all",0.00778086206334516,"HP1BP3"
"ENSG00000127483","patient2","XGBoost_SHAP","all",0.00156492452147616,"HP1BP3"
"ENSG00000127483","patient4","XGBoost_SHAP","all",0.00827211783888217,"HP1BP3"
"ENSG00000127483","patient3","XGBoost_SHAP","all",0.00588893339874276,"HP1BP3"
"ENSG00000127483","patient6","XGBoost_SHAP","all",0.00405797252678089,"HP1BP3"
"ENSG00000127528","patient3","XGBoost_SHAP","all",0.0197867912835967,"KLF2"
"ENSG00000127528","patient4","XGBoost_SHAP","all",0.0157027385187755,"KLF2"
"ENSG00000127528","patient1","XGBoost_SHAP","all",0.0195157338158822,"KLF2"
"ENSG00000127528","patient6","XGBoost_SHAP","all",0.0124653354028101,"KLF2"
"ENSG00000127528","patient2","XGBoost_SHAP","all",0.0203458687702196,"KLF2"
"ENSG00000127528","patient5","XGBoost_SHAP","all",0.0169364989531877,"KLF2"
"ENSG00000127603","patient2","XGBoost_SHAP","all",0.00109735738524802,"MACF1"
"ENSG00000127603","patient5","XGBoost_SHAP","all",0.00676769453088483,"MACF1"
"ENSG00000127603","patient3","XGBoost_SHAP","all",0.00695196340736807,"MACF1"
"ENSG00000127603","patient6","XGBoost_SHAP","all",0.00434412799489343,"MACF1"
"ENSG00000127603","patient1","XGBoost_SHAP","all",0.00520918197778008,"MACF1"
"ENSG00000127603","patient4","XGBoost_SHAP","all",0.00467766222568378,"MACF1"
"ENSG00000127838","patient4","XGBoost_SHAP","all",0.000432260034170514,"PNKD"
"ENSG00000127838","patient2","XGBoost_SHAP","all",0.00136621593242945,"PNKD"
"ENSG00000127838","patient3","XGBoost_SHAP","all",0.00227349551322063,"PNKD"
"ENSG00000127838","patient1","XGBoost_SHAP","all",0.000746164199655724,"PNKD"
"ENSG00000127838","patient6","XGBoost_SHAP","all",0.00147228274917147,"PNKD"
"ENSG00000127838","patient5","XGBoost_SHAP","all",0.00187928365299696,"PNKD"
"ENSG00000127884","patient3","XGBoost_SHAP","all",0.00107029933555108,"ECHS1"
"ENSG00000127884","patient2","XGBoost_SHAP","all",0.000984173206321111,"ECHS1"
"ENSG00000127884","patient4","XGBoost_SHAP","all",0.00101289423783842,"ECHS1"
"ENSG00000127884","patient1","XGBoost_SHAP","all",0.00118269594167215,"ECHS1"
"ENSG00000127884","patient6","XGBoost_SHAP","all",0.00150251650861657,"ECHS1"
"ENSG00000127884","patient5","XGBoost_SHAP","all",0.00222960126742022,"ECHS1"
"ENSG00000127914","patient2","XGBoost_SHAP","all",0.00171000305947136,"AKAP9"
"ENSG00000127914","patient6","XGBoost_SHAP","all",0.00295968636893309,"AKAP9"
"ENSG00000127914","patient4","XGBoost_SHAP","all",0.00254369689322026,"AKAP9"
"ENSG00000127914","patient5","XGBoost_SHAP","all",0.00836319144183785,"AKAP9"
"ENSG00000127914","patient3","XGBoost_SHAP","all",0.00635762541660158,"AKAP9"
"ENSG00000127914","patient1","XGBoost_SHAP","all",0.00318323353270714,"AKAP9"
"ENSG00000127920","patient1","XGBoost_SHAP","all",0.0173595566024809,"GNG11"
"ENSG00000127920","patient6","XGBoost_SHAP","all",0.0156162547237368,"GNG11"
"ENSG00000127920","patient2","XGBoost_SHAP","all",0.011860370439344,"GNG11"
"ENSG00000127920","patient3","XGBoost_SHAP","all",0.00825651052482024,"GNG11"
"ENSG00000127920","patient4","XGBoost_SHAP","all",0.0230876105799458,"GNG11"
"ENSG00000127920","patient5","XGBoost_SHAP","all",0.00876260993618416,"GNG11"
"ENSG00000127947","patient6","XGBoost_SHAP","all",0.0139932130828236,"PTPN12"
"ENSG00000127947","patient4","XGBoost_SHAP","all",0.00675250469403589,"PTPN12"
"ENSG00000127947","patient1","XGBoost_SHAP","all",0.0158254672121641,"PTPN12"
"ENSG00000127947","patient3","XGBoost_SHAP","all",0.0146162087578417,"PTPN12"
"ENSG00000127947","patient5","XGBoost_SHAP","all",0.00573806181438776,"PTPN12"
"ENSG00000127947","patient2","XGBoost_SHAP","all",0.00633159129972799,"PTPN12"
"ENSG00000127951","patient4","XGBoost_SHAP","all",0.0272833704080329,"FGL2"
"ENSG00000127951","patient2","XGBoost_SHAP","all",0.0209390260233953,"FGL2"
"ENSG00000127951","patient5","XGBoost_SHAP","all",0.0186997218260394,"FGL2"
"ENSG00000127951","patient3","XGBoost_SHAP","all",0.0181449981318968,"FGL2"
"ENSG00000127951","patient6","XGBoost_SHAP","all",0.0222439389746764,"FGL2"
"ENSG00000127951","patient1","XGBoost_SHAP","all",0.0182323966691911,"FGL2"
"ENSG00000127954","patient5","XGBoost_SHAP","all",0.0359542613642288,"STEAP4"
"ENSG00000127954","patient3","XGBoost_SHAP","all",0.0303075761494222,"STEAP4"
"ENSG00000127954","patient6","XGBoost_SHAP","all",0.0311633444277805,"STEAP4"
"ENSG00000127954","patient1","XGBoost_SHAP","all",0.0313163695057427,"STEAP4"
"ENSG00000127954","patient2","XGBoost_SHAP","all",0.039731079164067,"STEAP4"
"ENSG00000127954","patient4","XGBoost_SHAP","all",0.0419493042594885,"STEAP4"
"ENSG00000127990","patient6","XGBoost_SHAP","all",0.00167497789708714,"SGCE"
"ENSG00000127990","patient4","XGBoost_SHAP","all",0.00246556741965664,"SGCE"
"ENSG00000127990","patient2","XGBoost_SHAP","all",0.00416471242718517,"SGCE"
"ENSG00000127990","patient5","XGBoost_SHAP","all",0.00312398213573944,"SGCE"
"ENSG00000127990","patient1","XGBoost_SHAP","all",0.00565233197528457,"SGCE"
"ENSG00000127990","patient3","XGBoost_SHAP","all",0.00374699634164238,"SGCE"
"ENSG00000128016","patient6","XGBoost_SHAP","all",0.00303579134188841,"ZFP36"
"ENSG00000128016","patient5","XGBoost_SHAP","all",0.00631914503099339,"ZFP36"
"ENSG00000128016","patient3","XGBoost_SHAP","all",0.00483893599206577,"ZFP36"
"ENSG00000128016","patient4","XGBoost_SHAP","all",0.00419051562072986,"ZFP36"
"ENSG00000128016","patient1","XGBoost_SHAP","all",0.00524514076076538,"ZFP36"
"ENSG00000128016","patient2","XGBoost_SHAP","all",0.00199938325447387,"ZFP36"
"ENSG00000128228","patient3","XGBoost_SHAP","all",0.00171220100844167,"SDF2L1"
"ENSG00000128228","patient4","XGBoost_SHAP","all",0.00337072831332269,"SDF2L1"
"ENSG00000128228","patient2","XGBoost_SHAP","all",0.00306293811498102,"SDF2L1"
"ENSG00000128228","patient6","XGBoost_SHAP","all",0.00249706741904032,"SDF2L1"
"ENSG00000128228","patient5","XGBoost_SHAP","all",0.00249954977970504,"SDF2L1"
"ENSG00000128245","patient1","XGBoost_SHAP","all",0.0052169518566358,"YWHAH"
"ENSG00000128245","patient6","XGBoost_SHAP","all",0.00555764175445984,"YWHAH"
"ENSG00000128245","patient3","XGBoost_SHAP","all",0.00398862630249342,"YWHAH"
"ENSG00000128245","patient4","XGBoost_SHAP","all",0.00481368169750321,"YWHAH"
"ENSG00000128245","patient5","XGBoost_SHAP","all",0.0118768110287761,"YWHAH"
"ENSG00000128245","patient2","XGBoost_SHAP","all",0.00985023857206618,"YWHAH"
"ENSG00000128272","patient5","XGBoost_SHAP","all",0.00307939449170105,"ATF4"
"ENSG00000128272","patient4","XGBoost_SHAP","all",0.00152723803235008,"ATF4"
"ENSG00000128272","patient1","XGBoost_SHAP","all",0.00247142368710163,"ATF4"
"ENSG00000128272","patient2","XGBoost_SHAP","all",0.00105316823574926,"ATF4"
"ENSG00000128272","patient6","XGBoost_SHAP","all",0.000981664151559609,"ATF4"
"ENSG00000128272","patient3","XGBoost_SHAP","all",0.00283634430524273,"ATF4"
"ENSG00000128463","patient2","XGBoost_SHAP","all",0.000849256892974753,"EMC4"
"ENSG00000128463","patient6","XGBoost_SHAP","all",0.00197589449277071,"EMC4"
"ENSG00000128463","patient3","XGBoost_SHAP","all",0.00111403036653246,"EMC4"
"ENSG00000128463","patient4","XGBoost_SHAP","all",0.00123747343118759,"EMC4"
"ENSG00000128463","patient1","XGBoost_SHAP","all",0.000956528233734111,"EMC4"
"ENSG00000128463","patient5","XGBoost_SHAP","all",0.00157853498832486,"EMC4"
"ENSG00000128524","patient1","XGBoost_SHAP","all",0.00502567564923558,"ATP6V1F"
"ENSG00000128524","patient6","XGBoost_SHAP","all",0.00218006746949078,"ATP6V1F"
"ENSG00000128524","patient2","XGBoost_SHAP","all",0.00225943090967303,"ATP6V1F"
"ENSG00000128524","patient4","XGBoost_SHAP","all",0.00126164334038546,"ATP6V1F"
"ENSG00000128524","patient5","XGBoost_SHAP","all",0.0015085701023009,"ATP6V1F"
"ENSG00000128524","patient3","XGBoost_SHAP","all",0.00255701822884055,"ATP6V1F"
"ENSG00000128534","patient1","XGBoost_SHAP","all",0.00146741817019876,"LSM8"
"ENSG00000128534","patient5","XGBoost_SHAP","all",0.00337256462231189,"LSM8"
"ENSG00000128534","patient2","XGBoost_SHAP","all",0.000673344819273406,"LSM8"
"ENSG00000128534","patient3","XGBoost_SHAP","all",0.00149960829539241,"LSM8"
"ENSG00000128534","patient6","XGBoost_SHAP","all",0.000912164267439329,"LSM8"
"ENSG00000128534","patient4","XGBoost_SHAP","all",0.0024404452216234,"LSM8"
"ENSG00000128595","patient2","XGBoost_SHAP","all",0.00214535745760925,"CALU"
"ENSG00000128595","patient3","XGBoost_SHAP","all",0.00442782192981725,"CALU"
"ENSG00000128595","patient1","XGBoost_SHAP","all",0.00283257163815507,"CALU"
"ENSG00000128595","patient4","XGBoost_SHAP","all",0.00265695998027806,"CALU"
"ENSG00000128595","patient6","XGBoost_SHAP","all",0.00371004464752213,"CALU"
"ENSG00000128595","patient5","XGBoost_SHAP","all",0.0014879198562715,"CALU"
"ENSG00000128609","patient1","XGBoost_SHAP","all",0.00241897789993014,"NDUFA5"
"ENSG00000128609","patient6","XGBoost_SHAP","all",0.00193921406427459,"NDUFA5"
"ENSG00000128609","patient2","XGBoost_SHAP","all",0.00829489480060498,"NDUFA5"
"ENSG00000128609","patient3","XGBoost_SHAP","all",0.00310199577674576,"NDUFA5"
"ENSG00000128609","patient5","XGBoost_SHAP","all",0.00152920434157931,"NDUFA5"
"ENSG00000128609","patient4","XGBoost_SHAP","all",0.00270543412091871,"NDUFA5"
"ENSG00000128699","patient5","XGBoost_SHAP","all",0.00204748279696649,"ORMDL1"
"ENSG00000128699","patient4","XGBoost_SHAP","all",0.000725471267927186,"ORMDL1"
"ENSG00000128699","patient6","XGBoost_SHAP","all",0.00286468775529833,"ORMDL1"
"ENSG00000128699","patient1","XGBoost_SHAP","all",0.00365871978297753,"ORMDL1"
"ENSG00000128699","patient3","XGBoost_SHAP","all",0.00232544752366874,"ORMDL1"
"ENSG00000128699","patient2","XGBoost_SHAP","all",0.0023874020194036,"ORMDL1"
"ENSG00000128739","patient1","XGBoost_SHAP","all",0.00816011983147848,"SNRPN"
"ENSG00000128739","patient3","XGBoost_SHAP","all",0.00926013998796145,"SNRPN"
"ENSG00000128739","patient4","XGBoost_SHAP","all",0.0100016386317779,"SNRPN"
"ENSG00000128739","patient2","XGBoost_SHAP","all",0.00531781112329024,"SNRPN"
"ENSG00000128739","patient6","XGBoost_SHAP","all",0.00702425909086443,"SNRPN"
"ENSG00000128739","patient5","XGBoost_SHAP","all",0.00794576227852692,"SNRPN"
"ENSG00000128789","patient6","XGBoost_SHAP","all",0.00253600882531224,"PSMG2"
"ENSG00000128789","patient2","XGBoost_SHAP","all",0.00259410478854631,"PSMG2"
"ENSG00000128789","patient5","XGBoost_SHAP","all",0.00132059659967127,"PSMG2"
"ENSG00000128789","patient1","XGBoost_SHAP","all",0.0021090377847189,"PSMG2"
"ENSG00000128789","patient4","XGBoost_SHAP","all",0.00170453145777842,"PSMG2"
"ENSG00000128789","patient3","XGBoost_SHAP","all",0.00258896436389418,"PSMG2"
"ENSG00000128791","patient4","XGBoost_SHAP","all",0.00142041057108449,"TWSG1"
"ENSG00000128923","patient4","XGBoost_SHAP","all",0.00135875793845615,"MINDY2"
"ENSG00000128951","patient5","XGBoost_SHAP","all",0.00265892283111264,"DUT"
"ENSG00000128951","patient4","XGBoost_SHAP","all",0.00383010829609826,"DUT"
"ENSG00000128951","patient6","XGBoost_SHAP","all",0.00417446382550537,"DUT"
"ENSG00000128951","patient1","XGBoost_SHAP","all",0.0031569802154696,"DUT"
"ENSG00000128951","patient3","XGBoost_SHAP","all",0.00229015610579334,"DUT"
"ENSG00000128951","patient2","XGBoost_SHAP","all",0.00415058634463275,"DUT"
"ENSG00000128989","patient1","XGBoost_SHAP","all",0.0023836322762451,"ARPP19"
"ENSG00000128989","patient2","XGBoost_SHAP","all",0.00175134643458174,"ARPP19"
"ENSG00000128989","patient3","XGBoost_SHAP","all",0.00197815466323147,"ARPP19"
"ENSG00000128989","patient5","XGBoost_SHAP","all",0.00127353433143436,"ARPP19"
"ENSG00000128989","patient6","XGBoost_SHAP","all",0.00115298818788627,"ARPP19"
"ENSG00000128989","patient4","XGBoost_SHAP","all",0.00188623885145109,"ARPP19"
"ENSG00000129003","patient3","XGBoost_SHAP","all",0.00208818034054675,"VPS13C"
"ENSG00000129003","patient5","XGBoost_SHAP","all",0.000894540286683583,"VPS13C"
"ENSG00000129003","patient6","XGBoost_SHAP","all",0.00155389892270129,"VPS13C"
"ENSG00000129003","patient2","XGBoost_SHAP","all",0.00148748903229961,"VPS13C"
"ENSG00000129003","patient1","XGBoost_SHAP","all",0.00208469210626441,"VPS13C"
"ENSG00000129003","patient4","XGBoost_SHAP","all",0.000966278757676251,"VPS13C"
"ENSG00000129009","patient5","XGBoost_SHAP","all",0.00175038019725736,"ISLR"
"ENSG00000129009","patient1","XGBoost_SHAP","all",0.000875009140544833,"ISLR"
"ENSG00000129009","patient6","XGBoost_SHAP","all",0.00149259087136189,"ISLR"
"ENSG00000129009","patient3","XGBoost_SHAP","all",0.00320757417395876,"ISLR"
"ENSG00000129009","patient4","XGBoost_SHAP","all",0.00185483934420053,"ISLR"
"ENSG00000129009","patient2","XGBoost_SHAP","all",0.001462784036133,"ISLR"
"ENSG00000129083","patient5","XGBoost_SHAP","all",0.000336198864002651,"COPB1"
"ENSG00000129083","patient1","XGBoost_SHAP","all",0.00115448396928331,"COPB1"
"ENSG00000129083","patient6","XGBoost_SHAP","all",0.00152460719090508,"COPB1"
"ENSG00000129083","patient4","XGBoost_SHAP","all",0.00236204388492599,"COPB1"
"ENSG00000129083","patient2","XGBoost_SHAP","all",0.00156248570682663,"COPB1"
"ENSG00000129083","patient3","XGBoost_SHAP","all",0.00167612927234467,"COPB1"
"ENSG00000129084","patient4","XGBoost_SHAP","all",0.00102229315672229,"PSMA1"
"ENSG00000129084","patient5","XGBoost_SHAP","all",0.00128619437208546,"PSMA1"
"ENSG00000129084","patient1","XGBoost_SHAP","all",0.00202319114857041,"PSMA1"
"ENSG00000129084","patient6","XGBoost_SHAP","all",0.00244948185618946,"PSMA1"
"ENSG00000129084","patient3","XGBoost_SHAP","all",0.00153475090720109,"PSMA1"
"ENSG00000129084","patient2","XGBoost_SHAP","all",0.00108183982117283,"PSMA1"
"ENSG00000129103","patient6","XGBoost_SHAP","all",0.00194072603384366,"SUMF2"
"ENSG00000129103","patient2","XGBoost_SHAP","all",0.00130710513837889,"SUMF2"
"ENSG00000129103","patient3","XGBoost_SHAP","all",0.00124554540767838,"SUMF2"
"ENSG00000129103","patient4","XGBoost_SHAP","all",0.00126250803394457,"SUMF2"
"ENSG00000129103","patient5","XGBoost_SHAP","all",0.00177772863785751,"SUMF2"
"ENSG00000129103","patient1","XGBoost_SHAP","all",0.000760328655961245,"SUMF2"
"ENSG00000129116","patient4","XGBoost_SHAP","all",0.0241432539061998,"PALLD"
"ENSG00000129116","patient6","XGBoost_SHAP","all",0.0272285910863669,"PALLD"
"ENSG00000129116","patient5","XGBoost_SHAP","all",0.0247420000072538,"PALLD"
"ENSG00000129116","patient2","XGBoost_SHAP","all",0.0234643013218523,"PALLD"
"ENSG00000129116","patient3","XGBoost_SHAP","all",0.0147542842925341,"PALLD"
"ENSG00000129116","patient1","XGBoost_SHAP","all",0.0190726130908304,"PALLD"
"ENSG00000129128","patient3","XGBoost_SHAP","all",0.00316742047063964,"SPCS3"
"ENSG00000129128","patient5","XGBoost_SHAP","all",0.00321546694774109,"SPCS3"
"ENSG00000129128","patient4","XGBoost_SHAP","all",0.00465445679787682,"SPCS3"
"ENSG00000129128","patient6","XGBoost_SHAP","all",0.00381598172442325,"SPCS3"
"ENSG00000129128","patient2","XGBoost_SHAP","all",0.00314125190445948,"SPCS3"
"ENSG00000129128","patient1","XGBoost_SHAP","all",0.00407832369293334,"SPCS3"
"ENSG00000129197","patient5","XGBoost_SHAP","all",0.00167262856120334,"RPAIN"
"ENSG00000129226","patient4","XGBoost_SHAP","all",0.0209183828444736,"CD68"
"ENSG00000129226","patient3","XGBoost_SHAP","all",0.0186960987450373,"CD68"
"ENSG00000129226","patient5","XGBoost_SHAP","all",0.020967200867861,"CD68"
"ENSG00000129226","patient6","XGBoost_SHAP","all",0.0213766234976437,"CD68"
"ENSG00000129226","patient1","XGBoost_SHAP","all",0.015742119533861,"CD68"
"ENSG00000129226","patient2","XGBoost_SHAP","all",0.0193968190844443,"CD68"
"ENSG00000129235","patient6","XGBoost_SHAP","all",0.00479626575615094,"TXNDC17"
"ENSG00000129235","patient5","XGBoost_SHAP","all",0.00451145857779437,"TXNDC17"
"ENSG00000129235","patient2","XGBoost_SHAP","all",0.00128441264755808,"TXNDC17"
"ENSG00000129235","patient1","XGBoost_SHAP","all",0.00391736094642278,"TXNDC17"
"ENSG00000129235","patient3","XGBoost_SHAP","all",0.00374592679596987,"TXNDC17"
"ENSG00000129235","patient4","XGBoost_SHAP","all",0.00380516040265385,"TXNDC17"
"ENSG00000129292","patient5","XGBoost_SHAP","all",0.000270345992845557,"PHF20L1"
"ENSG00000129292","patient6","XGBoost_SHAP","all",0.000870353356512486,"PHF20L1"
"ENSG00000129292","patient1","XGBoost_SHAP","all",0.000725325014793894,"PHF20L1"
"ENSG00000129292","patient4","XGBoost_SHAP","all",0.000999191297823907,"PHF20L1"
"ENSG00000129292","patient3","XGBoost_SHAP","all",0.00157758719522343,"PHF20L1"
"ENSG00000129292","patient2","XGBoost_SHAP","all",0.000433776991891125,"PHF20L1"
"ENSG00000129351","patient3","XGBoost_SHAP","all",0.00144933517949205,"ILF3"
"ENSG00000129351","patient5","XGBoost_SHAP","all",0.000832642686709746,"ILF3"
"ENSG00000129351","patient1","XGBoost_SHAP","all",0.00113572021761893,"ILF3"
"ENSG00000129351","patient6","XGBoost_SHAP","all",0.00130293582686979,"ILF3"
"ENSG00000129351","patient2","XGBoost_SHAP","all",0.00121528510734306,"ILF3"
"ENSG00000129351","patient4","XGBoost_SHAP","all",0.00150040204541623,"ILF3"
"ENSG00000129422","patient6","XGBoost_SHAP","all",0.00770309211859301,"MTUS1"
"ENSG00000129422","patient5","XGBoost_SHAP","all",0.00766599167543869,"MTUS1"
"ENSG00000129422","patient1","XGBoost_SHAP","all",0.00421752102338467,"MTUS1"
"ENSG00000129422","patient3","XGBoost_SHAP","all",0.00872237109655288,"MTUS1"
"ENSG00000129422","patient2","XGBoost_SHAP","all",0.00820724121968777,"MTUS1"
"ENSG00000129422","patient4","XGBoost_SHAP","all",0.00563603584816148,"MTUS1"
"ENSG00000129515","patient6","XGBoost_SHAP","all",0.00406134592800684,"SNX6"
"ENSG00000129515","patient2","XGBoost_SHAP","all",0.00242449256180586,"SNX6"
"ENSG00000129515","patient1","XGBoost_SHAP","all",0.00119237075078944,"SNX6"
"ENSG00000129515","patient3","XGBoost_SHAP","all",0.0058198612192318,"SNX6"
"ENSG00000129515","patient4","XGBoost_SHAP","all",0.00345963826053556,"SNX6"
"ENSG00000129515","patient5","XGBoost_SHAP","all",0.00429713223954244,"SNX6"
"ENSG00000129518","patient6","XGBoost_SHAP","all",0.00108204920933472,"EAPP"
"ENSG00000129518","patient4","XGBoost_SHAP","all",0.00164467485525291,"EAPP"
"ENSG00000129518","patient3","XGBoost_SHAP","all",0.00119775260201642,"EAPP"
"ENSG00000129518","patient5","XGBoost_SHAP","all",0.00098642305296742,"EAPP"
"ENSG00000129518","patient1","XGBoost_SHAP","all",0.00137754266084934,"EAPP"
"ENSG00000129518","patient2","XGBoost_SHAP","all",0.00190466906939435,"EAPP"
"ENSG00000129538","patient4","XGBoost_SHAP","all",0.0718607852717212,"RNASE1"
"ENSG00000129538","patient5","XGBoost_SHAP","all",0.0813085829996251,"RNASE1"
"ENSG00000129538","patient2","XGBoost_SHAP","all",0.104233607617903,"RNASE1"
"ENSG00000129538","patient6","XGBoost_SHAP","all",0.0853679996486609,"RNASE1"
"ENSG00000129538","patient3","XGBoost_SHAP","all",0.0769948707727763,"RNASE1"
"ENSG00000129538","patient1","XGBoost_SHAP","all",0.064210564333556,"RNASE1"
"ENSG00000129625","patient2","XGBoost_SHAP","all",0.00347659151558826,"REEP5"
"ENSG00000129625","patient1","XGBoost_SHAP","all",0.000783298363149399,"REEP5"
"ENSG00000129657","patient6","XGBoost_SHAP","all",0.0145192789192328,"SEC14L1"
"ENSG00000129657","patient5","XGBoost_SHAP","all",0.00713084510171561,"SEC14L1"
"ENSG00000129657","patient4","XGBoost_SHAP","all",0.00581967816712908,"SEC14L1"
"ENSG00000129657","patient2","XGBoost_SHAP","all",0.00842338777166656,"SEC14L1"
"ENSG00000129657","patient3","XGBoost_SHAP","all",0.0077689259359548,"SEC14L1"
"ENSG00000129657","patient1","XGBoost_SHAP","all",0.00944177406099053,"SEC14L1"
"ENSG00000129680","patient3","XGBoost_SHAP","all",0.00120478620643313,"MAP7D3"
"ENSG00000129680","patient6","XGBoost_SHAP","all",0.00273153354502318,"MAP7D3"
"ENSG00000129680","patient1","XGBoost_SHAP","all",0.00291219632472838,"MAP7D3"
"ENSG00000129680","patient5","XGBoost_SHAP","all",0.00188695439160076,"MAP7D3"
"ENSG00000129680","patient4","XGBoost_SHAP","all",0.00778170354697936,"MAP7D3"
"ENSG00000129680","patient2","XGBoost_SHAP","all",0.00199470512840826,"MAP7D3"
"ENSG00000129757","patient6","XGBoost_SHAP","all",0.00156213404223006,"CDKN1C"
"ENSG00000129757","patient4","XGBoost_SHAP","all",0.00360742263372113,"CDKN1C"
"ENSG00000129757","patient3","XGBoost_SHAP","all",0.000856428036482007,"CDKN1C"
"ENSG00000129757","patient2","XGBoost_SHAP","all",0.00235038434143582,"CDKN1C"
"ENSG00000129757","patient5","XGBoost_SHAP","all",0.00171369073529166,"CDKN1C"
"ENSG00000129757","patient1","XGBoost_SHAP","all",0.00119733441031231,"CDKN1C"
"ENSG00000129824","patient2","XGBoost_SHAP","all",0.00498141120425797,"RPS4Y1"
"ENSG00000129824","patient4","XGBoost_SHAP","all",0.0194877461676672,"RPS4Y1"
"ENSG00000129824","patient6","XGBoost_SHAP","all",0.0145349249897095,"RPS4Y1"
"ENSG00000129824","patient3","XGBoost_SHAP","all",0.0132728366307161,"RPS4Y1"
"ENSG00000129824","patient5","XGBoost_SHAP","all",0.0306294707564014,"RPS4Y1"
"ENSG00000129824","patient1","XGBoost_SHAP","all",0.0231225416736673,"RPS4Y1"
"ENSG00000129968","patient2","XGBoost_SHAP","all",0.0013784221678621,"ABHD17A"
"ENSG00000129968","patient3","XGBoost_SHAP","all",0.00418773448821962,"ABHD17A"
"ENSG00000129968","patient6","XGBoost_SHAP","all",0.00184867707543851,"ABHD17A"
"ENSG00000129968","patient1","XGBoost_SHAP","all",0.000840461614687239,"ABHD17A"
"ENSG00000129968","patient4","XGBoost_SHAP","all",0.00184369711919621,"ABHD17A"
"ENSG00000129968","patient5","XGBoost_SHAP","all",0.00259561430509583,"ABHD17A"
"ENSG00000130066","patient6","XGBoost_SHAP","all",0.00421730275629428,"SAT1"
"ENSG00000130066","patient1","XGBoost_SHAP","all",0.00436481177477991,"SAT1"
"ENSG00000130066","patient4","XGBoost_SHAP","all",0.00464329530279918,"SAT1"
"ENSG00000130066","patient2","XGBoost_SHAP","all",0.00812537726453419,"SAT1"
"ENSG00000130066","patient3","XGBoost_SHAP","all",0.00609359198250123,"SAT1"
"ENSG00000130066","patient5","XGBoost_SHAP","all",0.00302300859612355,"SAT1"
"ENSG00000130176","patient1","XGBoost_SHAP","all",0.0131036283048843,"CNN1"
"ENSG00000130176","patient2","XGBoost_SHAP","all",0.0166410040550008,"CNN1"
"ENSG00000130176","patient3","XGBoost_SHAP","all",0.0131675045207669,"CNN1"
"ENSG00000130176","patient4","XGBoost_SHAP","all",0.0214565776925129,"CNN1"
"ENSG00000130176","patient5","XGBoost_SHAP","all",0.0119841122884613,"CNN1"
"ENSG00000130176","patient6","XGBoost_SHAP","all",0.0173893176340992,"CNN1"
"ENSG00000130203","patient4","XGBoost_SHAP","all",0.0701395842895973,"APOE"
"ENSG00000130203","patient5","XGBoost_SHAP","all",0.0570736402191387,"APOE"
"ENSG00000130203","patient1","XGBoost_SHAP","all",0.0814064439496781,"APOE"
"ENSG00000130203","patient3","XGBoost_SHAP","all",0.0704517879824022,"APOE"
"ENSG00000130203","patient2","XGBoost_SHAP","all",0.0554324837412747,"APOE"
"ENSG00000130203","patient6","XGBoost_SHAP","all",0.0644838934702073,"APOE"
"ENSG00000130300","patient5","XGBoost_SHAP","all",0.0432074164604741,"PLVAP"
"ENSG00000130300","patient3","XGBoost_SHAP","all",0.0601090319682455,"PLVAP"
"ENSG00000130300","patient6","XGBoost_SHAP","all",0.0624794706319281,"PLVAP"
"ENSG00000130300","patient2","XGBoost_SHAP","all",0.0536768874436113,"PLVAP"
"ENSG00000130300","patient4","XGBoost_SHAP","all",0.0639244444575172,"PLVAP"
"ENSG00000130300","patient1","XGBoost_SHAP","all",0.0507901763913257,"PLVAP"
"ENSG00000130303","patient2","XGBoost_SHAP","all",0.0106611630123112,"BST2"
"ENSG00000130303","patient6","XGBoost_SHAP","all",0.00747102265235783,"BST2"
"ENSG00000130303","patient5","XGBoost_SHAP","all",0.00676693197855769,"BST2"
"ENSG00000130303","patient3","XGBoost_SHAP","all",0.00944797503850968,"BST2"
"ENSG00000130303","patient1","XGBoost_SHAP","all",0.00712157271225553,"BST2"
"ENSG00000130303","patient4","XGBoost_SHAP","all",0.00640913653682481,"BST2"
"ENSG00000130312","patient4","XGBoost_SHAP","all",0.00252122101411376,"MRPL34"
"ENSG00000130312","patient5","XGBoost_SHAP","all",0.00121211666480299,"MRPL34"
"ENSG00000130312","patient3","XGBoost_SHAP","all",0.00101258091658504,"MRPL34"
"ENSG00000130312","patient6","XGBoost_SHAP","all",0.00173056784269164,"MRPL34"
"ENSG00000130312","patient2","XGBoost_SHAP","all",0.00121763561940682,"MRPL34"
"ENSG00000130312","patient1","XGBoost_SHAP","all",0.00212302451071081,"MRPL34"
"ENSG00000130313","patient6","XGBoost_SHAP","all",0.00188082550679736,"PGLS"
"ENSG00000130313","patient1","XGBoost_SHAP","all",0.00243424917907276,"PGLS"
"ENSG00000130313","patient3","XGBoost_SHAP","all",0.00418748312142778,"PGLS"
"ENSG00000130313","patient4","XGBoost_SHAP","all",0.00147934932172181,"PGLS"
"ENSG00000130313","patient2","XGBoost_SHAP","all",0.00109169533472595,"PGLS"
"ENSG00000130313","patient5","XGBoost_SHAP","all",0.00235029226472397,"PGLS"
"ENSG00000130332","patient1","XGBoost_SHAP","all",0.00417359107897698,"LSM7"
"ENSG00000130332","patient4","XGBoost_SHAP","all",0.00330919338503724,"LSM7"
"ENSG00000130332","patient2","XGBoost_SHAP","all",0.00253760394664946,"LSM7"
"ENSG00000130332","patient3","XGBoost_SHAP","all",0.00272765163704385,"LSM7"
"ENSG00000130332","patient5","XGBoost_SHAP","all",0.00149462005506697,"LSM7"
"ENSG00000130332","patient6","XGBoost_SHAP","all",0.00628531906619881,"LSM7"
"ENSG00000130340","patient6","XGBoost_SHAP","all",0.00130736322890123,"SNX9"
"ENSG00000130340","patient4","XGBoost_SHAP","all",0.00365061419094731,"SNX9"
"ENSG00000130340","patient3","XGBoost_SHAP","all",0.000931893030779372,"SNX9"
"ENSG00000130340","patient1","XGBoost_SHAP","all",0.00139522550457694,"SNX9"
"ENSG00000130340","patient2","XGBoost_SHAP","all",0.00106933058286453,"SNX9"
"ENSG00000130340","patient5","XGBoost_SHAP","all",0.00190306223206273,"SNX9"
"ENSG00000130402","patient2","XGBoost_SHAP","all",0.00523166009650014,"ACTN4"
"ENSG00000130402","patient5","XGBoost_SHAP","all",0.00765491157595842,"ACTN4"
"ENSG00000130402","patient1","XGBoost_SHAP","all",0.0142540346309648,"ACTN4"
"ENSG00000130402","patient6","XGBoost_SHAP","all",0.00766369522271752,"ACTN4"
"ENSG00000130402","patient3","XGBoost_SHAP","all",0.0116993375682442,"ACTN4"
"ENSG00000130402","patient4","XGBoost_SHAP","all",0.011006784250356,"ACTN4"
"ENSG00000130414","patient4","XGBoost_SHAP","all",0.00127777014028167,"NDUFA10"
"ENSG00000130414","patient6","XGBoost_SHAP","all",0.000978862472217475,"NDUFA10"
"ENSG00000130414","patient3","XGBoost_SHAP","all",0.000701442395616461,"NDUFA10"
"ENSG00000130414","patient1","XGBoost_SHAP","all",0.00242801903544995,"NDUFA10"
"ENSG00000130414","patient5","XGBoost_SHAP","all",0.000857691465240498,"NDUFA10"
"ENSG00000130414","patient2","XGBoost_SHAP","all",0.00166677462463604,"NDUFA10"
"ENSG00000130429","patient5","XGBoost_SHAP","all",0.0155131073938956,"ARPC1B"
"ENSG00000130429","patient4","XGBoost_SHAP","all",0.0269363799041112,"ARPC1B"
"ENSG00000130429","patient6","XGBoost_SHAP","all",0.0237998375372707,"ARPC1B"
"ENSG00000130429","patient3","XGBoost_SHAP","all",0.00990585499951198,"ARPC1B"
"ENSG00000130429","patient1","XGBoost_SHAP","all",0.0170103063611341,"ARPC1B"
"ENSG00000130429","patient2","XGBoost_SHAP","all",0.033367031420941,"ARPC1B"
"ENSG00000130520","patient5","XGBoost_SHAP","all",0.00096540278751669,"LSM4"
"ENSG00000130520","patient6","XGBoost_SHAP","all",0.000905313227138325,"LSM4"
"ENSG00000130520","patient2","XGBoost_SHAP","all",0.00173895455199579,"LSM4"
"ENSG00000130520","patient1","XGBoost_SHAP","all",0.000858419302452627,"LSM4"
"ENSG00000130520","patient3","XGBoost_SHAP","all",0.00124711068177898,"LSM4"
"ENSG00000130520","patient4","XGBoost_SHAP","all",0.00184045322369517,"LSM4"
"ENSG00000130522","patient3","XGBoost_SHAP","all",0.00299551662880002,"JUND"
"ENSG00000130522","patient2","XGBoost_SHAP","all",0.0022038626302023,"JUND"
"ENSG00000130522","patient5","XGBoost_SHAP","all",0.00259027707942806,"JUND"
"ENSG00000130522","patient1","XGBoost_SHAP","all",0.00408707477831689,"JUND"
"ENSG00000130522","patient6","XGBoost_SHAP","all",0.00267009572881573,"JUND"
"ENSG00000130558","patient4","XGBoost_SHAP","all",0.00445212198903728,"OLFM1"
"ENSG00000130592","patient3","XGBoost_SHAP","all",0.0042855670424275,"LSP1"
"ENSG00000130592","patient2","XGBoost_SHAP","all",0.0047728807275393,"LSP1"
"ENSG00000130592","patient6","XGBoost_SHAP","all",0.00916784132803401,"LSP1"
"ENSG00000130592","patient4","XGBoost_SHAP","all",0.00604436961431032,"LSP1"
"ENSG00000130592","patient1","XGBoost_SHAP","all",0.00657812466287813,"LSP1"
"ENSG00000130592","patient5","XGBoost_SHAP","all",0.00781965756732608,"LSP1"
"ENSG00000130706","patient4","XGBoost_SHAP","all",0.00179715627864159,"ADRM1"
"ENSG00000130706","patient1","XGBoost_SHAP","all",0.00208042563261489,"ADRM1"
"ENSG00000130706","patient3","XGBoost_SHAP","all",0.00117475389412239,"ADRM1"
"ENSG00000130706","patient6","XGBoost_SHAP","all",0.00139820320535547,"ADRM1"
"ENSG00000130706","patient2","XGBoost_SHAP","all",0.00142059846762242,"ADRM1"
"ENSG00000130706","patient5","XGBoost_SHAP","all",0.00234941838797863,"ADRM1"
"ENSG00000130724","patient1","XGBoost_SHAP","all",0.00329016894214029,"CHMP2A"
"ENSG00000130725","patient1","XGBoost_SHAP","all",0.00175826230599221,"UBE2M"
"ENSG00000130725","patient3","XGBoost_SHAP","all",0.0034571342665283,"UBE2M"
"ENSG00000130725","patient4","XGBoost_SHAP","all",0.00325449497263012,"UBE2M"
"ENSG00000130725","patient2","XGBoost_SHAP","all",0.00163609606651218,"UBE2M"
"ENSG00000130725","patient5","XGBoost_SHAP","all",0.00277262596249058,"UBE2M"
"ENSG00000130725","patient6","XGBoost_SHAP","all",0.0023413102342584,"UBE2M"
"ENSG00000130731","patient1","XGBoost_SHAP","all",0.00260805058378179,"METTL26"
"ENSG00000130731","patient5","XGBoost_SHAP","all",0.00202015416667328,"METTL26"
"ENSG00000130731","patient3","XGBoost_SHAP","all",0.00227762579805508,"METTL26"
"ENSG00000130731","patient6","XGBoost_SHAP","all",0.00445168956549974,"METTL26"
"ENSG00000130731","patient4","XGBoost_SHAP","all",0.00252269561152702,"METTL26"
"ENSG00000130731","patient2","XGBoost_SHAP","all",0.0016604240427702,"METTL26"
"ENSG00000130741","patient5","XGBoost_SHAP","all",0.00309299448838652,"EIF2S3"
"ENSG00000130741","patient1","XGBoost_SHAP","all",0.00127351397215293,"EIF2S3"
"ENSG00000130741","patient3","XGBoost_SHAP","all",0.00259828447593162,"EIF2S3"
"ENSG00000130741","patient4","XGBoost_SHAP","all",0.00102851018921501,"EIF2S3"
"ENSG00000130741","patient6","XGBoost_SHAP","all",0.00113222472918338,"EIF2S3"
"ENSG00000130741","patient2","XGBoost_SHAP","all",0.00163655132272106,"EIF2S3"
"ENSG00000130748","patient1","XGBoost_SHAP","all",0.00169330400454422,"TMEM160"
"ENSG00000130748","patient4","XGBoost_SHAP","all",0.000824861359355955,"TMEM160"
"ENSG00000130748","patient3","XGBoost_SHAP","all",0.00117404673622393,"TMEM160"
"ENSG00000130748","patient2","XGBoost_SHAP","all",0.00147909435870845,"TMEM160"
"ENSG00000130748","patient5","XGBoost_SHAP","all",0.00078075878700171,"TMEM160"
"ENSG00000130748","patient6","XGBoost_SHAP","all",0.00322526999488958,"TMEM160"
"ENSG00000130755","patient3","XGBoost_SHAP","all",0.00860860049196017,"GMFG"
"ENSG00000130755","patient2","XGBoost_SHAP","all",0.0102233413849137,"GMFG"
"ENSG00000130755","patient6","XGBoost_SHAP","all",0.00905397390350085,"GMFG"
"ENSG00000130755","patient5","XGBoost_SHAP","all",0.0127898368796748,"GMFG"
"ENSG00000130755","patient4","XGBoost_SHAP","all",0.00416380659166511,"GMFG"
"ENSG00000130755","patient1","XGBoost_SHAP","all",0.00732382742660071,"GMFG"
"ENSG00000130779","patient6","XGBoost_SHAP","all",0.00468034396186843,"CLIP1"
"ENSG00000130779","patient5","XGBoost_SHAP","all",0.00509771879182624,"CLIP1"
"ENSG00000130779","patient1","XGBoost_SHAP","all",0.00364266233511089,"CLIP1"
"ENSG00000130779","patient4","XGBoost_SHAP","all",0.00645715310303297,"CLIP1"
"ENSG00000130779","patient2","XGBoost_SHAP","all",0.0035557678118738,"CLIP1"
"ENSG00000130779","patient3","XGBoost_SHAP","all",0.00540404870364466,"CLIP1"
"ENSG00000131013","patient6","XGBoost_SHAP","all",0.000956378590168791,"PPIL4"
"ENSG00000131013","patient2","XGBoost_SHAP","all",0.00128294398027479,"PPIL4"
"ENSG00000131013","patient3","XGBoost_SHAP","all",0.000886976501712219,"PPIL4"
"ENSG00000131013","patient1","XGBoost_SHAP","all",0.000882282649719261,"PPIL4"
"ENSG00000131016","patient5","XGBoost_SHAP","all",0.00599310608889377,"AKAP12"
"ENSG00000131016","patient1","XGBoost_SHAP","all",0.00370544541354077,"AKAP12"
"ENSG00000131016","patient3","XGBoost_SHAP","all",0.00299121387440802,"AKAP12"
"ENSG00000131016","patient6","XGBoost_SHAP","all",0.00277081473732066,"AKAP12"
"ENSG00000131016","patient2","XGBoost_SHAP","all",0.00696287606013366,"AKAP12"
"ENSG00000131016","patient4","XGBoost_SHAP","all",0.00311451049928292,"AKAP12"
"ENSG00000131018","patient3","XGBoost_SHAP","all",0.00294383808971807,"SYNE1"
"ENSG00000131018","patient1","XGBoost_SHAP","all",0.00548242978357917,"SYNE1"
"ENSG00000131018","patient6","XGBoost_SHAP","all",0.00161999922780156,"SYNE1"
"ENSG00000131018","patient2","XGBoost_SHAP","all",0.00207654617698888,"SYNE1"
"ENSG00000131018","patient5","XGBoost_SHAP","all",0.00296528593465818,"SYNE1"
"ENSG00000131018","patient4","XGBoost_SHAP","all",0.00604149930184834,"SYNE1"
"ENSG00000131100","patient4","XGBoost_SHAP","all",0.000856589641496904,"ATP6V1E1"
"ENSG00000131100","patient5","XGBoost_SHAP","all",0.00126049184853159,"ATP6V1E1"
"ENSG00000131100","patient2","XGBoost_SHAP","all",0.00116334954175123,"ATP6V1E1"
"ENSG00000131100","patient3","XGBoost_SHAP","all",0.00327789598355959,"ATP6V1E1"
"ENSG00000131100","patient6","XGBoost_SHAP","all",0.00139755967572836,"ATP6V1E1"
"ENSG00000131100","patient1","XGBoost_SHAP","all",0.00161154457621155,"ATP6V1E1"
"ENSG00000131116","patient2","XGBoost_SHAP","all",0.00102304578224481,"ZNF428"
"ENSG00000131116","patient6","XGBoost_SHAP","all",0.00150640176274706,"ZNF428"
"ENSG00000131116","patient3","XGBoost_SHAP","all",0.00102773725958712,"ZNF428"
"ENSG00000131116","patient4","XGBoost_SHAP","all",0.0010831868886295,"ZNF428"
"ENSG00000131116","patient1","XGBoost_SHAP","all",0.00204575018217285,"ZNF428"
"ENSG00000131116","patient5","XGBoost_SHAP","all",0.00159533765571417,"ZNF428"
"ENSG00000131236","patient2","XGBoost_SHAP","all",0.00424629422419629,"CAP1"
"ENSG00000131236","patient4","XGBoost_SHAP","all",0.00421704680674878,"CAP1"
"ENSG00000131236","patient5","XGBoost_SHAP","all",0.00515235545689759,"CAP1"
"ENSG00000131236","patient6","XGBoost_SHAP","all",0.00360559926766269,"CAP1"
"ENSG00000131236","patient3","XGBoost_SHAP","all",0.00209196045973656,"CAP1"
"ENSG00000131236","patient1","XGBoost_SHAP","all",0.00415041875330646,"CAP1"
"ENSG00000131238","patient2","XGBoost_SHAP","all",0.000794189466284173,"PPT1"
"ENSG00000131238","patient5","XGBoost_SHAP","all",0.00306408355867581,"PPT1"
"ENSG00000131238","patient6","XGBoost_SHAP","all",0.00164259541752781,"PPT1"
"ENSG00000131238","patient3","XGBoost_SHAP","all",0.00100460812825986,"PPT1"
"ENSG00000131238","patient1","XGBoost_SHAP","all",0.000808761358373909,"PPT1"
"ENSG00000131238","patient4","XGBoost_SHAP","all",0.00220671620718947,"PPT1"
"ENSG00000131370","patient5","XGBoost_SHAP","all",0.00379896784217152,"SH3BP5"
"ENSG00000131370","patient3","XGBoost_SHAP","all",0.00221929678147265,"SH3BP5"
"ENSG00000131370","patient1","XGBoost_SHAP","all",0.00226558519684051,"SH3BP5"
"ENSG00000131370","patient6","XGBoost_SHAP","all",0.00257692063764325,"SH3BP5"
"ENSG00000131370","patient4","XGBoost_SHAP","all",0.00303501237061685,"SH3BP5"
"ENSG00000131370","patient2","XGBoost_SHAP","all",0.00377339010589636,"SH3BP5"
"ENSG00000131386","patient6","XGBoost_SHAP","all",0.00768813861350495,"GALNT15"
"ENSG00000131386","patient5","XGBoost_SHAP","all",0.0085211451542443,"GALNT15"
"ENSG00000131386","patient2","XGBoost_SHAP","all",0.00493053364492872,"GALNT15"
"ENSG00000131386","patient1","XGBoost_SHAP","all",0.00427911301021704,"GALNT15"
"ENSG00000131386","patient3","XGBoost_SHAP","all",0.00624579726438489,"GALNT15"
"ENSG00000131386","patient4","XGBoost_SHAP","all",0.00604314890222809,"GALNT15"
"ENSG00000131408","patient5","XGBoost_SHAP","all",0.00234131258474716,"NR1H2"
"ENSG00000131408","patient3","XGBoost_SHAP","all",0.000916722304740095,"NR1H2"
"ENSG00000131408","patient2","XGBoost_SHAP","all",0.00222530452304997,"NR1H2"
"ENSG00000131408","patient6","XGBoost_SHAP","all",0.00513912627082204,"NR1H2"
"ENSG00000131408","patient1","XGBoost_SHAP","all",0.00578112132081406,"NR1H2"
"ENSG00000131408","patient4","XGBoost_SHAP","all",0.00274620279667497,"NR1H2"
"ENSG00000131435","patient6","XGBoost_SHAP","all",0.00294687144017796,"PDLIM4"
"ENSG00000131435","patient4","XGBoost_SHAP","all",0.00199595425987295,"PDLIM4"
"ENSG00000131435","patient2","XGBoost_SHAP","all",0.00604991501365111,"PDLIM4"
"ENSG00000131435","patient3","XGBoost_SHAP","all",0.00579413715031977,"PDLIM4"
"ENSG00000131435","patient5","XGBoost_SHAP","all",0.00455329858957329,"PDLIM4"
"ENSG00000131446","patient5","XGBoost_SHAP","all",0.00273336960957017,"MGAT1"
"ENSG00000131446","patient4","XGBoost_SHAP","all",0.00163370345122532,"MGAT1"
"ENSG00000131446","patient3","XGBoost_SHAP","all",0.00234412170848009,"MGAT1"
"ENSG00000131446","patient6","XGBoost_SHAP","all",0.00293530899486969,"MGAT1"
"ENSG00000131446","patient2","XGBoost_SHAP","all",0.00269026290225279,"MGAT1"
"ENSG00000131446","patient1","XGBoost_SHAP","all",0.00876327397182372,"MGAT1"
"ENSG00000131471","patient1","XGBoost_SHAP","all",0.00439988773763471,"AOC3"
"ENSG00000131471","patient6","XGBoost_SHAP","all",0.00212390959386418,"AOC3"
"ENSG00000131471","patient4","XGBoost_SHAP","all",0.00332838797013262,"AOC3"
"ENSG00000131471","patient2","XGBoost_SHAP","all",0.00289094885766581,"AOC3"
"ENSG00000131471","patient3","XGBoost_SHAP","all",0.00189215120626856,"AOC3"
"ENSG00000131471","patient5","XGBoost_SHAP","all",0.0042343350654737,"AOC3"
"ENSG00000131477","patient2","XGBoost_SHAP","all",0.0355343759947923,"RAMP2"
"ENSG00000131477","patient1","XGBoost_SHAP","all",0.0439781410037066,"RAMP2"
"ENSG00000131477","patient3","XGBoost_SHAP","all",0.0568141032284248,"RAMP2"
"ENSG00000131477","patient4","XGBoost_SHAP","all",0.035553822597975,"RAMP2"
"ENSG00000131477","patient6","XGBoost_SHAP","all",0.0481464462711379,"RAMP2"
"ENSG00000131477","patient5","XGBoost_SHAP","all",0.0241244199982104,"RAMP2"
"ENSG00000131495","patient1","XGBoost_SHAP","all",0.00135773785960916,"NDUFA2"
"ENSG00000131495","patient5","XGBoost_SHAP","all",0.00185085371489912,"NDUFA2"
"ENSG00000131495","patient3","XGBoost_SHAP","all",0.00345481878988775,"NDUFA2"
"ENSG00000131495","patient6","XGBoost_SHAP","all",0.0044306349033285,"NDUFA2"
"ENSG00000131495","patient4","XGBoost_SHAP","all",0.00600747451148653,"NDUFA2"
"ENSG00000131495","patient2","XGBoost_SHAP","all",0.00539268817894859,"NDUFA2"
"ENSG00000131507","patient1","XGBoost_SHAP","all",0.00257053186200407,"NDFIP1"
"ENSG00000131507","patient2","XGBoost_SHAP","all",0.00237082058330274,"NDFIP1"
"ENSG00000131507","patient6","XGBoost_SHAP","all",0.00175958811055109,"NDFIP1"
"ENSG00000131507","patient3","XGBoost_SHAP","all",0.00191532635544247,"NDFIP1"
"ENSG00000131507","patient4","XGBoost_SHAP","all",0.00454591299073634,"NDFIP1"
"ENSG00000131507","patient5","XGBoost_SHAP","all",0.0020934442116778,"NDFIP1"
"ENSG00000131508","patient5","XGBoost_SHAP","all",0.00211243498656706,"UBE2D2"
"ENSG00000131508","patient2","XGBoost_SHAP","all",0.00151331375524813,"UBE2D2"
"ENSG00000131508","patient1","XGBoost_SHAP","all",0.000878650521183332,"UBE2D2"
"ENSG00000131508","patient6","XGBoost_SHAP","all",0.00155593919663108,"UBE2D2"
"ENSG00000131508","patient4","XGBoost_SHAP","all",0.00160098302300256,"UBE2D2"
"ENSG00000131508","patient3","XGBoost_SHAP","all",0.00117839846803356,"UBE2D2"
"ENSG00000131634","patient6","XGBoost_SHAP","all",0.00403152616625433,"TMEM204"
"ENSG00000131634","patient3","XGBoost_SHAP","all",0.00408589407641778,"TMEM204"
"ENSG00000131634","patient1","XGBoost_SHAP","all",0.00175200518826873,"TMEM204"
"ENSG00000131634","patient5","XGBoost_SHAP","all",0.00447203714568844,"TMEM204"
"ENSG00000131634","patient4","XGBoost_SHAP","all",0.00338799584730901,"TMEM204"
"ENSG00000131634","patient2","XGBoost_SHAP","all",0.00508214792706469,"TMEM204"
"ENSG00000131669","patient6","XGBoost_SHAP","all",0.0163915180607727,"NINJ1"
"ENSG00000131669","patient4","XGBoost_SHAP","all",0.00757735834131993,"NINJ1"
"ENSG00000131669","patient3","XGBoost_SHAP","all",0.0113991287983507,"NINJ1"
"ENSG00000131669","patient5","XGBoost_SHAP","all",0.0196253112380777,"NINJ1"
"ENSG00000131669","patient2","XGBoost_SHAP","all",0.0118160014654634,"NINJ1"
"ENSG00000131669","patient1","XGBoost_SHAP","all",0.0132280702049213,"NINJ1"
"ENSG00000131711","patient1","XGBoost_SHAP","all",0.00527415587376763,"MAP1B"
"ENSG00000131711","patient3","XGBoost_SHAP","all",0.00300179116618345,"MAP1B"
"ENSG00000131711","patient4","XGBoost_SHAP","all",0.00630591915107055,"MAP1B"
"ENSG00000131711","patient5","XGBoost_SHAP","all",0.00331241191718561,"MAP1B"
"ENSG00000131711","patient2","XGBoost_SHAP","all",0.00534548278045141,"MAP1B"
"ENSG00000131711","patient6","XGBoost_SHAP","all",0.00451403923369913,"MAP1B"
"ENSG00000131724","patient6","XGBoost_SHAP","all",0.0104737651058759,"IL13RA1"
"ENSG00000131724","patient4","XGBoost_SHAP","all",0.018814979046962,"IL13RA1"
"ENSG00000131724","patient5","XGBoost_SHAP","all",0.0196250042031225,"IL13RA1"
"ENSG00000131724","patient3","XGBoost_SHAP","all",0.00908548974003165,"IL13RA1"
"ENSG00000131724","patient2","XGBoost_SHAP","all",0.00872493474152771,"IL13RA1"
"ENSG00000131724","patient1","XGBoost_SHAP","all",0.0114182570573977,"IL13RA1"
"ENSG00000131871","patient4","XGBoost_SHAP","all",0.00134876561564435,"SELENOS"
"ENSG00000131871","patient6","XGBoost_SHAP","all",0.00144457906319194,"SELENOS"
"ENSG00000131871","patient2","XGBoost_SHAP","all",0.00163334422739609,"SELENOS"
"ENSG00000131871","patient3","XGBoost_SHAP","all",0.00233132257192851,"SELENOS"
"ENSG00000131871","patient5","XGBoost_SHAP","all",0.00178210987847828,"SELENOS"
"ENSG00000131871","patient1","XGBoost_SHAP","all",0.00153942006928264,"SELENOS"
"ENSG00000131966","patient4","XGBoost_SHAP","all",0.00308743118843753,"ACTR10"
"ENSG00000131966","patient3","XGBoost_SHAP","all",0.00248656804922327,"ACTR10"
"ENSG00000131966","patient2","XGBoost_SHAP","all",0.00194494882782117,"ACTR10"
"ENSG00000131966","patient6","XGBoost_SHAP","all",0.00129930431764662,"ACTR10"
"ENSG00000131966","patient5","XGBoost_SHAP","all",0.00250232216243855,"ACTR10"
"ENSG00000131966","patient1","XGBoost_SHAP","all",0.0030137548931797,"ACTR10"
"ENSG00000132002","patient3","XGBoost_SHAP","all",0.0134727906115089,"DNAJB1"
"ENSG00000132002","patient1","XGBoost_SHAP","all",0.0199039766294192,"DNAJB1"
"ENSG00000132002","patient6","XGBoost_SHAP","all",0.018414826923172,"DNAJB1"
"ENSG00000132002","patient4","XGBoost_SHAP","all",0.0105193114247868,"DNAJB1"
"ENSG00000132002","patient5","XGBoost_SHAP","all",0.0138210931816251,"DNAJB1"
"ENSG00000132002","patient2","XGBoost_SHAP","all",0.0167639479128392,"DNAJB1"
"ENSG00000132329","patient3","XGBoost_SHAP","all",0.044415084238452,"RAMP1"
"ENSG00000132329","patient1","XGBoost_SHAP","all",0.0643831505561676,"RAMP1"
"ENSG00000132329","patient5","XGBoost_SHAP","all",0.0403500313278735,"RAMP1"
"ENSG00000132329","patient4","XGBoost_SHAP","all",0.0507134014679015,"RAMP1"
"ENSG00000132329","patient2","XGBoost_SHAP","all",0.0527998811520978,"RAMP1"
"ENSG00000132329","patient6","XGBoost_SHAP","all",0.0499157587442103,"RAMP1"
"ENSG00000132334","patient5","XGBoost_SHAP","all",0.00249415165662919,"PTPRE"
"ENSG00000132334","patient3","XGBoost_SHAP","all",0.00312834488472537,"PTPRE"
"ENSG00000132334","patient4","XGBoost_SHAP","all",0.00362994690179868,"PTPRE"
"ENSG00000132334","patient6","XGBoost_SHAP","all",0.00371131813759315,"PTPRE"
"ENSG00000132386","patient3","XGBoost_SHAP","all",0.0536840536923581,"SERPINF1"
"ENSG00000132386","patient5","XGBoost_SHAP","all",0.0575327312568646,"SERPINF1"
"ENSG00000132386","patient6","XGBoost_SHAP","all",0.0504233136614098,"SERPINF1"
"ENSG00000132386","patient2","XGBoost_SHAP","all",0.0480679719772712,"SERPINF1"
"ENSG00000132386","patient1","XGBoost_SHAP","all",0.0443480727784014,"SERPINF1"
"ENSG00000132386","patient4","XGBoost_SHAP","all",0.029941560356672,"SERPINF1"
"ENSG00000132424","patient3","XGBoost_SHAP","all",0.00353669351293252,"PNISR"
"ENSG00000132424","patient2","XGBoost_SHAP","all",0.00112423597868049,"PNISR"
"ENSG00000132424","patient6","XGBoost_SHAP","all",0.0039316821493388,"PNISR"
"ENSG00000132424","patient4","XGBoost_SHAP","all",0.00345848682177543,"PNISR"
"ENSG00000132424","patient1","XGBoost_SHAP","all",0.00295986665813398,"PNISR"
"ENSG00000132424","patient5","XGBoost_SHAP","all",0.00180387911005151,"PNISR"
"ENSG00000132471","patient6","XGBoost_SHAP","all",0.00117974098565346,"WBP2"
"ENSG00000132471","patient2","XGBoost_SHAP","all",0.00109313245491893,"WBP2"
"ENSG00000132471","patient1","XGBoost_SHAP","all",0.000499430914465548,"WBP2"
"ENSG00000132471","patient3","XGBoost_SHAP","all",0.000939969666302227,"WBP2"
"ENSG00000132471","patient5","XGBoost_SHAP","all",0.00120200107241727,"WBP2"
"ENSG00000132485","patient2","XGBoost_SHAP","all",0.003336486815675,"ZRANB2"
"ENSG00000132485","patient5","XGBoost_SHAP","all",0.00272434347852442,"ZRANB2"
"ENSG00000132485","patient1","XGBoost_SHAP","all",0.00242280239306877,"ZRANB2"
"ENSG00000132485","patient3","XGBoost_SHAP","all",0.0053732205779186,"ZRANB2"
"ENSG00000132485","patient4","XGBoost_SHAP","all",0.00241194303615289,"ZRANB2"
"ENSG00000132485","patient6","XGBoost_SHAP","all",0.00454565261190642,"ZRANB2"
"ENSG00000132507","patient4","XGBoost_SHAP","all",0.00222229040193212,"EIF5A"
"ENSG00000132507","patient3","XGBoost_SHAP","all",0.00189248767578224,"EIF5A"
"ENSG00000132507","patient1","XGBoost_SHAP","all",0.00333159027674372,"EIF5A"
"ENSG00000132507","patient2","XGBoost_SHAP","all",0.0017152785667067,"EIF5A"
"ENSG00000132507","patient5","XGBoost_SHAP","all",0.00422640009527207,"EIF5A"
"ENSG00000132670","patient1","XGBoost_SHAP","all",0.00118474589796883,"PTPRA"
"ENSG00000132670","patient3","XGBoost_SHAP","all",0.00206728057592768,"PTPRA"
"ENSG00000132670","patient2","XGBoost_SHAP","all",0.000522069004534713,"PTPRA"
"ENSG00000132670","patient5","XGBoost_SHAP","all",0.000887684655208443,"PTPRA"
"ENSG00000132670","patient6","XGBoost_SHAP","all",0.000854786605751851,"PTPRA"
"ENSG00000132670","patient4","XGBoost_SHAP","all",0.00158315417797468,"PTPRA"
"ENSG00000132780","patient1","XGBoost_SHAP","all",0.00906972768730843,"NASP"
"ENSG00000132780","patient5","XGBoost_SHAP","all",0.0113688298854763,"NASP"
"ENSG00000132780","patient4","XGBoost_SHAP","all",0.0148591450217614,"NASP"
"ENSG00000132780","patient2","XGBoost_SHAP","all",0.0141529587209298,"NASP"
"ENSG00000132780","patient6","XGBoost_SHAP","all",0.010089853458442,"NASP"
"ENSG00000132780","patient3","XGBoost_SHAP","all",0.0052944669966247,"NASP"
"ENSG00000132824","patient6","XGBoost_SHAP","all",0.00368661473537398,"SERINC3"
"ENSG00000132824","patient1","XGBoost_SHAP","all",0.00375746342991994,"SERINC3"
"ENSG00000132824","patient2","XGBoost_SHAP","all",0.00209539180129821,"SERINC3"
"ENSG00000132824","patient4","XGBoost_SHAP","all",0.00780858036456875,"SERINC3"
"ENSG00000132824","patient3","XGBoost_SHAP","all",0.00292512538309528,"SERINC3"
"ENSG00000132824","patient5","XGBoost_SHAP","all",0.0048358600761288,"SERINC3"
"ENSG00000132965","patient6","XGBoost_SHAP","all",0.0596927954064603,"ALOX5AP"
"ENSG00000132965","patient3","XGBoost_SHAP","all",0.0344467870518698,"ALOX5AP"
"ENSG00000132965","patient2","XGBoost_SHAP","all",0.022347473081774,"ALOX5AP"
"ENSG00000132965","patient4","XGBoost_SHAP","all",0.0410722852490976,"ALOX5AP"
"ENSG00000132965","patient1","XGBoost_SHAP","all",0.0330608578384045,"ALOX5AP"
"ENSG00000132965","patient5","XGBoost_SHAP","all",0.046240056953784,"ALOX5AP"
"ENSG00000133026","patient3","XGBoost_SHAP","all",0.0200926746248457,"MYH10"
"ENSG00000133026","patient2","XGBoost_SHAP","all",0.0155582508442009,"MYH10"
"ENSG00000133026","patient4","XGBoost_SHAP","all",0.00721864481578045,"MYH10"
"ENSG00000133026","patient5","XGBoost_SHAP","all",0.00991957740754474,"MYH10"
"ENSG00000133026","patient1","XGBoost_SHAP","all",0.0273991989540665,"MYH10"
"ENSG00000133026","patient6","XGBoost_SHAP","all",0.0200829619398254,"MYH10"
"ENSG00000133030","patient4","XGBoost_SHAP","all",0.00180370667613895,"MPRIP"
"ENSG00000133104","patient5","XGBoost_SHAP","all",0.00640578916512791,"SPART"
"ENSG00000133104","patient4","XGBoost_SHAP","all",0.00340635249804356,"SPART"
"ENSG00000133104","patient3","XGBoost_SHAP","all",0.00397631200292867,"SPART"
"ENSG00000133104","patient6","XGBoost_SHAP","all",0.00239388244648316,"SPART"
"ENSG00000133104","patient1","XGBoost_SHAP","all",0.00242753293442065,"SPART"
"ENSG00000133104","patient2","XGBoost_SHAP","all",0.00414192791155063,"SPART"
"ENSG00000133110","patient3","XGBoost_SHAP","all",0.019405276834066,"POSTN"
"ENSG00000133110","patient1","XGBoost_SHAP","all",0.0221096599317863,"POSTN"
"ENSG00000133110","patient2","XGBoost_SHAP","all",0.0223458053919453,"POSTN"
"ENSG00000133110","patient4","XGBoost_SHAP","all",0.0183676741847006,"POSTN"
"ENSG00000133110","patient6","XGBoost_SHAP","all",0.027186675692698,"POSTN"
"ENSG00000133110","patient5","XGBoost_SHAP","all",0.0180961551323643,"POSTN"
"ENSG00000133142","patient5","XGBoost_SHAP","all",0.00497422243219378,"TCEAL4"
"ENSG00000133142","patient6","XGBoost_SHAP","all",0.00479799697542574,"TCEAL4"
"ENSG00000133142","patient1","XGBoost_SHAP","all",0.00494683192492624,"TCEAL4"
"ENSG00000133142","patient3","XGBoost_SHAP","all",0.0041711442068306,"TCEAL4"
"ENSG00000133142","patient2","XGBoost_SHAP","all",0.00513439612434074,"TCEAL4"
"ENSG00000133142","patient4","XGBoost_SHAP","all",0.00471383220420135,"TCEAL4"
"ENSG00000133318","patient6","XGBoost_SHAP","all",0.00298118649280034,"RTN3"
"ENSG00000133318","patient1","XGBoost_SHAP","all",0.0029894806478327,"RTN3"
"ENSG00000133318","patient4","XGBoost_SHAP","all",0.00500644815819567,"RTN3"
"ENSG00000133318","patient3","XGBoost_SHAP","all",0.00212968972518317,"RTN3"
"ENSG00000133318","patient5","XGBoost_SHAP","all",0.00303953637208668,"RTN3"
"ENSG00000133318","patient2","XGBoost_SHAP","all",0.00353688155996616,"RTN3"
"ENSG00000133392","patient1","XGBoost_SHAP","all",0.0289551866808146,"MYH11"
"ENSG00000133392","patient2","XGBoost_SHAP","all",0.0322755671085276,"MYH11"
"ENSG00000133392","patient3","XGBoost_SHAP","all",0.0330887471174771,"MYH11"
"ENSG00000133392","patient4","XGBoost_SHAP","all",0.0195846482016534,"MYH11"
"ENSG00000133392","patient5","XGBoost_SHAP","all",0.0272106999705774,"MYH11"
"ENSG00000133392","patient6","XGBoost_SHAP","all",0.037059891684858,"MYH11"
"ENSG00000133398","patient2","XGBoost_SHAP","all",0.00115528512680611,"MED10"
"ENSG00000133398","patient5","XGBoost_SHAP","all",0.000922328481260882,"MED10"
"ENSG00000133398","patient1","XGBoost_SHAP","all",0.00171770416198218,"MED10"
"ENSG00000133398","patient3","XGBoost_SHAP","all",0.000573457033866366,"MED10"
"ENSG00000133398","patient6","XGBoost_SHAP","all",0.00201103256069009,"MED10"
"ENSG00000133574","patient6","XGBoost_SHAP","all",0.0131925536531496,"GIMAP4"
"ENSG00000133574","patient2","XGBoost_SHAP","all",0.0065238988948522,"GIMAP4"
"ENSG00000133574","patient3","XGBoost_SHAP","all",0.0137454953730172,"GIMAP4"
"ENSG00000133574","patient4","XGBoost_SHAP","all",0.00750659138696216,"GIMAP4"
"ENSG00000133574","patient5","XGBoost_SHAP","all",0.0147763031264126,"GIMAP4"
"ENSG00000133574","patient1","XGBoost_SHAP","all",0.0133758358057104,"GIMAP4"
"ENSG00000133639","patient2","XGBoost_SHAP","all",0.0307927540471786,"BTG1"
"ENSG00000133639","patient3","XGBoost_SHAP","all",0.028430492775793,"BTG1"
"ENSG00000133639","patient1","XGBoost_SHAP","all",0.0382611828865251,"BTG1"
"ENSG00000133639","patient5","XGBoost_SHAP","all",0.027964538657002,"BTG1"
"ENSG00000133639","patient6","XGBoost_SHAP","all",0.0373854242985225,"BTG1"
"ENSG00000133639","patient4","XGBoost_SHAP","all",0.0445770510727946,"BTG1"
"ENSG00000133706","patient2","XGBoost_SHAP","all",0.00166129918830405,"LARS1"
"ENSG00000133706","patient1","XGBoost_SHAP","all",0.00219583839222709,"LARS1"
"ENSG00000133706","patient6","XGBoost_SHAP","all",0.000618494689550672,"LARS1"
"ENSG00000133706","patient5","XGBoost_SHAP","all",0.00204867077699657,"LARS1"
"ENSG00000133706","patient3","XGBoost_SHAP","all",0.00179767510632035,"LARS1"
"ENSG00000133706","patient4","XGBoost_SHAP","all",0.00350911832576464,"LARS1"
"ENSG00000133789","patient6","XGBoost_SHAP","all",0.00861757644235556,"SWAP70"
"ENSG00000133789","patient2","XGBoost_SHAP","all",0.00921120748612274,"SWAP70"
"ENSG00000133789","patient4","XGBoost_SHAP","all",0.00385086101510079,"SWAP70"
"ENSG00000133789","patient3","XGBoost_SHAP","all",0.00935418128252197,"SWAP70"
"ENSG00000133789","patient5","XGBoost_SHAP","all",0.00452905334133114,"SWAP70"
"ENSG00000133789","patient1","XGBoost_SHAP","all",0.00688004087222072,"SWAP70"
"ENSG00000133800","patient2","XGBoost_SHAP","all",0.0023460822312437,"LYVE1"
"ENSG00000133800","patient6","XGBoost_SHAP","all",0.00299927977524939,"LYVE1"
"ENSG00000133800","patient5","XGBoost_SHAP","all",0.00113132859239461,"LYVE1"
"ENSG00000133800","patient3","XGBoost_SHAP","all",0.0019047168430462,"LYVE1"
"ENSG00000133800","patient4","XGBoost_SHAP","all",0.00163394899512931,"LYVE1"
"ENSG00000133816","patient4","XGBoost_SHAP","all",0.00368408638962,"MICAL2"
"ENSG00000133816","patient3","XGBoost_SHAP","all",0.0076805630977599,"MICAL2"
"ENSG00000133872","patient3","XGBoost_SHAP","all",0.00265482650798063,"SARAF"
"ENSG00000133872","patient4","XGBoost_SHAP","all",0.00679913695566311,"SARAF"
"ENSG00000133872","patient2","XGBoost_SHAP","all",0.00269510346877605,"SARAF"
"ENSG00000133872","patient6","XGBoost_SHAP","all",0.00520951733031209,"SARAF"
"ENSG00000133872","patient1","XGBoost_SHAP","all",0.00397066336097608,"SARAF"
"ENSG00000133872","patient5","XGBoost_SHAP","all",0.00303908960457674,"SARAF"
"ENSG00000134046","patient5","XGBoost_SHAP","all",0.0119059659539951,"MBD2"
"ENSG00000134046","patient4","XGBoost_SHAP","all",0.00830566145785613,"MBD2"
"ENSG00000134056","patient3","XGBoost_SHAP","all",0.00199436177668206,"KGD4"
"ENSG00000134056","patient6","XGBoost_SHAP","all",0.00230962604444121,"KGD4"
"ENSG00000134056","patient2","XGBoost_SHAP","all",0.00167517311837219,"KGD4"
"ENSG00000134056","patient4","XGBoost_SHAP","all",0.00257372512316458,"KGD4"
"ENSG00000134056","patient5","XGBoost_SHAP","all",0.00275977340876933,"KGD4"
"ENSG00000134056","patient1","XGBoost_SHAP","all",0.00384613725554908,"KGD4"
"ENSG00000134107","patient4","XGBoost_SHAP","all",0.00155330908103016,"BHLHE40"
"ENSG00000134107","patient6","XGBoost_SHAP","all",0.00184266437076409,"BHLHE40"
"ENSG00000134107","patient2","XGBoost_SHAP","all",0.00273668202129978,"BHLHE40"
"ENSG00000134107","patient3","XGBoost_SHAP","all",0.00250789643348064,"BHLHE40"
"ENSG00000134107","patient1","XGBoost_SHAP","all",0.00208388309187404,"BHLHE40"
"ENSG00000134153","patient5","XGBoost_SHAP","all",0.00175483709971553,"EMC7"
"ENSG00000134153","patient2","XGBoost_SHAP","all",0.00132584423644708,"EMC7"
"ENSG00000134153","patient6","XGBoost_SHAP","all",0.0046392308732054,"EMC7"
"ENSG00000134153","patient1","XGBoost_SHAP","all",0.00321824304076426,"EMC7"
"ENSG00000134153","patient4","XGBoost_SHAP","all",0.0053344537064686,"EMC7"
"ENSG00000134153","patient3","XGBoost_SHAP","all",0.00256977477485048,"EMC7"
"ENSG00000134186","patient4","XGBoost_SHAP","all",0.0055362294457834,"PRPF38B"
"ENSG00000134186","patient6","XGBoost_SHAP","all",0.00194097965459028,"PRPF38B"
"ENSG00000134186","patient3","XGBoost_SHAP","all",0.00148958866350709,"PRPF38B"
"ENSG00000134186","patient1","XGBoost_SHAP","all",0.00146109146986299,"PRPF38B"
"ENSG00000134186","patient2","XGBoost_SHAP","all",0.00248119728428958,"PRPF38B"
"ENSG00000134186","patient5","XGBoost_SHAP","all",0.00191529543526845,"PRPF38B"
"ENSG00000134202","patient1","XGBoost_SHAP","all",0.0146202155769541,"GSTM3"
"ENSG00000134202","patient2","XGBoost_SHAP","all",0.00989592341772433,"GSTM3"
"ENSG00000134202","patient4","XGBoost_SHAP","all",0.010964113429256,"GSTM3"
"ENSG00000134202","patient6","XGBoost_SHAP","all",0.0105007106674673,"GSTM3"
"ENSG00000134202","patient5","XGBoost_SHAP","all",0.00606117338816076,"GSTM3"
"ENSG00000134202","patient3","XGBoost_SHAP","all",0.00499171695675361,"GSTM3"
"ENSG00000134243","patient1","XGBoost_SHAP","all",0.00279800879792792,"SORT1"
"ENSG00000134243","patient3","XGBoost_SHAP","all",0.00171667109654177,"SORT1"
"ENSG00000134243","patient6","XGBoost_SHAP","all",0.0016452267400379,"SORT1"
"ENSG00000134243","patient5","XGBoost_SHAP","all",0.00178975598844893,"SORT1"
"ENSG00000134243","patient4","XGBoost_SHAP","all",0.001199819490647,"SORT1"
"ENSG00000134243","patient2","XGBoost_SHAP","all",0.00071880090200042,"SORT1"
"ENSG00000134248","patient3","XGBoost_SHAP","all",0.00120354960839603,"LAMTOR5"
"ENSG00000134248","patient5","XGBoost_SHAP","all",0.00136800973841187,"LAMTOR5"
"ENSG00000134248","patient1","XGBoost_SHAP","all",0.00161853904629635,"LAMTOR5"
"ENSG00000134248","patient6","XGBoost_SHAP","all",0.000753160361040195,"LAMTOR5"
"ENSG00000134248","patient2","XGBoost_SHAP","all",0.00116470673553643,"LAMTOR5"
"ENSG00000134291","patient6","XGBoost_SHAP","all",0.00203290550667464,"TMEM106C"
"ENSG00000134291","patient3","XGBoost_SHAP","all",0.00207458708281534,"TMEM106C"
"ENSG00000134291","patient2","XGBoost_SHAP","all",0.00158274068225122,"TMEM106C"
"ENSG00000134291","patient1","XGBoost_SHAP","all",0.00278493211214187,"TMEM106C"
"ENSG00000134291","patient5","XGBoost_SHAP","all",0.0017607669756914,"TMEM106C"
"ENSG00000134294","patient6","XGBoost_SHAP","all",0.0055094862041491,"SLC38A2"
"ENSG00000134294","patient5","XGBoost_SHAP","all",0.00485358215283801,"SLC38A2"
"ENSG00000134294","patient4","XGBoost_SHAP","all",0.0111261138787047,"SLC38A2"
"ENSG00000134294","patient3","XGBoost_SHAP","all",0.00422422332739244,"SLC38A2"
"ENSG00000134294","patient2","XGBoost_SHAP","all",0.00741974019502333,"SLC38A2"
"ENSG00000134294","patient1","XGBoost_SHAP","all",0.00668263190686716,"SLC38A2"
"ENSG00000134308","patient5","XGBoost_SHAP","all",0.00241639441167963,"YWHAQ"
"ENSG00000134308","patient4","XGBoost_SHAP","all",0.00352089923684241,"YWHAQ"
"ENSG00000134308","patient1","XGBoost_SHAP","all",0.00397672684011799,"YWHAQ"
"ENSG00000134308","patient2","XGBoost_SHAP","all",0.00257260501571482,"YWHAQ"
"ENSG00000134308","patient6","XGBoost_SHAP","all",0.00164396618517342,"YWHAQ"
"ENSG00000134308","patient3","XGBoost_SHAP","all",0.00210616031373924,"YWHAQ"
"ENSG00000134313","patient6","XGBoost_SHAP","all",0.0062931559439853,"KIDINS220"
"ENSG00000134313","patient4","XGBoost_SHAP","all",0.0110226249215351,"KIDINS220"
"ENSG00000134313","patient1","XGBoost_SHAP","all",0.004792456802484,"KIDINS220"
"ENSG00000134313","patient2","XGBoost_SHAP","all",0.00572831127208057,"KIDINS220"
"ENSG00000134313","patient3","XGBoost_SHAP","all",0.00416982489431659,"KIDINS220"
"ENSG00000134313","patient5","XGBoost_SHAP","all",0.00157882697013397,"KIDINS220"
"ENSG00000134318","patient1","XGBoost_SHAP","all",0.0025005798141622,"ROCK2"
"ENSG00000134318","patient2","XGBoost_SHAP","all",0.00426333467600816,"ROCK2"
"ENSG00000134318","patient5","XGBoost_SHAP","all",0.00232719291783846,"ROCK2"
"ENSG00000134318","patient6","XGBoost_SHAP","all",0.00675971088518413,"ROCK2"
"ENSG00000134318","patient3","XGBoost_SHAP","all",0.00176467059275513,"ROCK2"
"ENSG00000134318","patient4","XGBoost_SHAP","all",0.00538075917052469,"ROCK2"
"ENSG00000134330","patient4","XGBoost_SHAP","all",0.00565272149573475,"IAH1"
"ENSG00000134330","patient2","XGBoost_SHAP","all",0.00127774726797845,"IAH1"
"ENSG00000134330","patient5","XGBoost_SHAP","all",0.00147576002600364,"IAH1"
"ENSG00000134330","patient3","XGBoost_SHAP","all",0.00694602723493505,"IAH1"
"ENSG00000134330","patient1","XGBoost_SHAP","all",0.00269518487099716,"IAH1"
"ENSG00000134330","patient6","XGBoost_SHAP","all",0.00198356365254941,"IAH1"
"ENSG00000134352","patient5","XGBoost_SHAP","all",0.00261585723610438,"IL6ST"
"ENSG00000134352","patient2","XGBoost_SHAP","all",0.00430218683352968,"IL6ST"
"ENSG00000134352","patient4","XGBoost_SHAP","all",0.00213494559242886,"IL6ST"
"ENSG00000134352","patient6","XGBoost_SHAP","all",0.00295215137688738,"IL6ST"
"ENSG00000134352","patient1","XGBoost_SHAP","all",0.00301720187227445,"IL6ST"
"ENSG00000134352","patient3","XGBoost_SHAP","all",0.00320093070838023,"IL6ST"
"ENSG00000134440","patient1","XGBoost_SHAP","all",0.00117378102124227,"NARS1"
"ENSG00000134440","patient6","XGBoost_SHAP","all",0.00322155301425427,"NARS1"
"ENSG00000134440","patient3","XGBoost_SHAP","all",0.00230077322388749,"NARS1"
"ENSG00000134440","patient2","XGBoost_SHAP","all",0.00235270711344705,"NARS1"
"ENSG00000134440","patient4","XGBoost_SHAP","all",0.00145748925281803,"NARS1"
"ENSG00000134440","patient5","XGBoost_SHAP","all",0.00135154902933413,"NARS1"
"ENSG00000134453","patient2","XGBoost_SHAP","all",0.00148485997137748,"RBM17"
"ENSG00000134453","patient3","XGBoost_SHAP","all",0.000967516737987065,"RBM17"
"ENSG00000134453","patient4","XGBoost_SHAP","all",0.00171972562014102,"RBM17"
"ENSG00000134453","patient6","XGBoost_SHAP","all",0.00299663965285932,"RBM17"
"ENSG00000134453","patient5","XGBoost_SHAP","all",0.00100214651963565,"RBM17"
"ENSG00000134453","patient1","XGBoost_SHAP","all",0.00131604753405491,"RBM17"
"ENSG00000134531","patient5","XGBoost_SHAP","all",0.0184804738374881,"EMP1"
"ENSG00000134531","patient2","XGBoost_SHAP","all",0.0186158962661538,"EMP1"
"ENSG00000134531","patient6","XGBoost_SHAP","all",0.0197631676570274,"EMP1"
"ENSG00000134531","patient3","XGBoost_SHAP","all",0.0112072608519711,"EMP1"
"ENSG00000134531","patient4","XGBoost_SHAP","all",0.0184073463717138,"EMP1"
"ENSG00000134531","patient1","XGBoost_SHAP","all",0.0185482596607656,"EMP1"
"ENSG00000134533","patient6","XGBoost_SHAP","all",0.0258356681601731,"RERG"
"ENSG00000134533","patient5","XGBoost_SHAP","all",0.035719630224501,"RERG"
"ENSG00000134533","patient1","XGBoost_SHAP","all",0.0161909858201256,"RERG"
"ENSG00000134533","patient2","XGBoost_SHAP","all",0.0287087426505676,"RERG"
"ENSG00000134590","patient2","XGBoost_SHAP","all",0.0014154824738265,"RTL8C"
"ENSG00000134590","patient1","XGBoost_SHAP","all",0.00161835919456466,"RTL8C"
"ENSG00000134590","patient3","XGBoost_SHAP","all",0.00173337719148611,"RTL8C"
"ENSG00000134590","patient5","XGBoost_SHAP","all",0.00193241087622001,"RTL8C"
"ENSG00000134590","patient6","XGBoost_SHAP","all",0.00127653081056878,"RTL8C"
"ENSG00000134590","patient4","XGBoost_SHAP","all",0.002151135466754,"RTL8C"
"ENSG00000134686","patient3","XGBoost_SHAP","all",0.00116243378490618,"PHC2"
"ENSG00000134686","patient1","XGBoost_SHAP","all",0.000988307523285639,"PHC2"
"ENSG00000134686","patient5","XGBoost_SHAP","all",0.00291361310210765,"PHC2"
"ENSG00000134686","patient2","XGBoost_SHAP","all",0.000930757888402981,"PHC2"
"ENSG00000134686","patient6","XGBoost_SHAP","all",0.00128388998146695,"PHC2"
"ENSG00000134686","patient4","XGBoost_SHAP","all",0.00189375813273238,"PHC2"
"ENSG00000134717","patient3","XGBoost_SHAP","all",0.00560595381038863,"BTF3L4"
"ENSG00000134717","patient5","XGBoost_SHAP","all",0.00255894812284655,"BTF3L4"
"ENSG00000134717","patient2","XGBoost_SHAP","all",0.00314140708574875,"BTF3L4"
"ENSG00000134717","patient4","XGBoost_SHAP","all",0.0042236604894897,"BTF3L4"
"ENSG00000134717","patient1","XGBoost_SHAP","all",0.00459101512311702,"BTF3L4"
"ENSG00000134717","patient6","XGBoost_SHAP","all",0.00229669379982988,"BTF3L4"
"ENSG00000134744","patient4","XGBoost_SHAP","all",0.000914100987968169,"TUT4"
"ENSG00000134744","patient1","XGBoost_SHAP","all",0.00032584878613974,"TUT4"
"ENSG00000134744","patient2","XGBoost_SHAP","all",0.00388407896491363,"TUT4"
"ENSG00000134744","patient6","XGBoost_SHAP","all",0.00166979153419074,"TUT4"
"ENSG00000134744","patient3","XGBoost_SHAP","all",0.00196078229685316,"TUT4"
"ENSG00000134851","patient5","XGBoost_SHAP","all",0.00277557600727112,"TMEM165"
"ENSG00000134851","patient3","XGBoost_SHAP","all",0.00129517972456051,"TMEM165"
"ENSG00000134851","patient2","XGBoost_SHAP","all",0.00160832896393001,"TMEM165"
"ENSG00000134851","patient1","XGBoost_SHAP","all",0.00134367895644046,"TMEM165"
"ENSG00000134851","patient6","XGBoost_SHAP","all",0.000630428191622743,"TMEM165"
"ENSG00000134851","patient4","XGBoost_SHAP","all",0.00190690967140834,"TMEM165"
"ENSG00000134853","patient6","XGBoost_SHAP","all",0.015749590700968,"PDGFRA"
"ENSG00000134853","patient5","XGBoost_SHAP","all",0.00842467118966815,"PDGFRA"
"ENSG00000134853","patient2","XGBoost_SHAP","all",0.0206667268549887,"PDGFRA"
"ENSG00000134853","patient4","XGBoost_SHAP","all",0.0189062491403054,"PDGFRA"
"ENSG00000134853","patient1","XGBoost_SHAP","all",0.0145371384148389,"PDGFRA"
"ENSG00000134853","patient3","XGBoost_SHAP","all",0.0193017554367885,"PDGFRA"
"ENSG00000134871","patient2","XGBoost_SHAP","all",0.00918109764595057,"COL4A2"
"ENSG00000134871","patient3","XGBoost_SHAP","all",0.0127689125184019,"COL4A2"
"ENSG00000134871","patient1","XGBoost_SHAP","all",0.0118787591305712,"COL4A2"
"ENSG00000134871","patient4","XGBoost_SHAP","all",0.0175859623830353,"COL4A2"
"ENSG00000134871","patient6","XGBoost_SHAP","all",0.0132429206394687,"COL4A2"
"ENSG00000134871","patient5","XGBoost_SHAP","all",0.0113915700566106,"COL4A2"
"ENSG00000134884","patient5","XGBoost_SHAP","all",0.00229058373965988,"ARGLU1"
"ENSG00000134884","patient6","XGBoost_SHAP","all",0.000907318784308405,"ARGLU1"
"ENSG00000134884","patient1","XGBoost_SHAP","all",0.00254266803132245,"ARGLU1"
"ENSG00000134884","patient2","XGBoost_SHAP","all",0.00286548387401247,"ARGLU1"
"ENSG00000134884","patient3","XGBoost_SHAP","all",0.00439638239168931,"ARGLU1"
"ENSG00000134884","patient4","XGBoost_SHAP","all",0.0022241304005541,"ARGLU1"
"ENSG00000134954","patient4","XGBoost_SHAP","all",0.00558774327747829,"ETS1"
"ENSG00000134996","patient2","XGBoost_SHAP","all",0.00197952232359541,"OSTF1"
"ENSG00000134996","patient5","XGBoost_SHAP","all",0.00413894041982472,"OSTF1"
"ENSG00000134996","patient6","XGBoost_SHAP","all",0.00548615331930633,"OSTF1"
"ENSG00000134996","patient3","XGBoost_SHAP","all",0.0040616986810013,"OSTF1"
"ENSG00000134996","patient1","XGBoost_SHAP","all",0.00283878441787964,"OSTF1"
"ENSG00000134996","patient4","XGBoost_SHAP","all",0.00218838375670144,"OSTF1"
"ENSG00000135047","patient5","XGBoost_SHAP","all",0.00405759408813227,"CTSL"
"ENSG00000135047","patient2","XGBoost_SHAP","all",0.00250773947508974,"CTSL"
"ENSG00000135047","patient6","XGBoost_SHAP","all",0.00929737002072524,"CTSL"
"ENSG00000135047","patient4","XGBoost_SHAP","all",0.00374445916667471,"CTSL"
"ENSG00000135047","patient1","XGBoost_SHAP","all",0.00708759228425651,"CTSL"
"ENSG00000135047","patient3","XGBoost_SHAP","all",0.00428679215104073,"CTSL"
"ENSG00000135090","patient3","XGBoost_SHAP","all",0.00460916402039353,"TAOK3"
"ENSG00000135090","patient6","XGBoost_SHAP","all",0.00108829348677403,"TAOK3"
"ENSG00000135090","patient5","XGBoost_SHAP","all",0.00188148682296316,"TAOK3"
"ENSG00000135090","patient1","XGBoost_SHAP","all",0.0030253595475044,"TAOK3"
"ENSG00000135090","patient4","XGBoost_SHAP","all",0.00076828178220448,"TAOK3"
"ENSG00000135090","patient2","XGBoost_SHAP","all",0.00222307861782301,"TAOK3"
"ENSG00000135218","patient1","XGBoost_SHAP","all",0.00975178300569447,"CD36"
"ENSG00000135218","patient2","XGBoost_SHAP","all",0.00667443055360303,"CD36"
"ENSG00000135218","patient6","XGBoost_SHAP","all",0.00731083866759826,"CD36"
"ENSG00000135218","patient4","XGBoost_SHAP","all",0.00828365646773642,"CD36"
"ENSG00000135269","patient3","XGBoost_SHAP","all",0.00067201643061904,"TES"
"ENSG00000135269","patient5","XGBoost_SHAP","all",0.000648489426630787,"TES"
"ENSG00000135269","patient4","XGBoost_SHAP","all",0.00115625316629578,"TES"
"ENSG00000135269","patient1","XGBoost_SHAP","all",0.00158651482301692,"TES"
"ENSG00000135269","patient6","XGBoost_SHAP","all",0.00217068374276411,"TES"
"ENSG00000135269","patient2","XGBoost_SHAP","all",0.000814919297584627,"TES"
"ENSG00000135316","patient5","XGBoost_SHAP","all",0.00131598996000985,"SYNCRIP"
"ENSG00000135316","patient4","XGBoost_SHAP","all",0.00173705440646162,"SYNCRIP"
"ENSG00000135316","patient6","XGBoost_SHAP","all",0.00215880033626007,"SYNCRIP"
"ENSG00000135316","patient1","XGBoost_SHAP","all",0.00151498703543708,"SYNCRIP"
"ENSG00000135316","patient2","XGBoost_SHAP","all",0.00128532772910694,"SYNCRIP"
"ENSG00000135316","patient3","XGBoost_SHAP","all",0.00136408266912384,"SYNCRIP"
"ENSG00000135363","patient6","XGBoost_SHAP","all",0.00741322405748419,"LMO2"
"ENSG00000135363","patient3","XGBoost_SHAP","all",0.00987246515955592,"LMO2"
"ENSG00000135363","patient1","XGBoost_SHAP","all",0.00674307242205764,"LMO2"
"ENSG00000135363","patient2","XGBoost_SHAP","all",0.014994823396472,"LMO2"
"ENSG00000135363","patient5","XGBoost_SHAP","all",0.00792731642915782,"LMO2"
"ENSG00000135363","patient4","XGBoost_SHAP","all",0.014299911113396,"LMO2"
"ENSG00000135387","patient2","XGBoost_SHAP","all",0.000988418640425758,"CAPRIN1"
"ENSG00000135387","patient4","XGBoost_SHAP","all",0.00304841435712413,"CAPRIN1"
"ENSG00000135387","patient1","XGBoost_SHAP","all",0.00273190815500367,"CAPRIN1"
"ENSG00000135387","patient3","XGBoost_SHAP","all",0.00271955742506786,"CAPRIN1"
"ENSG00000135441","patient6","XGBoost_SHAP","all",0.00353429436455579,"BLOC1S1"
"ENSG00000135441","patient3","XGBoost_SHAP","all",0.00402414445493299,"BLOC1S1"
"ENSG00000135441","patient2","XGBoost_SHAP","all",0.00222585509101583,"BLOC1S1"
"ENSG00000135441","patient5","XGBoost_SHAP","all",0.00203581193084337,"BLOC1S1"
"ENSG00000135441","patient1","XGBoost_SHAP","all",0.00262131595917161,"BLOC1S1"
"ENSG00000135441","patient4","XGBoost_SHAP","all",0.00282348991171242,"BLOC1S1"
"ENSG00000135506","patient1","XGBoost_SHAP","all",0.0142624877886404,"OS9"
"ENSG00000135506","patient4","XGBoost_SHAP","all",0.00206184421947972,"OS9"
"ENSG00000135506","patient2","XGBoost_SHAP","all",0.0075142245399019,"OS9"
"ENSG00000135506","patient3","XGBoost_SHAP","all",0.00512236030507416,"OS9"
"ENSG00000135506","patient6","XGBoost_SHAP","all",0.00387140001981774,"OS9"
"ENSG00000135506","patient5","XGBoost_SHAP","all",0.00549360354437807,"OS9"
"ENSG00000135535","patient3","XGBoost_SHAP","all",0.00241483253474025,"CD164"
"ENSG00000135535","patient5","XGBoost_SHAP","all",0.00245672887912246,"CD164"
"ENSG00000135535","patient6","XGBoost_SHAP","all",0.0034605108936254,"CD164"
"ENSG00000135535","patient2","XGBoost_SHAP","all",0.00416707017551457,"CD164"
"ENSG00000135535","patient4","XGBoost_SHAP","all",0.00234971823385084,"CD164"
"ENSG00000135535","patient1","XGBoost_SHAP","all",0.00119759760859535,"CD164"
"ENSG00000135541","patient1","XGBoost_SHAP","all",0.00156973265839645,"AHI1"
"ENSG00000135541","patient2","XGBoost_SHAP","all",0.00289772310106308,"AHI1"
"ENSG00000135541","patient5","XGBoost_SHAP","all",0.00112516183699517,"AHI1"
"ENSG00000135541","patient6","XGBoost_SHAP","all",0.00266503948227307,"AHI1"
"ENSG00000135541","patient4","XGBoost_SHAP","all",0.0016379916319444,"AHI1"
"ENSG00000135541","patient3","XGBoost_SHAP","all",0.00231321390960693,"AHI1"
"ENSG00000135624","patient1","XGBoost_SHAP","all",0.00212740568716919,"CCT7"
"ENSG00000135624","patient3","XGBoost_SHAP","all",0.00268003355018297,"CCT7"
"ENSG00000135624","patient4","XGBoost_SHAP","all",0.00117386340463236,"CCT7"
"ENSG00000135624","patient6","XGBoost_SHAP","all",0.00273035000494804,"CCT7"
"ENSG00000135624","patient5","XGBoost_SHAP","all",0.00329420337470464,"CCT7"
"ENSG00000135624","patient2","XGBoost_SHAP","all",0.00147091966874602,"CCT7"
"ENSG00000135655","patient5","XGBoost_SHAP","all",0.00480073814513132,"USP15"
"ENSG00000135655","patient4","XGBoost_SHAP","all",0.00227357702373042,"USP15"
"ENSG00000135655","patient2","XGBoost_SHAP","all",0.00441874392166968,"USP15"
"ENSG00000135655","patient3","XGBoost_SHAP","all",0.00424449569792463,"USP15"
"ENSG00000135655","patient1","XGBoost_SHAP","all",0.0034807351415004,"USP15"
"ENSG00000135655","patient6","XGBoost_SHAP","all",0.0049113415958141,"USP15"
"ENSG00000135677","patient4","XGBoost_SHAP","all",0.00202835241810289,"GNS"
"ENSG00000135678","patient4","XGBoost_SHAP","all",0.00615316534473639,"CPM"
"ENSG00000135678","patient5","XGBoost_SHAP","all",0.00419990072935245,"CPM"
"ENSG00000135678","patient6","XGBoost_SHAP","all",0.00582678402219136,"CPM"
"ENSG00000135678","patient1","XGBoost_SHAP","all",0.0034294934523467,"CPM"
"ENSG00000135720","patient5","XGBoost_SHAP","all",0.0011626140463413,"DYNC1LI2"
"ENSG00000135720","patient6","XGBoost_SHAP","all",0.00137799757169463,"DYNC1LI2"
"ENSG00000135720","patient4","XGBoost_SHAP","all",0.00163233979690391,"DYNC1LI2"
"ENSG00000135720","patient2","XGBoost_SHAP","all",0.000879328900204977,"DYNC1LI2"
"ENSG00000135720","patient1","XGBoost_SHAP","all",0.0029580505871636,"DYNC1LI2"
"ENSG00000135720","patient3","XGBoost_SHAP","all",0.00195936507648975,"DYNC1LI2"
"ENSG00000135744","patient2","XGBoost_SHAP","all",0.0258345143952083,"AGT"
"ENSG00000135744","patient6","XGBoost_SHAP","all",0.0266422009221012,"AGT"
"ENSG00000135744","patient3","XGBoost_SHAP","all",0.0313424582435042,"AGT"
"ENSG00000135744","patient5","XGBoost_SHAP","all",0.0242288792258641,"AGT"
"ENSG00000135744","patient1","XGBoost_SHAP","all",0.0298080582982413,"AGT"
"ENSG00000135744","patient4","XGBoost_SHAP","all",0.0240486853096681,"AGT"
"ENSG00000135821","patient6","XGBoost_SHAP","all",0.00984890877307387,"GLUL"
"ENSG00000135821","patient1","XGBoost_SHAP","all",0.00624191939980551,"GLUL"
"ENSG00000135821","patient2","XGBoost_SHAP","all",0.0145075954949026,"GLUL"
"ENSG00000135821","patient4","XGBoost_SHAP","all",0.00434726938911806,"GLUL"
"ENSG00000135821","patient5","XGBoost_SHAP","all",0.0248122933702984,"GLUL"
"ENSG00000135821","patient3","XGBoost_SHAP","all",0.00969430988610239,"GLUL"
"ENSG00000135837","patient3","XGBoost_SHAP","all",0.000508721590767898,"CEP350"
"ENSG00000135837","patient2","XGBoost_SHAP","all",0.00070047104239809,"CEP350"
"ENSG00000135837","patient1","XGBoost_SHAP","all",0.00134457278717807,"CEP350"
"ENSG00000135837","patient4","XGBoost_SHAP","all",0.00174880474121769,"CEP350"
"ENSG00000135837","patient6","XGBoost_SHAP","all",0.00137835831746812,"CEP350"
"ENSG00000135837","patient5","XGBoost_SHAP","all",0.00263535255424833,"CEP350"
"ENSG00000135842","patient2","XGBoost_SHAP","all",0.00307720228446852,"NIBAN1"
"ENSG00000135842","patient3","XGBoost_SHAP","all",0.00748200914218472,"NIBAN1"
"ENSG00000135842","patient5","XGBoost_SHAP","all",0.00154316614363597,"NIBAN1"
"ENSG00000135842","patient1","XGBoost_SHAP","all",0.00180510226391194,"NIBAN1"
"ENSG00000135842","patient6","XGBoost_SHAP","all",0.00277039610985715,"NIBAN1"
"ENSG00000135842","patient4","XGBoost_SHAP","all",0.00171281880540776,"NIBAN1"
"ENSG00000135862","patient5","XGBoost_SHAP","all",0.00862968609227968,"LAMC1"
"ENSG00000135862","patient2","XGBoost_SHAP","all",0.00634803116108109,"LAMC1"
"ENSG00000135862","patient3","XGBoost_SHAP","all",0.00519137044781161,"LAMC1"
"ENSG00000135862","patient4","XGBoost_SHAP","all",0.00755765253653475,"LAMC1"
"ENSG00000135862","patient6","XGBoost_SHAP","all",0.0131900417385375,"LAMC1"
"ENSG00000135862","patient1","XGBoost_SHAP","all",0.00504633088442031,"LAMC1"
"ENSG00000135916","patient1","XGBoost_SHAP","all",0.0291382964775812,"ITM2C"
"ENSG00000135916","patient6","XGBoost_SHAP","all",0.0299909657231101,"ITM2C"
"ENSG00000135916","patient5","XGBoost_SHAP","all",0.0331074827768291,"ITM2C"
"ENSG00000135916","patient3","XGBoost_SHAP","all",0.0428107623771719,"ITM2C"
"ENSG00000135916","patient4","XGBoost_SHAP","all",0.0180952918693279,"ITM2C"
"ENSG00000135916","patient2","XGBoost_SHAP","all",0.0416806723965189,"ITM2C"
"ENSG00000135919","patient3","XGBoost_SHAP","all",0.0038397507495265,"SERPINE2"
"ENSG00000135919","patient6","XGBoost_SHAP","all",0.0027382323174287,"SERPINE2"
"ENSG00000135926","patient1","XGBoost_SHAP","all",0.0032005219106261,"TMBIM1"
"ENSG00000135926","patient2","XGBoost_SHAP","all",0.00256567793107024,"TMBIM1"
"ENSG00000135926","patient4","XGBoost_SHAP","all",0.00312873419620698,"TMBIM1"
"ENSG00000135926","patient3","XGBoost_SHAP","all",0.00284440935001472,"TMBIM1"
"ENSG00000135926","patient6","XGBoost_SHAP","all",0.00303399746194429,"TMBIM1"
"ENSG00000135926","patient5","XGBoost_SHAP","all",0.00183430631387643,"TMBIM1"
"ENSG00000135968","patient6","XGBoost_SHAP","all",0.00327349798728026,"GCC2"
"ENSG00000135968","patient4","XGBoost_SHAP","all",0.0042078512949666,"GCC2"
"ENSG00000135968","patient1","XGBoost_SHAP","all",0.00323265567729379,"GCC2"
"ENSG00000135968","patient2","XGBoost_SHAP","all",0.00350017293991427,"GCC2"
"ENSG00000135968","patient3","XGBoost_SHAP","all",0.0054615355080112,"GCC2"
"ENSG00000135968","patient5","XGBoost_SHAP","all",0.00199610928880787,"GCC2"
"ENSG00000136051","patient6","XGBoost_SHAP","all",0.00573318309384127,"WASHC4"
"ENSG00000136051","patient4","XGBoost_SHAP","all",0.00600045331991481,"WASHC4"
"ENSG00000136051","patient3","XGBoost_SHAP","all",0.00391383448561235,"WASHC4"
"ENSG00000136051","patient5","XGBoost_SHAP","all",0.00164598546858299,"WASHC4"
"ENSG00000136100","patient3","XGBoost_SHAP","all",0.00157610954466931,"VPS36"
"ENSG00000136146","patient2","XGBoost_SHAP","all",0.000950311679860847,"MED4"
"ENSG00000136146","patient4","XGBoost_SHAP","all",0.00163543322629806,"MED4"
"ENSG00000136146","patient5","XGBoost_SHAP","all",0.00274425058834151,"MED4"
"ENSG00000136146","patient6","XGBoost_SHAP","all",0.001360136007496,"MED4"
"ENSG00000136146","patient3","XGBoost_SHAP","all",0.00125341610152646,"MED4"
"ENSG00000136146","patient1","XGBoost_SHAP","all",0.00302042252599504,"MED4"
"ENSG00000136167","patient3","XGBoost_SHAP","all",0.0219930166309093,"LCP1"
"ENSG00000136167","patient2","XGBoost_SHAP","all",0.0535635919108334,"LCP1"
"ENSG00000136167","patient1","XGBoost_SHAP","all",0.0349060251429746,"LCP1"
"ENSG00000136167","patient5","XGBoost_SHAP","all",0.046512946327201,"LCP1"
"ENSG00000136167","patient4","XGBoost_SHAP","all",0.0265761084803665,"LCP1"
"ENSG00000136167","patient6","XGBoost_SHAP","all",0.0326257148820235,"LCP1"
"ENSG00000136235","patient5","XGBoost_SHAP","all",0.00575062746854628,"GPNMB"
"ENSG00000136235","patient3","XGBoost_SHAP","all",0.0131056578765428,"GPNMB"
"ENSG00000136235","patient2","XGBoost_SHAP","all",0.0046686866960453,"GPNMB"
"ENSG00000136235","patient1","XGBoost_SHAP","all",0.0101915275543909,"GPNMB"
"ENSG00000136235","patient4","XGBoost_SHAP","all",0.0057128041412701,"GPNMB"
"ENSG00000136235","patient6","XGBoost_SHAP","all",0.0107879896532825,"GPNMB"
"ENSG00000136240","patient4","XGBoost_SHAP","all",0.00472839563296594,"KDELR2"
"ENSG00000136240","patient3","XGBoost_SHAP","all",0.0055363610703697,"KDELR2"
"ENSG00000136240","patient5","XGBoost_SHAP","all",0.00551445402235177,"KDELR2"
"ENSG00000136240","patient2","XGBoost_SHAP","all",0.00744220550330941,"KDELR2"
"ENSG00000136240","patient1","XGBoost_SHAP","all",0.00493321907001489,"KDELR2"
"ENSG00000136240","patient6","XGBoost_SHAP","all",0.00220296393461405,"KDELR2"
"ENSG00000136279","patient3","XGBoost_SHAP","all",0.0017545165474057,"DBNL"
"ENSG00000136279","patient1","XGBoost_SHAP","all",0.00248464789129862,"DBNL"
"ENSG00000136279","patient6","XGBoost_SHAP","all",0.00393344250684459,"DBNL"
"ENSG00000136279","patient5","XGBoost_SHAP","all",0.00266129800169928,"DBNL"
"ENSG00000136279","patient2","XGBoost_SHAP","all",0.00228808376064982,"DBNL"
"ENSG00000136279","patient4","XGBoost_SHAP","all",0.00156539780491406,"DBNL"
"ENSG00000136436","patient2","XGBoost_SHAP","all",0.00260975121998495,"CALCOCO2"
"ENSG00000136436","patient4","XGBoost_SHAP","all",0.00888300819485113,"CALCOCO2"
"ENSG00000136436","patient5","XGBoost_SHAP","all",0.0060716225524411,"CALCOCO2"
"ENSG00000136436","patient1","XGBoost_SHAP","all",0.00610202414685759,"CALCOCO2"
"ENSG00000136436","patient6","XGBoost_SHAP","all",0.00799503332454741,"CALCOCO2"
"ENSG00000136436","patient3","XGBoost_SHAP","all",0.00294732885955589,"CALCOCO2"
"ENSG00000136448","patient5","XGBoost_SHAP","all",0.001426143143725,"NMT1"
"ENSG00000136448","patient1","XGBoost_SHAP","all",0.00315138739673354,"NMT1"
"ENSG00000136448","patient3","XGBoost_SHAP","all",0.00126006217437407,"NMT1"
"ENSG00000136448","patient4","XGBoost_SHAP","all",0.00157910898330251,"NMT1"
"ENSG00000136448","patient2","XGBoost_SHAP","all",0.00128953110808412,"NMT1"
"ENSG00000136448","patient6","XGBoost_SHAP","all",0.00104753781182324,"NMT1"
"ENSG00000136521","patient3","XGBoost_SHAP","all",0.00676066181068893,"NDUFB5"
"ENSG00000136521","patient1","XGBoost_SHAP","all",0.00504912811109172,"NDUFB5"
"ENSG00000136521","patient6","XGBoost_SHAP","all",0.00294524659223261,"NDUFB5"
"ENSG00000136521","patient4","XGBoost_SHAP","all",0.00313768668139609,"NDUFB5"
"ENSG00000136521","patient5","XGBoost_SHAP","all",0.0048869039382201,"NDUFB5"
"ENSG00000136521","patient2","XGBoost_SHAP","all",0.00132805823735972,"NDUFB5"
"ENSG00000136527","patient5","XGBoost_SHAP","all",0.00298160563002912,"TRA2B"
"ENSG00000136527","patient2","XGBoost_SHAP","all",0.00163360399606972,"TRA2B"
"ENSG00000136527","patient6","XGBoost_SHAP","all",0.00257626786627466,"TRA2B"
"ENSG00000136527","patient3","XGBoost_SHAP","all",0.00327786863464426,"TRA2B"
"ENSG00000136527","patient1","XGBoost_SHAP","all",0.00471527586017207,"TRA2B"
"ENSG00000136527","patient4","XGBoost_SHAP","all",0.0031263725724857,"TRA2B"
"ENSG00000136603","patient3","XGBoost_SHAP","all",0.0018906029683506,"SKIL"
"ENSG00000136603","patient6","XGBoost_SHAP","all",0.00303731515542313,"SKIL"
"ENSG00000136603","patient2","XGBoost_SHAP","all",0.00213391193821249,"SKIL"
"ENSG00000136603","patient1","XGBoost_SHAP","all",0.00162031711963636,"SKIL"
"ENSG00000136603","patient4","XGBoost_SHAP","all",0.00275776236269604,"SKIL"
"ENSG00000136603","patient5","XGBoost_SHAP","all",0.00228537058328095,"SKIL"
"ENSG00000136628","patient1","XGBoost_SHAP","all",0.00280298531003914,"EPRS1"
"ENSG00000136628","patient3","XGBoost_SHAP","all",0.00205911695226917,"EPRS1"
"ENSG00000136628","patient5","XGBoost_SHAP","all",0.00183369607108884,"EPRS1"
"ENSG00000136628","patient2","XGBoost_SHAP","all",0.00159355769172545,"EPRS1"
"ENSG00000136628","patient4","XGBoost_SHAP","all",0.00179812366026701,"EPRS1"
"ENSG00000136628","patient6","XGBoost_SHAP","all",0.0019310286554138,"EPRS1"
"ENSG00000136732","patient2","XGBoost_SHAP","all",0.00196584697373814,"GYPC"
"ENSG00000136732","patient6","XGBoost_SHAP","all",0.00294289560662648,"GYPC"
"ENSG00000136732","patient3","XGBoost_SHAP","all",0.00467851101317622,"GYPC"
"ENSG00000136732","patient1","XGBoost_SHAP","all",0.00625862222560445,"GYPC"
"ENSG00000136732","patient4","XGBoost_SHAP","all",0.00697795670575122,"GYPC"
"ENSG00000136732","patient5","XGBoost_SHAP","all",0.00599148982879113,"GYPC"
"ENSG00000136758","patient1","XGBoost_SHAP","all",0.00487181111240629,"YME1L1"
"ENSG00000136758","patient6","XGBoost_SHAP","all",0.00978400925104917,"YME1L1"
"ENSG00000136758","patient4","XGBoost_SHAP","all",0.00561821734052368,"YME1L1"
"ENSG00000136758","patient3","XGBoost_SHAP","all",0.00548492174080873,"YME1L1"
"ENSG00000136758","patient2","XGBoost_SHAP","all",0.00103470010469875,"YME1L1"
"ENSG00000136758","patient5","XGBoost_SHAP","all",0.0103966345275879,"YME1L1"
"ENSG00000136770","patient1","XGBoost_SHAP","all",0.00280633047789069,"DNAJC1"
"ENSG00000136770","patient6","XGBoost_SHAP","all",0.00317448170260707,"DNAJC1"
"ENSG00000136770","patient5","XGBoost_SHAP","all",0.0018255760690008,"DNAJC1"
"ENSG00000136770","patient3","XGBoost_SHAP","all",0.00226133305121517,"DNAJC1"
"ENSG00000136770","patient4","XGBoost_SHAP","all",0.00192186139858438,"DNAJC1"
"ENSG00000136770","patient2","XGBoost_SHAP","all",0.00388842291565504,"DNAJC1"
"ENSG00000136819","patient1","XGBoost_SHAP","all",0.00766999271606487,"C9orf78"
"ENSG00000136819","patient3","XGBoost_SHAP","all",0.00236729190155066,"C9orf78"
"ENSG00000136819","patient5","XGBoost_SHAP","all",0.00234055202515622,"C9orf78"
"ENSG00000136819","patient4","XGBoost_SHAP","all",0.00116030426426126,"C9orf78"
"ENSG00000136819","patient6","XGBoost_SHAP","all",0.00243083917850419,"C9orf78"
"ENSG00000136819","patient2","XGBoost_SHAP","all",0.000703676386284028,"C9orf78"
"ENSG00000136826","patient3","XGBoost_SHAP","all",0.0018089150832104,"KLF4"
"ENSG00000136826","patient6","XGBoost_SHAP","all",0.00329800516207484,"KLF4"
"ENSG00000136826","patient5","XGBoost_SHAP","all",0.00290022102327809,"KLF4"
"ENSG00000136826","patient2","XGBoost_SHAP","all",0.00645585935870267,"KLF4"
"ENSG00000136826","patient1","XGBoost_SHAP","all",0.00287803469724038,"KLF4"
"ENSG00000136826","patient4","XGBoost_SHAP","all",0.00484803824890146,"KLF4"
"ENSG00000136930","patient4","XGBoost_SHAP","all",0.000411042523373316,"PSMB7"
"ENSG00000136930","patient1","XGBoost_SHAP","all",0.00141421878862214,"PSMB7"
"ENSG00000136930","patient6","XGBoost_SHAP","all",0.00116250697211277,"PSMB7"
"ENSG00000136930","patient2","XGBoost_SHAP","all",0.00123859318588801,"PSMB7"
"ENSG00000136930","patient5","XGBoost_SHAP","all",0.0020066157195239,"PSMB7"
"ENSG00000136930","patient3","XGBoost_SHAP","all",0.00153420856910693,"PSMB7"
"ENSG00000136997","patient4","XGBoost_SHAP","all",0.00548268574330494,"MYC"
"ENSG00000136999","patient1","XGBoost_SHAP","all",0.0365826388162949,"CCN3"
"ENSG00000136999","patient2","XGBoost_SHAP","all",0.0272594198274483,"CCN3"
"ENSG00000136999","patient6","XGBoost_SHAP","all",0.0244446586219229,"CCN3"
"ENSG00000136999","patient3","XGBoost_SHAP","all",0.0334062283685305,"CCN3"
"ENSG00000136999","patient5","XGBoost_SHAP","all",0.0239548890865012,"CCN3"
"ENSG00000136999","patient4","XGBoost_SHAP","all",0.0292578912942314,"CCN3"
"ENSG00000137033","patient2","XGBoost_SHAP","all",0.0160053810459173,"IL33"
"ENSG00000137033","patient6","XGBoost_SHAP","all",0.00703539414793838,"IL33"
"ENSG00000137033","patient1","XGBoost_SHAP","all",0.0117818315478105,"IL33"
"ENSG00000137033","patient4","XGBoost_SHAP","all",0.00466962189696217,"IL33"
"ENSG00000137033","patient5","XGBoost_SHAP","all",0.00852511741573372,"IL33"
"ENSG00000137033","patient3","XGBoost_SHAP","all",0.0191508237823824,"IL33"
"ENSG00000137038","patient1","XGBoost_SHAP","all",0.000649677626757106,"DMAC1"
"ENSG00000137038","patient3","XGBoost_SHAP","all",0.000607245197101279,"DMAC1"
"ENSG00000137038","patient4","XGBoost_SHAP","all",0.000948619045995583,"DMAC1"
"ENSG00000137038","patient5","XGBoost_SHAP","all",0.00238962219471312,"DMAC1"
"ENSG00000137038","patient2","XGBoost_SHAP","all",0.00105900717870553,"DMAC1"
"ENSG00000137038","patient6","XGBoost_SHAP","all",0.00162513406099725,"DMAC1"
"ENSG00000137076","patient5","XGBoost_SHAP","all",0.00668309915007236,"TLN1"
"ENSG00000137076","patient6","XGBoost_SHAP","all",0.00215166119541028,"TLN1"
"ENSG00000137076","patient1","XGBoost_SHAP","all",0.00574599643259564,"TLN1"
"ENSG00000137076","patient2","XGBoost_SHAP","all",0.00593010991455735,"TLN1"
"ENSG00000137100","patient2","XGBoost_SHAP","all",0.00280870468595101,"DCTN3"
"ENSG00000137100","patient5","XGBoost_SHAP","all",0.0034479779076172,"DCTN3"
"ENSG00000137100","patient4","XGBoost_SHAP","all",0.00717206329399935,"DCTN3"
"ENSG00000137100","patient1","XGBoost_SHAP","all",0.00105823670305713,"DCTN3"
"ENSG00000137100","patient3","XGBoost_SHAP","all",0.00290415314469405,"DCTN3"
"ENSG00000137100","patient6","XGBoost_SHAP","all",0.00281803831153104,"DCTN3"
"ENSG00000137106","patient4","XGBoost_SHAP","all",0.00194968735155267,"GRHPR"
"ENSG00000137106","patient5","XGBoost_SHAP","all",0.00224778903947968,"GRHPR"
"ENSG00000137106","patient3","XGBoost_SHAP","all",0.00190963119927382,"GRHPR"
"ENSG00000137106","patient2","XGBoost_SHAP","all",0.00249987937814875,"GRHPR"
"ENSG00000137106","patient6","XGBoost_SHAP","all",0.00148948891202353,"GRHPR"
"ENSG00000137106","patient1","XGBoost_SHAP","all",0.00194435703031432,"GRHPR"
"ENSG00000137161","patient6","XGBoost_SHAP","all",0.00803852969962938,"CNPY3"
"ENSG00000137161","patient5","XGBoost_SHAP","all",0.00805419420384707,"CNPY3"
"ENSG00000137161","patient3","XGBoost_SHAP","all",0.00386115294669186,"CNPY3"
"ENSG00000137161","patient2","XGBoost_SHAP","all",0.00337256204185674,"CNPY3"
"ENSG00000137161","patient4","XGBoost_SHAP","all",0.00421774741327559,"CNPY3"
"ENSG00000137161","patient1","XGBoost_SHAP","all",0.00286911852987036,"CNPY3"
"ENSG00000137207","patient5","XGBoost_SHAP","all",0.0021388226083226,"YIPF3"
"ENSG00000137207","patient1","XGBoost_SHAP","all",0.00144203112027022,"YIPF3"
"ENSG00000137207","patient3","XGBoost_SHAP","all",0.00134731935063494,"YIPF3"
"ENSG00000137207","patient6","XGBoost_SHAP","all",0.00149754085773387,"YIPF3"
"ENSG00000137207","patient4","XGBoost_SHAP","all",0.00113210509030614,"YIPF3"
"ENSG00000137207","patient2","XGBoost_SHAP","all",0.00388370856209195,"YIPF3"
"ENSG00000137210","patient5","XGBoost_SHAP","all",0.00554333326495569,"TMEM14B"
"ENSG00000137210","patient4","XGBoost_SHAP","all",0.00382217415353446,"TMEM14B"
"ENSG00000137210","patient6","XGBoost_SHAP","all",0.00290522576104436,"TMEM14B"
"ENSG00000137210","patient2","XGBoost_SHAP","all",0.00501761285625396,"TMEM14B"
"ENSG00000137210","patient1","XGBoost_SHAP","all",0.00469863907837475,"TMEM14B"
"ENSG00000137210","patient3","XGBoost_SHAP","all",0.0100488591512247,"TMEM14B"
"ENSG00000137312","patient2","XGBoost_SHAP","all",0.00120076857155557,"FLOT1"
"ENSG00000137312","patient6","XGBoost_SHAP","all",0.00200731809241927,"FLOT1"
"ENSG00000137312","patient3","XGBoost_SHAP","all",0.00302097741638246,"FLOT1"
"ENSG00000137312","patient5","XGBoost_SHAP","all",0.00286368682556711,"FLOT1"
"ENSG00000137312","patient1","XGBoost_SHAP","all",0.000839445214565491,"FLOT1"
"ENSG00000137312","patient4","XGBoost_SHAP","all",0.0019245905436073,"FLOT1"
"ENSG00000137331","patient3","XGBoost_SHAP","all",0.00934776165454742,"IER3"
"ENSG00000137331","patient2","XGBoost_SHAP","all",0.0182547109221633,"IER3"
"ENSG00000137331","patient6","XGBoost_SHAP","all",0.00387424800856863,"IER3"
"ENSG00000137331","patient5","XGBoost_SHAP","all",0.00903560062269956,"IER3"
"ENSG00000137331","patient4","XGBoost_SHAP","all",0.0115361415159463,"IER3"
"ENSG00000137331","patient1","XGBoost_SHAP","all",0.00745387170343343,"IER3"
"ENSG00000137409","patient5","XGBoost_SHAP","all",0.0027285073277775,"MTCH1"
"ENSG00000137409","patient4","XGBoost_SHAP","all",0.00513040756905939,"MTCH1"
"ENSG00000137409","patient2","XGBoost_SHAP","all",0.00333255140090177,"MTCH1"
"ENSG00000137409","patient1","XGBoost_SHAP","all",0.0021031009278279,"MTCH1"
"ENSG00000137409","patient3","XGBoost_SHAP","all",0.00229721684985995,"MTCH1"
"ENSG00000137409","patient6","XGBoost_SHAP","all",0.00477321416209702,"MTCH1"
"ENSG00000137491","patient5","XGBoost_SHAP","all",0.00157112594886172,"SLCO2B1"
"ENSG00000137491","patient3","XGBoost_SHAP","all",0.00194750548439485,"SLCO2B1"
"ENSG00000137491","patient6","XGBoost_SHAP","all",0.00119381116149577,"SLCO2B1"
"ENSG00000137500","patient2","XGBoost_SHAP","all",0.00214140315908483,"CCDC90B"
"ENSG00000137500","patient1","XGBoost_SHAP","all",0.000934401649147442,"CCDC90B"
"ENSG00000137500","patient5","XGBoost_SHAP","all",0.000958018573770611,"CCDC90B"
"ENSG00000137500","patient3","XGBoost_SHAP","all",0.00163933724754013,"CCDC90B"
"ENSG00000137500","patient6","XGBoost_SHAP","all",0.00104885872853413,"CCDC90B"
"ENSG00000137507","patient6","XGBoost_SHAP","all",0.00712262406852682,"LRRC32"
"ENSG00000137509","patient2","XGBoost_SHAP","all",0.00498490535190005,"PRCP"
"ENSG00000137509","patient6","XGBoost_SHAP","all",0.0023112343773391,"PRCP"
"ENSG00000137509","patient5","XGBoost_SHAP","all",0.00349430483415446,"PRCP"
"ENSG00000137509","patient3","XGBoost_SHAP","all",0.00431848503619727,"PRCP"
"ENSG00000137509","patient4","XGBoost_SHAP","all",0.00861827096842591,"PRCP"
"ENSG00000137509","patient1","XGBoost_SHAP","all",0.00238741325945006,"PRCP"
"ENSG00000137573","patient6","XGBoost_SHAP","all",0.0096784593297282,"SULF1"
"ENSG00000137573","patient1","XGBoost_SHAP","all",0.013272705162652,"SULF1"
"ENSG00000137573","patient3","XGBoost_SHAP","all",0.00925338067775281,"SULF1"
"ENSG00000137573","patient4","XGBoost_SHAP","all",0.00535028420744017,"SULF1"
"ENSG00000137573","patient5","XGBoost_SHAP","all",0.0110467307535677,"SULF1"
"ENSG00000137573","patient2","XGBoost_SHAP","all",0.0109851479844802,"SULF1"
"ENSG00000137575","patient2","XGBoost_SHAP","all",0.0146144226871319,"SDCBP"
"ENSG00000137575","patient6","XGBoost_SHAP","all",0.0110502156161346,"SDCBP"
"ENSG00000137575","patient1","XGBoost_SHAP","all",0.0134445093185766,"SDCBP"
"ENSG00000137575","patient3","XGBoost_SHAP","all",0.0222140149249542,"SDCBP"
"ENSG00000137575","patient4","XGBoost_SHAP","all",0.00735668391826123,"SDCBP"
"ENSG00000137575","patient5","XGBoost_SHAP","all",0.0113648257105329,"SDCBP"
"ENSG00000137693","patient3","XGBoost_SHAP","all",0.00144996504903369,"YAP1"
"ENSG00000137693","patient2","XGBoost_SHAP","all",0.0012020952012026,"YAP1"
"ENSG00000137693","patient4","XGBoost_SHAP","all",0.0014565113378333,"YAP1"
"ENSG00000137710","patient1","XGBoost_SHAP","all",0.0259543529786266,"RDX"
"ENSG00000137710","patient2","XGBoost_SHAP","all",0.0321474048975708,"RDX"
"ENSG00000137710","patient3","XGBoost_SHAP","all",0.0282002126589276,"RDX"
"ENSG00000137710","patient4","XGBoost_SHAP","all",0.021371813205622,"RDX"
"ENSG00000137710","patient6","XGBoost_SHAP","all",0.0220294342421483,"RDX"
"ENSG00000137710","patient5","XGBoost_SHAP","all",0.0236855353690464,"RDX"
"ENSG00000137776","patient6","XGBoost_SHAP","all",0.00155887992974992,"SLTM"
"ENSG00000137776","patient1","XGBoost_SHAP","all",0.000908425891864968,"SLTM"
"ENSG00000137776","patient2","XGBoost_SHAP","all",0.00477097644355377,"SLTM"
"ENSG00000137776","patient4","XGBoost_SHAP","all",0.00104795779503425,"SLTM"
"ENSG00000137776","patient3","XGBoost_SHAP","all",0.0017482872405453,"SLTM"
"ENSG00000137776","patient5","XGBoost_SHAP","all",0.00137856755672388,"SLTM"
"ENSG00000137801","patient1","XGBoost_SHAP","all",0.0196895799761607,"THBS1"
"ENSG00000137801","patient6","XGBoost_SHAP","all",0.0100857697620291,"THBS1"
"ENSG00000137801","patient5","XGBoost_SHAP","all",0.015065328265899,"THBS1"
"ENSG00000137801","patient2","XGBoost_SHAP","all",0.0158244097168721,"THBS1"
"ENSG00000137801","patient3","XGBoost_SHAP","all",0.0114812330368579,"THBS1"
"ENSG00000137801","patient4","XGBoost_SHAP","all",0.0187690800548549,"THBS1"
"ENSG00000137815","patient6","XGBoost_SHAP","all",0.00193881503161657,"RTF1"
"ENSG00000137815","patient5","XGBoost_SHAP","all",0.00317855074926166,"RTF1"
"ENSG00000137815","patient4","XGBoost_SHAP","all",0.000715368488483577,"RTF1"
"ENSG00000137815","patient2","XGBoost_SHAP","all",0.00297594817261358,"RTF1"
"ENSG00000137815","patient1","XGBoost_SHAP","all",0.00334492391880716,"RTF1"
"ENSG00000137815","patient3","XGBoost_SHAP","all",0.000951418762340853,"RTF1"
"ENSG00000137831","patient5","XGBoost_SHAP","all",0.00591175596210689,"UACA"
"ENSG00000137831","patient6","XGBoost_SHAP","all",0.00272630937790499,"UACA"
"ENSG00000137831","patient1","XGBoost_SHAP","all",0.00891304762937583,"UACA"
"ENSG00000137831","patient3","XGBoost_SHAP","all",0.00617191208353499,"UACA"
"ENSG00000137831","patient4","XGBoost_SHAP","all",0.00214855921136283,"UACA"
"ENSG00000137831","patient2","XGBoost_SHAP","all",0.00644356300240162,"UACA"
"ENSG00000137876","patient6","XGBoost_SHAP","all",0.00289322314171462,"RSL24D1"
"ENSG00000137876","patient5","XGBoost_SHAP","all",0.00148014587750125,"RSL24D1"
"ENSG00000137876","patient2","XGBoost_SHAP","all",0.00197731741837198,"RSL24D1"
"ENSG00000137876","patient3","XGBoost_SHAP","all",0.00154471708948406,"RSL24D1"
"ENSG00000137876","patient1","XGBoost_SHAP","all",0.00252457719960147,"RSL24D1"
"ENSG00000137941","patient3","XGBoost_SHAP","all",0.000747199116530593,"TTLL7"
"ENSG00000137941","patient2","XGBoost_SHAP","all",0.00324523200571516,"TTLL7"
"ENSG00000137941","patient4","XGBoost_SHAP","all",0.00314166019013527,"TTLL7"
"ENSG00000137941","patient5","XGBoost_SHAP","all",0.000957198810847334,"TTLL7"
"ENSG00000137941","patient6","XGBoost_SHAP","all",0.00211508436851246,"TTLL7"
"ENSG00000137941","patient1","XGBoost_SHAP","all",0.00360545649619603,"TTLL7"
"ENSG00000137962","patient1","XGBoost_SHAP","all",0.0173567448944756,"ARHGAP29"
"ENSG00000137962","patient2","XGBoost_SHAP","all",0.0285748719234695,"ARHGAP29"
"ENSG00000137962","patient6","XGBoost_SHAP","all",0.0248952405247978,"ARHGAP29"
"ENSG00000137962","patient5","XGBoost_SHAP","all",0.0193951538297358,"ARHGAP29"
"ENSG00000137962","patient4","XGBoost_SHAP","all",0.0217478607804003,"ARHGAP29"
"ENSG00000137962","patient3","XGBoost_SHAP","all",0.0306685345179766,"ARHGAP29"
"ENSG00000138029","patient3","XGBoost_SHAP","all",0.00150162241824239,"HADHB"
"ENSG00000138029","patient5","XGBoost_SHAP","all",0.00204518135226977,"HADHB"
"ENSG00000138029","patient2","XGBoost_SHAP","all",0.00280059774411224,"HADHB"
"ENSG00000138029","patient4","XGBoost_SHAP","all",0.0024979646523255,"HADHB"
"ENSG00000138029","patient1","XGBoost_SHAP","all",0.00174670735297813,"HADHB"
"ENSG00000138029","patient6","XGBoost_SHAP","all",0.00345213653306129,"HADHB"
"ENSG00000138061","patient2","XGBoost_SHAP","all",0.00603654722718406,"CYP1B1"
"ENSG00000138061","patient3","XGBoost_SHAP","all",0.00460072331786178,"CYP1B1"
"ENSG00000138061","patient4","XGBoost_SHAP","all",0.0104438578338964,"CYP1B1"
"ENSG00000138061","patient6","XGBoost_SHAP","all",0.00840992083096995,"CYP1B1"
"ENSG00000138069","patient1","XGBoost_SHAP","all",0.00172837276314627,"RAB1A"
"ENSG00000138069","patient3","XGBoost_SHAP","all",0.00221314298898747,"RAB1A"
"ENSG00000138069","patient6","XGBoost_SHAP","all",0.00185649659795059,"RAB1A"
"ENSG00000138069","patient5","XGBoost_SHAP","all",0.00110985097200318,"RAB1A"
"ENSG00000138069","patient2","XGBoost_SHAP","all",0.000897072651168884,"RAB1A"
"ENSG00000138069","patient4","XGBoost_SHAP","all",0.00158711142673428,"RAB1A"
"ENSG00000138071","patient5","XGBoost_SHAP","all",0.00419424018118841,"ACTR2"
"ENSG00000138071","patient1","XGBoost_SHAP","all",0.00613315794385267,"ACTR2"
"ENSG00000138071","patient4","XGBoost_SHAP","all",0.00319482735605304,"ACTR2"
"ENSG00000138071","patient3","XGBoost_SHAP","all",0.00598569052099978,"ACTR2"
"ENSG00000138071","patient6","XGBoost_SHAP","all",0.00558612389614982,"ACTR2"
"ENSG00000138071","patient2","XGBoost_SHAP","all",0.00636693556859116,"ACTR2"
"ENSG00000138080","patient2","XGBoost_SHAP","all",0.0057684644578538,"EMILIN1"
"ENSG00000138080","patient6","XGBoost_SHAP","all",0.00269084286794524,"EMILIN1"
"ENSG00000138080","patient1","XGBoost_SHAP","all",0.00545819670255669,"EMILIN1"
"ENSG00000138080","patient4","XGBoost_SHAP","all",0.00410679704657973,"EMILIN1"
"ENSG00000138080","patient3","XGBoost_SHAP","all",0.00270911138280882,"EMILIN1"
"ENSG00000138080","patient5","XGBoost_SHAP","all",0.00459504863051384,"EMILIN1"
"ENSG00000138085","patient1","XGBoost_SHAP","all",0.00104614626462114,"ATRAID"
"ENSG00000138085","patient3","XGBoost_SHAP","all",0.00117421625699108,"ATRAID"
"ENSG00000138085","patient4","XGBoost_SHAP","all",0.0021045090565288,"ATRAID"
"ENSG00000138085","patient6","XGBoost_SHAP","all",0.00161155063781552,"ATRAID"
"ENSG00000138085","patient2","XGBoost_SHAP","all",0.00268788727127444,"ATRAID"
"ENSG00000138085","patient5","XGBoost_SHAP","all",0.00213980105378402,"ATRAID"
"ENSG00000138119","patient3","XGBoost_SHAP","all",0.00838845213152024,"MYOF"
"ENSG00000138119","patient4","XGBoost_SHAP","all",0.0058684451025902,"MYOF"
"ENSG00000138119","patient1","XGBoost_SHAP","all",0.00651765361426446,"MYOF"
"ENSG00000138119","patient2","XGBoost_SHAP","all",0.00249503411388896,"MYOF"
"ENSG00000138119","patient6","XGBoost_SHAP","all",0.00811340195780266,"MYOF"
"ENSG00000138175","patient1","XGBoost_SHAP","all",0.00125314598494729,"ARL3"
"ENSG00000138175","patient3","XGBoost_SHAP","all",0.00131737738641092,"ARL3"
"ENSG00000138175","patient6","XGBoost_SHAP","all",0.00124813122697871,"ARL3"
"ENSG00000138175","patient4","XGBoost_SHAP","all",0.00133760551585024,"ARL3"
"ENSG00000138175","patient5","XGBoost_SHAP","all",0.00228958195499545,"ARL3"
"ENSG00000138175","patient2","XGBoost_SHAP","all",0.00104678964549021,"ARL3"
"ENSG00000138279","patient1","XGBoost_SHAP","all",0.00214126518314263,"ANXA7"
"ENSG00000138279","patient3","XGBoost_SHAP","all",0.00353521954766145,"ANXA7"
"ENSG00000138279","patient4","XGBoost_SHAP","all",0.00365861916512122,"ANXA7"
"ENSG00000138279","patient6","XGBoost_SHAP","all",0.00328143744004298,"ANXA7"
"ENSG00000138279","patient2","XGBoost_SHAP","all",0.00431342060473163,"ANXA7"
"ENSG00000138279","patient5","XGBoost_SHAP","all",0.00419752901129792,"ANXA7"
"ENSG00000138382","patient1","XGBoost_SHAP","all",0.000490510593517194,"METTL5"
"ENSG00000138382","patient2","XGBoost_SHAP","all",0.00243996635336673,"METTL5"
"ENSG00000138382","patient6","XGBoost_SHAP","all",0.0012378587568019,"METTL5"
"ENSG00000138382","patient5","XGBoost_SHAP","all",0.00138728776818571,"METTL5"
"ENSG00000138382","patient4","XGBoost_SHAP","all",0.00153342018715434,"METTL5"
"ENSG00000138382","patient3","XGBoost_SHAP","all",0.00288239191134199,"METTL5"
"ENSG00000138398","patient4","XGBoost_SHAP","all",0.0125580499220061,"PPIG"
"ENSG00000138398","patient2","XGBoost_SHAP","all",0.00164135675433984,"PPIG"
"ENSG00000138398","patient5","XGBoost_SHAP","all",0.00580623637637277,"PPIG"
"ENSG00000138398","patient1","XGBoost_SHAP","all",0.00979053520345547,"PPIG"
"ENSG00000138398","patient3","XGBoost_SHAP","all",0.0104063161876567,"PPIG"
"ENSG00000138398","patient6","XGBoost_SHAP","all",0.00573694980813356,"PPIG"
"ENSG00000138430","patient5","XGBoost_SHAP","all",0.00125084225612168,"OLA1"
"ENSG00000138433","patient6","XGBoost_SHAP","all",0.00492915267474267,"CIRSR"
"ENSG00000138433","patient3","XGBoost_SHAP","all",0.0061265043632742,"CIRSR"
"ENSG00000138433","patient5","XGBoost_SHAP","all",0.00461608286618309,"CIRSR"
"ENSG00000138433","patient1","XGBoost_SHAP","all",0.00728659962863369,"CIRSR"
"ENSG00000138433","patient4","XGBoost_SHAP","all",0.00494565966898296,"CIRSR"
"ENSG00000138433","patient2","XGBoost_SHAP","all",0.0025389716992674,"CIRSR"
"ENSG00000138448","patient4","XGBoost_SHAP","all",0.00820895067245015,"ITGAV"
"ENSG00000138448","patient6","XGBoost_SHAP","all",0.00345005444903411,"ITGAV"
"ENSG00000138448","patient2","XGBoost_SHAP","all",0.00450731645585007,"ITGAV"
"ENSG00000138448","patient3","XGBoost_SHAP","all",0.00148316480711029,"ITGAV"
"ENSG00000138448","patient1","XGBoost_SHAP","all",0.000809607220924007,"ITGAV"
"ENSG00000138448","patient5","XGBoost_SHAP","all",0.00372547429817988,"ITGAV"
"ENSG00000138449","patient2","XGBoost_SHAP","all",0.00177588310389544,"SLC40A1"
"ENSG00000138449","patient5","XGBoost_SHAP","all",0.00306557615866764,"SLC40A1"
"ENSG00000138449","patient4","XGBoost_SHAP","all",0.0029028456419364,"SLC40A1"
"ENSG00000138449","patient6","XGBoost_SHAP","all",0.00184807761324856,"SLC40A1"
"ENSG00000138449","patient3","XGBoost_SHAP","all",0.00341849443710183,"SLC40A1"
"ENSG00000138449","patient1","XGBoost_SHAP","all",0.00335820072713625,"SLC40A1"
"ENSG00000138495","patient2","XGBoost_SHAP","all",0.00783737742702541,"COX17"
"ENSG00000138495","patient5","XGBoost_SHAP","all",0.00475802437033024,"COX17"
"ENSG00000138495","patient4","XGBoost_SHAP","all",0.00903348680083358,"COX17"
"ENSG00000138495","patient6","XGBoost_SHAP","all",0.00750455324565031,"COX17"
"ENSG00000138495","patient1","XGBoost_SHAP","all",0.00424009897795736,"COX17"
"ENSG00000138495","patient3","XGBoost_SHAP","all",0.0101382828960073,"COX17"
"ENSG00000138592","patient3","XGBoost_SHAP","all",0.00193633874374887,"USP8"
"ENSG00000138592","patient1","XGBoost_SHAP","all",0.00148138185469724,"USP8"
"ENSG00000138592","patient6","XGBoost_SHAP","all",0.000835148802682689,"USP8"
"ENSG00000138592","patient4","XGBoost_SHAP","all",0.000891961785172792,"USP8"
"ENSG00000138592","patient2","XGBoost_SHAP","all",0.00145123502827609,"USP8"
"ENSG00000138592","patient5","XGBoost_SHAP","all",0.00260890956718747,"USP8"
"ENSG00000138594","patient4","XGBoost_SHAP","all",0.00946367381048297,"TMOD3"
"ENSG00000138594","patient2","XGBoost_SHAP","all",0.00228167406282105,"TMOD3"
"ENSG00000138594","patient3","XGBoost_SHAP","all",0.00532025908839007,"TMOD3"
"ENSG00000138594","patient1","XGBoost_SHAP","all",0.00431999331341654,"TMOD3"
"ENSG00000138594","patient5","XGBoost_SHAP","all",0.0030081413966581,"TMOD3"
"ENSG00000138594","patient6","XGBoost_SHAP","all",0.00248526794170906,"TMOD3"
"ENSG00000138600","patient2","XGBoost_SHAP","all",0.0031964755991503,"SPPL2A"
"ENSG00000138600","patient1","XGBoost_SHAP","all",0.00186494331718254,"SPPL2A"
"ENSG00000138600","patient5","XGBoost_SHAP","all",0.00347498857112556,"SPPL2A"
"ENSG00000138600","patient4","XGBoost_SHAP","all",0.00253422783697051,"SPPL2A"
"ENSG00000138600","patient6","XGBoost_SHAP","all",0.00410277713456895,"SPPL2A"
"ENSG00000138600","patient3","XGBoost_SHAP","all",0.00237399063414586,"SPPL2A"
"ENSG00000138668","patient2","XGBoost_SHAP","all",0.00249168611983623,"HNRNPD"
"ENSG00000138668","patient1","XGBoost_SHAP","all",0.0013908047348159,"HNRNPD"
"ENSG00000138668","patient4","XGBoost_SHAP","all",0.0024475482336654,"HNRNPD"
"ENSG00000138668","patient3","XGBoost_SHAP","all",0.00284056317934293,"HNRNPD"
"ENSG00000138668","patient6","XGBoost_SHAP","all",0.00343228792688741,"HNRNPD"
"ENSG00000138668","patient5","XGBoost_SHAP","all",0.00162597092566041,"HNRNPD"
"ENSG00000138674","patient6","XGBoost_SHAP","all",0.00119452115648287,"SEC31A"
"ENSG00000138674","patient3","XGBoost_SHAP","all",0.00243402670077565,"SEC31A"
"ENSG00000138674","patient2","XGBoost_SHAP","all",0.00049072259876873,"SEC31A"
"ENSG00000138674","patient5","XGBoost_SHAP","all",0.00179103406696961,"SEC31A"
"ENSG00000138674","patient1","XGBoost_SHAP","all",0.00115789596776633,"SEC31A"
"ENSG00000138674","patient4","XGBoost_SHAP","all",0.000619297068358197,"SEC31A"
"ENSG00000138688","patient4","XGBoost_SHAP","all",0.000996110070545901,"BLTP1"
"ENSG00000138688","patient3","XGBoost_SHAP","all",0.000412674517632398,"BLTP1"
"ENSG00000138688","patient2","XGBoost_SHAP","all",0.000834230446588977,"BLTP1"
"ENSG00000138688","patient1","XGBoost_SHAP","all",0.00137906061660523,"BLTP1"
"ENSG00000138688","patient6","XGBoost_SHAP","all",0.00237052281749726,"BLTP1"
"ENSG00000138735","patient3","XGBoost_SHAP","all",0.00131410126040342,"PDE5A"
"ENSG00000138735","patient6","XGBoost_SHAP","all",0.000908752483399296,"PDE5A"
"ENSG00000138735","patient2","XGBoost_SHAP","all",0.00122711781022977,"PDE5A"
"ENSG00000138735","patient4","XGBoost_SHAP","all",0.00101523247733865,"PDE5A"
"ENSG00000138735","patient5","XGBoost_SHAP","all",0.000896844673234847,"PDE5A"
"ENSG00000138735","patient1","XGBoost_SHAP","all",0.000666380521488495,"PDE5A"
"ENSG00000138757","patient6","XGBoost_SHAP","all",0.000890067210292435,"G3BP2"
"ENSG00000138757","patient1","XGBoost_SHAP","all",0.00140384386517356,"G3BP2"
"ENSG00000138757","patient3","XGBoost_SHAP","all",0.00100694103234855,"G3BP2"
"ENSG00000138757","patient2","XGBoost_SHAP","all",0.00102766208288213,"G3BP2"
"ENSG00000138757","patient5","XGBoost_SHAP","all",0.00135360332448348,"G3BP2"
"ENSG00000138757","patient4","XGBoost_SHAP","all",0.00269690470569784,"G3BP2"
"ENSG00000138758","patient1","XGBoost_SHAP","all",0.00950946098008798,"SEPTIN11"
"ENSG00000138758","patient6","XGBoost_SHAP","all",0.00841380853466295,"SEPTIN11"
"ENSG00000138758","patient2","XGBoost_SHAP","all",0.00454997949620827,"SEPTIN11"
"ENSG00000138758","patient5","XGBoost_SHAP","all",0.00903740961169493,"SEPTIN11"
"ENSG00000138758","patient3","XGBoost_SHAP","all",0.00990317499922085,"SEPTIN11"
"ENSG00000138758","patient4","XGBoost_SHAP","all",0.00886210983525219,"SEPTIN11"
"ENSG00000138760","patient3","XGBoost_SHAP","all",0.00378495530276498,"SCARB2"
"ENSG00000138760","patient2","XGBoost_SHAP","all",0.00141258072870553,"SCARB2"
"ENSG00000138760","patient1","XGBoost_SHAP","all",0.00170767484572663,"SCARB2"
"ENSG00000138760","patient6","XGBoost_SHAP","all",0.00324862630828336,"SCARB2"
"ENSG00000138760","patient5","XGBoost_SHAP","all",0.00189314372252499,"SCARB2"
"ENSG00000138760","patient4","XGBoost_SHAP","all",0.00919328794839134,"SCARB2"
"ENSG00000138768","patient5","XGBoost_SHAP","all",0.00114106338667262,"USO1"
"ENSG00000138768","patient1","XGBoost_SHAP","all",0.00107594237757442,"USO1"
"ENSG00000138768","patient4","XGBoost_SHAP","all",0.000976777881710123,"USO1"
"ENSG00000138768","patient2","XGBoost_SHAP","all",0.00137064633000653,"USO1"
"ENSG00000138768","patient3","XGBoost_SHAP","all",0.000964933049566729,"USO1"
"ENSG00000138768","patient6","XGBoost_SHAP","all",0.00107174226962192,"USO1"
"ENSG00000138814","patient6","XGBoost_SHAP","all",0.000749843599711937,"PPP3CA"
"ENSG00000138814","patient4","XGBoost_SHAP","all",0.00143868140627696,"PPP3CA"
"ENSG00000138814","patient5","XGBoost_SHAP","all",0.00120981352286559,"PPP3CA"
"ENSG00000138814","patient2","XGBoost_SHAP","all",0.00116714125561949,"PPP3CA"
"ENSG00000138814","patient3","XGBoost_SHAP","all",0.00103266629972614,"PPP3CA"
"ENSG00000138814","patient1","XGBoost_SHAP","all",0.00134138044059758,"PPP3CA"
"ENSG00000138835","patient3","XGBoost_SHAP","all",0.0044699482717332,"RGS3"
"ENSG00000139112","patient5","XGBoost_SHAP","all",0.00052895829014233,"GABARAPL1"
"ENSG00000139112","patient2","XGBoost_SHAP","all",0.00229768783731064,"GABARAPL1"
"ENSG00000139112","patient3","XGBoost_SHAP","all",0.00156330934358168,"GABARAPL1"
"ENSG00000139112","patient6","XGBoost_SHAP","all",0.00197612065512115,"GABARAPL1"
"ENSG00000139112","patient4","XGBoost_SHAP","all",0.00235609751769992,"GABARAPL1"
"ENSG00000139168","patient1","XGBoost_SHAP","all",0.00790535845205826,"ZCRB1"
"ENSG00000139168","patient2","XGBoost_SHAP","all",0.00366716681472948,"ZCRB1"
"ENSG00000139168","patient3","XGBoost_SHAP","all",0.00156397617887738,"ZCRB1"
"ENSG00000139168","patient6","XGBoost_SHAP","all",0.00245082470695226,"ZCRB1"
"ENSG00000139168","patient5","XGBoost_SHAP","all",0.00366308368865182,"ZCRB1"
"ENSG00000139168","patient4","XGBoost_SHAP","all",0.00300833824597248,"ZCRB1"
"ENSG00000139218","patient4","XGBoost_SHAP","all",0.00417274338893551,"SCAF11"
"ENSG00000139218","patient3","XGBoost_SHAP","all",0.00372429485531136,"SCAF11"
"ENSG00000139218","patient6","XGBoost_SHAP","all",0.00482268505073632,"SCAF11"
"ENSG00000139218","patient1","XGBoost_SHAP","all",0.00585538907067652,"SCAF11"
"ENSG00000139218","patient2","XGBoost_SHAP","all",0.00456639901955322,"SCAF11"
"ENSG00000139218","patient5","XGBoost_SHAP","all",0.00757671508550009,"SCAF11"
"ENSG00000139278","patient4","XGBoost_SHAP","all",0.0395267038613719,"GLIPR1"
"ENSG00000139278","patient2","XGBoost_SHAP","all",0.0288540277724641,"GLIPR1"
"ENSG00000139278","patient5","XGBoost_SHAP","all",0.0228303524929233,"GLIPR1"
"ENSG00000139278","patient6","XGBoost_SHAP","all",0.0232008993548536,"GLIPR1"
"ENSG00000139278","patient3","XGBoost_SHAP","all",0.0355689450374513,"GLIPR1"
"ENSG00000139278","patient1","XGBoost_SHAP","all",0.0269140681224109,"GLIPR1"
"ENSG00000139318","patient5","XGBoost_SHAP","all",0.00402125866604906,"DUSP6"
"ENSG00000139318","patient4","XGBoost_SHAP","all",0.00546084439482922,"DUSP6"
"ENSG00000139329","patient1","XGBoost_SHAP","all",0.0193508030132588,"LUM"
"ENSG00000139329","patient4","XGBoost_SHAP","all",0.0318568472366651,"LUM"
"ENSG00000139329","patient5","XGBoost_SHAP","all",0.0319608210392377,"LUM"
"ENSG00000139329","patient3","XGBoost_SHAP","all",0.0247527459185392,"LUM"
"ENSG00000139329","patient2","XGBoost_SHAP","all",0.0176594530715146,"LUM"
"ENSG00000139329","patient6","XGBoost_SHAP","all",0.0184023658485896,"LUM"
"ENSG00000139343","patient2","XGBoost_SHAP","all",0.00110266425012403,"SNRPF"
"ENSG00000139343","patient4","XGBoost_SHAP","all",0.00127120307666214,"SNRPF"
"ENSG00000139343","patient3","XGBoost_SHAP","all",0.00123300571194947,"SNRPF"
"ENSG00000139343","patient6","XGBoost_SHAP","all",0.00230212477414527,"SNRPF"
"ENSG00000139343","patient5","XGBoost_SHAP","all",0.00214658665609994,"SNRPF"
"ENSG00000139343","patient1","XGBoost_SHAP","all",0.00100086540607481,"SNRPF"
"ENSG00000139679","patient2","XGBoost_SHAP","all",0.00460927777989829,"LPAR6"
"ENSG00000139679","patient4","XGBoost_SHAP","all",0.00376077726674386,"LPAR6"
"ENSG00000139679","patient6","XGBoost_SHAP","all",0.00498045617197246,"LPAR6"
"ENSG00000139679","patient1","XGBoost_SHAP","all",0.00166822970142251,"LPAR6"
"ENSG00000139679","patient3","XGBoost_SHAP","all",0.00553347079037183,"LPAR6"
"ENSG00000139679","patient5","XGBoost_SHAP","all",0.00379602896578591,"LPAR6"
"ENSG00000139684","patient1","XGBoost_SHAP","all",0.00297042134153578,"ESD"
"ENSG00000139687","patient5","XGBoost_SHAP","all",0.00522012148987529,"RB1"
"ENSG00000139687","patient4","XGBoost_SHAP","all",0.0060886584458375,"RB1"
"ENSG00000139687","patient3","XGBoost_SHAP","all",0.00645721109596594,"RB1"
"ENSG00000139687","patient6","XGBoost_SHAP","all",0.00860042133550078,"RB1"
"ENSG00000139687","patient1","XGBoost_SHAP","all",0.00191427011173073,"RB1"
"ENSG00000139687","patient2","XGBoost_SHAP","all",0.00251265924886566,"RB1"
"ENSG00000139793","patient4","XGBoost_SHAP","all",0.00133167485609981,"MBNL2"
"ENSG00000139793","patient3","XGBoost_SHAP","all",0.00202017138210514,"MBNL2"
"ENSG00000139793","patient1","XGBoost_SHAP","all",0.0017939336836789,"MBNL2"
"ENSG00000139793","patient5","XGBoost_SHAP","all",0.00343050623085466,"MBNL2"
"ENSG00000139793","patient2","XGBoost_SHAP","all",0.00328716749246696,"MBNL2"
"ENSG00000139793","patient6","XGBoost_SHAP","all",0.00297768269671052,"MBNL2"
"ENSG00000140092","patient6","XGBoost_SHAP","all",0.0519042368578992,"FBLN5"
"ENSG00000140092","patient5","XGBoost_SHAP","all",0.0306147050201437,"FBLN5"
"ENSG00000140092","patient2","XGBoost_SHAP","all",0.0416773211535872,"FBLN5"
"ENSG00000140092","patient3","XGBoost_SHAP","all",0.0493956395893873,"FBLN5"
"ENSG00000140092","patient1","XGBoost_SHAP","all",0.043361306152373,"FBLN5"
"ENSG00000140092","patient4","XGBoost_SHAP","all",0.0327554667702257,"FBLN5"
"ENSG00000140285","patient3","XGBoost_SHAP","all",0.0259043845881126,"FGF7"
"ENSG00000140285","patient6","XGBoost_SHAP","all",0.0291360466614526,"FGF7"
"ENSG00000140285","patient1","XGBoost_SHAP","all",0.010501090454196,"FGF7"
"ENSG00000140285","patient2","XGBoost_SHAP","all",0.0247758982514909,"FGF7"
"ENSG00000140285","patient5","XGBoost_SHAP","all",0.0281991687648883,"FGF7"
"ENSG00000140285","patient4","XGBoost_SHAP","all",0.0195647829622734,"FGF7"
"ENSG00000140299","patient6","XGBoost_SHAP","all",0.0014088987695447,"BNIP2"
"ENSG00000140299","patient5","XGBoost_SHAP","all",0.000977802225518608,"BNIP2"
"ENSG00000140299","patient4","XGBoost_SHAP","all",0.00177533044730929,"BNIP2"
"ENSG00000140299","patient1","XGBoost_SHAP","all",0.000577887311761968,"BNIP2"
"ENSG00000140299","patient2","XGBoost_SHAP","all",0.000998085970382512,"BNIP2"
"ENSG00000140299","patient3","XGBoost_SHAP","all",0.00266420466581858,"BNIP2"
"ENSG00000140307","patient1","XGBoost_SHAP","all",0.00809848044671681,"GTF2A2"
"ENSG00000140307","patient2","XGBoost_SHAP","all",0.00484967300451044,"GTF2A2"
"ENSG00000140307","patient5","XGBoost_SHAP","all",0.00607249659200565,"GTF2A2"
"ENSG00000140307","patient3","XGBoost_SHAP","all",0.00168133475589578,"GTF2A2"
"ENSG00000140307","patient6","XGBoost_SHAP","all",0.00585934433786215,"GTF2A2"
"ENSG00000140307","patient4","XGBoost_SHAP","all",0.00465922971531217,"GTF2A2"
"ENSG00000140350","patient5","XGBoost_SHAP","all",0.00205706329753351,"ANP32A"
"ENSG00000140350","patient6","XGBoost_SHAP","all",0.00101676592841946,"ANP32A"
"ENSG00000140350","patient2","XGBoost_SHAP","all",0.00093755353973121,"ANP32A"
"ENSG00000140350","patient1","XGBoost_SHAP","all",0.00110429121588335,"ANP32A"
"ENSG00000140350","patient3","XGBoost_SHAP","all",0.00195728801470979,"ANP32A"
"ENSG00000140350","patient4","XGBoost_SHAP","all",0.000889615030538488,"ANP32A"
"ENSG00000140391","patient5","XGBoost_SHAP","all",0.00192320844548095,"TSPAN3"
"ENSG00000140391","patient3","XGBoost_SHAP","all",0.0026749513765327,"TSPAN3"
"ENSG00000140391","patient1","XGBoost_SHAP","all",0.00372925066161468,"TSPAN3"
"ENSG00000140391","patient4","XGBoost_SHAP","all",0.00255061782600507,"TSPAN3"
"ENSG00000140391","patient6","XGBoost_SHAP","all",0.00503531132681863,"TSPAN3"
"ENSG00000140391","patient2","XGBoost_SHAP","all",0.00258278668027559,"TSPAN3"
"ENSG00000140416","patient1","XGBoost_SHAP","all",0.0243951646938777,"TPM1"
"ENSG00000140416","patient6","XGBoost_SHAP","all",0.016191889844562,"TPM1"
"ENSG00000140416","patient5","XGBoost_SHAP","all",0.00600302249407776,"TPM1"
"ENSG00000140416","patient3","XGBoost_SHAP","all",0.00668041609756137,"TPM1"
"ENSG00000140416","patient4","XGBoost_SHAP","all",0.0114531674381604,"TPM1"
"ENSG00000140416","patient2","XGBoost_SHAP","all",0.0148611460386274,"TPM1"
"ENSG00000140497","patient2","XGBoost_SHAP","all",0.000688076214112694,"SCAMP2"
"ENSG00000140497","patient6","XGBoost_SHAP","all",0.00231330945481207,"SCAMP2"
"ENSG00000140497","patient1","XGBoost_SHAP","all",0.0020290548137916,"SCAMP2"
"ENSG00000140497","patient4","XGBoost_SHAP","all",0.00361710319920667,"SCAMP2"
"ENSG00000140497","patient5","XGBoost_SHAP","all",0.00100884980196374,"SCAMP2"
"ENSG00000140497","patient3","XGBoost_SHAP","all",0.00345254572273911,"SCAMP2"
"ENSG00000140545","patient2","XGBoost_SHAP","all",0.0658395896172309,"MFGE8"
"ENSG00000140545","patient6","XGBoost_SHAP","all",0.0394284696920956,"MFGE8"
"ENSG00000140545","patient5","XGBoost_SHAP","all",0.082556247358248,"MFGE8"
"ENSG00000140545","patient4","XGBoost_SHAP","all",0.0772780328604941,"MFGE8"
"ENSG00000140545","patient1","XGBoost_SHAP","all",0.0514830259316551,"MFGE8"
"ENSG00000140545","patient3","XGBoost_SHAP","all",0.0944635760172402,"MFGE8"
"ENSG00000140575","patient2","XGBoost_SHAP","all",0.00158480476752266,"IQGAP1"
"ENSG00000140575","patient1","XGBoost_SHAP","all",0.00336930680314524,"IQGAP1"
"ENSG00000140575","patient3","XGBoost_SHAP","all",0.00254419084710809,"IQGAP1"
"ENSG00000140575","patient6","XGBoost_SHAP","all",0.0017613131798298,"IQGAP1"
"ENSG00000140575","patient4","XGBoost_SHAP","all",0.00267617988267744,"IQGAP1"
"ENSG00000140575","patient5","XGBoost_SHAP","all",0.00177833062720846,"IQGAP1"
"ENSG00000140682","patient1","XGBoost_SHAP","all",0.0055876370609429,"TGFB1I1"
"ENSG00000140682","patient5","XGBoost_SHAP","all",0.0102219343207126,"TGFB1I1"
"ENSG00000140682","patient4","XGBoost_SHAP","all",0.00276032214812402,"TGFB1I1"
"ENSG00000140682","patient6","XGBoost_SHAP","all",0.00220020237748627,"TGFB1I1"
"ENSG00000140682","patient3","XGBoost_SHAP","all",0.00404908275505594,"TGFB1I1"
"ENSG00000140682","patient2","XGBoost_SHAP","all",0.00605212916367808,"TGFB1I1"
"ENSG00000140740","patient2","XGBoost_SHAP","all",0.00262237299781554,"UQCRC2"
"ENSG00000140740","patient4","XGBoost_SHAP","all",0.00236184840347413,"UQCRC2"
"ENSG00000140740","patient5","XGBoost_SHAP","all",0.00432800588358576,"UQCRC2"
"ENSG00000140740","patient6","XGBoost_SHAP","all",0.00367634382635272,"UQCRC2"
"ENSG00000140740","patient3","XGBoost_SHAP","all",0.00451260411774093,"UQCRC2"
"ENSG00000140740","patient1","XGBoost_SHAP","all",0.00432990886940257,"UQCRC2"
"ENSG00000140836","patient3","XGBoost_SHAP","all",0.019309561708838,"ZFHX3"
"ENSG00000140836","patient1","XGBoost_SHAP","all",0.0187406380491776,"ZFHX3"
"ENSG00000140836","patient5","XGBoost_SHAP","all",0.0250159265936426,"ZFHX3"
"ENSG00000140836","patient4","XGBoost_SHAP","all",0.0203071245034193,"ZFHX3"
"ENSG00000140836","patient6","XGBoost_SHAP","all",0.0260343688795324,"ZFHX3"
"ENSG00000140836","patient2","XGBoost_SHAP","all",0.036113017018115,"ZFHX3"
"ENSG00000140931","patient3","XGBoost_SHAP","all",0.00158247155598901,"CMTM3"
"ENSG00000140931","patient5","XGBoost_SHAP","all",0.00206903062430802,"CMTM3"
"ENSG00000140931","patient1","XGBoost_SHAP","all",0.00248027773935654,"CMTM3"
"ENSG00000140931","patient6","XGBoost_SHAP","all",0.00207571547221228,"CMTM3"
"ENSG00000140941","patient2","XGBoost_SHAP","all",0.00541689201570016,"MAP1LC3B"
"ENSG00000140941","patient4","XGBoost_SHAP","all",0.00389927850988901,"MAP1LC3B"
"ENSG00000140941","patient1","XGBoost_SHAP","all",0.00548688804626002,"MAP1LC3B"
"ENSG00000140941","patient6","XGBoost_SHAP","all",0.0033760761211848,"MAP1LC3B"
"ENSG00000140941","patient5","XGBoost_SHAP","all",0.00249310919960947,"MAP1LC3B"
"ENSG00000140941","patient3","XGBoost_SHAP","all",0.0028156955878834,"MAP1LC3B"
"ENSG00000140945","patient4","XGBoost_SHAP","all",0.00405798146435942,"CDH13"
"ENSG00000140945","patient2","XGBoost_SHAP","all",0.00671783149973253,"CDH13"
"ENSG00000140945","patient6","XGBoost_SHAP","all",0.00519317386543728,"CDH13"
"ENSG00000140945","patient5","XGBoost_SHAP","all",0.00785912431629666,"CDH13"
"ENSG00000140945","patient1","XGBoost_SHAP","all",0.00891246348834101,"CDH13"
"ENSG00000140945","patient3","XGBoost_SHAP","all",0.00472580227702805,"CDH13"
"ENSG00000141002","patient5","XGBoost_SHAP","all",0.00182196440005768,"TCF25"
"ENSG00000141002","patient2","XGBoost_SHAP","all",0.00173276679961284,"TCF25"
"ENSG00000141002","patient1","XGBoost_SHAP","all",0.00243684223703164,"TCF25"
"ENSG00000141027","patient4","XGBoost_SHAP","all",0.00378273591592009,"NCOR1"
"ENSG00000141027","patient3","XGBoost_SHAP","all",0.00296029726267683,"NCOR1"
"ENSG00000141027","patient6","XGBoost_SHAP","all",0.00205129656970885,"NCOR1"
"ENSG00000141027","patient1","XGBoost_SHAP","all",0.00122039746456273,"NCOR1"
"ENSG00000141027","patient2","XGBoost_SHAP","all",0.00184326953212803,"NCOR1"
"ENSG00000141027","patient5","XGBoost_SHAP","all",0.00177052176879809,"NCOR1"
"ENSG00000141232","patient2","XGBoost_SHAP","all",0.00410730454505057,"TOB1"
"ENSG00000141232","patient6","XGBoost_SHAP","all",0.00349029661839452,"TOB1"
"ENSG00000141232","patient4","XGBoost_SHAP","all",0.0055742981822078,"TOB1"
"ENSG00000141232","patient3","XGBoost_SHAP","all",0.0040515790442325,"TOB1"
"ENSG00000141232","patient1","XGBoost_SHAP","all",0.00264498780386332,"TOB1"
"ENSG00000141232","patient5","XGBoost_SHAP","all",0.00490469285869523,"TOB1"
"ENSG00000141338","patient3","XGBoost_SHAP","all",0.00802367920518361,"ABCA8"
"ENSG00000141338","patient4","XGBoost_SHAP","all",0.00851682827862084,"ABCA8"
"ENSG00000141338","patient5","XGBoost_SHAP","all",0.00787113502740259,"ABCA8"
"ENSG00000141338","patient1","XGBoost_SHAP","all",0.00818425317701396,"ABCA8"
"ENSG00000141338","patient6","XGBoost_SHAP","all",0.00778997484491509,"ABCA8"
"ENSG00000141338","patient2","XGBoost_SHAP","all",0.0113421610331326,"ABCA8"
"ENSG00000141367","patient5","XGBoost_SHAP","all",0.0050260939865196,"CLTC"
"ENSG00000141367","patient6","XGBoost_SHAP","all",0.00651319433334222,"CLTC"
"ENSG00000141367","patient1","XGBoost_SHAP","all",0.00445411056233101,"CLTC"
"ENSG00000141367","patient4","XGBoost_SHAP","all",0.00225134630711859,"CLTC"
"ENSG00000141367","patient3","XGBoost_SHAP","all",0.00724751062253096,"CLTC"
"ENSG00000141367","patient2","XGBoost_SHAP","all",0.00881516394649507,"CLTC"
"ENSG00000141447","patient3","XGBoost_SHAP","all",0.00287567550048328,"OSBPL1A"
"ENSG00000141447","patient5","XGBoost_SHAP","all",0.00385437442349462,"OSBPL1A"
"ENSG00000141447","patient6","XGBoost_SHAP","all",0.00266188969995224,"OSBPL1A"
"ENSG00000141447","patient1","XGBoost_SHAP","all",0.00481417944311392,"OSBPL1A"
"ENSG00000141447","patient2","XGBoost_SHAP","all",0.00174941297662851,"OSBPL1A"
"ENSG00000141447","patient4","XGBoost_SHAP","all",0.00165485263059112,"OSBPL1A"
"ENSG00000141480","patient4","XGBoost_SHAP","all",0.00350410678001967,"ARRB2"
"ENSG00000141480","patient6","XGBoost_SHAP","all",0.00455062657966491,"ARRB2"
"ENSG00000141480","patient2","XGBoost_SHAP","all",0.00184803995104036,"ARRB2"
"ENSG00000141480","patient1","XGBoost_SHAP","all",0.00626967316533016,"ARRB2"
"ENSG00000141480","patient3","XGBoost_SHAP","all",0.00172988722660256,"ARRB2"
"ENSG00000141480","patient5","XGBoost_SHAP","all",0.00739215806078368,"ARRB2"
"ENSG00000141504","patient2","XGBoost_SHAP","all",0.0020637217816633,"SAT2"
"ENSG00000141504","patient1","XGBoost_SHAP","all",0.00237334057391482,"SAT2"
"ENSG00000141504","patient5","XGBoost_SHAP","all",0.00209806174592265,"SAT2"
"ENSG00000141504","patient3","XGBoost_SHAP","all",0.00278221250963423,"SAT2"
"ENSG00000141504","patient6","XGBoost_SHAP","all",0.00160870170152153,"SAT2"
"ENSG00000141504","patient4","XGBoost_SHAP","all",0.0031609965745817,"SAT2"
"ENSG00000141522","patient6","XGBoost_SHAP","all",0.00137384909695419,"ARHGDIA"
"ENSG00000141522","patient4","XGBoost_SHAP","all",0.00128128623834196,"ARHGDIA"
"ENSG00000141522","patient3","XGBoost_SHAP","all",0.00131007428097474,"ARHGDIA"
"ENSG00000141522","patient5","XGBoost_SHAP","all",0.0034744769117509,"ARHGDIA"
"ENSG00000141522","patient1","XGBoost_SHAP","all",0.0017862472393317,"ARHGDIA"
"ENSG00000141522","patient2","XGBoost_SHAP","all",0.0020372958621411,"ARHGDIA"
"ENSG00000141543","patient3","XGBoost_SHAP","all",0.00144735475594403,"EIF4A3"
"ENSG00000141543","patient4","XGBoost_SHAP","all",0.00166692826949549,"EIF4A3"
"ENSG00000141543","patient1","XGBoost_SHAP","all",0.00208355454047766,"EIF4A3"
"ENSG00000141543","patient5","XGBoost_SHAP","all",0.00275113364086781,"EIF4A3"
"ENSG00000141543","patient6","XGBoost_SHAP","all",0.00117360654683168,"EIF4A3"
"ENSG00000141552","patient3","XGBoost_SHAP","all",0.00406742538228183,"ANAPC11"
"ENSG00000141552","patient5","XGBoost_SHAP","all",0.00669576176406624,"ANAPC11"
"ENSG00000141552","patient2","XGBoost_SHAP","all",0.00273886516370351,"ANAPC11"
"ENSG00000141552","patient6","XGBoost_SHAP","all",0.00410863513060336,"ANAPC11"
"ENSG00000141552","patient1","XGBoost_SHAP","all",0.00385763937493418,"ANAPC11"
"ENSG00000141753","patient3","XGBoost_SHAP","all",0.0303548260727494,"IGFBP4"
"ENSG00000141753","patient2","XGBoost_SHAP","all",0.0261356036482759,"IGFBP4"
"ENSG00000141753","patient4","XGBoost_SHAP","all",0.0151427847344343,"IGFBP4"
"ENSG00000141753","patient5","XGBoost_SHAP","all",0.0276037698594549,"IGFBP4"
"ENSG00000141753","patient1","XGBoost_SHAP","all",0.0255255271636497,"IGFBP4"
"ENSG00000141753","patient6","XGBoost_SHAP","all",0.0231384620807202,"IGFBP4"
"ENSG00000141756","patient2","XGBoost_SHAP","all",0.00214376395832193,"FKBP10"
"ENSG00000141756","patient4","XGBoost_SHAP","all",0.00247101139600756,"FKBP10"
"ENSG00000141756","patient5","XGBoost_SHAP","all",0.0015125041298185,"FKBP10"
"ENSG00000141756","patient1","XGBoost_SHAP","all",0.00289965713458939,"FKBP10"
"ENSG00000141756","patient6","XGBoost_SHAP","all",0.00538292714401174,"FKBP10"
"ENSG00000141756","patient3","XGBoost_SHAP","all",0.00216423296021634,"FKBP10"
"ENSG00000141759","patient1","XGBoost_SHAP","all",0.00817150779178345,"TXNL4A"
"ENSG00000141759","patient4","XGBoost_SHAP","all",0.00407312515621722,"TXNL4A"
"ENSG00000141759","patient6","XGBoost_SHAP","all",0.00366348389263286,"TXNL4A"
"ENSG00000141759","patient2","XGBoost_SHAP","all",0.000742822524183154,"TXNL4A"
"ENSG00000141759","patient5","XGBoost_SHAP","all",0.00340722446929495,"TXNL4A"
"ENSG00000141759","patient3","XGBoost_SHAP","all",0.00824429933721842,"TXNL4A"
"ENSG00000141867","patient4","XGBoost_SHAP","all",0.00195216260996734,"BRD4"
"ENSG00000141867","patient2","XGBoost_SHAP","all",0.00164813824454358,"BRD4"
"ENSG00000141867","patient6","XGBoost_SHAP","all",0.00155701167075857,"BRD4"
"ENSG00000141867","patient3","XGBoost_SHAP","all",0.000983393497349726,"BRD4"
"ENSG00000141867","patient5","XGBoost_SHAP","all",0.000517737462347811,"BRD4"
"ENSG00000141867","patient1","XGBoost_SHAP","all",0.00123284269805846,"BRD4"
"ENSG00000141905","patient6","XGBoost_SHAP","all",0.00461936660459487,"NFIC"
"ENSG00000141905","patient2","XGBoost_SHAP","all",0.00457110683831762,"NFIC"
"ENSG00000141905","patient1","XGBoost_SHAP","all",0.0073744258769719,"NFIC"
"ENSG00000141905","patient4","XGBoost_SHAP","all",0.0062493576705783,"NFIC"
"ENSG00000141905","patient5","XGBoost_SHAP","all",0.00568945959490642,"NFIC"
"ENSG00000141905","patient3","XGBoost_SHAP","all",0.00654125906491619,"NFIC"
"ENSG00000142156","patient6","XGBoost_SHAP","all",0.0048614358590855,"COL6A1"
"ENSG00000142156","patient5","XGBoost_SHAP","all",0.0115340483735827,"COL6A1"
"ENSG00000142156","patient2","XGBoost_SHAP","all",0.010229238290577,"COL6A1"
"ENSG00000142156","patient3","XGBoost_SHAP","all",0.00527198676697325,"COL6A1"
"ENSG00000142156","patient1","XGBoost_SHAP","all",0.00263760188419077,"COL6A1"
"ENSG00000142156","patient4","XGBoost_SHAP","all",0.00437199111313504,"COL6A1"
"ENSG00000142166","patient5","XGBoost_SHAP","all",0.0010386591082036,"IFNAR1"
"ENSG00000142166","patient2","XGBoost_SHAP","all",0.000735348727003237,"IFNAR1"
"ENSG00000142166","patient4","XGBoost_SHAP","all",0.00156679963591042,"IFNAR1"
"ENSG00000142166","patient1","XGBoost_SHAP","all",0.00113569219837634,"IFNAR1"
"ENSG00000142166","patient3","XGBoost_SHAP","all",0.00159257193515319,"IFNAR1"
"ENSG00000142166","patient6","XGBoost_SHAP","all",0.00171726479603239,"IFNAR1"
"ENSG00000142173","patient2","XGBoost_SHAP","all",0.0602741370305981,"COL6A2"
"ENSG00000142173","patient4","XGBoost_SHAP","all",0.0569169157117203,"COL6A2"
"ENSG00000142173","patient6","XGBoost_SHAP","all",0.0604379422194782,"COL6A2"
"ENSG00000142173","patient3","XGBoost_SHAP","all",0.0549824857301302,"COL6A2"
"ENSG00000142173","patient1","XGBoost_SHAP","all",0.0495489154372867,"COL6A2"
"ENSG00000142173","patient5","XGBoost_SHAP","all",0.0471610923574918,"COL6A2"
"ENSG00000142192","patient6","XGBoost_SHAP","all",0.00392981945616202,"APP"
"ENSG00000142192","patient3","XGBoost_SHAP","all",0.00760153159240491,"APP"
"ENSG00000142192","patient1","XGBoost_SHAP","all",0.00617045733093503,"APP"
"ENSG00000142192","patient2","XGBoost_SHAP","all",0.00893125242668562,"APP"
"ENSG00000142192","patient5","XGBoost_SHAP","all",0.00824492697629742,"APP"
"ENSG00000142192","patient4","XGBoost_SHAP","all",0.0175572153901685,"APP"
"ENSG00000142227","patient5","XGBoost_SHAP","all",0.0118611044500791,"EMP3"
"ENSG00000142227","patient4","XGBoost_SHAP","all",0.00950033814234265,"EMP3"
"ENSG00000142227","patient2","XGBoost_SHAP","all",0.0267415944098489,"EMP3"
"ENSG00000142227","patient3","XGBoost_SHAP","all",0.0131595709264364,"EMP3"
"ENSG00000142227","patient6","XGBoost_SHAP","all",0.00765753680699591,"EMP3"
"ENSG00000142227","patient1","XGBoost_SHAP","all",0.00994656245758339,"EMP3"
"ENSG00000142552","patient4","XGBoost_SHAP","all",0.0028043922203314,"RCN3"
"ENSG00000142552","patient5","XGBoost_SHAP","all",0.00339931951594802,"RCN3"
"ENSG00000142552","patient3","XGBoost_SHAP","all",0.00279905987157697,"RCN3"
"ENSG00000142552","patient2","XGBoost_SHAP","all",0.00268703398656967,"RCN3"
"ENSG00000142552","patient6","XGBoost_SHAP","all",0.00266307025287266,"RCN3"
"ENSG00000142552","patient1","XGBoost_SHAP","all",0.00343166638319153,"RCN3"
"ENSG00000142694","patient4","XGBoost_SHAP","all",0.000510348615919909,"EVA1B"
"ENSG00000142694","patient6","XGBoost_SHAP","all",0.00210474640859319,"EVA1B"
"ENSG00000142694","patient5","XGBoost_SHAP","all",0.00251894464087676,"EVA1B"
"ENSG00000142694","patient2","XGBoost_SHAP","all",0.00277434727839135,"EVA1B"
"ENSG00000142694","patient1","XGBoost_SHAP","all",0.00279702044120097,"EVA1B"
"ENSG00000142694","patient3","XGBoost_SHAP","all",0.00271868170929276,"EVA1B"
"ENSG00000142798","patient3","XGBoost_SHAP","all",0.00873417902426587,"HSPG2"
"ENSG00000142798","patient1","XGBoost_SHAP","all",0.00807972535640504,"HSPG2"
"ENSG00000142798","patient5","XGBoost_SHAP","all",0.00944497301325579,"HSPG2"
"ENSG00000142798","patient6","XGBoost_SHAP","all",0.00851973647811103,"HSPG2"
"ENSG00000142798","patient2","XGBoost_SHAP","all",0.00778156263594686,"HSPG2"
"ENSG00000142798","patient4","XGBoost_SHAP","all",0.00659582182123882,"HSPG2"
"ENSG00000142871","patient5","XGBoost_SHAP","all",0.00623373380822879,"CCN1"
"ENSG00000142871","patient3","XGBoost_SHAP","all",0.00842926939945922,"CCN1"
"ENSG00000142871","patient1","XGBoost_SHAP","all",0.0139248500552944,"CCN1"
"ENSG00000142871","patient4","XGBoost_SHAP","all",0.0121117382945546,"CCN1"
"ENSG00000142871","patient6","XGBoost_SHAP","all",0.0110719984243302,"CCN1"
"ENSG00000142871","patient2","XGBoost_SHAP","all",0.00945880393184641,"CCN1"
"ENSG00000142910","patient5","XGBoost_SHAP","all",0.0315380947053709,"TINAGL1"
"ENSG00000142910","patient2","XGBoost_SHAP","all",0.0353227057252885,"TINAGL1"
"ENSG00000142910","patient4","XGBoost_SHAP","all",0.0338887455262009,"TINAGL1"
"ENSG00000142910","patient3","XGBoost_SHAP","all",0.022387854289918,"TINAGL1"
"ENSG00000142910","patient1","XGBoost_SHAP","all",0.0244435434259334,"TINAGL1"
"ENSG00000142910","patient6","XGBoost_SHAP","all",0.032398643937963,"TINAGL1"
"ENSG00000143013","patient1","XGBoost_SHAP","all",0.006893612052051,"LMO4"
"ENSG00000143013","patient5","XGBoost_SHAP","all",0.00980522323223469,"LMO4"
"ENSG00000143013","patient6","XGBoost_SHAP","all",0.00943265592552518,"LMO4"
"ENSG00000143013","patient4","XGBoost_SHAP","all",0.00331009093077095,"LMO4"
"ENSG00000143013","patient2","XGBoost_SHAP","all",0.00910441781445073,"LMO4"
"ENSG00000143013","patient3","XGBoost_SHAP","all",0.0051494964942976,"LMO4"
"ENSG00000143106","patient5","XGBoost_SHAP","all",0.00557132932854051,"PSMA5"
"ENSG00000143106","patient3","XGBoost_SHAP","all",0.0017616886130284,"PSMA5"
"ENSG00000143106","patient6","XGBoost_SHAP","all",0.00318448704959506,"PSMA5"
"ENSG00000143106","patient1","XGBoost_SHAP","all",0.00249253777361931,"PSMA5"
"ENSG00000143106","patient2","XGBoost_SHAP","all",0.00079105016194022,"PSMA5"
"ENSG00000143106","patient4","XGBoost_SHAP","all",0.00224013921406246,"PSMA5"
"ENSG00000143110","patient1","XGBoost_SHAP","all",0.000876483223095424,"C1orf162"
"ENSG00000143110","patient2","XGBoost_SHAP","all",0.00157388864205407,"C1orf162"
"ENSG00000143110","patient4","XGBoost_SHAP","all",6.52930552528227e-05,"C1orf162"
"ENSG00000143110","patient5","XGBoost_SHAP","all",0.00326383716869235,"C1orf162"
"ENSG00000143110","patient6","XGBoost_SHAP","all",0.00157116574969981,"C1orf162"
"ENSG00000143110","patient3","XGBoost_SHAP","all",0.000698193367573673,"C1orf162"
"ENSG00000143119","patient5","XGBoost_SHAP","all",0.0278945299570986,"CD53"
"ENSG00000143119","patient3","XGBoost_SHAP","all",0.00897878927699809,"CD53"
"ENSG00000143119","patient2","XGBoost_SHAP","all",0.0449278893680358,"CD53"
"ENSG00000143119","patient1","XGBoost_SHAP","all",0.0166723194836889,"CD53"
"ENSG00000143119","patient6","XGBoost_SHAP","all",0.0160966386502719,"CD53"
"ENSG00000143119","patient4","XGBoost_SHAP","all",0.00649074876389896,"CD53"
"ENSG00000143127","patient2","XGBoost_SHAP","all",0.00748813864595154,"ITGA10"
"ENSG00000143127","patient1","XGBoost_SHAP","all",0.00761033128171913,"ITGA10"
"ENSG00000143127","patient5","XGBoost_SHAP","all",0.00913665040901322,"ITGA10"
"ENSG00000143127","patient4","XGBoost_SHAP","all",0.00485239516078337,"ITGA10"
"ENSG00000143127","patient3","XGBoost_SHAP","all",0.00788737515183236,"ITGA10"
"ENSG00000143127","patient6","XGBoost_SHAP","all",0.0129454523864055,"ITGA10"
"ENSG00000143153","patient1","XGBoost_SHAP","all",0.00499327273655337,"ATP1B1"
"ENSG00000143153","patient5","XGBoost_SHAP","all",0.00336956418180785,"ATP1B1"
"ENSG00000143158","patient1","XGBoost_SHAP","all",0.00632131831696318,"MPC2"
"ENSG00000143158","patient5","XGBoost_SHAP","all",0.00650888878026552,"MPC2"
"ENSG00000143158","patient4","XGBoost_SHAP","all",0.00219712670273174,"MPC2"
"ENSG00000143158","patient2","XGBoost_SHAP","all",0.00696819435945863,"MPC2"
"ENSG00000143158","patient3","XGBoost_SHAP","all",0.0114031402706413,"MPC2"
"ENSG00000143158","patient6","XGBoost_SHAP","all",0.00492890785291468,"MPC2"
"ENSG00000143162","patient4","XGBoost_SHAP","all",0.0304835531106479,"CREG1"
"ENSG00000143162","patient3","XGBoost_SHAP","all",0.0135378108981153,"CREG1"
"ENSG00000143162","patient2","XGBoost_SHAP","all",0.0174273393333545,"CREG1"
"ENSG00000143162","patient6","XGBoost_SHAP","all",0.0169656482133827,"CREG1"
"ENSG00000143162","patient1","XGBoost_SHAP","all",0.0195830831362731,"CREG1"
"ENSG00000143162","patient5","XGBoost_SHAP","all",0.0180708868264116,"CREG1"
"ENSG00000143183","patient5","XGBoost_SHAP","all",0.0136631885228323,"TMCO1"
"ENSG00000143183","patient4","XGBoost_SHAP","all",0.00588871065342159,"TMCO1"
"ENSG00000143183","patient1","XGBoost_SHAP","all",0.00864678220954656,"TMCO1"
"ENSG00000143183","patient3","XGBoost_SHAP","all",0.00444654076421765,"TMCO1"
"ENSG00000143183","patient2","XGBoost_SHAP","all",0.00755132125493062,"TMCO1"
"ENSG00000143183","patient6","XGBoost_SHAP","all",0.0038325028483716,"TMCO1"
"ENSG00000143196","patient6","XGBoost_SHAP","all",0.0712850808333781,"DPT"
"ENSG00000143196","patient4","XGBoost_SHAP","all",0.0734529708988794,"DPT"
"ENSG00000143196","patient3","XGBoost_SHAP","all",0.0693666387175148,"DPT"
"ENSG00000143196","patient1","XGBoost_SHAP","all",0.0719773067188299,"DPT"
"ENSG00000143196","patient5","XGBoost_SHAP","all",0.0648345902079489,"DPT"
"ENSG00000143196","patient2","XGBoost_SHAP","all",0.0683134549924594,"DPT"
"ENSG00000143222","patient5","XGBoost_SHAP","all",0.00462503703075583,"UFC1"
"ENSG00000143222","patient4","XGBoost_SHAP","all",0.0031344164657006,"UFC1"
"ENSG00000143222","patient1","XGBoost_SHAP","all",0.00508919188954623,"UFC1"
"ENSG00000143222","patient2","XGBoost_SHAP","all",0.000988155159122779,"UFC1"
"ENSG00000143222","patient6","XGBoost_SHAP","all",0.0102942553640311,"UFC1"
"ENSG00000143222","patient3","XGBoost_SHAP","all",0.00622284885670275,"UFC1"
"ENSG00000143226","patient4","XGBoost_SHAP","all",0.0140739873864948,"FCGR2A"
"ENSG00000143226","patient2","XGBoost_SHAP","all",0.0249968540554038,"FCGR2A"
"ENSG00000143226","patient1","XGBoost_SHAP","all",0.0246477795429984,"FCGR2A"
"ENSG00000143226","patient6","XGBoost_SHAP","all",0.0154693781206315,"FCGR2A"
"ENSG00000143226","patient3","XGBoost_SHAP","all",0.037243825957172,"FCGR2A"
"ENSG00000143226","patient5","XGBoost_SHAP","all",0.0148193158049705,"FCGR2A"
"ENSG00000143252","patient5","XGBoost_SHAP","all",0.00141917076777344,"SDHC"
"ENSG00000143252","patient6","XGBoost_SHAP","all",0.000758153062741276,"SDHC"
"ENSG00000143252","patient3","XGBoost_SHAP","all",0.0015510187207416,"SDHC"
"ENSG00000143252","patient2","XGBoost_SHAP","all",0.00120066699653218,"SDHC"
"ENSG00000143252","patient4","XGBoost_SHAP","all",0.00171155531831086,"SDHC"
"ENSG00000143252","patient1","XGBoost_SHAP","all",0.00137522795577327,"SDHC"
"ENSG00000143256","patient6","XGBoost_SHAP","all",0.00145729600550688,"PFDN2"
"ENSG00000143256","patient2","XGBoost_SHAP","all",0.00121129491737398,"PFDN2"
"ENSG00000143256","patient4","XGBoost_SHAP","all",0.00159473942954602,"PFDN2"
"ENSG00000143256","patient3","XGBoost_SHAP","all",0.001636069687318,"PFDN2"
"ENSG00000143256","patient5","XGBoost_SHAP","all",0.0011517333399491,"PFDN2"
"ENSG00000143256","patient1","XGBoost_SHAP","all",0.00229202177676543,"PFDN2"
"ENSG00000143384","patient5","XGBoost_SHAP","all",0.00318290155283463,"MCL1"
"ENSG00000143384","patient1","XGBoost_SHAP","all",0.00177379151467782,"MCL1"
"ENSG00000143384","patient2","XGBoost_SHAP","all",0.00266043209814508,"MCL1"
"ENSG00000143384","patient4","XGBoost_SHAP","all",0.00266759368570782,"MCL1"
"ENSG00000143384","patient3","XGBoost_SHAP","all",0.00320724368754906,"MCL1"
"ENSG00000143384","patient6","XGBoost_SHAP","all",0.0029852194396702,"MCL1"
"ENSG00000143387","patient3","XGBoost_SHAP","all",0.00218056925941011,"CTSK"
"ENSG00000143387","patient4","XGBoost_SHAP","all",0.0101936115957337,"CTSK"
"ENSG00000143387","patient6","XGBoost_SHAP","all",0.00952907775904359,"CTSK"
"ENSG00000143387","patient1","XGBoost_SHAP","all",0.00458418482584235,"CTSK"
"ENSG00000143387","patient5","XGBoost_SHAP","all",0.00230440162029597,"CTSK"
"ENSG00000143387","patient2","XGBoost_SHAP","all",0.00649451581520269,"CTSK"
"ENSG00000143401","patient4","XGBoost_SHAP","all",0.00373841821882551,"ANP32E"
"ENSG00000143401","patient3","XGBoost_SHAP","all",0.00336703445940048,"ANP32E"
"ENSG00000143401","patient2","XGBoost_SHAP","all",0.00347910500397853,"ANP32E"
"ENSG00000143401","patient1","XGBoost_SHAP","all",0.000733296065313851,"ANP32E"
"ENSG00000143401","patient5","XGBoost_SHAP","all",0.00166566024656275,"ANP32E"
"ENSG00000143401","patient6","XGBoost_SHAP","all",0.00212087545203516,"ANP32E"
"ENSG00000143416","patient1","XGBoost_SHAP","all",0.00225838006993949,"SELENBP1"
"ENSG00000143416","patient4","XGBoost_SHAP","all",0.000499827395584973,"SELENBP1"
"ENSG00000143416","patient3","XGBoost_SHAP","all",0.00082978418439751,"SELENBP1"
"ENSG00000143416","patient5","XGBoost_SHAP","all",0.000576389354907716,"SELENBP1"
"ENSG00000143416","patient2","XGBoost_SHAP","all",0.00240033043302365,"SELENBP1"
"ENSG00000143416","patient6","XGBoost_SHAP","all",0.00229746051119836,"SELENBP1"
"ENSG00000143420","patient4","XGBoost_SHAP","all",0.00283574283616686,"ENSA"
"ENSG00000143420","patient2","XGBoost_SHAP","all",0.00185764397925356,"ENSA"
"ENSG00000143420","patient5","XGBoost_SHAP","all",0.00573648503404307,"ENSA"
"ENSG00000143420","patient3","XGBoost_SHAP","all",0.00194145407302737,"ENSA"
"ENSG00000143420","patient1","XGBoost_SHAP","all",0.00215130077058457,"ENSA"
"ENSG00000143420","patient6","XGBoost_SHAP","all",0.00200206950787957,"ENSA"
"ENSG00000143537","patient6","XGBoost_SHAP","all",0.00309329892012409,"ADAM15"
"ENSG00000143537","patient1","XGBoost_SHAP","all",0.00599494101028848,"ADAM15"
"ENSG00000143537","patient2","XGBoost_SHAP","all",0.0063980348311763,"ADAM15"
"ENSG00000143537","patient5","XGBoost_SHAP","all",0.00708078708166376,"ADAM15"
"ENSG00000143537","patient4","XGBoost_SHAP","all",0.0105302805194141,"ADAM15"
"ENSG00000143543","patient2","XGBoost_SHAP","all",0.00198482272732452,"JTB"
"ENSG00000143543","patient3","XGBoost_SHAP","all",0.00165388375921367,"JTB"
"ENSG00000143543","patient4","XGBoost_SHAP","all",0.00175027702558752,"JTB"
"ENSG00000143543","patient6","XGBoost_SHAP","all",0.000887081353863349,"JTB"
"ENSG00000143543","patient5","XGBoost_SHAP","all",0.00158394868414571,"JTB"
"ENSG00000143543","patient1","XGBoost_SHAP","all",0.00249522972108862,"JTB"
"ENSG00000143545","patient5","XGBoost_SHAP","all",0.00423391947914945,"RAB13"
"ENSG00000143545","patient6","XGBoost_SHAP","all",0.00597068435896112,"RAB13"
"ENSG00000143545","patient3","XGBoost_SHAP","all",0.00469134662707321,"RAB13"
"ENSG00000143545","patient4","XGBoost_SHAP","all",0.00387913474619081,"RAB13"
"ENSG00000143545","patient1","XGBoost_SHAP","all",0.00264957808160138,"RAB13"
"ENSG00000143545","patient2","XGBoost_SHAP","all",0.00549311111005717,"RAB13"
"ENSG00000143549","patient5","XGBoost_SHAP","all",0.0235379152854142,"TPM3"
"ENSG00000143549","patient1","XGBoost_SHAP","all",0.0213454700017898,"TPM3"
"ENSG00000143549","patient2","XGBoost_SHAP","all",0.0171693704464874,"TPM3"
"ENSG00000143549","patient6","XGBoost_SHAP","all",0.022495208462989,"TPM3"
"ENSG00000143549","patient3","XGBoost_SHAP","all",0.0187840967222295,"TPM3"
"ENSG00000143549","patient4","XGBoost_SHAP","all",0.0168373663709276,"TPM3"
"ENSG00000143570","patient2","XGBoost_SHAP","all",0.000687129509524304,"SLC39A1"
"ENSG00000143570","patient6","XGBoost_SHAP","all",0.00222542337248155,"SLC39A1"
"ENSG00000143570","patient5","XGBoost_SHAP","all",0.00149027751816115,"SLC39A1"
"ENSG00000143570","patient3","XGBoost_SHAP","all",0.00217910193146355,"SLC39A1"
"ENSG00000143570","patient4","XGBoost_SHAP","all",0.00110416562258619,"SLC39A1"
"ENSG00000143570","patient1","XGBoost_SHAP","all",0.000663842621608323,"SLC39A1"
"ENSG00000143575","patient2","XGBoost_SHAP","all",0.00618117338273431,"HAX1"
"ENSG00000143575","patient1","XGBoost_SHAP","all",0.00105033248823568,"HAX1"
"ENSG00000143575","patient5","XGBoost_SHAP","all",0.00271283604513891,"HAX1"
"ENSG00000143575","patient3","XGBoost_SHAP","all",0.00121172434887555,"HAX1"
"ENSG00000143575","patient6","XGBoost_SHAP","all",0.00285609290893123,"HAX1"
"ENSG00000143575","patient4","XGBoost_SHAP","all",0.00500654631560664,"HAX1"
"ENSG00000143612","patient1","XGBoost_SHAP","all",0.000520227554332457,"LTAP1"
"ENSG00000143612","patient3","XGBoost_SHAP","all",0.00177998519924276,"LTAP1"
"ENSG00000143612","patient2","XGBoost_SHAP","all",0.00120956597862216,"LTAP1"
"ENSG00000143612","patient4","XGBoost_SHAP","all",0.00284652917243144,"LTAP1"
"ENSG00000143612","patient6","XGBoost_SHAP","all",0.00203335315299523,"LTAP1"
"ENSG00000143612","patient5","XGBoost_SHAP","all",0.00259744464268624,"LTAP1"
"ENSG00000143621","patient2","XGBoost_SHAP","all",0.00217045598459058,"ILF2"
"ENSG00000143621","patient5","XGBoost_SHAP","all",0.00161938692727,"ILF2"
"ENSG00000143621","patient6","XGBoost_SHAP","all",0.00145768848243562,"ILF2"
"ENSG00000143621","patient3","XGBoost_SHAP","all",0.00120974935205289,"ILF2"
"ENSG00000143621","patient4","XGBoost_SHAP","all",0.000884773078532579,"ILF2"
"ENSG00000143621","patient1","XGBoost_SHAP","all",0.00107258070543215,"ILF2"
"ENSG00000143669","patient4","XGBoost_SHAP","all",0.00115757588850288,"LYST"
"ENSG00000143727","patient1","XGBoost_SHAP","all",0.00232349192847692,"ACP1"
"ENSG00000143727","patient4","XGBoost_SHAP","all",0.00787199468644233,"ACP1"
"ENSG00000143727","patient6","XGBoost_SHAP","all",0.00391583399737288,"ACP1"
"ENSG00000143727","patient5","XGBoost_SHAP","all",0.00373096757959365,"ACP1"
"ENSG00000143727","patient3","XGBoost_SHAP","all",0.00253004322742477,"ACP1"
"ENSG00000143727","patient2","XGBoost_SHAP","all",0.00116673529786626,"ACP1"
"ENSG00000143742","patient1","XGBoost_SHAP","all",0.00312994195184482,"SRP9"
"ENSG00000143742","patient2","XGBoost_SHAP","all",0.00146041372726011,"SRP9"
"ENSG00000143753","patient2","XGBoost_SHAP","all",0.00171867003218114,"DEGS1"
"ENSG00000143753","patient3","XGBoost_SHAP","all",0.00220443589070842,"DEGS1"
"ENSG00000143753","patient1","XGBoost_SHAP","all",0.00266714142662267,"DEGS1"
"ENSG00000143753","patient6","XGBoost_SHAP","all",0.00138554899259637,"DEGS1"
"ENSG00000143753","patient5","XGBoost_SHAP","all",0.000648610843897577,"DEGS1"
"ENSG00000143753","patient4","XGBoost_SHAP","all",0.00174356342592117,"DEGS1"
"ENSG00000143771","patient1","XGBoost_SHAP","all",0.00249990431417607,"CNIH4"
"ENSG00000143771","patient3","XGBoost_SHAP","all",0.00309577876191196,"CNIH4"
"ENSG00000143771","patient2","XGBoost_SHAP","all",0.00288163459009167,"CNIH4"
"ENSG00000143771","patient5","XGBoost_SHAP","all",0.00133655665982591,"CNIH4"
"ENSG00000143771","patient6","XGBoost_SHAP","all",0.00202968467012695,"CNIH4"
"ENSG00000143771","patient4","XGBoost_SHAP","all",0.00246647663756373,"CNIH4"
"ENSG00000143776","patient4","XGBoost_SHAP","all",0.00277992312498619,"CDC42BPA"
"ENSG00000143819","patient6","XGBoost_SHAP","all",0.00858852982724708,"EPHX1"
"ENSG00000143819","patient4","XGBoost_SHAP","all",0.00177008951185991,"EPHX1"
"ENSG00000143819","patient3","XGBoost_SHAP","all",0.00559248925987659,"EPHX1"
"ENSG00000143819","patient2","XGBoost_SHAP","all",0.00477186290696781,"EPHX1"
"ENSG00000143819","patient1","XGBoost_SHAP","all",0.00443502144144182,"EPHX1"
"ENSG00000143819","patient5","XGBoost_SHAP","all",0.00497665819979993,"EPHX1"
"ENSG00000143870","patient2","XGBoost_SHAP","all",0.0149903517248313,"PDIA6"
"ENSG00000143870","patient3","XGBoost_SHAP","all",0.0104432881380397,"PDIA6"
"ENSG00000143870","patient1","XGBoost_SHAP","all",0.012405754140121,"PDIA6"
"ENSG00000143870","patient5","XGBoost_SHAP","all",0.00805004857805477,"PDIA6"
"ENSG00000143870","patient4","XGBoost_SHAP","all",0.00468392713316641,"PDIA6"
"ENSG00000143870","patient6","XGBoost_SHAP","all",0.0135691163628851,"PDIA6"
"ENSG00000143878","patient5","XGBoost_SHAP","all",0.00519393524753098,"RHOB"
"ENSG00000143878","patient2","XGBoost_SHAP","all",0.00392374543867853,"RHOB"
"ENSG00000143878","patient4","XGBoost_SHAP","all",0.0072547731042249,"RHOB"
"ENSG00000143878","patient6","XGBoost_SHAP","all",0.00289075266493448,"RHOB"
"ENSG00000143878","patient3","XGBoost_SHAP","all",0.00501266272471671,"RHOB"
"ENSG00000143878","patient1","XGBoost_SHAP","all",0.00516959567376344,"RHOB"
"ENSG00000143977","patient4","XGBoost_SHAP","all",0.00578981855626018,"SNRPG"
"ENSG00000143977","patient2","XGBoost_SHAP","all",0.00260517038567684,"SNRPG"
"ENSG00000143977","patient1","XGBoost_SHAP","all",0.00189042158313961,"SNRPG"
"ENSG00000143977","patient5","XGBoost_SHAP","all",0.00323526413392087,"SNRPG"
"ENSG00000143977","patient3","XGBoost_SHAP","all",0.00244035174323412,"SNRPG"
"ENSG00000143977","patient6","XGBoost_SHAP","all",0.0018934583922704,"SNRPG"
"ENSG00000144224","patient5","XGBoost_SHAP","all",0.00358653887129919,"UBXN4"
"ENSG00000144224","patient1","XGBoost_SHAP","all",0.00298769111524845,"UBXN4"
"ENSG00000144381","patient6","XGBoost_SHAP","all",0.00443227440981726,"HSPD1"
"ENSG00000144381","patient5","XGBoost_SHAP","all",0.00399525745961011,"HSPD1"
"ENSG00000144381","patient1","XGBoost_SHAP","all",0.00404601131996678,"HSPD1"
"ENSG00000144381","patient2","XGBoost_SHAP","all",0.00101059893455567,"HSPD1"
"ENSG00000144381","patient4","XGBoost_SHAP","all",0.00830787062044083,"HSPD1"
"ENSG00000144381","patient3","XGBoost_SHAP","all",0.00900211400826939,"HSPD1"
"ENSG00000144426","patient2","XGBoost_SHAP","all",0.00435200884392296,"NBEAL1"
"ENSG00000144426","patient5","XGBoost_SHAP","all",0.00237059467498688,"NBEAL1"
"ENSG00000144426","patient1","XGBoost_SHAP","all",0.00151378797958385,"NBEAL1"
"ENSG00000144426","patient6","XGBoost_SHAP","all",0.0009382216622495,"NBEAL1"
"ENSG00000144426","patient3","XGBoost_SHAP","all",0.00143660700174523,"NBEAL1"
"ENSG00000144426","patient4","XGBoost_SHAP","all",0.00117016540355131,"NBEAL1"
"ENSG00000144476","patient4","XGBoost_SHAP","all",0.00688410447810384,"ACKR3"
"ENSG00000144476","patient3","XGBoost_SHAP","all",0.00585468142569028,"ACKR3"
"ENSG00000144476","patient5","XGBoost_SHAP","all",0.00508977750859334,"ACKR3"
"ENSG00000144476","patient2","XGBoost_SHAP","all",0.00494626833095662,"ACKR3"
"ENSG00000144476","patient6","XGBoost_SHAP","all",0.00827412181110294,"ACKR3"
"ENSG00000144476","patient1","XGBoost_SHAP","all",0.00866642299917523,"ACKR3"
"ENSG00000144560","patient6","XGBoost_SHAP","all",0.00137873955137427,"VGLL4"
"ENSG00000144560","patient1","XGBoost_SHAP","all",0.00210482138632022,"VGLL4"
"ENSG00000144560","patient5","XGBoost_SHAP","all",0.000823968295684614,"VGLL4"
"ENSG00000144560","patient3","XGBoost_SHAP","all",0.00138124173825783,"VGLL4"
"ENSG00000144560","patient4","XGBoost_SHAP","all",0.000720122432400625,"VGLL4"
"ENSG00000144560","patient2","XGBoost_SHAP","all",0.00131688309403882,"VGLL4"
"ENSG00000144579","patient3","XGBoost_SHAP","all",0.0036058730208193,"CTDSP1"
"ENSG00000144579","patient2","XGBoost_SHAP","all",0.00149354749433831,"CTDSP1"
"ENSG00000144579","patient6","XGBoost_SHAP","all",0.00247460115222932,"CTDSP1"
"ENSG00000144579","patient5","XGBoost_SHAP","all",0.00282236513573141,"CTDSP1"
"ENSG00000144579","patient1","XGBoost_SHAP","all",0.00197563134033891,"CTDSP1"
"ENSG00000144579","patient4","XGBoost_SHAP","all",0.00181326790762243,"CTDSP1"
"ENSG00000144635","patient3","XGBoost_SHAP","all",0.0051738338191499,"DYNC1LI1"
"ENSG00000144635","patient2","XGBoost_SHAP","all",0.00378067945920333,"DYNC1LI1"
"ENSG00000144635","patient1","XGBoost_SHAP","all",0.00409524045815337,"DYNC1LI1"
"ENSG00000144635","patient4","XGBoost_SHAP","all",0.00723712994067313,"DYNC1LI1"
"ENSG00000144635","patient5","XGBoost_SHAP","all",0.00492494388502481,"DYNC1LI1"
"ENSG00000144635","patient6","XGBoost_SHAP","all",0.00307563678371061,"DYNC1LI1"
"ENSG00000144642","patient6","XGBoost_SHAP","all",0.0020268201039071,"RBMS3"
"ENSG00000144642","patient2","XGBoost_SHAP","all",0.00534622603831774,"RBMS3"
"ENSG00000144642","patient1","XGBoost_SHAP","all",0.00404430207430524,"RBMS3"
"ENSG00000144642","patient3","XGBoost_SHAP","all",0.00609966139756095,"RBMS3"
"ENSG00000144642","patient5","XGBoost_SHAP","all",0.00213263615295626,"RBMS3"
"ENSG00000144642","patient4","XGBoost_SHAP","all",0.0031442508450807,"RBMS3"
"ENSG00000144674","patient5","XGBoost_SHAP","all",0.0015684472815689,"GOLGA4"
"ENSG00000144674","patient2","XGBoost_SHAP","all",0.00220885965921475,"GOLGA4"
"ENSG00000144674","patient3","XGBoost_SHAP","all",0.00321225217542702,"GOLGA4"
"ENSG00000144674","patient4","XGBoost_SHAP","all",0.00273885614642137,"GOLGA4"
"ENSG00000144674","patient6","XGBoost_SHAP","all",0.00143827434461493,"GOLGA4"
"ENSG00000144674","patient1","XGBoost_SHAP","all",0.0011718851414571,"GOLGA4"
"ENSG00000144724","patient4","XGBoost_SHAP","all",0.00319534192398229,"PTPRG"
"ENSG00000144747","patient3","XGBoost_SHAP","all",0.0026732313852014,"TMF1"
"ENSG00000144747","patient6","XGBoost_SHAP","all",0.00616198763614906,"TMF1"
"ENSG00000144747","patient1","XGBoost_SHAP","all",0.00288490110922424,"TMF1"
"ENSG00000144747","patient4","XGBoost_SHAP","all",0.00280333223584234,"TMF1"
"ENSG00000144747","patient2","XGBoost_SHAP","all",0.000685605669799154,"TMF1"
"ENSG00000144747","patient5","XGBoost_SHAP","all",0.000698126116640478,"TMF1"
"ENSG00000144802","patient5","XGBoost_SHAP","all",0.00350418649698743,"NFKBIZ"
"ENSG00000144802","patient4","XGBoost_SHAP","all",0.00311049602467095,"NFKBIZ"
"ENSG00000144802","patient3","XGBoost_SHAP","all",0.00368253369874104,"NFKBIZ"
"ENSG00000144802","patient2","XGBoost_SHAP","all",0.0018154591606744,"NFKBIZ"
"ENSG00000144802","patient1","XGBoost_SHAP","all",0.0011767883454516,"NFKBIZ"
"ENSG00000144802","patient6","XGBoost_SHAP","all",0.00258276049127926,"NFKBIZ"
"ENSG00000144810","patient5","XGBoost_SHAP","all",0.0348675155772987,"COL8A1"
"ENSG00000144810","patient3","XGBoost_SHAP","all",0.0314161030314332,"COL8A1"
"ENSG00000144810","patient2","XGBoost_SHAP","all",0.0340722997609635,"COL8A1"
"ENSG00000144810","patient6","XGBoost_SHAP","all",0.0377645862285079,"COL8A1"
"ENSG00000144810","patient1","XGBoost_SHAP","all",0.029667887279802,"COL8A1"
"ENSG00000144810","patient4","XGBoost_SHAP","all",0.026217015244814,"COL8A1"
"ENSG00000144895","patient3","XGBoost_SHAP","all",0.0026834084601262,"EIF2A"
"ENSG00000144895","patient4","XGBoost_SHAP","all",0.000722827731293358,"EIF2A"
"ENSG00000144895","patient2","XGBoost_SHAP","all",0.00153000655950137,"EIF2A"
"ENSG00000144895","patient1","XGBoost_SHAP","all",0.00121375886933915,"EIF2A"
"ENSG00000144895","patient6","XGBoost_SHAP","all",0.00131602843572271,"EIF2A"
"ENSG00000144895","patient5","XGBoost_SHAP","all",0.00281044887405793,"EIF2A"
"ENSG00000145012","patient4","XGBoost_SHAP","all",0.0209226620544361,"LPP"
"ENSG00000145012","patient1","XGBoost_SHAP","all",0.0186983113622623,"LPP"
"ENSG00000145012","patient2","XGBoost_SHAP","all",0.0210677802066121,"LPP"
"ENSG00000145012","patient6","XGBoost_SHAP","all",0.0221874498238567,"LPP"
"ENSG00000145012","patient3","XGBoost_SHAP","all",0.024046251725297,"LPP"
"ENSG00000145012","patient5","XGBoost_SHAP","all",0.0214015826614158,"LPP"
"ENSG00000145050","patient1","XGBoost_SHAP","all",0.00217534066281346,"MANF"
"ENSG00000145050","patient4","XGBoost_SHAP","all",0.00211975197803493,"MANF"
"ENSG00000145050","patient6","XGBoost_SHAP","all",0.00392545040278365,"MANF"
"ENSG00000145050","patient2","XGBoost_SHAP","all",0.0026345880559281,"MANF"
"ENSG00000145050","patient3","XGBoost_SHAP","all",0.001865697651859,"MANF"
"ENSG00000145050","patient5","XGBoost_SHAP","all",0.00263729283128118,"MANF"
"ENSG00000145337","patient3","XGBoost_SHAP","all",0.00236360861698146,"PYURF"
"ENSG00000145337","patient1","XGBoost_SHAP","all",0.00242303178537362,"PYURF"
"ENSG00000145337","patient2","XGBoost_SHAP","all",0.0016204595908674,"PYURF"
"ENSG00000145337","patient5","XGBoost_SHAP","all",0.00211957655153309,"PYURF"
"ENSG00000145337","patient6","XGBoost_SHAP","all",0.00239773198607717,"PYURF"
"ENSG00000145337","patient4","XGBoost_SHAP","all",0.00117127519844082,"PYURF"
"ENSG00000145390","patient5","XGBoost_SHAP","all",0.0067281391173868,"USP53"
"ENSG00000145390","patient1","XGBoost_SHAP","all",0.00755968007838252,"USP53"
"ENSG00000145390","patient6","XGBoost_SHAP","all",0.0101094647247702,"USP53"
"ENSG00000145390","patient3","XGBoost_SHAP","all",0.0127044162798315,"USP53"
"ENSG00000145390","patient4","XGBoost_SHAP","all",0.00658010760313245,"USP53"
"ENSG00000145390","patient2","XGBoost_SHAP","all",0.00886972723816758,"USP53"
"ENSG00000145423","patient6","XGBoost_SHAP","all",0.00124141146007728,"SFRP2"
"ENSG00000145423","patient3","XGBoost_SHAP","all",0.00191521198611137,"SFRP2"
"ENSG00000145423","patient4","XGBoost_SHAP","all",0.00158125468093382,"SFRP2"
"ENSG00000145423","patient1","XGBoost_SHAP","all",0.00376172104404281,"SFRP2"
"ENSG00000145423","patient2","XGBoost_SHAP","all",0.00178120893300667,"SFRP2"
"ENSG00000145423","patient5","XGBoost_SHAP","all",0.00279530328731082,"SFRP2"
"ENSG00000145494","patient4","XGBoost_SHAP","all",0.00185894937429225,"NDUFS6"
"ENSG00000145494","patient5","XGBoost_SHAP","all",0.00152215695320771,"NDUFS6"
"ENSG00000145494","patient6","XGBoost_SHAP","all",0.00223676677071852,"NDUFS6"
"ENSG00000145494","patient1","XGBoost_SHAP","all",0.00272483670770213,"NDUFS6"
"ENSG00000145494","patient3","XGBoost_SHAP","all",0.00221998532969165,"NDUFS6"
"ENSG00000145494","patient2","XGBoost_SHAP","all",0.00260173951024743,"NDUFS6"
"ENSG00000145632","patient3","XGBoost_SHAP","all",0.00174036436562286,"PLK2"
"ENSG00000145632","patient2","XGBoost_SHAP","all",0.00134571386916714,"PLK2"
"ENSG00000145632","patient6","XGBoost_SHAP","all",0.00175059269445352,"PLK2"
"ENSG00000145632","patient5","XGBoost_SHAP","all",0.00213195562438592,"PLK2"
"ENSG00000145632","patient1","XGBoost_SHAP","all",0.00456901976809427,"PLK2"
"ENSG00000145632","patient4","XGBoost_SHAP","all",0.00734809869563729,"PLK2"
"ENSG00000145675","patient4","XGBoost_SHAP","all",0.00761717786342094,"PIK3R1"
"ENSG00000145675","patient2","XGBoost_SHAP","all",0.0116856120367277,"PIK3R1"
"ENSG00000145675","patient5","XGBoost_SHAP","all",0.0120944845221674,"PIK3R1"
"ENSG00000145675","patient1","XGBoost_SHAP","all",0.00942823710356731,"PIK3R1"
"ENSG00000145675","patient6","XGBoost_SHAP","all",0.0135361040756038,"PIK3R1"
"ENSG00000145675","patient3","XGBoost_SHAP","all",0.012178144637648,"PIK3R1"
"ENSG00000145687","patient5","XGBoost_SHAP","all",0.00166900035066647,"SSBP2"
"ENSG00000145730","patient3","XGBoost_SHAP","all",0.0087729246867845,"PAM"
"ENSG00000145730","patient5","XGBoost_SHAP","all",0.007140345964958,"PAM"
"ENSG00000145730","patient6","XGBoost_SHAP","all",0.0043945786312374,"PAM"
"ENSG00000145730","patient1","XGBoost_SHAP","all",0.00406261586552623,"PAM"
"ENSG00000145730","patient4","XGBoost_SHAP","all",0.00282964010748468,"PAM"
"ENSG00000145730","patient2","XGBoost_SHAP","all",0.00200891972104489,"PAM"
"ENSG00000145734","patient3","XGBoost_SHAP","all",0.00104645770758846,"BDP1"
"ENSG00000145734","patient5","XGBoost_SHAP","all",0.00286363324678197,"BDP1"
"ENSG00000145734","patient4","XGBoost_SHAP","all",0.00257693908246075,"BDP1"
"ENSG00000145734","patient6","XGBoost_SHAP","all",0.00284829201461749,"BDP1"
"ENSG00000145734","patient1","XGBoost_SHAP","all",0.00239635618025688,"BDP1"
"ENSG00000145734","patient2","XGBoost_SHAP","all",0.00188175013049968,"BDP1"
"ENSG00000145833","patient5","XGBoost_SHAP","all",0.00168258203618974,"DDX46"
"ENSG00000145833","patient3","XGBoost_SHAP","all",0.00128630765314481,"DDX46"
"ENSG00000145833","patient1","XGBoost_SHAP","all",0.00169757243818697,"DDX46"
"ENSG00000145833","patient6","XGBoost_SHAP","all",0.00180549708463458,"DDX46"
"ENSG00000145833","patient2","XGBoost_SHAP","all",0.00126187504705059,"DDX46"
"ENSG00000145833","patient4","XGBoost_SHAP","all",0.00234045603718545,"DDX46"
"ENSG00000145907","patient5","XGBoost_SHAP","all",0.000626538515907065,"G3BP1"
"ENSG00000145907","patient6","XGBoost_SHAP","all",0.00139236082955236,"G3BP1"
"ENSG00000145907","patient1","XGBoost_SHAP","all",0.00312280869013046,"G3BP1"
"ENSG00000145907","patient3","XGBoost_SHAP","all",0.000798914176707201,"G3BP1"
"ENSG00000145907","patient2","XGBoost_SHAP","all",0.00237119825561538,"G3BP1"
"ENSG00000145907","patient4","XGBoost_SHAP","all",0.000813043518396318,"G3BP1"
"ENSG00000145912","patient5","XGBoost_SHAP","all",0.0109299651796537,"NHP2"
"ENSG00000145912","patient2","XGBoost_SHAP","all",0.00706896129598073,"NHP2"
"ENSG00000145912","patient4","XGBoost_SHAP","all",0.00373113012242298,"NHP2"
"ENSG00000145912","patient6","XGBoost_SHAP","all",0.00488170723251836,"NHP2"
"ENSG00000145912","patient3","XGBoost_SHAP","all",0.0092377041892419,"NHP2"
"ENSG00000145912","patient1","XGBoost_SHAP","all",0.00161076336039008,"NHP2"
"ENSG00000145936","patient3","XGBoost_SHAP","all",0.00330965138922464,"KCNMB1"
"ENSG00000145936","patient6","XGBoost_SHAP","all",0.01483174168611,"KCNMB1"
"ENSG00000145936","patient4","XGBoost_SHAP","all",0.00406286615878723,"KCNMB1"
"ENSG00000145936","patient2","XGBoost_SHAP","all",0.00518803965646279,"KCNMB1"
"ENSG00000145936","patient5","XGBoost_SHAP","all",0.00544498775110217,"KCNMB1"
"ENSG00000145936","patient1","XGBoost_SHAP","all",0.00753404978891673,"KCNMB1"
"ENSG00000146007","patient3","XGBoost_SHAP","all",0.00148441853181611,"ZMAT2"
"ENSG00000146007","patient6","XGBoost_SHAP","all",0.00115834669599764,"ZMAT2"
"ENSG00000146007","patient5","XGBoost_SHAP","all",0.00206007069508874,"ZMAT2"
"ENSG00000146007","patient4","XGBoost_SHAP","all",0.000453857227802479,"ZMAT2"
"ENSG00000146007","patient2","XGBoost_SHAP","all",0.00111466960090913,"ZMAT2"
"ENSG00000146007","patient1","XGBoost_SHAP","all",0.00104326931417017,"ZMAT2"
"ENSG00000146066","patient1","XGBoost_SHAP","all",0.00165084734691725,"HIGD2A"
"ENSG00000146066","patient6","XGBoost_SHAP","all",0.00413522754891679,"HIGD2A"
"ENSG00000146066","patient3","XGBoost_SHAP","all",0.00366975467829933,"HIGD2A"
"ENSG00000146066","patient4","XGBoost_SHAP","all",0.00357977437568616,"HIGD2A"
"ENSG00000146066","patient5","XGBoost_SHAP","all",0.00296459177064584,"HIGD2A"
"ENSG00000146066","patient2","XGBoost_SHAP","all",0.00472346750897343,"HIGD2A"
"ENSG00000146223","patient5","XGBoost_SHAP","all",0.00164001203342435,"RPL7L1"
"ENSG00000146223","patient6","XGBoost_SHAP","all",0.00323401571757367,"RPL7L1"
"ENSG00000146223","patient3","XGBoost_SHAP","all",0.00190585919624515,"RPL7L1"
"ENSG00000146223","patient1","XGBoost_SHAP","all",0.00162244541336615,"RPL7L1"
"ENSG00000146223","patient2","XGBoost_SHAP","all",0.0016849890079869,"RPL7L1"
"ENSG00000146223","patient4","XGBoost_SHAP","all",0.00545018941094045,"RPL7L1"
"ENSG00000146247","patient6","XGBoost_SHAP","all",0.00181843165909816,"PHIP"
"ENSG00000146247","patient3","XGBoost_SHAP","all",0.0019486436955486,"PHIP"
"ENSG00000146247","patient5","XGBoost_SHAP","all",0.00105933487822892,"PHIP"
"ENSG00000146247","patient2","XGBoost_SHAP","all",0.00106790878541143,"PHIP"
"ENSG00000146247","patient1","XGBoost_SHAP","all",0.00169643984424933,"PHIP"
"ENSG00000146247","patient4","XGBoost_SHAP","all",0.00110511636756688,"PHIP"
"ENSG00000146376","patient2","XGBoost_SHAP","all",0.00906878832703191,"ARHGAP18"
"ENSG00000146376","patient1","XGBoost_SHAP","all",0.0100258473090011,"ARHGAP18"
"ENSG00000146376","patient6","XGBoost_SHAP","all",0.0102374478502767,"ARHGAP18"
"ENSG00000146376","patient5","XGBoost_SHAP","all",0.0111745159805878,"ARHGAP18"
"ENSG00000146376","patient4","XGBoost_SHAP","all",0.00691921459581403,"ARHGAP18"
"ENSG00000146376","patient3","XGBoost_SHAP","all",0.019770862193569,"ARHGAP18"
"ENSG00000146416","patient3","XGBoost_SHAP","all",0.000802650315540413,"AIG1"
"ENSG00000146416","patient5","XGBoost_SHAP","all",0.00142294856989855,"AIG1"
"ENSG00000146416","patient1","XGBoost_SHAP","all",0.0021054192850378,"AIG1"
"ENSG00000146416","patient2","XGBoost_SHAP","all",0.00141502202264323,"AIG1"
"ENSG00000146416","patient4","XGBoost_SHAP","all",0.000539537083991795,"AIG1"
"ENSG00000146416","patient6","XGBoost_SHAP","all",0.00137083808348746,"AIG1"
"ENSG00000146425","patient3","XGBoost_SHAP","all",0.00170585696890945,"DYNLT1"
"ENSG00000146425","patient6","XGBoost_SHAP","all",0.00445699549603157,"DYNLT1"
"ENSG00000146425","patient2","XGBoost_SHAP","all",0.0043909660814124,"DYNLT1"
"ENSG00000146425","patient1","XGBoost_SHAP","all",0.00221719537927432,"DYNLT1"
"ENSG00000146425","patient5","XGBoost_SHAP","all",0.00685212618384847,"DYNLT1"
"ENSG00000146425","patient4","XGBoost_SHAP","all",0.00371845364591107,"DYNLT1"
"ENSG00000146457","patient1","XGBoost_SHAP","all",0.00119142821733113,"WTAP"
"ENSG00000146457","patient5","XGBoost_SHAP","all",0.00268774330362131,"WTAP"
"ENSG00000146457","patient4","XGBoost_SHAP","all",0.00105279242210539,"WTAP"
"ENSG00000146457","patient2","XGBoost_SHAP","all",0.000813633145196965,"WTAP"
"ENSG00000146457","patient6","XGBoost_SHAP","all",0.00164247726106018,"WTAP"
"ENSG00000146457","patient3","XGBoost_SHAP","all",0.00027782959075193,"WTAP"
"ENSG00000146540","patient4","XGBoost_SHAP","all",0.00364878152678278,"CHLSN"
"ENSG00000146540","patient2","XGBoost_SHAP","all",0.00156098016456601,"CHLSN"
"ENSG00000146540","patient1","XGBoost_SHAP","all",0.00212075417028306,"CHLSN"
"ENSG00000146540","patient5","XGBoost_SHAP","all",0.00224413241923534,"CHLSN"
"ENSG00000146540","patient6","XGBoost_SHAP","all",0.0013167923652212,"CHLSN"
"ENSG00000146540","patient3","XGBoost_SHAP","all",0.00218504317327583,"CHLSN"
"ENSG00000146674","patient6","XGBoost_SHAP","all",0.012691857866922,"IGFBP3"
"ENSG00000146674","patient5","XGBoost_SHAP","all",0.0137917830163836,"IGFBP3"
"ENSG00000146674","patient3","XGBoost_SHAP","all",0.0180210661734695,"IGFBP3"
"ENSG00000146674","patient4","XGBoost_SHAP","all",0.0180416960743074,"IGFBP3"
"ENSG00000146674","patient1","XGBoost_SHAP","all",0.0137981752182785,"IGFBP3"
"ENSG00000146674","patient2","XGBoost_SHAP","all",0.0193134737405994,"IGFBP3"
"ENSG00000146701","patient3","XGBoost_SHAP","all",0.00172272977193521,"MDH2"
"ENSG00000146701","patient2","XGBoost_SHAP","all",0.00137635872748432,"MDH2"
"ENSG00000146701","patient6","XGBoost_SHAP","all",0.00160673799160457,"MDH2"
"ENSG00000146701","patient1","XGBoost_SHAP","all",0.0013343736163321,"MDH2"
"ENSG00000146701","patient4","XGBoost_SHAP","all",0.000969616880604284,"MDH2"
"ENSG00000146701","patient5","XGBoost_SHAP","all",0.000965407970810395,"MDH2"
"ENSG00000146729","patient5","XGBoost_SHAP","all",0.00151918874530382,"NIPSNAP2"
"ENSG00000146729","patient1","XGBoost_SHAP","all",0.0029131643208827,"NIPSNAP2"
"ENSG00000146729","patient3","XGBoost_SHAP","all",0.00249034830422562,"NIPSNAP2"
"ENSG00000146729","patient2","XGBoost_SHAP","all",0.00144021675807125,"NIPSNAP2"
"ENSG00000146729","patient6","XGBoost_SHAP","all",0.000973966732955357,"NIPSNAP2"
"ENSG00000146731","patient3","XGBoost_SHAP","all",0.00108867358975543,"CCT6A"
"ENSG00000146731","patient4","XGBoost_SHAP","all",0.000718559223358191,"CCT6A"
"ENSG00000146731","patient5","XGBoost_SHAP","all",0.00119154825528432,"CCT6A"
"ENSG00000146731","patient2","XGBoost_SHAP","all",0.00219858143810296,"CCT6A"
"ENSG00000146731","patient6","XGBoost_SHAP","all",0.00139271284224012,"CCT6A"
"ENSG00000146731","patient1","XGBoost_SHAP","all",0.00376949987334229,"CCT6A"
"ENSG00000147027","patient1","XGBoost_SHAP","all",0.00326987179680746,"TMEM47"
"ENSG00000147027","patient6","XGBoost_SHAP","all",0.00362085583912095,"TMEM47"
"ENSG00000147027","patient4","XGBoost_SHAP","all",0.00174173022536707,"TMEM47"
"ENSG00000147027","patient5","XGBoost_SHAP","all",0.00237584271926983,"TMEM47"
"ENSG00000147027","patient2","XGBoost_SHAP","all",0.00221044643409556,"TMEM47"
"ENSG00000147027","patient3","XGBoost_SHAP","all",0.00364379555360941,"TMEM47"
"ENSG00000147065","patient4","XGBoost_SHAP","all",0.00258604790256229,"MSN"
"ENSG00000147065","patient2","XGBoost_SHAP","all",0.00220056030118152,"MSN"
"ENSG00000147065","patient3","XGBoost_SHAP","all",0.00148015603171853,"MSN"
"ENSG00000147065","patient5","XGBoost_SHAP","all",0.00281978841242251,"MSN"
"ENSG00000147065","patient1","XGBoost_SHAP","all",0.00206252952116181,"MSN"
"ENSG00000147065","patient6","XGBoost_SHAP","all",0.00132449704999515,"MSN"
"ENSG00000147140","patient2","XGBoost_SHAP","all",0.00139462752531109,"NONO"
"ENSG00000147140","patient6","XGBoost_SHAP","all",0.00236309114411541,"NONO"
"ENSG00000147140","patient3","XGBoost_SHAP","all",0.00514858002436807,"NONO"
"ENSG00000147140","patient5","XGBoost_SHAP","all",0.00269690576004056,"NONO"
"ENSG00000147140","patient4","XGBoost_SHAP","all",0.00597249243124331,"NONO"
"ENSG00000147140","patient1","XGBoost_SHAP","all",0.00569741027689347,"NONO"
"ENSG00000147202","patient2","XGBoost_SHAP","all",0.00217218125463356,"DIAPH2"
"ENSG00000147202","patient6","XGBoost_SHAP","all",0.0025411651326395,"DIAPH2"
"ENSG00000147202","patient5","XGBoost_SHAP","all",0.0019143275177157,"DIAPH2"
"ENSG00000147202","patient4","XGBoost_SHAP","all",0.00134185061006004,"DIAPH2"
"ENSG00000147202","patient1","XGBoost_SHAP","all",0.000653870591790736,"DIAPH2"
"ENSG00000147202","patient3","XGBoost_SHAP","all",0.00350504212996991,"DIAPH2"
"ENSG00000147274","patient5","XGBoost_SHAP","all",0.00141948176699651,"RBMX"
"ENSG00000147274","patient1","XGBoost_SHAP","all",0.0017786519584079,"RBMX"
"ENSG00000147274","patient4","XGBoost_SHAP","all",0.0023385423220313,"RBMX"
"ENSG00000147274","patient3","XGBoost_SHAP","all",0.00370330500299548,"RBMX"
"ENSG00000147274","patient6","XGBoost_SHAP","all",0.00209827405411131,"RBMX"
"ENSG00000147274","patient2","XGBoost_SHAP","all",0.00191002085517534,"RBMX"
"ENSG00000147416","patient6","XGBoost_SHAP","all",0.00609909357706173,"ATP6V1B2"
"ENSG00000147416","patient5","XGBoost_SHAP","all",0.00648453677532251,"ATP6V1B2"
"ENSG00000147416","patient4","XGBoost_SHAP","all",0.00293262862203805,"ATP6V1B2"
"ENSG00000147419","patient6","XGBoost_SHAP","all",0.00322164203213481,"CCDC25"
"ENSG00000147419","patient1","XGBoost_SHAP","all",0.00277027705144904,"CCDC25"
"ENSG00000147419","patient5","XGBoost_SHAP","all",0.00165971877306343,"CCDC25"
"ENSG00000147419","patient3","XGBoost_SHAP","all",0.00280500066508392,"CCDC25"
"ENSG00000147419","patient4","XGBoost_SHAP","all",0.00172337464403481,"CCDC25"
"ENSG00000147419","patient2","XGBoost_SHAP","all",0.00274666600406225,"CCDC25"
"ENSG00000147454","patient4","XGBoost_SHAP","all",0.00347682215574733,"SLC25A37"
"ENSG00000147454","patient3","XGBoost_SHAP","all",0.00248396811320334,"SLC25A37"
"ENSG00000147454","patient1","XGBoost_SHAP","all",0.00305843332994597,"SLC25A37"
"ENSG00000147454","patient2","XGBoost_SHAP","all",0.0010526456206638,"SLC25A37"
"ENSG00000147454","patient6","XGBoost_SHAP","all",0.0023021110710063,"SLC25A37"
"ENSG00000147454","patient5","XGBoost_SHAP","all",0.00479529914636351,"SLC25A37"
"ENSG00000147526","patient2","XGBoost_SHAP","all",0.00152633481952402,"TACC1"
"ENSG00000147526","patient3","XGBoost_SHAP","all",0.00313828749791412,"TACC1"
"ENSG00000147526","patient6","XGBoost_SHAP","all",0.00254893166979186,"TACC1"
"ENSG00000147526","patient4","XGBoost_SHAP","all",0.00331403508583753,"TACC1"
"ENSG00000147526","patient5","XGBoost_SHAP","all",0.00121832152491779,"TACC1"
"ENSG00000147526","patient1","XGBoost_SHAP","all",0.00157283074681252,"TACC1"
"ENSG00000147533","patient1","XGBoost_SHAP","all",0.00231493111974824,"GOLGA7"
"ENSG00000147533","patient2","XGBoost_SHAP","all",0.00193662661665812,"GOLGA7"
"ENSG00000147533","patient5","XGBoost_SHAP","all",0.00270987582085449,"GOLGA7"
"ENSG00000147548","patient5","XGBoost_SHAP","all",0.00144434728804671,"NSD3"
"ENSG00000147548","patient1","XGBoost_SHAP","all",0.00133062551990646,"NSD3"
"ENSG00000147548","patient4","XGBoost_SHAP","all",0.00185257413924352,"NSD3"
"ENSG00000147548","patient2","XGBoost_SHAP","all",0.00162701102868476,"NSD3"
"ENSG00000147548","patient6","XGBoost_SHAP","all",0.000753921502971587,"NSD3"
"ENSG00000147548","patient3","XGBoost_SHAP","all",0.00258870604502227,"NSD3"
"ENSG00000147669","patient4","XGBoost_SHAP","all",0.00182358591162366,"POLR2K"
"ENSG00000147669","patient2","XGBoost_SHAP","all",0.00174772430769564,"POLR2K"
"ENSG00000147669","patient1","XGBoost_SHAP","all",0.00176390974781805,"POLR2K"
"ENSG00000147669","patient3","XGBoost_SHAP","all",0.00245315963525594,"POLR2K"
"ENSG00000147669","patient5","XGBoost_SHAP","all",0.00328039003528227,"POLR2K"
"ENSG00000147669","patient6","XGBoost_SHAP","all",0.00230526969947581,"POLR2K"
"ENSG00000147684","patient5","XGBoost_SHAP","all",0.0026839061376401,"NDUFB9"
"ENSG00000147684","patient4","XGBoost_SHAP","all",0.0033532690795243,"NDUFB9"
"ENSG00000147684","patient6","XGBoost_SHAP","all",0.00156726198066583,"NDUFB9"
"ENSG00000147684","patient1","XGBoost_SHAP","all",0.00339066922028243,"NDUFB9"
"ENSG00000147684","patient2","XGBoost_SHAP","all",0.00708851332914157,"NDUFB9"
"ENSG00000147684","patient3","XGBoost_SHAP","all",0.00336283388443671,"NDUFB9"
"ENSG00000147862","patient4","XGBoost_SHAP","all",0.00463953896225804,"NFIB"
"ENSG00000147862","patient2","XGBoost_SHAP","all",0.0125863887440717,"NFIB"
"ENSG00000147862","patient1","XGBoost_SHAP","all",0.014822877198043,"NFIB"
"ENSG00000147862","patient6","XGBoost_SHAP","all",0.00540148231485722,"NFIB"
"ENSG00000147862","patient5","XGBoost_SHAP","all",0.0081888857499143,"NFIB"
"ENSG00000147862","patient3","XGBoost_SHAP","all",0.0156562208867179,"NFIB"
"ENSG00000147872","patient4","XGBoost_SHAP","all",0.00209318760582037,"PLIN2"
"ENSG00000147872","patient2","XGBoost_SHAP","all",0.00253813306754339,"PLIN2"
"ENSG00000147872","patient3","XGBoost_SHAP","all",0.00428389110397194,"PLIN2"
"ENSG00000147872","patient1","XGBoost_SHAP","all",0.00534318985134204,"PLIN2"
"ENSG00000147872","patient6","XGBoost_SHAP","all",0.00309747212340866,"PLIN2"
"ENSG00000147872","patient5","XGBoost_SHAP","all",0.00608805000378802,"PLIN2"
"ENSG00000148053","patient4","XGBoost_SHAP","all",0.0238212540952,"NTRK2"
"ENSG00000148053","patient6","XGBoost_SHAP","all",0.012220958649759,"NTRK2"
"ENSG00000148053","patient1","XGBoost_SHAP","all",0.0111078048506096,"NTRK2"
"ENSG00000148053","patient2","XGBoost_SHAP","all",0.0171441556919236,"NTRK2"
"ENSG00000148053","patient3","XGBoost_SHAP","all",0.0130598950418222,"NTRK2"
"ENSG00000148120","patient4","XGBoost_SHAP","all",0.00296027282806474,"AOPEP"
"ENSG00000148120","patient2","XGBoost_SHAP","all",0.00464787037284546,"AOPEP"
"ENSG00000148120","patient6","XGBoost_SHAP","all",0.00502345214839326,"AOPEP"
"ENSG00000148120","patient5","XGBoost_SHAP","all",0.00145185551560884,"AOPEP"
"ENSG00000148120","patient3","XGBoost_SHAP","all",0.0016599641817812,"AOPEP"
"ENSG00000148120","patient1","XGBoost_SHAP","all",0.0052698840708845,"AOPEP"
"ENSG00000148175","patient6","XGBoost_SHAP","all",0.00705505302483784,"STOM"
"ENSG00000148175","patient2","XGBoost_SHAP","all",0.0105911985124103,"STOM"
"ENSG00000148175","patient1","XGBoost_SHAP","all",0.0120768522376169,"STOM"
"ENSG00000148175","patient4","XGBoost_SHAP","all",0.013605105259527,"STOM"
"ENSG00000148175","patient5","XGBoost_SHAP","all",0.0187178602782041,"STOM"
"ENSG00000148175","patient3","XGBoost_SHAP","all",0.0116527708960938,"STOM"
"ENSG00000148248","patient4","XGBoost_SHAP","all",0.00236657891054837,"SURF4"
"ENSG00000148248","patient6","XGBoost_SHAP","all",0.000765225406881646,"SURF4"
"ENSG00000148248","patient3","XGBoost_SHAP","all",0.00308330976738329,"SURF4"
"ENSG00000148248","patient5","XGBoost_SHAP","all",0.00170429241259537,"SURF4"
"ENSG00000148290","patient4","XGBoost_SHAP","all",0.00265939109971075,"SURF1"
"ENSG00000148290","patient2","XGBoost_SHAP","all",0.00231909480244336,"SURF1"
"ENSG00000148290","patient1","XGBoost_SHAP","all",0.00711029839407759,"SURF1"
"ENSG00000148290","patient5","XGBoost_SHAP","all",0.00291769939871729,"SURF1"
"ENSG00000148290","patient3","XGBoost_SHAP","all",0.00216042349682783,"SURF1"
"ENSG00000148450","patient5","XGBoost_SHAP","all",0.00093474406141923,"MSRB2"
"ENSG00000148450","patient4","XGBoost_SHAP","all",0.00162453679882072,"MSRB2"
"ENSG00000148450","patient6","XGBoost_SHAP","all",0.00142070371722852,"MSRB2"
"ENSG00000148450","patient2","XGBoost_SHAP","all",0.000500274959004594,"MSRB2"
"ENSG00000148450","patient1","XGBoost_SHAP","all",0.000909580351992131,"MSRB2"
"ENSG00000148450","patient3","XGBoost_SHAP","all",0.00313804269345288,"MSRB2"
"ENSG00000148484","patient1","XGBoost_SHAP","all",0.00408268537680867,"RSU1"
"ENSG00000148484","patient2","XGBoost_SHAP","all",0.00412448799879114,"RSU1"
"ENSG00000148484","patient4","XGBoost_SHAP","all",0.00388451299751626,"RSU1"
"ENSG00000148484","patient5","XGBoost_SHAP","all",0.0054009500135192,"RSU1"
"ENSG00000148484","patient6","XGBoost_SHAP","all",0.00581564979527092,"RSU1"
"ENSG00000148484","patient3","XGBoost_SHAP","all",0.00146820472969071,"RSU1"
"ENSG00000148516","patient5","XGBoost_SHAP","all",0.00286499693896016,"ZEB1"
"ENSG00000148516","patient6","XGBoost_SHAP","all",0.0012611283787937,"ZEB1"
"ENSG00000148516","patient3","XGBoost_SHAP","all",0.00115352870034899,"ZEB1"
"ENSG00000148516","patient2","XGBoost_SHAP","all",0.000942316197518547,"ZEB1"
"ENSG00000148516","patient1","XGBoost_SHAP","all",0.00159941252471617,"ZEB1"
"ENSG00000148516","patient4","XGBoost_SHAP","all",0.00182947296176766,"ZEB1"
"ENSG00000148541","patient1","XGBoost_SHAP","all",0.0026502528782291,"FAM13C"
"ENSG00000148671","patient1","XGBoost_SHAP","all",0.011873764687886,"ADIRF"
"ENSG00000148671","patient2","XGBoost_SHAP","all",0.0200073520803178,"ADIRF"
"ENSG00000148671","patient4","XGBoost_SHAP","all",0.0104446677567478,"ADIRF"
"ENSG00000148671","patient3","XGBoost_SHAP","all",0.0144708112496097,"ADIRF"
"ENSG00000148671","patient5","XGBoost_SHAP","all",0.00544960077064016,"ADIRF"
"ENSG00000148671","patient6","XGBoost_SHAP","all",0.022516886440289,"ADIRF"
"ENSG00000148672","patient4","XGBoost_SHAP","all",0.00623642667337003,"GLUD1"
"ENSG00000148672","patient6","XGBoost_SHAP","all",0.00467885421057634,"GLUD1"
"ENSG00000148700","patient2","XGBoost_SHAP","all",0.00636634222489379,"ADD3"
"ENSG00000148700","patient4","XGBoost_SHAP","all",0.00786384698726704,"ADD3"
"ENSG00000148700","patient5","XGBoost_SHAP","all",0.00385209180659322,"ADD3"
"ENSG00000148700","patient6","XGBoost_SHAP","all",0.00958383899486969,"ADD3"
"ENSG00000148700","patient1","XGBoost_SHAP","all",0.0153448495014129,"ADD3"
"ENSG00000148700","patient3","XGBoost_SHAP","all",0.00813045590895408,"ADD3"
"ENSG00000148834","patient6","XGBoost_SHAP","all",0.00143108119117519,"GSTO1"
"ENSG00000148834","patient2","XGBoost_SHAP","all",0.0026218248240923,"GSTO1"
"ENSG00000148834","patient3","XGBoost_SHAP","all",0.00204391825375085,"GSTO1"
"ENSG00000148834","patient4","XGBoost_SHAP","all",0.00209790443758176,"GSTO1"
"ENSG00000148834","patient1","XGBoost_SHAP","all",0.00321479255862623,"GSTO1"
"ENSG00000148834","patient5","XGBoost_SHAP","all",0.0020996942592768,"GSTO1"
"ENSG00000148908","patient1","XGBoost_SHAP","all",0.00178131083236776,"RGS10"
"ENSG00000148908","patient6","XGBoost_SHAP","all",0.00297476025059887,"RGS10"
"ENSG00000148908","patient2","XGBoost_SHAP","all",0.00465928951822339,"RGS10"
"ENSG00000148908","patient3","XGBoost_SHAP","all",0.00755604386915398,"RGS10"
"ENSG00000148908","patient4","XGBoost_SHAP","all",0.00294440137042278,"RGS10"
"ENSG00000148908","patient5","XGBoost_SHAP","all",0.004188900797726,"RGS10"
"ENSG00000149084","patient4","XGBoost_SHAP","all",0.00500154454506506,"HSD17B12"
"ENSG00000149084","patient5","XGBoost_SHAP","all",0.00120713860336948,"HSD17B12"
"ENSG00000149084","patient1","XGBoost_SHAP","all",0.00307129739967968,"HSD17B12"
"ENSG00000149084","patient6","XGBoost_SHAP","all",0.00263826242768493,"HSD17B12"
"ENSG00000149084","patient3","XGBoost_SHAP","all",0.00421340030181723,"HSD17B12"
"ENSG00000149084","patient2","XGBoost_SHAP","all",0.002125574870696,"HSD17B12"
"ENSG00000149100","patient6","XGBoost_SHAP","all",0.0026411096311325,"EIF3M"
"ENSG00000149100","patient1","XGBoost_SHAP","all",0.00397573788035514,"EIF3M"
"ENSG00000149100","patient4","XGBoost_SHAP","all",0.00126188184173891,"EIF3M"
"ENSG00000149100","patient3","XGBoost_SHAP","all",0.00440646276959777,"EIF3M"
"ENSG00000149100","patient2","XGBoost_SHAP","all",0.00253006318235686,"EIF3M"
"ENSG00000149100","patient5","XGBoost_SHAP","all",0.00247675024272872,"EIF3M"
"ENSG00000149131","patient5","XGBoost_SHAP","all",0.0302980343518259,"SERPING1"
"ENSG00000149131","patient6","XGBoost_SHAP","all",0.0337394417368392,"SERPING1"
"ENSG00000149131","patient3","XGBoost_SHAP","all",0.0373343526271985,"SERPING1"
"ENSG00000149131","patient2","XGBoost_SHAP","all",0.0345822777960732,"SERPING1"
"ENSG00000149131","patient1","XGBoost_SHAP","all",0.0265273757434393,"SERPING1"
"ENSG00000149131","patient4","XGBoost_SHAP","all",0.0231911060998213,"SERPING1"
"ENSG00000149196","patient3","XGBoost_SHAP","all",0.0020160743364395,"HIKESHI"
"ENSG00000149196","patient5","XGBoost_SHAP","all",0.00355264518396618,"HIKESHI"
"ENSG00000149196","patient2","XGBoost_SHAP","all",0.000636055667647573,"HIKESHI"
"ENSG00000149218","patient3","XGBoost_SHAP","all",0.0029800879719696,"ENDOD1"
"ENSG00000149218","patient1","XGBoost_SHAP","all",0.00195369025303751,"ENDOD1"
"ENSG00000149218","patient4","XGBoost_SHAP","all",0.00148572545082242,"ENDOD1"
"ENSG00000149218","patient6","XGBoost_SHAP","all",0.0022790477995526,"ENDOD1"
"ENSG00000149218","patient2","XGBoost_SHAP","all",0.00270994114348533,"ENDOD1"
"ENSG00000149218","patient5","XGBoost_SHAP","all",0.00289093116806001,"ENDOD1"
"ENSG00000149257","patient6","XGBoost_SHAP","all",0.00158237207755156,"SERPINH1"
"ENSG00000149257","patient3","XGBoost_SHAP","all",0.00173697314415826,"SERPINH1"
"ENSG00000149257","patient2","XGBoost_SHAP","all",0.00111460219836063,"SERPINH1"
"ENSG00000149257","patient4","XGBoost_SHAP","all",0.00124589443186291,"SERPINH1"
"ENSG00000149257","patient1","XGBoost_SHAP","all",0.00146363208163718,"SERPINH1"
"ENSG00000149257","patient5","XGBoost_SHAP","all",0.00279166532565196,"SERPINH1"
"ENSG00000149357","patient6","XGBoost_SHAP","all",0.00198833193957638,"LAMTOR1"
"ENSG00000149357","patient1","XGBoost_SHAP","all",0.00593732549025312,"LAMTOR1"
"ENSG00000149357","patient3","XGBoost_SHAP","all",0.00370191197245492,"LAMTOR1"
"ENSG00000149357","patient2","XGBoost_SHAP","all",0.00258317463346369,"LAMTOR1"
"ENSG00000149557","patient1","XGBoost_SHAP","all",0.00207492270893271,"FEZ1"
"ENSG00000149557","patient2","XGBoost_SHAP","all",0.00144149962241151,"FEZ1"
"ENSG00000149557","patient6","XGBoost_SHAP","all",0.00111012920157468,"FEZ1"
"ENSG00000149557","patient3","XGBoost_SHAP","all",0.00305178107979969,"FEZ1"
"ENSG00000149557","patient5","XGBoost_SHAP","all",0.00240756189900877,"FEZ1"
"ENSG00000149557","patient4","XGBoost_SHAP","all",0.0023976897541203,"FEZ1"
"ENSG00000149564","patient2","XGBoost_SHAP","all",0.0284341693285263,"ESAM"
"ENSG00000149564","patient3","XGBoost_SHAP","all",0.0301078583567158,"ESAM"
"ENSG00000149564","patient6","XGBoost_SHAP","all",0.0227274338785549,"ESAM"
"ENSG00000149564","patient4","XGBoost_SHAP","all",0.0222145073085648,"ESAM"
"ENSG00000149564","patient1","XGBoost_SHAP","all",0.0178075796069995,"ESAM"
"ENSG00000149564","patient5","XGBoost_SHAP","all",0.0229268429866295,"ESAM"
"ENSG00000149591","patient5","XGBoost_SHAP","all",0.106055618261554,"TAGLN"
"ENSG00000149591","patient4","XGBoost_SHAP","all",0.155208439255394,"TAGLN"
"ENSG00000149591","patient3","XGBoost_SHAP","all",0.0757479682387003,"TAGLN"
"ENSG00000149591","patient6","XGBoost_SHAP","all",0.0853207757971595,"TAGLN"
"ENSG00000149591","patient1","XGBoost_SHAP","all",0.106092298293691,"TAGLN"
"ENSG00000149591","patient2","XGBoost_SHAP","all",0.10634901228211,"TAGLN"
"ENSG00000149823","patient1","XGBoost_SHAP","all",0.00282582551676994,"VPS51"
"ENSG00000149823","patient5","XGBoost_SHAP","all",0.00444366910975807,"VPS51"
"ENSG00000149823","patient2","XGBoost_SHAP","all",0.00131539492178249,"VPS51"
"ENSG00000149823","patient4","XGBoost_SHAP","all",0.00297352207736293,"VPS51"
"ENSG00000149823","patient6","XGBoost_SHAP","all",0.00353464414542034,"VPS51"
"ENSG00000149923","patient3","XGBoost_SHAP","all",0.00460843143254601,"PPP4C"
"ENSG00000149923","patient5","XGBoost_SHAP","all",0.002661390689132,"PPP4C"
"ENSG00000149923","patient1","XGBoost_SHAP","all",0.00229269418339152,"PPP4C"
"ENSG00000149923","patient4","XGBoost_SHAP","all",0.00435565576777393,"PPP4C"
"ENSG00000149923","patient6","XGBoost_SHAP","all",0.00255749926405341,"PPP4C"
"ENSG00000149923","patient2","XGBoost_SHAP","all",0.00054249019816114,"PPP4C"
"ENSG00000149932","patient2","XGBoost_SHAP","all",0.00310828901730816,"TMEM219"
"ENSG00000149932","patient3","XGBoost_SHAP","all",0.00430807081604254,"TMEM219"
"ENSG00000149932","patient5","XGBoost_SHAP","all",0.00642700747544725,"TMEM219"
"ENSG00000149932","patient4","XGBoost_SHAP","all",0.00572807590645348,"TMEM219"
"ENSG00000149932","patient1","XGBoost_SHAP","all",0.0049606988474279,"TMEM219"
"ENSG00000149932","patient6","XGBoost_SHAP","all",0.00593905461794754,"TMEM219"
"ENSG00000150316","patient5","XGBoost_SHAP","all",0.00185007197882808,"CWC15"
"ENSG00000150316","patient4","XGBoost_SHAP","all",0.00203518007909959,"CWC15"
"ENSG00000150316","patient3","XGBoost_SHAP","all",0.000977674165085446,"CWC15"
"ENSG00000150316","patient1","XGBoost_SHAP","all",0.00148430968714394,"CWC15"
"ENSG00000150316","patient6","XGBoost_SHAP","all",0.00280574580574405,"CWC15"
"ENSG00000150316","patient2","XGBoost_SHAP","all",0.0022374890095695,"CWC15"
"ENSG00000150337","patient3","XGBoost_SHAP","all",0.00219410670103388,"FCGR1A"
"ENSG00000150337","patient5","XGBoost_SHAP","all",0.00626349946714327,"FCGR1A"
"ENSG00000150337","patient6","XGBoost_SHAP","all",0.00484843861097705,"FCGR1A"
"ENSG00000150347","patient3","XGBoost_SHAP","all",0.0295582352001231,"ARID5B"
"ENSG00000150347","patient5","XGBoost_SHAP","all",0.0412491422797996,"ARID5B"
"ENSG00000150347","patient4","XGBoost_SHAP","all",0.0441106776820539,"ARID5B"
"ENSG00000150347","patient6","XGBoost_SHAP","all",0.0221366614972084,"ARID5B"
"ENSG00000150347","patient1","XGBoost_SHAP","all",0.0220795587093894,"ARID5B"
"ENSG00000150347","patient2","XGBoost_SHAP","all",0.0272150979077303,"ARID5B"
"ENSG00000150540","patient3","XGBoost_SHAP","all",0.0310442538200047,"HNMT"
"ENSG00000150540","patient4","XGBoost_SHAP","all",0.019467872807575,"HNMT"
"ENSG00000150540","patient1","XGBoost_SHAP","all",0.018661638640834,"HNMT"
"ENSG00000150540","patient6","XGBoost_SHAP","all",0.0291533299648616,"HNMT"
"ENSG00000150540","patient5","XGBoost_SHAP","all",0.0232823192219267,"HNMT"
"ENSG00000150540","patient2","XGBoost_SHAP","all",0.0542180133399598,"HNMT"
"ENSG00000150593","patient5","XGBoost_SHAP","all",0.00395020534665859,"PDCD4"
"ENSG00000150593","patient3","XGBoost_SHAP","all",0.00214876198626127,"PDCD4"
"ENSG00000150593","patient6","XGBoost_SHAP","all",0.00194763132283455,"PDCD4"
"ENSG00000150593","patient4","XGBoost_SHAP","all",0.00271246550209378,"PDCD4"
"ENSG00000150593","patient1","XGBoost_SHAP","all",0.00133968064316287,"PDCD4"
"ENSG00000150593","patient2","XGBoost_SHAP","all",0.00340168630891449,"PDCD4"
"ENSG00000150687","patient5","XGBoost_SHAP","all",0.00320672578345844,"PRSS23"
"ENSG00000150687","patient3","XGBoost_SHAP","all",0.00306809404031188,"PRSS23"
"ENSG00000150687","patient2","XGBoost_SHAP","all",0.0047317868174493,"PRSS23"
"ENSG00000150687","patient4","XGBoost_SHAP","all",0.00337538255364779,"PRSS23"
"ENSG00000150687","patient1","XGBoost_SHAP","all",0.00499190803682479,"PRSS23"
"ENSG00000150687","patient6","XGBoost_SHAP","all",0.0031112475188341,"PRSS23"
"ENSG00000150753","patient5","XGBoost_SHAP","all",0.00380343221592137,"CCT5"
"ENSG00000150753","patient4","XGBoost_SHAP","all",0.00499584433884831,"CCT5"
"ENSG00000150753","patient2","XGBoost_SHAP","all",0.0039557085009013,"CCT5"
"ENSG00000150753","patient1","XGBoost_SHAP","all",0.00467754955089427,"CCT5"
"ENSG00000150753","patient6","XGBoost_SHAP","all",0.00291904007438705,"CCT5"
"ENSG00000150753","patient3","XGBoost_SHAP","all",0.0116029055177801,"CCT5"
"ENSG00000150764","patient3","XGBoost_SHAP","all",0.00157922065180657,"DIXDC1"
"ENSG00000150764","patient5","XGBoost_SHAP","all",0.00162699008179395,"DIXDC1"
"ENSG00000150764","patient2","XGBoost_SHAP","all",0.00131247727967158,"DIXDC1"
"ENSG00000150764","patient1","XGBoost_SHAP","all",0.00167780265462474,"DIXDC1"
"ENSG00000150764","patient4","XGBoost_SHAP","all",0.00202666238039522,"DIXDC1"
"ENSG00000150764","patient6","XGBoost_SHAP","all",0.00168789221135254,"DIXDC1"
"ENSG00000150779","patient2","XGBoost_SHAP","all",0.00291026332951086,"TIMM8B"
"ENSG00000150779","patient3","XGBoost_SHAP","all",0.00184937042304103,"TIMM8B"
"ENSG00000150779","patient6","XGBoost_SHAP","all",0.00224455199491063,"TIMM8B"
"ENSG00000150779","patient4","XGBoost_SHAP","all",0.0053847246373395,"TIMM8B"
"ENSG00000150779","patient1","XGBoost_SHAP","all",0.00405987210606278,"TIMM8B"
"ENSG00000150779","patient5","XGBoost_SHAP","all",0.00605411666202566,"TIMM8B"
"ENSG00000150938","patient2","XGBoost_SHAP","all",0.00185855606393913,"CRIM1"
"ENSG00000150938","patient5","XGBoost_SHAP","all",0.00139933723743158,"CRIM1"
"ENSG00000150938","patient3","XGBoost_SHAP","all",0.00182514451290507,"CRIM1"
"ENSG00000150938","patient4","XGBoost_SHAP","all",0.00143237121118423,"CRIM1"
"ENSG00000150938","patient6","XGBoost_SHAP","all",0.00254667408340786,"CRIM1"
"ENSG00000150938","patient1","XGBoost_SHAP","all",0.0019259321419789,"CRIM1"
"ENSG00000150977","patient4","XGBoost_SHAP","all",0.0023694712295886,"RILPL2"
"ENSG00000150977","patient3","XGBoost_SHAP","all",0.0018752813062444,"RILPL2"
"ENSG00000150977","patient1","XGBoost_SHAP","all",0.000812828331709203,"RILPL2"
"ENSG00000150977","patient2","XGBoost_SHAP","all",0.00371866798905525,"RILPL2"
"ENSG00000150977","patient5","XGBoost_SHAP","all",0.00281815916809314,"RILPL2"
"ENSG00000150977","patient6","XGBoost_SHAP","all",0.00261017977780894,"RILPL2"
"ENSG00000151327","patient4","XGBoost_SHAP","all",0.00279958291734878,"FAM177A1"
"ENSG00000151327","patient6","XGBoost_SHAP","all",0.00134802304873605,"FAM177A1"
"ENSG00000151327","patient5","XGBoost_SHAP","all",0.00219143580117934,"FAM177A1"
"ENSG00000151327","patient3","XGBoost_SHAP","all",0.000975197909602994,"FAM177A1"
"ENSG00000151327","patient1","XGBoost_SHAP","all",0.00223956315556136,"FAM177A1"
"ENSG00000151327","patient2","XGBoost_SHAP","all",0.00194733517474014,"FAM177A1"
"ENSG00000151461","patient5","XGBoost_SHAP","all",0.00132693721534937,"UPF2"
"ENSG00000151461","patient1","XGBoost_SHAP","all",0.00158947815877884,"UPF2"
"ENSG00000151461","patient2","XGBoost_SHAP","all",0.00158473469126933,"UPF2"
"ENSG00000151461","patient4","XGBoost_SHAP","all",0.00148166127774797,"UPF2"
"ENSG00000151461","patient6","XGBoost_SHAP","all",0.00169216495598666,"UPF2"
"ENSG00000151461","patient3","XGBoost_SHAP","all",0.00127604791705684,"UPF2"
"ENSG00000151468","patient4","XGBoost_SHAP","all",0.00527175169915233,"CCDC3"
"ENSG00000151468","patient1","XGBoost_SHAP","all",0.00301456082328204,"CCDC3"
"ENSG00000151468","patient5","XGBoost_SHAP","all",0.00795414786127858,"CCDC3"
"ENSG00000151468","patient2","XGBoost_SHAP","all",0.00726224668275481,"CCDC3"
"ENSG00000151468","patient6","XGBoost_SHAP","all",0.00576936132479518,"CCDC3"
"ENSG00000151468","patient3","XGBoost_SHAP","all",0.00633791237924513,"CCDC3"
"ENSG00000151491","patient5","XGBoost_SHAP","all",0.0249598585579019,"EPS8"
"ENSG00000151491","patient4","XGBoost_SHAP","all",0.0217950150145889,"EPS8"
"ENSG00000151491","patient6","XGBoost_SHAP","all",0.0223425828101946,"EPS8"
"ENSG00000151491","patient2","XGBoost_SHAP","all",0.0303682148597018,"EPS8"
"ENSG00000151491","patient3","XGBoost_SHAP","all",0.0298430320382535,"EPS8"
"ENSG00000151491","patient1","XGBoost_SHAP","all",0.0302654726400295,"EPS8"
"ENSG00000151632","patient3","XGBoost_SHAP","all",0.00672482374274932,"AKR1C2"
"ENSG00000151632","patient4","XGBoost_SHAP","all",0.0105258842022115,"AKR1C2"
"ENSG00000151632","patient5","XGBoost_SHAP","all",0.0102275041894713,"AKR1C2"
"ENSG00000151632","patient2","XGBoost_SHAP","all",0.00568128746784716,"AKR1C2"
"ENSG00000151726","patient4","XGBoost_SHAP","all",0.00523859214554742,"ACSL1"
"ENSG00000151729","patient4","XGBoost_SHAP","all",0.0148632129870738,"SLC25A4"
"ENSG00000151729","patient6","XGBoost_SHAP","all",0.00900304014894177,"SLC25A4"
"ENSG00000151729","patient2","XGBoost_SHAP","all",0.0101394438144514,"SLC25A4"
"ENSG00000151729","patient5","XGBoost_SHAP","all",0.0117429468891014,"SLC25A4"
"ENSG00000151729","patient3","XGBoost_SHAP","all",0.00897010262948176,"SLC25A4"
"ENSG00000151729","patient1","XGBoost_SHAP","all",0.00725447547327105,"SLC25A4"
"ENSG00000151789","patient4","XGBoost_SHAP","all",0.00416971340304874,"ZNF385D"
"ENSG00000151789","patient5","XGBoost_SHAP","all",0.00361458486060543,"ZNF385D"
"ENSG00000151789","patient2","XGBoost_SHAP","all",0.00576020104372379,"ZNF385D"
"ENSG00000151789","patient6","XGBoost_SHAP","all",0.00332766518644584,"ZNF385D"
"ENSG00000151789","patient1","XGBoost_SHAP","all",0.00301179704136415,"ZNF385D"
"ENSG00000151789","patient3","XGBoost_SHAP","all",0.0026096098227705,"ZNF385D"
"ENSG00000151914","patient5","XGBoost_SHAP","all",0.00273807626107367,"DST"
"ENSG00000151914","patient3","XGBoost_SHAP","all",0.00203825967062584,"DST"
"ENSG00000151914","patient4","XGBoost_SHAP","all",0.00231792024222155,"DST"
"ENSG00000151914","patient6","XGBoost_SHAP","all",0.00257999428022833,"DST"
"ENSG00000151914","patient1","XGBoost_SHAP","all",0.00224006659849814,"DST"
"ENSG00000151914","patient2","XGBoost_SHAP","all",0.00192901705713848,"DST"
"ENSG00000151923","patient2","XGBoost_SHAP","all",0.002475866488754,"TIAL1"
"ENSG00000151923","patient1","XGBoost_SHAP","all",0.00152081135238892,"TIAL1"
"ENSG00000151923","patient3","XGBoost_SHAP","all",0.00251405141037931,"TIAL1"
"ENSG00000151923","patient6","XGBoost_SHAP","all",0.00559483173402501,"TIAL1"
"ENSG00000151923","patient5","XGBoost_SHAP","all",0.00343076029701479,"TIAL1"
"ENSG00000152234","patient6","XGBoost_SHAP","all",0.000894598155837434,"ATP5F1A"
"ENSG00000152234","patient2","XGBoost_SHAP","all",0.00153944018450497,"ATP5F1A"
"ENSG00000152234","patient1","XGBoost_SHAP","all",0.00346732448845191,"ATP5F1A"
"ENSG00000152291","patient3","XGBoost_SHAP","all",0.00339893629741293,"TGOLN2"
"ENSG00000152291","patient5","XGBoost_SHAP","all",0.00261673838539654,"TGOLN2"
"ENSG00000152291","patient4","XGBoost_SHAP","all",0.00415930551848998,"TGOLN2"
"ENSG00000152291","patient6","XGBoost_SHAP","all",0.00206764946542171,"TGOLN2"
"ENSG00000152291","patient2","XGBoost_SHAP","all",0.000950906339929719,"TGOLN2"
"ENSG00000152291","patient1","XGBoost_SHAP","all",0.00121844952981457,"TGOLN2"
"ENSG00000152404","patient5","XGBoost_SHAP","all",0.00296066525575218,"CWF19L2"
"ENSG00000152404","patient4","XGBoost_SHAP","all",0.00304646676072666,"CWF19L2"
"ENSG00000152404","patient2","XGBoost_SHAP","all",0.00139339890001128,"CWF19L2"
"ENSG00000152404","patient6","XGBoost_SHAP","all",0.000484477963659331,"CWF19L2"
"ENSG00000152404","patient1","XGBoost_SHAP","all",0.0011990785680704,"CWF19L2"
"ENSG00000152404","patient3","XGBoost_SHAP","all",0.000801628406816523,"CWF19L2"
"ENSG00000152492","patient5","XGBoost_SHAP","all",0.00311032542302558,"CCDC50"
"ENSG00000152492","patient2","XGBoost_SHAP","all",0.00238077499952878,"CCDC50"
"ENSG00000152492","patient4","XGBoost_SHAP","all",0.00264744067320392,"CCDC50"
"ENSG00000152492","patient3","XGBoost_SHAP","all",0.000931886621414385,"CCDC50"
"ENSG00000152492","patient1","XGBoost_SHAP","all",0.00273632539271238,"CCDC50"
"ENSG00000152492","patient6","XGBoost_SHAP","all",0.00222541110170012,"CCDC50"
"ENSG00000152518","patient6","XGBoost_SHAP","all",0.0293001421351778,"ZFP36L2"
"ENSG00000152518","patient4","XGBoost_SHAP","all",0.0303317801028743,"ZFP36L2"
"ENSG00000152518","patient2","XGBoost_SHAP","all",0.0295570823957882,"ZFP36L2"
"ENSG00000152518","patient3","XGBoost_SHAP","all",0.0312105789176287,"ZFP36L2"
"ENSG00000152518","patient5","XGBoost_SHAP","all",0.0289103494170272,"ZFP36L2"
"ENSG00000152518","patient1","XGBoost_SHAP","all",0.0219852178378175,"ZFP36L2"
"ENSG00000152558","patient1","XGBoost_SHAP","all",0.00127197228753475,"TMEM123"
"ENSG00000152558","patient3","XGBoost_SHAP","all",0.00185071404885098,"TMEM123"
"ENSG00000152558","patient5","XGBoost_SHAP","all",0.00162873045845117,"TMEM123"
"ENSG00000152558","patient6","XGBoost_SHAP","all",0.00310332157261656,"TMEM123"
"ENSG00000152558","patient2","XGBoost_SHAP","all",0.00140175766556019,"TMEM123"
"ENSG00000152558","patient4","XGBoost_SHAP","all",0.00164159046954776,"TMEM123"
"ENSG00000152583","patient1","XGBoost_SHAP","all",0.102472276398133,"SPARCL1"
"ENSG00000152583","patient5","XGBoost_SHAP","all",0.0758640277428161,"SPARCL1"
"ENSG00000152583","patient2","XGBoost_SHAP","all",0.103896142873405,"SPARCL1"
"ENSG00000152583","patient3","XGBoost_SHAP","all",0.119611581658296,"SPARCL1"
"ENSG00000152583","patient4","XGBoost_SHAP","all",0.139567278405941,"SPARCL1"
"ENSG00000152583","patient6","XGBoost_SHAP","all",0.115709415384431,"SPARCL1"
"ENSG00000152661","patient3","XGBoost_SHAP","all",0.0131725488991092,"GJA1"
"ENSG00000152661","patient5","XGBoost_SHAP","all",0.00277094315889308,"GJA1"
"ENSG00000152661","patient1","XGBoost_SHAP","all",0.00706009245726312,"GJA1"
"ENSG00000152661","patient4","XGBoost_SHAP","all",0.00728004207658743,"GJA1"
"ENSG00000152661","patient2","XGBoost_SHAP","all",0.00996377938455915,"GJA1"
"ENSG00000152661","patient6","XGBoost_SHAP","all",0.00314391443700455,"GJA1"
"ENSG00000152818","patient2","XGBoost_SHAP","all",0.0072300679714132,"UTRN"
"ENSG00000152818","patient6","XGBoost_SHAP","all",0.00319826267594309,"UTRN"
"ENSG00000152818","patient4","XGBoost_SHAP","all",0.00165329842163673,"UTRN"
"ENSG00000152818","patient3","XGBoost_SHAP","all",0.00348910370808301,"UTRN"
"ENSG00000152818","patient5","XGBoost_SHAP","all",0.00125034071308497,"UTRN"
"ENSG00000152818","patient1","XGBoost_SHAP","all",0.00522121174778513,"UTRN"
"ENSG00000153006","patient2","XGBoost_SHAP","all",0.000554357313441861,"SREK1IP1"
"ENSG00000153006","patient3","XGBoost_SHAP","all",0.0014679844971195,"SREK1IP1"
"ENSG00000153006","patient6","XGBoost_SHAP","all",0.00160964425423975,"SREK1IP1"
"ENSG00000153006","patient5","XGBoost_SHAP","all",0.00262852232626451,"SREK1IP1"
"ENSG00000153006","patient1","XGBoost_SHAP","all",0.00191442507949494,"SREK1IP1"
"ENSG00000153006","patient4","XGBoost_SHAP","all",0.000799591572126986,"SREK1IP1"
"ENSG00000153037","patient6","XGBoost_SHAP","all",0.00187109724265001,"SRP19"
"ENSG00000153037","patient3","XGBoost_SHAP","all",0.00130601086716888,"SRP19"
"ENSG00000153037","patient5","XGBoost_SHAP","all",0.000323345708491154,"SRP19"
"ENSG00000153037","patient4","XGBoost_SHAP","all",0.00110045346951906,"SRP19"
"ENSG00000153037","patient2","XGBoost_SHAP","all",0.000519618816586433,"SRP19"
"ENSG00000153048","patient1","XGBoost_SHAP","all",0.00169008219094699,"CARHSP1"
"ENSG00000153048","patient5","XGBoost_SHAP","all",0.00144833559561268,"CARHSP1"
"ENSG00000153048","patient4","XGBoost_SHAP","all",0.00254047000180854,"CARHSP1"
"ENSG00000153048","patient3","XGBoost_SHAP","all",0.00302853870651655,"CARHSP1"
"ENSG00000153048","patient6","XGBoost_SHAP","all",0.00205879493376245,"CARHSP1"
"ENSG00000153048","patient2","XGBoost_SHAP","all",0.00233298256345122,"CARHSP1"
"ENSG00000153071","patient1","XGBoost_SHAP","all",0.0381777887781852,"DAB2"
"ENSG00000153071","patient4","XGBoost_SHAP","all",0.0282207426441113,"DAB2"
"ENSG00000153071","patient6","XGBoost_SHAP","all",0.039316353090074,"DAB2"
"ENSG00000153071","patient3","XGBoost_SHAP","all",0.0301220108124893,"DAB2"
"ENSG00000153071","patient5","XGBoost_SHAP","all",0.0177053348923479,"DAB2"
"ENSG00000153071","patient2","XGBoost_SHAP","all",0.0346387668299765,"DAB2"
"ENSG00000153130","patient2","XGBoost_SHAP","all",0.00136320702483834,"SCOC"
"ENSG00000153130","patient6","XGBoost_SHAP","all",0.00231622281544997,"SCOC"
"ENSG00000153130","patient4","XGBoost_SHAP","all",0.000595120206049304,"SCOC"
"ENSG00000153130","patient1","XGBoost_SHAP","all",0.000937504083860099,"SCOC"
"ENSG00000153130","patient3","XGBoost_SHAP","all",0.000960395123497024,"SCOC"
"ENSG00000153130","patient5","XGBoost_SHAP","all",0.00236425043118172,"SCOC"
"ENSG00000153147","patient2","XGBoost_SHAP","all",0.00863749987354312,"SMARCA5"
"ENSG00000153147","patient3","XGBoost_SHAP","all",0.0041557850453876,"SMARCA5"
"ENSG00000153147","patient1","XGBoost_SHAP","all",0.00168757899766871,"SMARCA5"
"ENSG00000153147","patient6","XGBoost_SHAP","all",0.00529414018543794,"SMARCA5"
"ENSG00000153147","patient4","XGBoost_SHAP","all",0.00721262187498033,"SMARCA5"
"ENSG00000153147","patient5","XGBoost_SHAP","all",0.00351977884645879,"SMARCA5"
"ENSG00000153179","patient1","XGBoost_SHAP","all",0.0168333462645773,"RASSF3"
"ENSG00000153179","patient6","XGBoost_SHAP","all",0.00928132757544823,"RASSF3"
"ENSG00000153179","patient2","XGBoost_SHAP","all",0.0108209815868234,"RASSF3"
"ENSG00000153179","patient3","XGBoost_SHAP","all",0.00825841504719692,"RASSF3"
"ENSG00000153187","patient6","XGBoost_SHAP","all",0.00176423500800055,"HNRNPU"
"ENSG00000153187","patient1","XGBoost_SHAP","all",0.00120699051789964,"HNRNPU"
"ENSG00000153187","patient5","XGBoost_SHAP","all",0.00130509357219999,"HNRNPU"
"ENSG00000153187","patient2","XGBoost_SHAP","all",0.00220128871021248,"HNRNPU"
"ENSG00000153187","patient3","XGBoost_SHAP","all",0.00232955966364672,"HNRNPU"
"ENSG00000153234","patient5","XGBoost_SHAP","all",0.0149993148514099,"NR4A2"
"ENSG00000153234","patient3","XGBoost_SHAP","all",0.0325342326998825,"NR4A2"
"ENSG00000153234","patient1","XGBoost_SHAP","all",0.0279282775640463,"NR4A2"
"ENSG00000153250","patient6","XGBoost_SHAP","all",0.0092949829629655,"RBMS1"
"ENSG00000153250","patient1","XGBoost_SHAP","all",0.0167733884072777,"RBMS1"
"ENSG00000153250","patient5","XGBoost_SHAP","all",0.00811712168396507,"RBMS1"
"ENSG00000153250","patient2","XGBoost_SHAP","all",0.00499941865464528,"RBMS1"
"ENSG00000153250","patient3","XGBoost_SHAP","all",0.00667142489193081,"RBMS1"
"ENSG00000153250","patient4","XGBoost_SHAP","all",0.00722944117448795,"RBMS1"
"ENSG00000153310","patient5","XGBoost_SHAP","all",0.0102772581488064,"CYRIB"
"ENSG00000153310","patient4","XGBoost_SHAP","all",0.0171782143548887,"CYRIB"
"ENSG00000153310","patient6","XGBoost_SHAP","all",0.0191113577972744,"CYRIB"
"ENSG00000153310","patient3","XGBoost_SHAP","all",0.0100959980500745,"CYRIB"
"ENSG00000153310","patient2","XGBoost_SHAP","all",0.0210710672861508,"CYRIB"
"ENSG00000153310","patient1","XGBoost_SHAP","all",0.0109366424481801,"CYRIB"
"ENSG00000153317","patient2","XGBoost_SHAP","all",0.00586043246116612,"ASAP1"
"ENSG00000153317","patient3","XGBoost_SHAP","all",0.00275098020297939,"ASAP1"
"ENSG00000153317","patient1","XGBoost_SHAP","all",0.00625489790871863,"ASAP1"
"ENSG00000153317","patient6","XGBoost_SHAP","all",0.00612470295470156,"ASAP1"
"ENSG00000153317","patient4","XGBoost_SHAP","all",0.00536620893173603,"ASAP1"
"ENSG00000153774","patient6","XGBoost_SHAP","all",0.00165577689321072,"CFDP1"
"ENSG00000153774","patient3","XGBoost_SHAP","all",0.00351121072128443,"CFDP1"
"ENSG00000153774","patient2","XGBoost_SHAP","all",0.00183336644696092,"CFDP1"
"ENSG00000153774","patient4","XGBoost_SHAP","all",0.0026953757850801,"CFDP1"
"ENSG00000153774","patient1","XGBoost_SHAP","all",0.000895209402241277,"CFDP1"
"ENSG00000153774","patient5","XGBoost_SHAP","all",0.00151697339244009,"CFDP1"
"ENSG00000153823","patient4","XGBoost_SHAP","all",0.0325330705170511,"PID1"
"ENSG00000153823","patient1","XGBoost_SHAP","all",0.02180180817602,"PID1"
"ENSG00000153823","patient3","XGBoost_SHAP","all",0.0203164822034035,"PID1"
"ENSG00000153823","patient6","XGBoost_SHAP","all",0.0215249644184468,"PID1"
"ENSG00000153823","patient5","XGBoost_SHAP","all",0.0300718011294595,"PID1"
"ENSG00000153823","patient2","XGBoost_SHAP","all",0.016277994698648,"PID1"
"ENSG00000153827","patient1","XGBoost_SHAP","all",0.00293256964731944,"TRIP12"
"ENSG00000153827","patient2","XGBoost_SHAP","all",0.00235173784802036,"TRIP12"
"ENSG00000153827","patient4","XGBoost_SHAP","all",0.00323909889058027,"TRIP12"
"ENSG00000153827","patient3","XGBoost_SHAP","all",0.0020902719534364,"TRIP12"
"ENSG00000153914","patient6","XGBoost_SHAP","all",0.000738360039049128,"SREK1"
"ENSG00000153914","patient1","XGBoost_SHAP","all",0.000670054207613568,"SREK1"
"ENSG00000153914","patient2","XGBoost_SHAP","all",0.000390658162366135,"SREK1"
"ENSG00000153914","patient5","XGBoost_SHAP","all",0.00120338858151989,"SREK1"
"ENSG00000153914","patient3","XGBoost_SHAP","all",0.000875871975179538,"SREK1"
"ENSG00000153914","patient4","XGBoost_SHAP","all",0.00124074327296997,"SREK1"
"ENSG00000154096","patient1","XGBoost_SHAP","all",0.0132281239456629,"THY1"
"ENSG00000154096","patient3","XGBoost_SHAP","all",0.0191465755378372,"THY1"
"ENSG00000154096","patient2","XGBoost_SHAP","all",0.0239812096866685,"THY1"
"ENSG00000154096","patient5","XGBoost_SHAP","all",0.0226305721092311,"THY1"
"ENSG00000154096","patient6","XGBoost_SHAP","all",0.0217514420020088,"THY1"
"ENSG00000154096","patient4","XGBoost_SHAP","all",0.0146670769675582,"THY1"
"ENSG00000154146","patient5","XGBoost_SHAP","all",0.00346846304205614,"NRGN"
"ENSG00000154146","patient4","XGBoost_SHAP","all",0.00716488751213685,"NRGN"
"ENSG00000154146","patient2","XGBoost_SHAP","all",0.00737886538179831,"NRGN"
"ENSG00000154146","patient6","XGBoost_SHAP","all",0.00928622712028402,"NRGN"
"ENSG00000154175","patient2","XGBoost_SHAP","all",0.00827033123783135,"ABI3BP"
"ENSG00000154175","patient6","XGBoost_SHAP","all",0.00321550254917219,"ABI3BP"
"ENSG00000154175","patient3","XGBoost_SHAP","all",0.00491564750860569,"ABI3BP"
"ENSG00000154175","patient4","XGBoost_SHAP","all",0.0109609401980899,"ABI3BP"
"ENSG00000154175","patient1","XGBoost_SHAP","all",0.00749080140639704,"ABI3BP"
"ENSG00000154175","patient5","XGBoost_SHAP","all",0.00428797475915785,"ABI3BP"
"ENSG00000154188","patient6","XGBoost_SHAP","all",0.00302504245098806,"ANGPT1"
"ENSG00000154188","patient3","XGBoost_SHAP","all",0.00714032267203787,"ANGPT1"
"ENSG00000154188","patient5","XGBoost_SHAP","all",0.00607869468529056,"ANGPT1"
"ENSG00000154188","patient4","XGBoost_SHAP","all",0.0042361707934664,"ANGPT1"
"ENSG00000154188","patient2","XGBoost_SHAP","all",0.00536796840239725,"ANGPT1"
"ENSG00000154188","patient1","XGBoost_SHAP","all",0.00382439795231884,"ANGPT1"
"ENSG00000154305","patient4","XGBoost_SHAP","all",0.00155060882187051,"MIA3"
"ENSG00000154305","patient2","XGBoost_SHAP","all",0.00137354014481991,"MIA3"
"ENSG00000154305","patient1","XGBoost_SHAP","all",0.00354728812698408,"MIA3"
"ENSG00000154305","patient6","XGBoost_SHAP","all",0.00292266333032721,"MIA3"
"ENSG00000154305","patient5","XGBoost_SHAP","all",0.00127755940148075,"MIA3"
"ENSG00000154305","patient3","XGBoost_SHAP","all",0.000843184891364232,"MIA3"
"ENSG00000154380","patient3","XGBoost_SHAP","all",0.0119181706691866,"ENAH"
"ENSG00000154380","patient2","XGBoost_SHAP","all",0.0133792575744642,"ENAH"
"ENSG00000154380","patient4","XGBoost_SHAP","all",0.0156658430639995,"ENAH"
"ENSG00000154380","patient6","XGBoost_SHAP","all",0.0110342069568845,"ENAH"
"ENSG00000154380","patient5","XGBoost_SHAP","all",0.0121856738973272,"ENAH"
"ENSG00000154380","patient1","XGBoost_SHAP","all",0.0145919859218974,"ENAH"
"ENSG00000154553","patient1","XGBoost_SHAP","all",0.0104883972776517,"PDLIM3"
"ENSG00000154553","patient5","XGBoost_SHAP","all",0.0177146123242849,"PDLIM3"
"ENSG00000154553","patient2","XGBoost_SHAP","all",0.0145281956875021,"PDLIM3"
"ENSG00000154553","patient4","XGBoost_SHAP","all",0.00939304939890406,"PDLIM3"
"ENSG00000154553","patient6","XGBoost_SHAP","all",0.0120672035365221,"PDLIM3"
"ENSG00000154553","patient3","XGBoost_SHAP","all",0.0199921692642605,"PDLIM3"
"ENSG00000154556","patient5","XGBoost_SHAP","all",0.00442246428225578,"SORBS2"
"ENSG00000154556","patient1","XGBoost_SHAP","all",0.0111407011474686,"SORBS2"
"ENSG00000154556","patient3","XGBoost_SHAP","all",0.0122857846911355,"SORBS2"
"ENSG00000154556","patient2","XGBoost_SHAP","all",0.0095411926531523,"SORBS2"
"ENSG00000154556","patient6","XGBoost_SHAP","all",0.0100741383419565,"SORBS2"
"ENSG00000154556","patient4","XGBoost_SHAP","all",0.0123125453029314,"SORBS2"
"ENSG00000154582","patient6","XGBoost_SHAP","all",0.00178152045544135,"ELOC"
"ENSG00000154582","patient5","XGBoost_SHAP","all",0.00119983613667077,"ELOC"
"ENSG00000154582","patient2","XGBoost_SHAP","all",0.00237572456811474,"ELOC"
"ENSG00000154582","patient4","XGBoost_SHAP","all",0.00508330405434874,"ELOC"
"ENSG00000154582","patient3","XGBoost_SHAP","all",0.00107419752702709,"ELOC"
"ENSG00000154582","patient1","XGBoost_SHAP","all",0.00194951883320262,"ELOC"
"ENSG00000154589","patient6","XGBoost_SHAP","all",0.00300097838789228,"LY96"
"ENSG00000154589","patient2","XGBoost_SHAP","all",0.00338816850193085,"LY96"
"ENSG00000154589","patient5","XGBoost_SHAP","all",0.00175004456949477,"LY96"
"ENSG00000154589","patient1","XGBoost_SHAP","all",0.00176064505989843,"LY96"
"ENSG00000154589","patient3","XGBoost_SHAP","all",0.00305578145888035,"LY96"
"ENSG00000154589","patient4","XGBoost_SHAP","all",0.00257962319076243,"LY96"
"ENSG00000154734","patient6","XGBoost_SHAP","all",0.0234821622830011,"ADAMTS1"
"ENSG00000154734","patient3","XGBoost_SHAP","all",0.0348715766031287,"ADAMTS1"
"ENSG00000154734","patient2","XGBoost_SHAP","all",0.0341157200183351,"ADAMTS1"
"ENSG00000154734","patient5","XGBoost_SHAP","all",0.0493238645759103,"ADAMTS1"
"ENSG00000154734","patient1","XGBoost_SHAP","all",0.0294397892564527,"ADAMTS1"
"ENSG00000154734","patient4","XGBoost_SHAP","all",0.038180781026757,"ADAMTS1"
"ENSG00000155090","patient1","XGBoost_SHAP","all",0.00041318952145667,"KLF10"
"ENSG00000155090","patient5","XGBoost_SHAP","all",0.00205343378362224,"KLF10"
"ENSG00000155090","patient6","XGBoost_SHAP","all",0.00170481098202677,"KLF10"
"ENSG00000155090","patient4","XGBoost_SHAP","all",0.00141759608153489,"KLF10"
"ENSG00000155090","patient2","XGBoost_SHAP","all",0.00141726582538467,"KLF10"
"ENSG00000155090","patient3","XGBoost_SHAP","all",0.00199193924586444,"KLF10"
"ENSG00000155115","patient6","XGBoost_SHAP","all",0.00204218058205159,"GTF3C6"
"ENSG00000155115","patient3","XGBoost_SHAP","all",0.00129462320830625,"GTF3C6"
"ENSG00000155115","patient1","XGBoost_SHAP","all",0.00124116161628989,"GTF3C6"
"ENSG00000155115","patient2","XGBoost_SHAP","all",0.000957142721333535,"GTF3C6"
"ENSG00000155115","patient4","XGBoost_SHAP","all",0.00144683817276444,"GTF3C6"
"ENSG00000155115","patient5","XGBoost_SHAP","all",0.00145615584053667,"GTF3C6"
"ENSG00000155368","patient4","XGBoost_SHAP","all",0.00628147177524923,"DBI"
"ENSG00000155368","patient6","XGBoost_SHAP","all",0.0033621808067328,"DBI"
"ENSG00000155368","patient1","XGBoost_SHAP","all",0.0039853903095016,"DBI"
"ENSG00000155368","patient2","XGBoost_SHAP","all",0.00276194880526647,"DBI"
"ENSG00000155368","patient3","XGBoost_SHAP","all",0.00406539625210138,"DBI"
"ENSG00000155368","patient5","XGBoost_SHAP","all",0.00331387235129414,"DBI"
"ENSG00000155438","patient4","XGBoost_SHAP","all",0.000314790931539995,"NIFK"
"ENSG00000155438","patient2","XGBoost_SHAP","all",0.00123687124791952,"NIFK"
"ENSG00000155438","patient5","XGBoost_SHAP","all",0.00263481284241004,"NIFK"
"ENSG00000155438","patient6","XGBoost_SHAP","all",0.00108285514761334,"NIFK"
"ENSG00000155438","patient3","XGBoost_SHAP","all",0.00103339247252005,"NIFK"
"ENSG00000155438","patient1","XGBoost_SHAP","all",0.00246279832456886,"NIFK"
"ENSG00000155659","patient3","XGBoost_SHAP","all",0.00290618155599801,"VSIG4"
"ENSG00000155659","patient5","XGBoost_SHAP","all",0.00592886006278201,"VSIG4"
"ENSG00000155659","patient6","XGBoost_SHAP","all",0.0040895428706374,"VSIG4"
"ENSG00000155659","patient2","XGBoost_SHAP","all",0.00594743527779237,"VSIG4"
"ENSG00000155659","patient4","XGBoost_SHAP","all",0.000942874474047718,"VSIG4"
"ENSG00000155659","patient1","XGBoost_SHAP","all",0.00279545021444395,"VSIG4"
"ENSG00000155660","patient3","XGBoost_SHAP","all",0.00353809943879815,"PDIA4"
"ENSG00000155660","patient4","XGBoost_SHAP","all",0.00076703508390891,"PDIA4"
"ENSG00000155660","patient2","XGBoost_SHAP","all",0.00258323234476417,"PDIA4"
"ENSG00000155660","patient6","XGBoost_SHAP","all",0.00106955235471956,"PDIA4"
"ENSG00000155660","patient5","XGBoost_SHAP","all",0.00208735860242998,"PDIA4"
"ENSG00000155876","patient3","XGBoost_SHAP","all",0.00138888713569336,"RRAGA"
"ENSG00000155876","patient4","XGBoost_SHAP","all",0.00125897921857541,"RRAGA"
"ENSG00000155876","patient6","XGBoost_SHAP","all",0.00166555433919463,"RRAGA"
"ENSG00000155876","patient1","XGBoost_SHAP","all",0.00148674454106246,"RRAGA"
"ENSG00000155876","patient5","XGBoost_SHAP","all",0.00164597181299271,"RRAGA"
"ENSG00000155876","patient2","XGBoost_SHAP","all",0.00275845909458316,"RRAGA"
"ENSG00000156052","patient3","XGBoost_SHAP","all",0.00290793790932613,"GNAQ"
"ENSG00000156052","patient4","XGBoost_SHAP","all",0.00237908130668437,"GNAQ"
"ENSG00000156052","patient2","XGBoost_SHAP","all",0.00520843005645891,"GNAQ"
"ENSG00000156052","patient6","XGBoost_SHAP","all",0.00235339150263219,"GNAQ"
"ENSG00000156052","patient5","XGBoost_SHAP","all",0.00366683733970054,"GNAQ"
"ENSG00000156052","patient1","XGBoost_SHAP","all",0.00354856137458944,"GNAQ"
"ENSG00000156113","patient5","XGBoost_SHAP","all",0.00195566612930733,"KCNMA1"
"ENSG00000156113","patient1","XGBoost_SHAP","all",0.00216796842778792,"KCNMA1"
"ENSG00000156113","patient3","XGBoost_SHAP","all",0.00155716270322405,"KCNMA1"
"ENSG00000156113","patient4","XGBoost_SHAP","all",0.00162238728050217,"KCNMA1"
"ENSG00000156113","patient6","XGBoost_SHAP","all",0.000959221265934215,"KCNMA1"
"ENSG00000156113","patient2","XGBoost_SHAP","all",0.000261331427012314,"KCNMA1"
"ENSG00000156256","patient5","XGBoost_SHAP","all",0.0037421826613955,"USP16"
"ENSG00000156256","patient4","XGBoost_SHAP","all",0.00242114813551842,"USP16"
"ENSG00000156256","patient6","XGBoost_SHAP","all",0.00297594187006569,"USP16"
"ENSG00000156256","patient1","XGBoost_SHAP","all",0.005724055575555,"USP16"
"ENSG00000156256","patient2","XGBoost_SHAP","all",0.00203874964285809,"USP16"
"ENSG00000156256","patient3","XGBoost_SHAP","all",0.00196974350062138,"USP16"
"ENSG00000156261","patient4","XGBoost_SHAP","all",0.00407620761406242,"CCT8"
"ENSG00000156261","patient6","XGBoost_SHAP","all",0.00248572927353351,"CCT8"
"ENSG00000156261","patient5","XGBoost_SHAP","all",0.00188953248638426,"CCT8"
"ENSG00000156261","patient3","XGBoost_SHAP","all",0.00348460221297327,"CCT8"
"ENSG00000156261","patient2","XGBoost_SHAP","all",0.00106961174740765,"CCT8"
"ENSG00000156261","patient1","XGBoost_SHAP","all",0.00274198243376117,"CCT8"
"ENSG00000156298","patient4","XGBoost_SHAP","all",0.015015676516605,"TSPAN7"
"ENSG00000156642","patient5","XGBoost_SHAP","all",0.00417681108763131,"NPTN"
"ENSG00000156642","patient4","XGBoost_SHAP","all",0.00877877279476548,"NPTN"
"ENSG00000156642","patient6","XGBoost_SHAP","all",0.00438789303987023,"NPTN"
"ENSG00000156642","patient3","XGBoost_SHAP","all",0.00473436230631824,"NPTN"
"ENSG00000156642","patient1","XGBoost_SHAP","all",0.00843288050647724,"NPTN"
"ENSG00000156642","patient2","XGBoost_SHAP","all",0.00319368517153644,"NPTN"
"ENSG00000156804","patient2","XGBoost_SHAP","all",0.00652051486941951,"FBXO32"
"ENSG00000156804","patient3","XGBoost_SHAP","all",0.00188773548874392,"FBXO32"
"ENSG00000156804","patient1","XGBoost_SHAP","all",0.00259228576191282,"FBXO32"
"ENSG00000156804","patient5","XGBoost_SHAP","all",0.00421925713228372,"FBXO32"
"ENSG00000156804","patient4","XGBoost_SHAP","all",0.00253083104462738,"FBXO32"
"ENSG00000156804","patient6","XGBoost_SHAP","all",0.00575596032229797,"FBXO32"
"ENSG00000157107","patient4","XGBoost_SHAP","all",0.00244405108593849,"FCHO2"
"ENSG00000157107","patient3","XGBoost_SHAP","all",0.00181435168269005,"FCHO2"
"ENSG00000157107","patient1","XGBoost_SHAP","all",0.000960459604203908,"FCHO2"
"ENSG00000157107","patient2","XGBoost_SHAP","all",0.000330519892483307,"FCHO2"
"ENSG00000157107","patient5","XGBoost_SHAP","all",0.00155530532239697,"FCHO2"
"ENSG00000157107","patient6","XGBoost_SHAP","all",0.00144895253749137,"FCHO2"
"ENSG00000157110","patient3","XGBoost_SHAP","all",0.0127756507063229,"RBPMS"
"ENSG00000157110","patient5","XGBoost_SHAP","all",0.00753434071204044,"RBPMS"
"ENSG00000157110","patient2","XGBoost_SHAP","all",0.0142701496631632,"RBPMS"
"ENSG00000157110","patient4","XGBoost_SHAP","all",0.00826583391109774,"RBPMS"
"ENSG00000157110","patient1","XGBoost_SHAP","all",0.0240373246729011,"RBPMS"
"ENSG00000157110","patient6","XGBoost_SHAP","all",0.0139293714855543,"RBPMS"
"ENSG00000157150","patient5","XGBoost_SHAP","all",0.00066716898711033,"TIMP4"
"ENSG00000157150","patient4","XGBoost_SHAP","all",0.000730863382535369,"TIMP4"
"ENSG00000157500","patient5","XGBoost_SHAP","all",0.00121308771931401,"APPL1"
"ENSG00000157500","patient4","XGBoost_SHAP","all",0.000755985137128335,"APPL1"
"ENSG00000157500","patient2","XGBoost_SHAP","all",0.00110422040703572,"APPL1"
"ENSG00000157500","patient3","XGBoost_SHAP","all",0.00103876474506192,"APPL1"
"ENSG00000157500","patient6","XGBoost_SHAP","all",0.0016127716968695,"APPL1"
"ENSG00000157500","patient1","XGBoost_SHAP","all",0.00170477481087497,"APPL1"
"ENSG00000157514","patient6","XGBoost_SHAP","all",0.0130588686614058,"TSC22D3"
"ENSG00000157514","patient2","XGBoost_SHAP","all",0.00811498549380124,"TSC22D3"
"ENSG00000157514","patient5","XGBoost_SHAP","all",0.013212951681858,"TSC22D3"
"ENSG00000157514","patient3","XGBoost_SHAP","all",0.00802612733332167,"TSC22D3"
"ENSG00000157514","patient4","XGBoost_SHAP","all",0.00669480751628217,"TSC22D3"
"ENSG00000157514","patient1","XGBoost_SHAP","all",0.00887446748507256,"TSC22D3"
"ENSG00000157557","patient1","XGBoost_SHAP","all",0.0243677001778895,"ETS2"
"ENSG00000157557","patient6","XGBoost_SHAP","all",0.0334239443505809,"ETS2"
"ENSG00000157557","patient2","XGBoost_SHAP","all",0.0303841742946581,"ETS2"
"ENSG00000157557","patient5","XGBoost_SHAP","all",0.027834905573635,"ETS2"
"ENSG00000157557","patient4","XGBoost_SHAP","all",0.0231122637873163,"ETS2"
"ENSG00000157557","patient3","XGBoost_SHAP","all",0.0213927468372697,"ETS2"
"ENSG00000157916","patient5","XGBoost_SHAP","all",0.00381696081726124,"RER1"
"ENSG00000157916","patient4","XGBoost_SHAP","all",0.0021401532817072,"RER1"
"ENSG00000157916","patient3","XGBoost_SHAP","all",0.00158211242310088,"RER1"
"ENSG00000157916","patient1","XGBoost_SHAP","all",0.00165103462055352,"RER1"
"ENSG00000157916","patient2","XGBoost_SHAP","all",0.00363454711576126,"RER1"
"ENSG00000157916","patient6","XGBoost_SHAP","all",0.00255577682599655,"RER1"
"ENSG00000158417","patient5","XGBoost_SHAP","all",0.00388562926763681,"EIF5B"
"ENSG00000158417","patient3","XGBoost_SHAP","all",0.00395162000003308,"EIF5B"
"ENSG00000158417","patient6","XGBoost_SHAP","all",0.00405434732469208,"EIF5B"
"ENSG00000158417","patient1","XGBoost_SHAP","all",0.0087106673693888,"EIF5B"
"ENSG00000158417","patient4","XGBoost_SHAP","all",0.00170555022380482,"EIF5B"
"ENSG00000158417","patient2","XGBoost_SHAP","all",0.0101086913863508,"EIF5B"
"ENSG00000158604","patient6","XGBoost_SHAP","all",0.00430832763992175,"TMED4"
"ENSG00000158604","patient3","XGBoost_SHAP","all",0.00296122739859249,"TMED4"
"ENSG00000158604","patient1","XGBoost_SHAP","all",0.0031357686790752,"TMED4"
"ENSG00000158604","patient5","XGBoost_SHAP","all",0.00420835631111164,"TMED4"
"ENSG00000158604","patient2","XGBoost_SHAP","all",0.0056900706258573,"TMED4"
"ENSG00000158604","patient4","XGBoost_SHAP","all",0.0044716359557739,"TMED4"
"ENSG00000158716","patient3","XGBoost_SHAP","all",0.00828180076966742,"DUSP23"
"ENSG00000158716","patient2","XGBoost_SHAP","all",0.00772972838971186,"DUSP23"
"ENSG00000158716","patient4","XGBoost_SHAP","all",0.00547209544149879,"DUSP23"
"ENSG00000158716","patient6","XGBoost_SHAP","all",0.00646663521883602,"DUSP23"
"ENSG00000158716","patient1","XGBoost_SHAP","all",0.0109727205864683,"DUSP23"
"ENSG00000158716","patient5","XGBoost_SHAP","all",0.0102861221461066,"DUSP23"
"ENSG00000158747","patient4","XGBoost_SHAP","all",0.00511401398294517,"NBL1"
"ENSG00000158747","patient1","XGBoost_SHAP","all",0.00931716448222921,"NBL1"
"ENSG00000158747","patient3","XGBoost_SHAP","all",0.0141658384124112,"NBL1"
"ENSG00000158747","patient2","XGBoost_SHAP","all",0.00829720901113869,"NBL1"
"ENSG00000158747","patient5","XGBoost_SHAP","all",0.0108802201388048,"NBL1"
"ENSG00000158747","patient6","XGBoost_SHAP","all",0.00460247134996223,"NBL1"
"ENSG00000158864","patient3","XGBoost_SHAP","all",0.00224845083897894,"NDUFS2"
"ENSG00000158864","patient1","XGBoost_SHAP","all",0.00191357674898247,"NDUFS2"
"ENSG00000158864","patient5","XGBoost_SHAP","all",0.00236390226605538,"NDUFS2"
"ENSG00000158864","patient2","XGBoost_SHAP","all",0.00140684422793585,"NDUFS2"
"ENSG00000158864","patient6","XGBoost_SHAP","all",0.0016274414105283,"NDUFS2"
"ENSG00000158864","patient4","XGBoost_SHAP","all",0.00375194300551102,"NDUFS2"
"ENSG00000158869","patient6","XGBoost_SHAP","all",0.053788074060534,"FCER1G"
"ENSG00000158869","patient1","XGBoost_SHAP","all",0.0702609576885115,"FCER1G"
"ENSG00000158869","patient3","XGBoost_SHAP","all",0.0948524220435002,"FCER1G"
"ENSG00000158869","patient5","XGBoost_SHAP","all",0.127803282307946,"FCER1G"
"ENSG00000158869","patient4","XGBoost_SHAP","all",0.0879951741358229,"FCER1G"
"ENSG00000158869","patient2","XGBoost_SHAP","all",0.0809474306151892,"FCER1G"
"ENSG00000159069","patient1","XGBoost_SHAP","all",0.00125049027993372,"FBXW5"
"ENSG00000159069","patient5","XGBoost_SHAP","all",0.00131366563042322,"FBXW5"
"ENSG00000159069","patient6","XGBoost_SHAP","all",0.00150676733868144,"FBXW5"
"ENSG00000159069","patient2","XGBoost_SHAP","all",0.00134604206000588,"FBXW5"
"ENSG00000159069","patient4","XGBoost_SHAP","all",0.00205275240541356,"FBXW5"
"ENSG00000159069","patient3","XGBoost_SHAP","all",0.00226799848522445,"FBXW5"
"ENSG00000159128","patient6","XGBoost_SHAP","all",0.00164668154108538,"IFNGR2"
"ENSG00000159128","patient3","XGBoost_SHAP","all",0.0020230828345684,"IFNGR2"
"ENSG00000159128","patient1","XGBoost_SHAP","all",0.00160391323199172,"IFNGR2"
"ENSG00000159128","patient5","XGBoost_SHAP","all",0.00113418576564362,"IFNGR2"
"ENSG00000159128","patient4","XGBoost_SHAP","all",0.00163167682424683,"IFNGR2"
"ENSG00000159128","patient2","XGBoost_SHAP","all",0.00131002579148481,"IFNGR2"
"ENSG00000159176","patient2","XGBoost_SHAP","all",0.0193449495557345,"CSRP1"
"ENSG00000159176","patient3","XGBoost_SHAP","all",0.0235705821103918,"CSRP1"
"ENSG00000159176","patient6","XGBoost_SHAP","all",0.0241412148787016,"CSRP1"
"ENSG00000159176","patient4","XGBoost_SHAP","all",0.0208926603091809,"CSRP1"
"ENSG00000159176","patient1","XGBoost_SHAP","all",0.0219040745365243,"CSRP1"
"ENSG00000159176","patient5","XGBoost_SHAP","all",0.0211992172165374,"CSRP1"
"ENSG00000159189","patient6","XGBoost_SHAP","all",0.0081463959418651,"C1QC"
"ENSG00000159189","patient2","XGBoost_SHAP","all",0.00946108823188626,"C1QC"
"ENSG00000159189","patient1","XGBoost_SHAP","all",0.0103104779694639,"C1QC"
"ENSG00000159189","patient4","XGBoost_SHAP","all",0.00719232615277617,"C1QC"
"ENSG00000159189","patient3","XGBoost_SHAP","all",0.0085104216320184,"C1QC"
"ENSG00000159189","patient5","XGBoost_SHAP","all",0.00653524468427872,"C1QC"
"ENSG00000159199","patient1","XGBoost_SHAP","all",0.00153933569043935,"ATP5MC1"
"ENSG00000159199","patient2","XGBoost_SHAP","all",0.00111179427615208,"ATP5MC1"
"ENSG00000159199","patient6","XGBoost_SHAP","all",0.00244092621495418,"ATP5MC1"
"ENSG00000159199","patient4","XGBoost_SHAP","all",0.00188364736210314,"ATP5MC1"
"ENSG00000159199","patient3","XGBoost_SHAP","all",0.00241074210685904,"ATP5MC1"
"ENSG00000159199","patient5","XGBoost_SHAP","all",0.00295676499888806,"ATP5MC1"
"ENSG00000159210","patient5","XGBoost_SHAP","all",0.00228002724545514,"SNF8"
"ENSG00000159210","patient1","XGBoost_SHAP","all",0.00275294214886825,"SNF8"
"ENSG00000159210","patient4","XGBoost_SHAP","all",0.0022639816899694,"SNF8"
"ENSG00000159210","patient3","XGBoost_SHAP","all",0.00185821095536326,"SNF8"
"ENSG00000159210","patient6","XGBoost_SHAP","all",0.00271832172707096,"SNF8"
"ENSG00000159210","patient2","XGBoost_SHAP","all",0.00233410994814528,"SNF8"
"ENSG00000159228","patient1","XGBoost_SHAP","all",0.00510570154514067,"CBR1"
"ENSG00000159228","patient5","XGBoost_SHAP","all",0.00454073316024986,"CBR1"
"ENSG00000159228","patient3","XGBoost_SHAP","all",0.00910785908226507,"CBR1"
"ENSG00000159228","patient4","XGBoost_SHAP","all",0.00544525800665831,"CBR1"
"ENSG00000159228","patient2","XGBoost_SHAP","all",0.00775948254712746,"CBR1"
"ENSG00000159228","patient6","XGBoost_SHAP","all",0.0164301760148133,"CBR1"
"ENSG00000159251","patient5","XGBoost_SHAP","all",0.0207267208583319,"ACTC1"
"ENSG00000159251","patient1","XGBoost_SHAP","all",0.0165898610383363,"ACTC1"
"ENSG00000159251","patient3","XGBoost_SHAP","all",0.0198809123427202,"ACTC1"
"ENSG00000159251","patient6","XGBoost_SHAP","all",0.0208402554336731,"ACTC1"
"ENSG00000159251","patient2","XGBoost_SHAP","all",0.0219633635760931,"ACTC1"
"ENSG00000159352","patient1","XGBoost_SHAP","all",0.00605445125075732,"PSMD4"
"ENSG00000159352","patient6","XGBoost_SHAP","all",0.00455844970161957,"PSMD4"
"ENSG00000159352","patient4","XGBoost_SHAP","all",0.00340375164917044,"PSMD4"
"ENSG00000159352","patient3","XGBoost_SHAP","all",0.0049715670467819,"PSMD4"
"ENSG00000159352","patient5","XGBoost_SHAP","all",0.0115084694008239,"PSMD4"
"ENSG00000159352","patient2","XGBoost_SHAP","all",0.00626569654323367,"PSMD4"
"ENSG00000159377","patient6","XGBoost_SHAP","all",0.00152199290745979,"PSMB4"
"ENSG00000159377","patient3","XGBoost_SHAP","all",0.000726764102973291,"PSMB4"
"ENSG00000159377","patient2","XGBoost_SHAP","all",0.00130747856452643,"PSMB4"
"ENSG00000159377","patient1","XGBoost_SHAP","all",0.000822031864427121,"PSMB4"
"ENSG00000159377","patient5","XGBoost_SHAP","all",0.00180834570536954,"PSMB4"
"ENSG00000159377","patient4","XGBoost_SHAP","all",0.000571033351484709,"PSMB4"
"ENSG00000159388","patient2","XGBoost_SHAP","all",0.0108413998222019,"BTG2"
"ENSG00000159388","patient4","XGBoost_SHAP","all",0.0114752592312236,"BTG2"
"ENSG00000159388","patient5","XGBoost_SHAP","all",0.0103845030333782,"BTG2"
"ENSG00000159388","patient3","XGBoost_SHAP","all",0.00800377670133812,"BTG2"
"ENSG00000159388","patient1","XGBoost_SHAP","all",0.00680934029653352,"BTG2"
"ENSG00000159388","patient6","XGBoost_SHAP","all",0.00637911916111755,"BTG2"
"ENSG00000159403","patient3","XGBoost_SHAP","all",0.0135062572697533,"C1R"
"ENSG00000159403","patient1","XGBoost_SHAP","all",0.00882799618923425,"C1R"
"ENSG00000159403","patient6","XGBoost_SHAP","all",0.0225046308266802,"C1R"
"ENSG00000159403","patient4","XGBoost_SHAP","all",0.0186310884646693,"C1R"
"ENSG00000159403","patient2","XGBoost_SHAP","all",0.0171342275746427,"C1R"
"ENSG00000159403","patient5","XGBoost_SHAP","all",0.0119122479085056,"C1R"
"ENSG00000159658","patient3","XGBoost_SHAP","all",0.00362366611162782,"EFCAB14"
"ENSG00000159658","patient1","XGBoost_SHAP","all",0.00356487816209965,"EFCAB14"
"ENSG00000159658","patient4","XGBoost_SHAP","all",0.00506030365330744,"EFCAB14"
"ENSG00000159658","patient6","XGBoost_SHAP","all",0.000864425767419252,"EFCAB14"
"ENSG00000159658","patient5","XGBoost_SHAP","all",0.00069335401438484,"EFCAB14"
"ENSG00000159658","patient2","XGBoost_SHAP","all",0.00339882788502601,"EFCAB14"
"ENSG00000159720","patient1","XGBoost_SHAP","all",0.00268262843632318,"ATP6V0D1"
"ENSG00000159720","patient2","XGBoost_SHAP","all",0.000563076842562925,"ATP6V0D1"
"ENSG00000159720","patient4","XGBoost_SHAP","all",0.00328462820524518,"ATP6V0D1"
"ENSG00000159720","patient3","XGBoost_SHAP","all",0.000827066090462417,"ATP6V0D1"
"ENSG00000159720","patient5","XGBoost_SHAP","all",0.003844304394879,"ATP6V0D1"
"ENSG00000159720","patient6","XGBoost_SHAP","all",0.00143510805781957,"ATP6V0D1"
"ENSG00000159840","patient3","XGBoost_SHAP","all",0.0235021340487333,"ZYX"
"ENSG00000159840","patient2","XGBoost_SHAP","all",0.0110701674800741,"ZYX"
"ENSG00000159840","patient5","XGBoost_SHAP","all",0.0268384420759778,"ZYX"
"ENSG00000159840","patient6","XGBoost_SHAP","all",0.0198376492352792,"ZYX"
"ENSG00000159840","patient4","XGBoost_SHAP","all",0.011413023570459,"ZYX"
"ENSG00000159840","patient1","XGBoost_SHAP","all",0.0218175810373347,"ZYX"
"ENSG00000159884","patient5","XGBoost_SHAP","all",0.00845968231809662,"CCDC107"
"ENSG00000159884","patient3","XGBoost_SHAP","all",0.00449709380247739,"CCDC107"
"ENSG00000159884","patient6","XGBoost_SHAP","all",0.00710970523292379,"CCDC107"
"ENSG00000159884","patient4","XGBoost_SHAP","all",0.00294347604912085,"CCDC107"
"ENSG00000159884","patient1","XGBoost_SHAP","all",0.00400207724046111,"CCDC107"
"ENSG00000159884","patient2","XGBoost_SHAP","all",0.00805757500037821,"CCDC107"
"ENSG00000160014","patient4","XGBoost_SHAP","all",0.00575538394140716,"CALM3"
"ENSG00000160014","patient5","XGBoost_SHAP","all",0.00189404608116217,"CALM3"
"ENSG00000160014","patient2","XGBoost_SHAP","all",0.00545185236823218,"CALM3"
"ENSG00000160014","patient1","XGBoost_SHAP","all",0.00376625851229825,"CALM3"
"ENSG00000160014","patient3","XGBoost_SHAP","all",0.00404773158591704,"CALM3"
"ENSG00000160014","patient6","XGBoost_SHAP","all",0.00531810614896871,"CALM3"
"ENSG00000160075","patient3","XGBoost_SHAP","all",0.00224967625091086,"SSU72"
"ENSG00000160075","patient6","XGBoost_SHAP","all",0.00329692222983122,"SSU72"
"ENSG00000160075","patient4","XGBoost_SHAP","all",0.00634877907404247,"SSU72"
"ENSG00000160075","patient1","XGBoost_SHAP","all",0.00238174720614975,"SSU72"
"ENSG00000160075","patient2","XGBoost_SHAP","all",0.00104173829244915,"SSU72"
"ENSG00000160075","patient5","XGBoost_SHAP","all",0.0020387038961343,"SSU72"
"ENSG00000160194","patient6","XGBoost_SHAP","all",0.000869653634288008,"NDUFV3"
"ENSG00000160194","patient1","XGBoost_SHAP","all",0.00209234525665179,"NDUFV3"
"ENSG00000160194","patient4","XGBoost_SHAP","all",0.000953898622856871,"NDUFV3"
"ENSG00000160194","patient3","XGBoost_SHAP","all",0.00197023406613151,"NDUFV3"
"ENSG00000160194","patient2","XGBoost_SHAP","all",0.00149470489577168,"NDUFV3"
"ENSG00000160194","patient5","XGBoost_SHAP","all",0.000912046122450449,"NDUFV3"
"ENSG00000160213","patient4","XGBoost_SHAP","all",0.00739254173667598,"CSTB"
"ENSG00000160213","patient2","XGBoost_SHAP","all",0.00436982778651755,"CSTB"
"ENSG00000160213","patient3","XGBoost_SHAP","all",0.00503249146993039,"CSTB"
"ENSG00000160213","patient5","XGBoost_SHAP","all",0.00667677579072917,"CSTB"
"ENSG00000160255","patient1","XGBoost_SHAP","all",0.0325226624689991,"ITGB2"
"ENSG00000160255","patient6","XGBoost_SHAP","all",0.00933717916363687,"ITGB2"
"ENSG00000160255","patient2","XGBoost_SHAP","all",0.0294006233960199,"ITGB2"
"ENSG00000160255","patient3","XGBoost_SHAP","all",0.00726298577936357,"ITGB2"
"ENSG00000160255","patient5","XGBoost_SHAP","all",0.0101888597649121,"ITGB2"
"ENSG00000160255","patient4","XGBoost_SHAP","all",0.0110793773097471,"ITGB2"
"ENSG00000160310","patient6","XGBoost_SHAP","all",0.00334736000075098,"PRMT2"
"ENSG00000160310","patient4","XGBoost_SHAP","all",0.00314399451721819,"PRMT2"
"ENSG00000160310","patient1","XGBoost_SHAP","all",0.00354350964075807,"PRMT2"
"ENSG00000160310","patient5","XGBoost_SHAP","all",0.00384905059394093,"PRMT2"
"ENSG00000160310","patient2","XGBoost_SHAP","all",0.00221504905467673,"PRMT2"
"ENSG00000160310","patient3","XGBoost_SHAP","all",0.00303082103346122,"PRMT2"
"ENSG00000160551","patient2","XGBoost_SHAP","all",0.000423763366133092,"TAOK1"
"ENSG00000160551","patient3","XGBoost_SHAP","all",0.00113309497657653,"TAOK1"
"ENSG00000160551","patient4","XGBoost_SHAP","all",0.00153550440751617,"TAOK1"
"ENSG00000160551","patient1","XGBoost_SHAP","all",0.00120040098129902,"TAOK1"
"ENSG00000160551","patient6","XGBoost_SHAP","all",0.000421165794682865,"TAOK1"
"ENSG00000160613","patient2","XGBoost_SHAP","all",0.0026339280715384,"PCSK7"
"ENSG00000160613","patient5","XGBoost_SHAP","all",0.00275908145096496,"PCSK7"
"ENSG00000160613","patient4","XGBoost_SHAP","all",0.00351289424998784,"PCSK7"
"ENSG00000160613","patient6","XGBoost_SHAP","all",0.0031446499940493,"PCSK7"
"ENSG00000160752","patient4","XGBoost_SHAP","all",0.00327271909932583,"FDPS"
"ENSG00000160752","patient6","XGBoost_SHAP","all",0.00445645980022881,"FDPS"
"ENSG00000160752","patient1","XGBoost_SHAP","all",0.00285228678287843,"FDPS"
"ENSG00000160752","patient5","XGBoost_SHAP","all",0.00236330862902043,"FDPS"
"ENSG00000160752","patient2","XGBoost_SHAP","all",0.00714784873326601,"FDPS"
"ENSG00000160752","patient3","XGBoost_SHAP","all",0.00297123496401036,"FDPS"
"ENSG00000160789","patient6","XGBoost_SHAP","all",0.00387005754400477,"LMNA"
"ENSG00000160789","patient2","XGBoost_SHAP","all",0.00308234491578153,"LMNA"
"ENSG00000160789","patient3","XGBoost_SHAP","all",0.00299186682587909,"LMNA"
"ENSG00000160789","patient1","XGBoost_SHAP","all",0.00259919571600387,"LMNA"
"ENSG00000160789","patient5","XGBoost_SHAP","all",0.00238896480417025,"LMNA"
"ENSG00000160888","patient3","XGBoost_SHAP","all",0.00666305397988389,"IER2"
"ENSG00000160888","patient6","XGBoost_SHAP","all",0.00833056216091514,"IER2"
"ENSG00000160888","patient5","XGBoost_SHAP","all",0.0131500496612393,"IER2"
"ENSG00000160888","patient4","XGBoost_SHAP","all",0.00545074935701181,"IER2"
"ENSG00000160888","patient2","XGBoost_SHAP","all",0.00670883822127405,"IER2"
"ENSG00000160888","patient1","XGBoost_SHAP","all",0.0227525645112467,"IER2"
"ENSG00000160932","patient5","XGBoost_SHAP","all",0.00270954137588037,"LY6E"
"ENSG00000160932","patient2","XGBoost_SHAP","all",0.00315607120127722,"LY6E"
"ENSG00000160932","patient6","XGBoost_SHAP","all",0.00310879881266253,"LY6E"
"ENSG00000160932","patient1","XGBoost_SHAP","all",0.00257363847883303,"LY6E"
"ENSG00000160932","patient4","XGBoost_SHAP","all",0.00232731171681978,"LY6E"
"ENSG00000160932","patient3","XGBoost_SHAP","all",0.00303922588484544,"LY6E"
"ENSG00000161203","patient1","XGBoost_SHAP","all",0.0061939311429256,"AP2M1"
"ENSG00000161281","patient6","XGBoost_SHAP","all",0.00317074607935256,"COX7A1"
"ENSG00000161281","patient5","XGBoost_SHAP","all",0.0108269061841325,"COX7A1"
"ENSG00000161281","patient4","XGBoost_SHAP","all",0.00517771990969223,"COX7A1"
"ENSG00000161281","patient1","XGBoost_SHAP","all",0.00523950306158077,"COX7A1"
"ENSG00000161281","patient3","XGBoost_SHAP","all",0.00591615102571685,"COX7A1"
"ENSG00000161281","patient2","XGBoost_SHAP","all",0.00745178098326037,"COX7A1"
"ENSG00000161547","patient1","XGBoost_SHAP","all",0.00136417027728746,"SRSF2"
"ENSG00000161547","patient5","XGBoost_SHAP","all",0.00355278756445467,"SRSF2"
"ENSG00000161547","patient3","XGBoost_SHAP","all",0.00100248868171185,"SRSF2"
"ENSG00000161547","patient2","XGBoost_SHAP","all",0.00142856682787156,"SRSF2"
"ENSG00000161547","patient6","XGBoost_SHAP","all",0.00318133543270102,"SRSF2"
"ENSG00000161547","patient4","XGBoost_SHAP","all",0.00186233296409652,"SRSF2"
"ENSG00000161638","patient4","XGBoost_SHAP","all",0.00505388182370732,"ITGA5"
"ENSG00000161638","patient2","XGBoost_SHAP","all",0.00329933843086717,"ITGA5"
"ENSG00000161638","patient3","XGBoost_SHAP","all",0.00873466370573519,"ITGA5"
"ENSG00000161638","patient6","XGBoost_SHAP","all",0.00571189555738721,"ITGA5"
"ENSG00000161638","patient5","XGBoost_SHAP","all",0.00804333515867327,"ITGA5"
"ENSG00000161671","patient3","XGBoost_SHAP","all",0.00259245684682847,"EMC10"
"ENSG00000161671","patient6","XGBoost_SHAP","all",0.00279587551925454,"EMC10"
"ENSG00000161671","patient4","XGBoost_SHAP","all",0.000309520293963036,"EMC10"
"ENSG00000161671","patient5","XGBoost_SHAP","all",0.00122329921713089,"EMC10"
"ENSG00000161671","patient2","XGBoost_SHAP","all",0.00398410908668667,"EMC10"
"ENSG00000161671","patient1","XGBoost_SHAP","all",0.00789096976147511,"EMC10"
"ENSG00000161921","patient3","XGBoost_SHAP","all",0.00340707289111585,"CXCL16"
"ENSG00000161921","patient5","XGBoost_SHAP","all",0.00286277154731943,"CXCL16"
"ENSG00000161921","patient2","XGBoost_SHAP","all",0.00337149067822224,"CXCL16"
"ENSG00000161921","patient6","XGBoost_SHAP","all",0.00213747985563016,"CXCL16"
"ENSG00000161921","patient4","XGBoost_SHAP","all",0.00274086554155066,"CXCL16"
"ENSG00000161921","patient1","XGBoost_SHAP","all",0.00116545159783464,"CXCL16"
"ENSG00000161960","patient2","XGBoost_SHAP","all",0.00242320997730836,"EIF4A1"
"ENSG00000161960","patient6","XGBoost_SHAP","all",0.00534137251397747,"EIF4A1"
"ENSG00000161960","patient1","XGBoost_SHAP","all",0.0049561279513874,"EIF4A1"
"ENSG00000161960","patient3","XGBoost_SHAP","all",0.00309864253228078,"EIF4A1"
"ENSG00000161960","patient5","XGBoost_SHAP","all",0.00457174571147826,"EIF4A1"
"ENSG00000161960","patient4","XGBoost_SHAP","all",0.00665517169218196,"EIF4A1"
"ENSG00000162032","patient4","XGBoost_SHAP","all",0.00387439399881994,"SPSB3"
"ENSG00000162032","patient6","XGBoost_SHAP","all",0.000788952921158256,"SPSB3"
"ENSG00000162032","patient2","XGBoost_SHAP","all",0.00202813868267279,"SPSB3"
"ENSG00000162032","patient1","XGBoost_SHAP","all",0.000987907231712021,"SPSB3"
"ENSG00000162032","patient5","XGBoost_SHAP","all",0.00383214892140447,"SPSB3"
"ENSG00000162191","patient1","XGBoost_SHAP","all",0.00260060824792531,"UBXN1"
"ENSG00000162191","patient2","XGBoost_SHAP","all",0.00261910245676572,"UBXN1"
"ENSG00000162368","patient2","XGBoost_SHAP","all",0.00487105558491514,"CMPK1"
"ENSG00000162368","patient6","XGBoost_SHAP","all",0.0101069681209976,"CMPK1"
"ENSG00000162368","patient3","XGBoost_SHAP","all",0.0110581743118143,"CMPK1"
"ENSG00000162368","patient4","XGBoost_SHAP","all",0.00812045731968121,"CMPK1"
"ENSG00000162368","patient5","XGBoost_SHAP","all",0.0113896253618487,"CMPK1"
"ENSG00000162368","patient1","XGBoost_SHAP","all",0.00973549059869055,"CMPK1"
"ENSG00000162384","patient2","XGBoost_SHAP","all",0.00117470907000975,"CZIB"
"ENSG00000162384","patient3","XGBoost_SHAP","all",0.00119058588021166,"CZIB"
"ENSG00000162384","patient1","XGBoost_SHAP","all",0.00121985201286832,"CZIB"
"ENSG00000162384","patient6","XGBoost_SHAP","all",0.00129395043371732,"CZIB"
"ENSG00000162384","patient4","XGBoost_SHAP","all",0.00126547626078175,"CZIB"
"ENSG00000162384","patient5","XGBoost_SHAP","all",0.000498778178123142,"CZIB"
"ENSG00000162385","patient1","XGBoost_SHAP","all",0.000963334142383401,"MAGOH"
"ENSG00000162385","patient3","XGBoost_SHAP","all",0.00126298945384286,"MAGOH"
"ENSG00000162385","patient5","XGBoost_SHAP","all",0.00179561664502399,"MAGOH"
"ENSG00000162385","patient2","XGBoost_SHAP","all",0.00115885194918015,"MAGOH"
"ENSG00000162385","patient6","XGBoost_SHAP","all",0.000948791011484577,"MAGOH"
"ENSG00000162385","patient4","XGBoost_SHAP","all",0.00109446743494574,"MAGOH"
"ENSG00000162407","patient2","XGBoost_SHAP","all",0.00309575253528293,"PLPP3"
"ENSG00000162407","patient3","XGBoost_SHAP","all",0.00239691707173802,"PLPP3"
"ENSG00000162407","patient4","XGBoost_SHAP","all",0.00432474890273013,"PLPP3"
"ENSG00000162407","patient6","XGBoost_SHAP","all",0.00169636413746955,"PLPP3"
"ENSG00000162407","patient5","XGBoost_SHAP","all",0.00196599379941048,"PLPP3"
"ENSG00000162407","patient1","XGBoost_SHAP","all",0.00443976499753634,"PLPP3"
"ENSG00000162434","patient5","XGBoost_SHAP","all",0.0214642062882162,"JAK1"
"ENSG00000162434","patient3","XGBoost_SHAP","all",0.022346389241298,"JAK1"
"ENSG00000162434","patient4","XGBoost_SHAP","all",0.0163991609080587,"JAK1"
"ENSG00000162434","patient2","XGBoost_SHAP","all",0.0166482274515172,"JAK1"
"ENSG00000162434","patient1","XGBoost_SHAP","all",0.0158036060150643,"JAK1"
"ENSG00000162434","patient6","XGBoost_SHAP","all",0.0170862797873177,"JAK1"
"ENSG00000162444","patient4","XGBoost_SHAP","all",0.00593800188179606,"RBP7"
"ENSG00000162444","patient2","XGBoost_SHAP","all",0.00790496359735662,"RBP7"
"ENSG00000162444","patient5","XGBoost_SHAP","all",0.015800220015778,"RBP7"
"ENSG00000162444","patient6","XGBoost_SHAP","all",0.0117340766131048,"RBP7"
"ENSG00000162444","patient1","XGBoost_SHAP","all",0.00690671104473296,"RBP7"
"ENSG00000162444","patient3","XGBoost_SHAP","all",0.00979628282224921,"RBP7"
"ENSG00000162458","patient2","XGBoost_SHAP","all",0.0121260142362398,"FBLIM1"
"ENSG00000162458","patient3","XGBoost_SHAP","all",0.0141088656595114,"FBLIM1"
"ENSG00000162458","patient5","XGBoost_SHAP","all",0.0121812042343143,"FBLIM1"
"ENSG00000162458","patient4","XGBoost_SHAP","all",0.0164619882430057,"FBLIM1"
"ENSG00000162458","patient6","XGBoost_SHAP","all",0.00729580120315371,"FBLIM1"
"ENSG00000162458","patient1","XGBoost_SHAP","all",0.0155654238160588,"FBLIM1"
"ENSG00000162496","patient5","XGBoost_SHAP","all",0.0166142781378596,"DHRS3"
"ENSG00000162496","patient1","XGBoost_SHAP","all",0.0134726938873752,"DHRS3"
"ENSG00000162496","patient6","XGBoost_SHAP","all",0.0154697897101401,"DHRS3"
"ENSG00000162496","patient3","XGBoost_SHAP","all",0.0164642193866153,"DHRS3"
"ENSG00000162496","patient2","XGBoost_SHAP","all",0.0139378739139363,"DHRS3"
"ENSG00000162496","patient4","XGBoost_SHAP","all",0.0227789291641143,"DHRS3"
"ENSG00000162511","patient2","XGBoost_SHAP","all",0.0161895039107074,"LAPTM5"
"ENSG00000162511","patient3","XGBoost_SHAP","all",0.00362823207109008,"LAPTM5"
"ENSG00000162511","patient5","XGBoost_SHAP","all",0.00815715381705711,"LAPTM5"
"ENSG00000162511","patient6","XGBoost_SHAP","all",0.0056787467132259,"LAPTM5"
"ENSG00000162511","patient4","XGBoost_SHAP","all",0.0145690934148603,"LAPTM5"
"ENSG00000162511","patient1","XGBoost_SHAP","all",0.0020368013472568,"LAPTM5"
"ENSG00000162517","patient2","XGBoost_SHAP","all",0.00113875418325369,"PEF1"
"ENSG00000162517","patient5","XGBoost_SHAP","all",0.00100058039332482,"PEF1"
"ENSG00000162517","patient6","XGBoost_SHAP","all",0.00115827048469752,"PEF1"
"ENSG00000162517","patient3","XGBoost_SHAP","all",0.00121809197647477,"PEF1"
"ENSG00000162521","patient5","XGBoost_SHAP","all",0.0027259049934649,"RBBP4"
"ENSG00000162521","patient2","XGBoost_SHAP","all",0.00094151312134521,"RBBP4"
"ENSG00000162521","patient1","XGBoost_SHAP","all",0.00174003537102552,"RBBP4"
"ENSG00000162576","patient5","XGBoost_SHAP","all",0.00206982844328621,"MXRA8"
"ENSG00000162576","patient6","XGBoost_SHAP","all",0.00608014852895324,"MXRA8"
"ENSG00000162576","patient4","XGBoost_SHAP","all",0.00200551891131669,"MXRA8"
"ENSG00000162576","patient1","XGBoost_SHAP","all",0.00445814415620694,"MXRA8"
"ENSG00000162576","patient2","XGBoost_SHAP","all",0.0035885899105567,"MXRA8"
"ENSG00000162576","patient3","XGBoost_SHAP","all",0.00295159308998701,"MXRA8"
"ENSG00000162585","patient4","XGBoost_SHAP","all",0.00332005964392266,"FAAP20"
"ENSG00000162585","patient5","XGBoost_SHAP","all",0.00171718690352337,"FAAP20"
"ENSG00000162585","patient3","XGBoost_SHAP","all",0.00236772511366021,"FAAP20"
"ENSG00000162585","patient2","XGBoost_SHAP","all",0.00206689385731681,"FAAP20"
"ENSG00000162585","patient1","XGBoost_SHAP","all",0.00207765127990208,"FAAP20"
"ENSG00000162585","patient6","XGBoost_SHAP","all",0.0017710856014104,"FAAP20"
"ENSG00000162599","patient6","XGBoost_SHAP","all",0.00882423403833789,"NFIA"
"ENSG00000162599","patient5","XGBoost_SHAP","all",0.0114916274855617,"NFIA"
"ENSG00000162599","patient3","XGBoost_SHAP","all",0.0124711844770353,"NFIA"
"ENSG00000162599","patient2","XGBoost_SHAP","all",0.00582267107103317,"NFIA"
"ENSG00000162599","patient1","XGBoost_SHAP","all",0.0126930645753564,"NFIA"
"ENSG00000162599","patient4","XGBoost_SHAP","all",0.00469427644478129,"NFIA"
"ENSG00000162604","patient2","XGBoost_SHAP","all",0.00392151098255995,"TM2D1"
"ENSG00000162604","patient6","XGBoost_SHAP","all",0.00318307213076825,"TM2D1"
"ENSG00000162604","patient3","XGBoost_SHAP","all",0.00210913438808712,"TM2D1"
"ENSG00000162604","patient5","XGBoost_SHAP","all",0.00173357893109643,"TM2D1"
"ENSG00000162604","patient4","XGBoost_SHAP","all",0.00147864007879075,"TM2D1"
"ENSG00000162604","patient1","XGBoost_SHAP","all",0.000972554862407075,"TM2D1"
"ENSG00000162614","patient5","XGBoost_SHAP","all",0.0218289173131267,"NEXN"
"ENSG00000162614","patient3","XGBoost_SHAP","all",0.0280504281058241,"NEXN"
"ENSG00000162614","patient1","XGBoost_SHAP","all",0.0268587907356216,"NEXN"
"ENSG00000162614","patient6","XGBoost_SHAP","all",0.0159344808095018,"NEXN"
"ENSG00000162614","patient4","XGBoost_SHAP","all",0.020269583119582,"NEXN"
"ENSG00000162614","patient2","XGBoost_SHAP","all",0.0230649719362989,"NEXN"
"ENSG00000162616","patient2","XGBoost_SHAP","all",0.00595035809370507,"DNAJB4"
"ENSG00000162616","patient5","XGBoost_SHAP","all",0.005418926537254,"DNAJB4"
"ENSG00000162616","patient1","XGBoost_SHAP","all",0.0115433506144254,"DNAJB4"
"ENSG00000162616","patient4","XGBoost_SHAP","all",0.0103071724725465,"DNAJB4"
"ENSG00000162616","patient3","XGBoost_SHAP","all",0.00440275153699211,"DNAJB4"
"ENSG00000162616","patient6","XGBoost_SHAP","all",0.00748204201876067,"DNAJB4"
"ENSG00000162618","patient6","XGBoost_SHAP","all",0.070549743728737,"ADGRL4"
"ENSG00000162618","patient1","XGBoost_SHAP","all",0.0613266768283022,"ADGRL4"
"ENSG00000162618","patient4","XGBoost_SHAP","all",0.0724284533501988,"ADGRL4"
"ENSG00000162618","patient3","XGBoost_SHAP","all",0.0627442862125454,"ADGRL4"
"ENSG00000162618","patient5","XGBoost_SHAP","all",0.0607051690624142,"ADGRL4"
"ENSG00000162618","patient2","XGBoost_SHAP","all",0.0560396557455767,"ADGRL4"
"ENSG00000162645","patient3","XGBoost_SHAP","all",0.0116221636764844,"GBP2"
"ENSG00000162645","patient6","XGBoost_SHAP","all",0.00660043697098941,"GBP2"
"ENSG00000162645","patient2","XGBoost_SHAP","all",0.00278503843337293,"GBP2"
"ENSG00000162645","patient5","XGBoost_SHAP","all",0.00266126860449118,"GBP2"
"ENSG00000162645","patient4","XGBoost_SHAP","all",0.00290103817463393,"GBP2"
"ENSG00000162645","patient1","XGBoost_SHAP","all",0.00224831791221665,"GBP2"
"ENSG00000162733","patient6","XGBoost_SHAP","all",0.00151383555093102,"DDR2"
"ENSG00000162733","patient2","XGBoost_SHAP","all",0.000917019073462141,"DDR2"
"ENSG00000162733","patient5","XGBoost_SHAP","all",0.00101867679698717,"DDR2"
"ENSG00000162733","patient1","XGBoost_SHAP","all",0.0040861390351651,"DDR2"
"ENSG00000162733","patient4","XGBoost_SHAP","all",0.000719988024668643,"DDR2"
"ENSG00000162733","patient3","XGBoost_SHAP","all",0.00177486439141286,"DDR2"
"ENSG00000162734","patient5","XGBoost_SHAP","all",0.00344823549339463,"PEA15"
"ENSG00000162734","patient4","XGBoost_SHAP","all",0.00429381491843808,"PEA15"
"ENSG00000162734","patient1","XGBoost_SHAP","all",0.00113491313513732,"PEA15"
"ENSG00000162734","patient3","XGBoost_SHAP","all",0.00320367753295806,"PEA15"
"ENSG00000162734","patient2","XGBoost_SHAP","all",0.00269291948279067,"PEA15"
"ENSG00000162734","patient6","XGBoost_SHAP","all",0.00137741635497576,"PEA15"
"ENSG00000162772","patient2","XGBoost_SHAP","all",0.00494216085334655,"ATF3"
"ENSG00000162772","patient5","XGBoost_SHAP","all",0.0024318288467533,"ATF3"
"ENSG00000162772","patient6","XGBoost_SHAP","all",0.00355793297780031,"ATF3"
"ENSG00000162772","patient3","XGBoost_SHAP","all",0.00296710576854644,"ATF3"
"ENSG00000162772","patient1","XGBoost_SHAP","all",0.00292514798291325,"ATF3"
"ENSG00000162772","patient4","XGBoost_SHAP","all",0.00292686634873327,"ATF3"
"ENSG00000162909","patient6","XGBoost_SHAP","all",0.00444482787496365,"CAPN2"
"ENSG00000162909","patient1","XGBoost_SHAP","all",0.004055230617727,"CAPN2"
"ENSG00000162909","patient2","XGBoost_SHAP","all",0.00521646295962043,"CAPN2"
"ENSG00000162909","patient5","XGBoost_SHAP","all",0.00519081307805043,"CAPN2"
"ENSG00000162909","patient4","XGBoost_SHAP","all",0.00337846881950614,"CAPN2"
"ENSG00000162909","patient3","XGBoost_SHAP","all",0.00335090055925085,"CAPN2"
"ENSG00000162924","patient5","XGBoost_SHAP","all",0.00645589333228542,"REL"
"ENSG00000162924","patient1","XGBoost_SHAP","all",0.00289560254114259,"REL"
"ENSG00000162924","patient6","XGBoost_SHAP","all",0.0057513935038319,"REL"
"ENSG00000162924","patient3","XGBoost_SHAP","all",0.00329162189533,"REL"
"ENSG00000162924","patient4","XGBoost_SHAP","all",0.00216048588623858,"REL"
"ENSG00000162961","patient3","XGBoost_SHAP","all",0.00175896905220722,"DPY30"
"ENSG00000162961","patient2","XGBoost_SHAP","all",0.00149731853607306,"DPY30"
"ENSG00000162961","patient6","XGBoost_SHAP","all",0.00182247328958079,"DPY30"
"ENSG00000162961","patient1","XGBoost_SHAP","all",0.00127799114394778,"DPY30"
"ENSG00000162961","patient5","XGBoost_SHAP","all",0.00184999551278028,"DPY30"
"ENSG00000162998","patient4","XGBoost_SHAP","all",0.00194831057493627,"FRZB"
"ENSG00000162998","patient6","XGBoost_SHAP","all",0.00266907317776468,"FRZB"
"ENSG00000162998","patient3","XGBoost_SHAP","all",0.00352331574517278,"FRZB"
"ENSG00000162998","patient1","XGBoost_SHAP","all",0.00422134688296506,"FRZB"
"ENSG00000162998","patient5","XGBoost_SHAP","all",0.00292209115701803,"FRZB"
"ENSG00000162998","patient2","XGBoost_SHAP","all",0.00374075302689933,"FRZB"
"ENSG00000163001","patient6","XGBoost_SHAP","all",0.00397651699821781,"CFAP36"
"ENSG00000163001","patient2","XGBoost_SHAP","all",0.00199465715068078,"CFAP36"
"ENSG00000163001","patient1","XGBoost_SHAP","all",0.00357729166744304,"CFAP36"
"ENSG00000163001","patient5","XGBoost_SHAP","all",0.00388405922131492,"CFAP36"
"ENSG00000163001","patient4","XGBoost_SHAP","all",0.00408388512412119,"CFAP36"
"ENSG00000163001","patient3","XGBoost_SHAP","all",0.00827087398372052,"CFAP36"
"ENSG00000163017","patient4","XGBoost_SHAP","all",0.0152379399723021,"ACTG2"
"ENSG00000163017","patient1","XGBoost_SHAP","all",0.0311989237223178,"ACTG2"
"ENSG00000163017","patient3","XGBoost_SHAP","all",0.0282020201582979,"ACTG2"
"ENSG00000163017","patient2","XGBoost_SHAP","all",0.032405155082085,"ACTG2"
"ENSG00000163017","patient6","XGBoost_SHAP","all",0.0204879797614044,"ACTG2"
"ENSG00000163017","patient5","XGBoost_SHAP","all",0.0134032704830823,"ACTG2"
"ENSG00000163069","patient6","XGBoost_SHAP","all",0.00176475900378488,"SGCB"
"ENSG00000163069","patient4","XGBoost_SHAP","all",0.00232192551755963,"SGCB"
"ENSG00000163069","patient5","XGBoost_SHAP","all",0.00125102933730159,"SGCB"
"ENSG00000163069","patient2","XGBoost_SHAP","all",0.00470320161228082,"SGCB"
"ENSG00000163069","patient3","XGBoost_SHAP","all",0.00130341067106685,"SGCB"
"ENSG00000163069","patient1","XGBoost_SHAP","all",0.00258423175735695,"SGCB"
"ENSG00000163110","patient2","XGBoost_SHAP","all",0.00594910441419671,"PDLIM5"
"ENSG00000163110","patient3","XGBoost_SHAP","all",0.00530377085149484,"PDLIM5"
"ENSG00000163110","patient1","XGBoost_SHAP","all",0.00276315583339425,"PDLIM5"
"ENSG00000163110","patient4","XGBoost_SHAP","all",0.0116357381265966,"PDLIM5"
"ENSG00000163110","patient5","XGBoost_SHAP","all",0.00376087211598382,"PDLIM5"
"ENSG00000163110","patient6","XGBoost_SHAP","all",0.00464003069119779,"PDLIM5"
"ENSG00000163131","patient5","XGBoost_SHAP","all",0.00691066931654585,"CTSS"
"ENSG00000163131","patient6","XGBoost_SHAP","all",0.00571429368381708,"CTSS"
"ENSG00000163131","patient3","XGBoost_SHAP","all",0.0222996914147285,"CTSS"
"ENSG00000163131","patient2","XGBoost_SHAP","all",0.055771447555471,"CTSS"
"ENSG00000163131","patient1","XGBoost_SHAP","all",0.0370253849798506,"CTSS"
"ENSG00000163131","patient4","XGBoost_SHAP","all",0.0201547761550042,"CTSS"
"ENSG00000163171","patient4","XGBoost_SHAP","all",0.00164257072082816,"CDC42EP3"
"ENSG00000163171","patient5","XGBoost_SHAP","all",0.00269681166974084,"CDC42EP3"
"ENSG00000163171","patient1","XGBoost_SHAP","all",0.00175567958284471,"CDC42EP3"
"ENSG00000163171","patient3","XGBoost_SHAP","all",0.00145364462087554,"CDC42EP3"
"ENSG00000163171","patient2","XGBoost_SHAP","all",0.00168616550679026,"CDC42EP3"
"ENSG00000163171","patient6","XGBoost_SHAP","all",0.00112963299564004,"CDC42EP3"
"ENSG00000163220","patient2","XGBoost_SHAP","all",0.0090537645599203,"S100A9"
"ENSG00000163220","patient6","XGBoost_SHAP","all",0.0109563992147548,"S100A9"
"ENSG00000163220","patient1","XGBoost_SHAP","all",0.00869939918174532,"S100A9"
"ENSG00000163220","patient3","XGBoost_SHAP","all",0.014848955764056,"S100A9"
"ENSG00000163220","patient4","XGBoost_SHAP","all",0.0151886874441102,"S100A9"
"ENSG00000163220","patient5","XGBoost_SHAP","all",0.0114466457950489,"S100A9"
"ENSG00000163319","patient6","XGBoost_SHAP","all",0.000782702816682068,"MRPS18C"
"ENSG00000163319","patient3","XGBoost_SHAP","all",0.00193662680326566,"MRPS18C"
"ENSG00000163319","patient1","XGBoost_SHAP","all",0.00129112740076262,"MRPS18C"
"ENSG00000163319","patient2","XGBoost_SHAP","all",0.00138784368526829,"MRPS18C"
"ENSG00000163319","patient5","XGBoost_SHAP","all",0.00148520566374522,"MRPS18C"
"ENSG00000163319","patient4","XGBoost_SHAP","all",0.00132339050466302,"MRPS18C"
"ENSG00000163320","patient6","XGBoost_SHAP","all",0.00134622437590892,"CGGBP1"
"ENSG00000163320","patient5","XGBoost_SHAP","all",0.00161342548530533,"CGGBP1"
"ENSG00000163320","patient2","XGBoost_SHAP","all",0.00101153871869672,"CGGBP1"
"ENSG00000163320","patient3","XGBoost_SHAP","all",0.00145657357924112,"CGGBP1"
"ENSG00000163320","patient1","XGBoost_SHAP","all",0.00122625511680597,"CGGBP1"
"ENSG00000163320","patient4","XGBoost_SHAP","all",0.00183256508787478,"CGGBP1"
"ENSG00000163344","patient3","XGBoost_SHAP","all",0.00148045939083874,"PMVK"
"ENSG00000163346","patient5","XGBoost_SHAP","all",0.00140944830051968,"PBXIP1"
"ENSG00000163346","patient1","XGBoost_SHAP","all",0.0015740761293491,"PBXIP1"
"ENSG00000163346","patient4","XGBoost_SHAP","all",0.00112205609900167,"PBXIP1"
"ENSG00000163346","patient2","XGBoost_SHAP","all",0.00183434686632703,"PBXIP1"
"ENSG00000163346","patient6","XGBoost_SHAP","all",0.00161263457404791,"PBXIP1"
"ENSG00000163346","patient3","XGBoost_SHAP","all",0.00244227364793372,"PBXIP1"
"ENSG00000163359","patient2","XGBoost_SHAP","all",0.00730316447941745,"COL6A3"
"ENSG00000163359","patient3","XGBoost_SHAP","all",0.00920467557279706,"COL6A3"
"ENSG00000163359","patient6","XGBoost_SHAP","all",0.00703549807925339,"COL6A3"
"ENSG00000163359","patient1","XGBoost_SHAP","all",0.00375143258104195,"COL6A3"
"ENSG00000163359","patient4","XGBoost_SHAP","all",0.00956071475184356,"COL6A3"
"ENSG00000163359","patient5","XGBoost_SHAP","all",0.00432549618127521,"COL6A3"
"ENSG00000163399","patient3","XGBoost_SHAP","all",0.000772345616231175,"ATP1A1"
"ENSG00000163399","patient2","XGBoost_SHAP","all",0.00200981038629833,"ATP1A1"
"ENSG00000163399","patient4","XGBoost_SHAP","all",0.00144282386294787,"ATP1A1"
"ENSG00000163399","patient5","XGBoost_SHAP","all",0.00289681509351188,"ATP1A1"
"ENSG00000163399","patient1","XGBoost_SHAP","all",0.00186470452649152,"ATP1A1"
"ENSG00000163399","patient6","XGBoost_SHAP","all",0.00224542018844663,"ATP1A1"
"ENSG00000163430","patient5","XGBoost_SHAP","all",0.00941000160960521,"FSTL1"
"ENSG00000163430","patient1","XGBoost_SHAP","all",0.0165587357584694,"FSTL1"
"ENSG00000163430","patient4","XGBoost_SHAP","all",0.0185252512246261,"FSTL1"
"ENSG00000163430","patient3","XGBoost_SHAP","all",0.0178071313113008,"FSTL1"
"ENSG00000163430","patient2","XGBoost_SHAP","all",0.0170020011249617,"FSTL1"
"ENSG00000163430","patient6","XGBoost_SHAP","all",0.00777026282146198,"FSTL1"
"ENSG00000163431","patient6","XGBoost_SHAP","all",0.0116839255676181,"LMOD1"
"ENSG00000163431","patient4","XGBoost_SHAP","all",0.0145876166015472,"LMOD1"
"ENSG00000163431","patient2","XGBoost_SHAP","all",0.00908954253663556,"LMOD1"
"ENSG00000163431","patient1","XGBoost_SHAP","all",0.00659174308723839,"LMOD1"
"ENSG00000163431","patient5","XGBoost_SHAP","all",0.0144480917848563,"LMOD1"
"ENSG00000163431","patient3","XGBoost_SHAP","all",0.0120225366894806,"LMOD1"
"ENSG00000163453","patient6","XGBoost_SHAP","all",0.0273478181901046,"IGFBP7"
"ENSG00000163453","patient4","XGBoost_SHAP","all",0.0468262035579386,"IGFBP7"
"ENSG00000163453","patient1","XGBoost_SHAP","all",0.0806522558501625,"IGFBP7"
"ENSG00000163453","patient2","XGBoost_SHAP","all",0.0402762400696783,"IGFBP7"
"ENSG00000163453","patient5","XGBoost_SHAP","all",0.0417200736511121,"IGFBP7"
"ENSG00000163453","patient3","XGBoost_SHAP","all",0.0309330611425001,"IGFBP7"
"ENSG00000163463","patient6","XGBoost_SHAP","all",0.003543547961772,"KRTCAP2"
"ENSG00000163463","patient1","XGBoost_SHAP","all",0.00187838905459899,"KRTCAP2"
"ENSG00000163463","patient3","XGBoost_SHAP","all",0.00178234973536019,"KRTCAP2"
"ENSG00000163463","patient5","XGBoost_SHAP","all",0.00303378742474041,"KRTCAP2"
"ENSG00000163463","patient4","XGBoost_SHAP","all",0.00138580447587146,"KRTCAP2"
"ENSG00000163463","patient2","XGBoost_SHAP","all",0.00259300791273503,"KRTCAP2"
"ENSG00000163468","patient1","XGBoost_SHAP","all",0.00104533659629272,"CCT3"
"ENSG00000163468","patient4","XGBoost_SHAP","all",0.00219273385360078,"CCT3"
"ENSG00000163468","patient6","XGBoost_SHAP","all",0.00195392078319123,"CCT3"
"ENSG00000163468","patient2","XGBoost_SHAP","all",0.00109132782079665,"CCT3"
"ENSG00000163468","patient3","XGBoost_SHAP","all",0.00314104224458124,"CCT3"
"ENSG00000163468","patient5","XGBoost_SHAP","all",0.00137034971859005,"CCT3"
"ENSG00000163513","patient3","XGBoost_SHAP","all",0.00170735266905706,"TGFBR2"
"ENSG00000163513","patient2","XGBoost_SHAP","all",0.0039337685634449,"TGFBR2"
"ENSG00000163513","patient6","XGBoost_SHAP","all",0.00227349039033907,"TGFBR2"
"ENSG00000163513","patient5","XGBoost_SHAP","all",0.00221304596884746,"TGFBR2"
"ENSG00000163513","patient4","XGBoost_SHAP","all",0.00534690721247227,"TGFBR2"
"ENSG00000163513","patient1","XGBoost_SHAP","all",0.00325648781017527,"TGFBR2"
"ENSG00000163520","patient4","XGBoost_SHAP","all",0.0141960948944029,"FBLN2"
"ENSG00000163520","patient3","XGBoost_SHAP","all",0.0186954924212064,"FBLN2"
"ENSG00000163520","patient2","XGBoost_SHAP","all",0.0221539298578917,"FBLN2"
"ENSG00000163520","patient6","XGBoost_SHAP","all",0.0174439428175663,"FBLN2"
"ENSG00000163520","patient1","XGBoost_SHAP","all",0.0183465925507092,"FBLN2"
"ENSG00000163520","patient5","XGBoost_SHAP","all",0.00970147374590515,"FBLN2"
"ENSG00000163541","patient2","XGBoost_SHAP","all",0.0014942207184625,"SUCLG1"
"ENSG00000163541","patient1","XGBoost_SHAP","all",0.0025209582457998,"SUCLG1"
"ENSG00000163541","patient3","XGBoost_SHAP","all",0.00258454550964963,"SUCLG1"
"ENSG00000163541","patient4","XGBoost_SHAP","all",0.00942091116298536,"SUCLG1"
"ENSG00000163541","patient6","XGBoost_SHAP","all",0.00203571826918749,"SUCLG1"
"ENSG00000163541","patient5","XGBoost_SHAP","all",0.00163562304923102,"SUCLG1"
"ENSG00000163563","patient1","XGBoost_SHAP","all",0.0376620549717727,"MNDA"
"ENSG00000163563","patient2","XGBoost_SHAP","all",0.0398631688052762,"MNDA"
"ENSG00000163563","patient6","XGBoost_SHAP","all",0.026747540724783,"MNDA"
"ENSG00000163563","patient3","XGBoost_SHAP","all",0.0195170070057373,"MNDA"
"ENSG00000163563","patient5","XGBoost_SHAP","all",0.0276517257422018,"MNDA"
"ENSG00000163565","patient2","XGBoost_SHAP","all",0.00281760460907512,"IFI16"
"ENSG00000163565","patient1","XGBoost_SHAP","all",0.00269435766173649,"IFI16"
"ENSG00000163565","patient3","XGBoost_SHAP","all",0.00291061643688586,"IFI16"
"ENSG00000163565","patient5","XGBoost_SHAP","all",0.00571592061061648,"IFI16"
"ENSG00000163565","patient4","XGBoost_SHAP","all",0.00221089049310228,"IFI16"
"ENSG00000163565","patient6","XGBoost_SHAP","all",0.00270234443565515,"IFI16"
"ENSG00000163584","patient5","XGBoost_SHAP","all",0.00355177672035235,"RPL22L1"
"ENSG00000163584","patient6","XGBoost_SHAP","all",0.00284331955056702,"RPL22L1"
"ENSG00000163584","patient1","XGBoost_SHAP","all",0.00660357931016895,"RPL22L1"
"ENSG00000163584","patient3","XGBoost_SHAP","all",0.00164848103576634,"RPL22L1"
"ENSG00000163584","patient4","XGBoost_SHAP","all",0.00253009832964247,"RPL22L1"
"ENSG00000163584","patient2","XGBoost_SHAP","all",0.00328985657540888,"RPL22L1"
"ENSG00000163634","patient6","XGBoost_SHAP","all",0.00255783594743052,"THOC7"
"ENSG00000163634","patient4","XGBoost_SHAP","all",0.00171219841407943,"THOC7"
"ENSG00000163634","patient2","XGBoost_SHAP","all",0.0013790877765035,"THOC7"
"ENSG00000163634","patient1","XGBoost_SHAP","all",0.00229157083070649,"THOC7"
"ENSG00000163634","patient3","XGBoost_SHAP","all",0.00161175454857089,"THOC7"
"ENSG00000163634","patient5","XGBoost_SHAP","all",0.00424707569149426,"THOC7"
"ENSG00000163660","patient4","XGBoost_SHAP","all",0.00129146125006362,"CCNL1"
"ENSG00000163660","patient3","XGBoost_SHAP","all",0.000910206079819855,"CCNL1"
"ENSG00000163660","patient6","XGBoost_SHAP","all",0.00144297518027396,"CCNL1"
"ENSG00000163660","patient5","XGBoost_SHAP","all",0.00141439780806104,"CCNL1"
"ENSG00000163660","patient1","XGBoost_SHAP","all",0.00246647879565107,"CCNL1"
"ENSG00000163660","patient2","XGBoost_SHAP","all",0.000883583394394615,"CCNL1"
"ENSG00000163681","patient5","XGBoost_SHAP","all",0.00766170506623715,"SLMAP"
"ENSG00000163681","patient4","XGBoost_SHAP","all",0.00143740857868883,"SLMAP"
"ENSG00000163681","patient2","XGBoost_SHAP","all",0.00460100168479188,"SLMAP"
"ENSG00000163681","patient6","XGBoost_SHAP","all",0.00357474717047916,"SLMAP"
"ENSG00000163681","patient1","XGBoost_SHAP","all",0.00696847356781279,"SLMAP"
"ENSG00000163681","patient3","XGBoost_SHAP","all",0.00540416478756806,"SLMAP"
"ENSG00000163683","patient4","XGBoost_SHAP","all",0.00584150464638908,"SMIM14"
"ENSG00000163683","patient1","XGBoost_SHAP","all",0.00093670386795339,"SMIM14"
"ENSG00000163683","patient3","XGBoost_SHAP","all",0.00264250296585782,"SMIM14"
"ENSG00000163683","patient6","XGBoost_SHAP","all",0.00389587365804844,"SMIM14"
"ENSG00000163683","patient2","XGBoost_SHAP","all",0.00474198933791413,"SMIM14"
"ENSG00000163683","patient5","XGBoost_SHAP","all",0.000911595387360657,"SMIM14"
"ENSG00000163710","patient6","XGBoost_SHAP","all",0.0151109600393702,"PCOLCE2"
"ENSG00000163710","patient5","XGBoost_SHAP","all",0.0331300913567157,"PCOLCE2"
"ENSG00000163710","patient1","XGBoost_SHAP","all",0.0313636844338519,"PCOLCE2"
"ENSG00000163710","patient3","XGBoost_SHAP","all",0.0243728938703966,"PCOLCE2"
"ENSG00000163710","patient2","XGBoost_SHAP","all",0.0382598749133709,"PCOLCE2"
"ENSG00000163710","patient4","XGBoost_SHAP","all",0.0213286162183422,"PCOLCE2"
"ENSG00000163714","patient5","XGBoost_SHAP","all",0.00120591749526528,"U2SURP"
"ENSG00000163714","patient2","XGBoost_SHAP","all",0.00356521139576217,"U2SURP"
"ENSG00000163714","patient1","XGBoost_SHAP","all",0.000953000290281693,"U2SURP"
"ENSG00000163714","patient4","XGBoost_SHAP","all",0.00234164911601131,"U2SURP"
"ENSG00000163714","patient3","XGBoost_SHAP","all",0.00155123552762473,"U2SURP"
"ENSG00000163714","patient6","XGBoost_SHAP","all",0.00128593512296118,"U2SURP"
"ENSG00000163754","patient6","XGBoost_SHAP","all",0.000932332246430463,"GYG1"
"ENSG00000163754","patient5","XGBoost_SHAP","all",0.00106328123488099,"GYG1"
"ENSG00000163754","patient3","XGBoost_SHAP","all",0.00122072338763039,"GYG1"
"ENSG00000163754","patient2","XGBoost_SHAP","all",0.00135701143923875,"GYG1"
"ENSG00000163754","patient1","XGBoost_SHAP","all",0.00161079256735861,"GYG1"
"ENSG00000163848","patient1","XGBoost_SHAP","all",0.000997900584940635,"ZNF148"
"ENSG00000163848","patient2","XGBoost_SHAP","all",0.00228890574827927,"ZNF148"
"ENSG00000163848","patient6","XGBoost_SHAP","all",0.00135634006936866,"ZNF148"
"ENSG00000163848","patient3","XGBoost_SHAP","all",0.000901650001751768,"ZNF148"
"ENSG00000163875","patient5","XGBoost_SHAP","all",0.00731366599173039,"MEAF6"
"ENSG00000163875","patient4","XGBoost_SHAP","all",0.0016567722096519,"MEAF6"
"ENSG00000163875","patient6","XGBoost_SHAP","all",0.0042110822195937,"MEAF6"
"ENSG00000163875","patient1","XGBoost_SHAP","all",0.00788876162111133,"MEAF6"
"ENSG00000163875","patient2","XGBoost_SHAP","all",0.00373665321294769,"MEAF6"
"ENSG00000163875","patient3","XGBoost_SHAP","all",0.00531879059940922,"MEAF6"
"ENSG00000163902","patient2","XGBoost_SHAP","all",0.00154573893300645,"RPN1"
"ENSG00000163902","patient4","XGBoost_SHAP","all",0.00238815964757301,"RPN1"
"ENSG00000163902","patient3","XGBoost_SHAP","all",0.00106347299862985,"RPN1"
"ENSG00000163902","patient6","XGBoost_SHAP","all",0.00103323209738615,"RPN1"
"ENSG00000163902","patient5","XGBoost_SHAP","all",0.00244839074215503,"RPN1"
"ENSG00000163902","patient1","XGBoost_SHAP","all",0.000237394196367732,"RPN1"
"ENSG00000163931","patient1","XGBoost_SHAP","all",0.00907310899240603,"TKT"
"ENSG00000163931","patient5","XGBoost_SHAP","all",0.00378797865490013,"TKT"
"ENSG00000163931","patient2","XGBoost_SHAP","all",0.00512364055484811,"TKT"
"ENSG00000163931","patient3","XGBoost_SHAP","all",0.00244548066909522,"TKT"
"ENSG00000163931","patient4","XGBoost_SHAP","all",0.00613979267681453,"TKT"
"ENSG00000163931","patient6","XGBoost_SHAP","all",0.00647185632017359,"TKT"
"ENSG00000163956","patient3","XGBoost_SHAP","all",0.00142350314822761,"LRPAP1"
"ENSG00000163956","patient5","XGBoost_SHAP","all",0.00166805977681844,"LRPAP1"
"ENSG00000163956","patient4","XGBoost_SHAP","all",0.00249648855815306,"LRPAP1"
"ENSG00000163956","patient2","XGBoost_SHAP","all",0.00152725028314089,"LRPAP1"
"ENSG00000163956","patient6","XGBoost_SHAP","all",0.00307793586192689,"LRPAP1"
"ENSG00000163956","patient1","XGBoost_SHAP","all",0.00183676313128127,"LRPAP1"
"ENSG00000164022","patient2","XGBoost_SHAP","all",0.00333486935356883,"AIMP1"
"ENSG00000164022","patient4","XGBoost_SHAP","all",0.00267069172573826,"AIMP1"
"ENSG00000164022","patient1","XGBoost_SHAP","all",0.00163937474013965,"AIMP1"
"ENSG00000164022","patient3","XGBoost_SHAP","all",0.00315087218556904,"AIMP1"
"ENSG00000164022","patient5","XGBoost_SHAP","all",0.00226391233158737,"AIMP1"
"ENSG00000164022","patient6","XGBoost_SHAP","all",0.00282482070478614,"AIMP1"
"ENSG00000164031","patient3","XGBoost_SHAP","all",0.00134364036653946,"DNAJB14"
"ENSG00000164031","patient1","XGBoost_SHAP","all",0.00132864567620888,"DNAJB14"
"ENSG00000164031","patient2","XGBoost_SHAP","all",0.00126248980855112,"DNAJB14"
"ENSG00000164031","patient5","XGBoost_SHAP","all",0.00137377497227436,"DNAJB14"
"ENSG00000164031","patient6","XGBoost_SHAP","all",0.00264049026766708,"DNAJB14"
"ENSG00000164031","patient4","XGBoost_SHAP","all",0.00117672123449666,"DNAJB14"
"ENSG00000164032","patient1","XGBoost_SHAP","all",0.00758855437858537,"H2AZ1"
"ENSG00000164032","patient3","XGBoost_SHAP","all",0.00448473617997655,"H2AZ1"
"ENSG00000164032","patient2","XGBoost_SHAP","all",0.00362538722850889,"H2AZ1"
"ENSG00000164032","patient4","XGBoost_SHAP","all",0.00422639557360113,"H2AZ1"
"ENSG00000164032","patient6","XGBoost_SHAP","all",0.00534512607728809,"H2AZ1"
"ENSG00000164032","patient5","XGBoost_SHAP","all",0.00359102588222717,"H2AZ1"
"ENSG00000164035","patient2","XGBoost_SHAP","all",0.00774538844338554,"EMCN"
"ENSG00000164035","patient1","XGBoost_SHAP","all",0.00509991151265709,"EMCN"
"ENSG00000164035","patient4","XGBoost_SHAP","all",0.00598648493369132,"EMCN"
"ENSG00000164039","patient5","XGBoost_SHAP","all",0.00414313171280794,"BDH2"
"ENSG00000164039","patient3","XGBoost_SHAP","all",0.00752553912820677,"BDH2"
"ENSG00000164039","patient2","XGBoost_SHAP","all",0.00484910151737993,"BDH2"
"ENSG00000164039","patient1","XGBoost_SHAP","all",0.00141699216456379,"BDH2"
"ENSG00000164039","patient6","XGBoost_SHAP","all",0.00493181487165104,"BDH2"
"ENSG00000164039","patient4","XGBoost_SHAP","all",0.00221559137500489,"BDH2"
"ENSG00000164040","patient4","XGBoost_SHAP","all",0.00125794426611476,"PGRMC2"
"ENSG00000164040","patient2","XGBoost_SHAP","all",0.00118470851775779,"PGRMC2"
"ENSG00000164040","patient5","XGBoost_SHAP","all",0.0032716406636234,"PGRMC2"
"ENSG00000164040","patient3","XGBoost_SHAP","all",0.000839372323465486,"PGRMC2"
"ENSG00000164040","patient1","XGBoost_SHAP","all",0.00173389491427715,"PGRMC2"
"ENSG00000164040","patient6","XGBoost_SHAP","all",0.0014452102855708,"PGRMC2"
"ENSG00000164054","patient5","XGBoost_SHAP","all",0.000298881956724771,"SHISA5"
"ENSG00000164054","patient3","XGBoost_SHAP","all",0.00178131898362213,"SHISA5"
"ENSG00000164054","patient1","XGBoost_SHAP","all",0.00214659431744683,"SHISA5"
"ENSG00000164054","patient4","XGBoost_SHAP","all",0.00100911456580782,"SHISA5"
"ENSG00000164054","patient6","XGBoost_SHAP","all",0.00194893055289263,"SHISA5"
"ENSG00000164054","patient2","XGBoost_SHAP","all",0.0014722021413157,"SHISA5"
"ENSG00000164056","patient5","XGBoost_SHAP","all",0.00252728294547949,"SPRY1"
"ENSG00000164056","patient6","XGBoost_SHAP","all",0.00207464053087336,"SPRY1"
"ENSG00000164056","patient1","XGBoost_SHAP","all",0.001757936128745,"SPRY1"
"ENSG00000164056","patient4","XGBoost_SHAP","all",0.0032562182496725,"SPRY1"
"ENSG00000164056","patient3","XGBoost_SHAP","all",0.00228346884151443,"SPRY1"
"ENSG00000164056","patient2","XGBoost_SHAP","all",0.001817158092532,"SPRY1"
"ENSG00000164104","patient1","XGBoost_SHAP","all",0.0124723776248092,"HMGB2"
"ENSG00000164104","patient4","XGBoost_SHAP","all",0.00711684592684746,"HMGB2"
"ENSG00000164104","patient6","XGBoost_SHAP","all",0.00579323987585667,"HMGB2"
"ENSG00000164104","patient5","XGBoost_SHAP","all",0.00621928368756561,"HMGB2"
"ENSG00000164104","patient2","XGBoost_SHAP","all",0.00903540287772942,"HMGB2"
"ENSG00000164104","patient3","XGBoost_SHAP","all",0.00479843799548682,"HMGB2"
"ENSG00000164105","patient2","XGBoost_SHAP","all",0.00229158176535413,"SAP30"
"ENSG00000164105","patient5","XGBoost_SHAP","all",0.0047733400592836,"SAP30"
"ENSG00000164105","patient6","XGBoost_SHAP","all",0.00351677865356989,"SAP30"
"ENSG00000164105","patient4","XGBoost_SHAP","all",0.00434109997781836,"SAP30"
"ENSG00000164105","patient3","XGBoost_SHAP","all",0.00461734333301731,"SAP30"
"ENSG00000164105","patient1","XGBoost_SHAP","all",0.00414244104703179,"SAP30"
"ENSG00000164106","patient2","XGBoost_SHAP","all",0.00166943037956656,"SCRG1"
"ENSG00000164106","patient5","XGBoost_SHAP","all",0.002214885484366,"SCRG1"
"ENSG00000164106","patient3","XGBoost_SHAP","all",0.00165968608746941,"SCRG1"
"ENSG00000164106","patient4","XGBoost_SHAP","all",0.00131890726209878,"SCRG1"
"ENSG00000164106","patient6","XGBoost_SHAP","all",0.00245558245162344,"SCRG1"
"ENSG00000164106","patient1","XGBoost_SHAP","all",0.00349341940355131,"SCRG1"
"ENSG00000164116","patient2","XGBoost_SHAP","all",0.0217242640689488,"GUCY1A1"
"ENSG00000164116","patient5","XGBoost_SHAP","all",0.00918181806431317,"GUCY1A1"
"ENSG00000164116","patient4","XGBoost_SHAP","all",0.0169930429052511,"GUCY1A1"
"ENSG00000164116","patient6","XGBoost_SHAP","all",0.0202510346028888,"GUCY1A1"
"ENSG00000164116","patient3","XGBoost_SHAP","all",0.0185844504555086,"GUCY1A1"
"ENSG00000164116","patient1","XGBoost_SHAP","all",0.017485622303435,"GUCY1A1"
"ENSG00000164125","patient5","XGBoost_SHAP","all",0.00593606327844178,"GASK1B"
"ENSG00000164125","patient3","XGBoost_SHAP","all",0.00695619893486101,"GASK1B"
"ENSG00000164125","patient6","XGBoost_SHAP","all",0.00448218814608481,"GASK1B"
"ENSG00000164125","patient4","XGBoost_SHAP","all",0.00708583404260449,"GASK1B"
"ENSG00000164125","patient2","XGBoost_SHAP","all",0.00710023277494811,"GASK1B"
"ENSG00000164125","patient1","XGBoost_SHAP","all",0.00675431852087229,"GASK1B"
"ENSG00000164172","patient5","XGBoost_SHAP","all",0.00141881486221183,"MOCS2"
"ENSG00000164172","patient2","XGBoost_SHAP","all",0.000639929855293306,"MOCS2"
"ENSG00000164172","patient4","XGBoost_SHAP","all",0.00149386196805725,"MOCS2"
"ENSG00000164172","patient3","XGBoost_SHAP","all",0.00072674996625573,"MOCS2"
"ENSG00000164172","patient1","XGBoost_SHAP","all",0.00126339274431302,"MOCS2"
"ENSG00000164172","patient6","XGBoost_SHAP","all",0.000539460059665877,"MOCS2"
"ENSG00000164176","patient5","XGBoost_SHAP","all",0.0109046364281227,"EDIL3"
"ENSG00000164176","patient6","XGBoost_SHAP","all",0.00594241438236127,"EDIL3"
"ENSG00000164176","patient1","XGBoost_SHAP","all",0.00993469129118678,"EDIL3"
"ENSG00000164176","patient3","XGBoost_SHAP","all",0.0050081198584217,"EDIL3"
"ENSG00000164176","patient2","XGBoost_SHAP","all",0.00626186069750109,"EDIL3"
"ENSG00000164176","patient4","XGBoost_SHAP","all",0.0038848656634193,"EDIL3"
"ENSG00000164182","patient2","XGBoost_SHAP","all",0.00129011587203483,"NDUFAF2"
"ENSG00000164182","patient4","XGBoost_SHAP","all",0.00137944168739582,"NDUFAF2"
"ENSG00000164182","patient6","XGBoost_SHAP","all",0.00129377252875753,"NDUFAF2"
"ENSG00000164182","patient5","XGBoost_SHAP","all",0.00136425184858069,"NDUFAF2"
"ENSG00000164182","patient3","XGBoost_SHAP","all",0.00106545431887432,"NDUFAF2"
"ENSG00000164182","patient1","XGBoost_SHAP","all",0.0020690433401408,"NDUFAF2"
"ENSG00000164190","patient2","XGBoost_SHAP","all",0.00100835785626102,"NIPBL"
"ENSG00000164190","patient1","XGBoost_SHAP","all",0.00302992341784194,"NIPBL"
"ENSG00000164190","patient3","XGBoost_SHAP","all",0.0025136828401251,"NIPBL"
"ENSG00000164190","patient4","XGBoost_SHAP","all",0.00132366580665434,"NIPBL"
"ENSG00000164190","patient5","XGBoost_SHAP","all",0.00296742191771166,"NIPBL"
"ENSG00000164190","patient6","XGBoost_SHAP","all",0.00213592558168363,"NIPBL"
"ENSG00000164258","patient2","XGBoost_SHAP","all",0.00131338843298119,"NDUFS4"
"ENSG00000164258","patient1","XGBoost_SHAP","all",0.00285466690072765,"NDUFS4"
"ENSG00000164258","patient5","XGBoost_SHAP","all",0.00391838600564123,"NDUFS4"
"ENSG00000164258","patient4","XGBoost_SHAP","all",0.00188455065083272,"NDUFS4"
"ENSG00000164258","patient3","XGBoost_SHAP","all",0.00174791732952933,"NDUFS4"
"ENSG00000164258","patient6","XGBoost_SHAP","all",0.00304620815242734,"NDUFS4"
"ENSG00000164294","patient3","XGBoost_SHAP","all",0.00138397703791944,"GPX8"
"ENSG00000164323","patient2","XGBoost_SHAP","all",0.000762818190942206,"CFAP97"
"ENSG00000164323","patient6","XGBoost_SHAP","all",0.00190904031438155,"CFAP97"
"ENSG00000164323","patient1","XGBoost_SHAP","all",0.00146430179492146,"CFAP97"
"ENSG00000164323","patient3","XGBoost_SHAP","all",0.00141424762227193,"CFAP97"
"ENSG00000164323","patient4","XGBoost_SHAP","all",0.000678847838020354,"CFAP97"
"ENSG00000164323","patient5","XGBoost_SHAP","all",0.00136629460906504,"CFAP97"
"ENSG00000164330","patient3","XGBoost_SHAP","all",0.0123260028314909,"EBF1"
"ENSG00000164330","patient1","XGBoost_SHAP","all",0.00815801977054076,"EBF1"
"ENSG00000164330","patient6","XGBoost_SHAP","all",0.0169382475641806,"EBF1"
"ENSG00000164330","patient5","XGBoost_SHAP","all",0.0118887286128363,"EBF1"
"ENSG00000164330","patient2","XGBoost_SHAP","all",0.0115874799762629,"EBF1"
"ENSG00000164330","patient4","XGBoost_SHAP","all",0.00698525060907557,"EBF1"
"ENSG00000164346","patient3","XGBoost_SHAP","all",0.00487390532491615,"NSA2"
"ENSG00000164346","patient5","XGBoost_SHAP","all",0.00343544903819612,"NSA2"
"ENSG00000164346","patient4","XGBoost_SHAP","all",0.000998576052288634,"NSA2"
"ENSG00000164346","patient6","XGBoost_SHAP","all",0.00145743178932241,"NSA2"
"ENSG00000164346","patient2","XGBoost_SHAP","all",0.00212966750002606,"NSA2"
"ENSG00000164346","patient1","XGBoost_SHAP","all",0.00342111787696199,"NSA2"
"ENSG00000164442","patient3","XGBoost_SHAP","all",0.00443720183136472,"CITED2"
"ENSG00000164442","patient5","XGBoost_SHAP","all",0.00518755112481712,"CITED2"
"ENSG00000164442","patient1","XGBoost_SHAP","all",0.00512572384267697,"CITED2"
"ENSG00000164442","patient4","XGBoost_SHAP","all",0.0045628285144436,"CITED2"
"ENSG00000164442","patient6","XGBoost_SHAP","all",0.00160048138071455,"CITED2"
"ENSG00000164442","patient2","XGBoost_SHAP","all",0.00203729737691296,"CITED2"
"ENSG00000164463","patient2","XGBoost_SHAP","all",0.00102970185144171,"CREBRF"
"ENSG00000164463","patient4","XGBoost_SHAP","all",0.00511544428016358,"CREBRF"
"ENSG00000164463","patient3","XGBoost_SHAP","all",0.00406313431664131,"CREBRF"
"ENSG00000164463","patient5","XGBoost_SHAP","all",0.00355781936348352,"CREBRF"
"ENSG00000164463","patient1","XGBoost_SHAP","all",0.0042513047995357,"CREBRF"
"ENSG00000164463","patient6","XGBoost_SHAP","all",0.00254280553375283,"CREBRF"
"ENSG00000164548","patient6","XGBoost_SHAP","all",0.00203870828942611,"TRA2A"
"ENSG00000164548","patient1","XGBoost_SHAP","all",0.0019534946167751,"TRA2A"
"ENSG00000164548","patient2","XGBoost_SHAP","all",0.00237831632034553,"TRA2A"
"ENSG00000164615","patient1","XGBoost_SHAP","all",0.00585540631605059,"CAMLG"
"ENSG00000164615","patient6","XGBoost_SHAP","all",0.00427941586282774,"CAMLG"
"ENSG00000164615","patient5","XGBoost_SHAP","all",0.00443960509586144,"CAMLG"
"ENSG00000164615","patient3","XGBoost_SHAP","all",0.00272655267407265,"CAMLG"
"ENSG00000164615","patient4","XGBoost_SHAP","all",0.00246345979464353,"CAMLG"
"ENSG00000164615","patient2","XGBoost_SHAP","all",0.00130673825793022,"CAMLG"
"ENSG00000164684","patient3","XGBoost_SHAP","all",0.00073424924437496,"ZNF704"
"ENSG00000164684","patient1","XGBoost_SHAP","all",0.00195478628459777,"ZNF704"
"ENSG00000164684","patient4","XGBoost_SHAP","all",0.000466972588124932,"ZNF704"
"ENSG00000164687","patient3","XGBoost_SHAP","all",0.0223546249730205,"FABP5"
"ENSG00000164687","patient4","XGBoost_SHAP","all",0.0269560952110369,"FABP5"
"ENSG00000164687","patient2","XGBoost_SHAP","all",0.0259649452160921,"FABP5"
"ENSG00000164687","patient5","XGBoost_SHAP","all",0.0208230686611187,"FABP5"
"ENSG00000164687","patient1","XGBoost_SHAP","all",0.0156711429528283,"FABP5"
"ENSG00000164687","patient6","XGBoost_SHAP","all",0.0180378805727023,"FABP5"
"ENSG00000164692","patient1","XGBoost_SHAP","all",0.0147492174637333,"COL1A2"
"ENSG00000164692","patient4","XGBoost_SHAP","all",0.0169410914195788,"COL1A2"
"ENSG00000164692","patient3","XGBoost_SHAP","all",0.0142494706166857,"COL1A2"
"ENSG00000164692","patient5","XGBoost_SHAP","all",0.0202220678843715,"COL1A2"
"ENSG00000164692","patient2","XGBoost_SHAP","all",0.0198479717280343,"COL1A2"
"ENSG00000164692","patient6","XGBoost_SHAP","all",0.0228817962652229,"COL1A2"
"ENSG00000164713","patient2","XGBoost_SHAP","all",0.0122382518970401,"BRI3"
"ENSG00000164713","patient6","XGBoost_SHAP","all",0.00625056241068883,"BRI3"
"ENSG00000164713","patient5","XGBoost_SHAP","all",0.00605880907577137,"BRI3"
"ENSG00000164713","patient3","XGBoost_SHAP","all",0.00699324422487558,"BRI3"
"ENSG00000164713","patient4","XGBoost_SHAP","all",0.00426861396228202,"BRI3"
"ENSG00000164733","patient5","XGBoost_SHAP","all",0.00798220707664593,"CTSB"
"ENSG00000164733","patient2","XGBoost_SHAP","all",0.0158489011753418,"CTSB"
"ENSG00000164733","patient1","XGBoost_SHAP","all",0.01228050051323,"CTSB"
"ENSG00000164733","patient6","XGBoost_SHAP","all",0.0131873500590714,"CTSB"
"ENSG00000164733","patient3","XGBoost_SHAP","all",0.0106730753982844,"CTSB"
"ENSG00000164733","patient4","XGBoost_SHAP","all",0.012495249301248,"CTSB"
"ENSG00000164741","patient1","XGBoost_SHAP","all",0.00599823366997669,"DLC1"
"ENSG00000164741","patient2","XGBoost_SHAP","all",0.00730424523203217,"DLC1"
"ENSG00000164741","patient3","XGBoost_SHAP","all",0.0044751321621231,"DLC1"
"ENSG00000164741","patient4","XGBoost_SHAP","all",0.00169161715615002,"DLC1"
"ENSG00000164741","patient5","XGBoost_SHAP","all",0.00613468538669621,"DLC1"
"ENSG00000164741","patient6","XGBoost_SHAP","all",0.00802908500212181,"DLC1"
"ENSG00000164754","patient5","XGBoost_SHAP","all",0.00126747505787138,"RAD21"
"ENSG00000164754","patient4","XGBoost_SHAP","all",0.00102983277736353,"RAD21"
"ENSG00000164754","patient6","XGBoost_SHAP","all",0.00144636986131643,"RAD21"
"ENSG00000164754","patient1","XGBoost_SHAP","all",0.00288180955536242,"RAD21"
"ENSG00000164754","patient2","XGBoost_SHAP","all",0.00116795338047301,"RAD21"
"ENSG00000164754","patient3","XGBoost_SHAP","all",0.00359069248209064,"RAD21"
"ENSG00000164761","patient1","XGBoost_SHAP","all",0.0089627591454336,"TNFRSF11B"
"ENSG00000164761","patient6","XGBoost_SHAP","all",0.00592636561309714,"TNFRSF11B"
"ENSG00000164761","patient3","XGBoost_SHAP","all",0.00747560037900317,"TNFRSF11B"
"ENSG00000164761","patient5","XGBoost_SHAP","all",0.00695212354369866,"TNFRSF11B"
"ENSG00000164761","patient4","XGBoost_SHAP","all",0.00927486144991294,"TNFRSF11B"
"ENSG00000164761","patient2","XGBoost_SHAP","all",0.00914284679297784,"TNFRSF11B"
"ENSG00000164898","patient5","XGBoost_SHAP","all",0.000985092779303477,"FMC1"
"ENSG00000164924","patient5","XGBoost_SHAP","all",0.0134472575429681,"YWHAZ"
"ENSG00000164932","patient1","XGBoost_SHAP","all",0.00532854427876243,"CTHRC1"
"ENSG00000164932","patient6","XGBoost_SHAP","all",0.0031632607433384,"CTHRC1"
"ENSG00000164932","patient2","XGBoost_SHAP","all",0.00494603269489808,"CTHRC1"
"ENSG00000164932","patient4","XGBoost_SHAP","all",0.00713021307336257,"CTHRC1"
"ENSG00000164932","patient5","XGBoost_SHAP","all",0.0039520467106438,"CTHRC1"
"ENSG00000164932","patient3","XGBoost_SHAP","all",0.00439991309040854,"CTHRC1"
"ENSG00000164949","patient4","XGBoost_SHAP","all",0.000889507643073568,"GEM"
"ENSG00000164949","patient2","XGBoost_SHAP","all",0.000908254513554626,"GEM"
"ENSG00000164949","patient6","XGBoost_SHAP","all",0.00176786461447029,"GEM"
"ENSG00000164949","patient5","XGBoost_SHAP","all",0.00247634874102432,"GEM"
"ENSG00000164949","patient3","XGBoost_SHAP","all",0.00202022747977149,"GEM"
"ENSG00000164949","patient1","XGBoost_SHAP","all",0.00196285614070982,"GEM"
"ENSG00000164985","patient3","XGBoost_SHAP","all",0.00385781382286353,"PSIP1"
"ENSG00000164985","patient6","XGBoost_SHAP","all",0.00315598456269806,"PSIP1"
"ENSG00000164985","patient1","XGBoost_SHAP","all",0.000859728623220397,"PSIP1"
"ENSG00000164985","patient4","XGBoost_SHAP","all",0.0014127961128597,"PSIP1"
"ENSG00000164985","patient5","XGBoost_SHAP","all",0.00226764930985884,"PSIP1"
"ENSG00000164985","patient2","XGBoost_SHAP","all",0.00314585125801261,"PSIP1"
"ENSG00000165092","patient1","XGBoost_SHAP","all",0.0278125080691901,"ALDH1A1"
"ENSG00000165092","patient3","XGBoost_SHAP","all",0.0156443438957773,"ALDH1A1"
"ENSG00000165092","patient5","XGBoost_SHAP","all",0.0108201673830203,"ALDH1A1"
"ENSG00000165092","patient4","XGBoost_SHAP","all",0.0090697481725863,"ALDH1A1"
"ENSG00000165092","patient2","XGBoost_SHAP","all",0.0100760951196354,"ALDH1A1"
"ENSG00000165092","patient6","XGBoost_SHAP","all",0.0146619604225482,"ALDH1A1"
"ENSG00000165168","patient1","XGBoost_SHAP","all",0.0230740095809968,"CYBB"
"ENSG00000165168","patient5","XGBoost_SHAP","all",0.0188700410334851,"CYBB"
"ENSG00000165168","patient2","XGBoost_SHAP","all",0.00740183428282032,"CYBB"
"ENSG00000165168","patient6","XGBoost_SHAP","all",0.0170866352860612,"CYBB"
"ENSG00000165168","patient3","XGBoost_SHAP","all",0.0187685503651711,"CYBB"
"ENSG00000165168","patient4","XGBoost_SHAP","all",0.0234102922057883,"CYBB"
"ENSG00000165169","patient5","XGBoost_SHAP","all",0.00211824303149178,"DYNLT3"
"ENSG00000165169","patient1","XGBoost_SHAP","all",0.00147047220158614,"DYNLT3"
"ENSG00000165169","patient2","XGBoost_SHAP","all",0.00253985443266057,"DYNLT3"
"ENSG00000165169","patient3","XGBoost_SHAP","all",0.0013065380569218,"DYNLT3"
"ENSG00000165169","patient6","XGBoost_SHAP","all",0.00311033523949232,"DYNLT3"
"ENSG00000165169","patient4","XGBoost_SHAP","all",0.000713887212070998,"DYNLT3"
"ENSG00000165264","patient4","XGBoost_SHAP","all",0.000563296950510895,"NDUFB6"
"ENSG00000165264","patient5","XGBoost_SHAP","all",0.00111653900774278,"NDUFB6"
"ENSG00000165264","patient6","XGBoost_SHAP","all",0.0012439707695815,"NDUFB6"
"ENSG00000165264","patient2","XGBoost_SHAP","all",0.00122436705304977,"NDUFB6"
"ENSG00000165264","patient1","XGBoost_SHAP","all",0.00181434279994751,"NDUFB6"
"ENSG00000165264","patient3","XGBoost_SHAP","all",0.001773244771836,"NDUFB6"
"ENSG00000165280","patient4","XGBoost_SHAP","all",0.0040588865275725,"VCP"
"ENSG00000165280","patient1","XGBoost_SHAP","all",0.00507527851222436,"VCP"
"ENSG00000165280","patient3","XGBoost_SHAP","all",0.00128644794978482,"VCP"
"ENSG00000165280","patient5","XGBoost_SHAP","all",0.00176858819950817,"VCP"
"ENSG00000165280","patient2","XGBoost_SHAP","all",0.00250403044828112,"VCP"
"ENSG00000165280","patient6","XGBoost_SHAP","all",0.00277546507525648,"VCP"
"ENSG00000165283","patient5","XGBoost_SHAP","all",0.00317869606801087,"STOML2"
"ENSG00000165389","patient5","XGBoost_SHAP","all",0.000948946572096834,"SPTSSA"
"ENSG00000165389","patient2","XGBoost_SHAP","all",0.000880928954849358,"SPTSSA"
"ENSG00000165389","patient3","XGBoost_SHAP","all",0.00184980474189435,"SPTSSA"
"ENSG00000165389","patient1","XGBoost_SHAP","all",0.00294828028289043,"SPTSSA"
"ENSG00000165389","patient6","XGBoost_SHAP","all",0.00100794234976671,"SPTSSA"
"ENSG00000165389","patient4","XGBoost_SHAP","all",0.00187679096742125,"SPTSSA"
"ENSG00000165410","patient4","XGBoost_SHAP","all",0.0111123532409846,"CFL2"
"ENSG00000165410","patient5","XGBoost_SHAP","all",0.00399614879322387,"CFL2"
"ENSG00000165410","patient6","XGBoost_SHAP","all",0.00315286072945796,"CFL2"
"ENSG00000165410","patient3","XGBoost_SHAP","all",0.00184116099065553,"CFL2"
"ENSG00000165410","patient1","XGBoost_SHAP","all",0.00235473409803241,"CFL2"
"ENSG00000165410","patient2","XGBoost_SHAP","all",0.00298964606334697,"CFL2"
"ENSG00000165416","patient1","XGBoost_SHAP","all",0.00239658012098036,"SUGT1"
"ENSG00000165416","patient2","XGBoost_SHAP","all",0.00048500722762827,"SUGT1"
"ENSG00000165416","patient5","XGBoost_SHAP","all",0.00111242946413221,"SUGT1"
"ENSG00000165416","patient6","XGBoost_SHAP","all",0.00289360163804549,"SUGT1"
"ENSG00000165416","patient3","XGBoost_SHAP","all",0.00140914273936081,"SUGT1"
"ENSG00000165416","patient4","XGBoost_SHAP","all",0.00134323754990572,"SUGT1"
"ENSG00000165457","patient1","XGBoost_SHAP","all",0.0197003437715532,"FOLR2"
"ENSG00000165457","patient2","XGBoost_SHAP","all",0.00528840453413504,"FOLR2"
"ENSG00000165457","patient6","XGBoost_SHAP","all",0.0216422304659138,"FOLR2"
"ENSG00000165457","patient5","XGBoost_SHAP","all",0.0181711952468938,"FOLR2"
"ENSG00000165457","patient4","XGBoost_SHAP","all",0.0159255117183625,"FOLR2"
"ENSG00000165457","patient3","XGBoost_SHAP","all",0.0151031921042331,"FOLR2"
"ENSG00000165476","patient3","XGBoost_SHAP","all",0.0021953369643428,"REEP3"
"ENSG00000165476","patient6","XGBoost_SHAP","all",0.00359742809486874,"REEP3"
"ENSG00000165476","patient1","XGBoost_SHAP","all",0.00193846437919156,"REEP3"
"ENSG00000165476","patient5","XGBoost_SHAP","all",0.00216404554408691,"REEP3"
"ENSG00000165476","patient2","XGBoost_SHAP","all",0.00110359175259629,"REEP3"
"ENSG00000165476","patient4","XGBoost_SHAP","all",0.00937868873393013,"REEP3"
"ENSG00000165507","patient6","XGBoost_SHAP","all",0.00504304194324312,"DEPP1"
"ENSG00000165507","patient4","XGBoost_SHAP","all",0.004670130868522,"DEPP1"
"ENSG00000165507","patient3","XGBoost_SHAP","all",0.00273286072166497,"DEPP1"
"ENSG00000165507","patient2","XGBoost_SHAP","all",0.00531634298202011,"DEPP1"
"ENSG00000165507","patient1","XGBoost_SHAP","all",0.00353062208930226,"DEPP1"
"ENSG00000165507","patient5","XGBoost_SHAP","all",0.00253108374277088,"DEPP1"
"ENSG00000165512","patient2","XGBoost_SHAP","all",0.00309537635634362,"ZNF22"
"ENSG00000165512","patient4","XGBoost_SHAP","all",0.0023239514779513,"ZNF22"
"ENSG00000165512","patient3","XGBoost_SHAP","all",0.00469795469070296,"ZNF22"
"ENSG00000165512","patient1","XGBoost_SHAP","all",0.00233664447921918,"ZNF22"
"ENSG00000165512","patient6","XGBoost_SHAP","all",0.0017758709316331,"ZNF22"
"ENSG00000165512","patient5","XGBoost_SHAP","all",0.00254398689294853,"ZNF22"
"ENSG00000165525","patient6","XGBoost_SHAP","all",0.0016536558606223,"NEMF"
"ENSG00000165525","patient5","XGBoost_SHAP","all",0.00286057045710316,"NEMF"
"ENSG00000165525","patient4","XGBoost_SHAP","all",0.00197106665097091,"NEMF"
"ENSG00000165525","patient1","XGBoost_SHAP","all",0.00519890801138547,"NEMF"
"ENSG00000165525","patient2","XGBoost_SHAP","all",0.00462035418918699,"NEMF"
"ENSG00000165525","patient3","XGBoost_SHAP","all",0.00294405822744704,"NEMF"
"ENSG00000165527","patient3","XGBoost_SHAP","all",0.00287906339681219,"ARF6"
"ENSG00000165527","patient1","XGBoost_SHAP","all",0.00392447669506871,"ARF6"
"ENSG00000165527","patient5","XGBoost_SHAP","all",0.00320244883021515,"ARF6"
"ENSG00000165527","patient6","XGBoost_SHAP","all",0.00383629411409128,"ARF6"
"ENSG00000165527","patient4","XGBoost_SHAP","all",0.00253620691505968,"ARF6"
"ENSG00000165527","patient2","XGBoost_SHAP","all",0.00144258780014724,"ARF6"
"ENSG00000165637","patient1","XGBoost_SHAP","all",0.00286588496674971,"VDAC2"
"ENSG00000165637","patient2","XGBoost_SHAP","all",0.00104965136784936,"VDAC2"
"ENSG00000165655","patient1","XGBoost_SHAP","all",0.0075263739425995,"ZNF503"
"ENSG00000165655","patient5","XGBoost_SHAP","all",0.00668798926044783,"ZNF503"
"ENSG00000165655","patient3","XGBoost_SHAP","all",0.0042583409270121,"ZNF503"
"ENSG00000165655","patient6","XGBoost_SHAP","all",0.00201027380172546,"ZNF503"
"ENSG00000165655","patient2","XGBoost_SHAP","all",0.00633207001621203,"ZNF503"
"ENSG00000165655","patient4","XGBoost_SHAP","all",0.00176361869799199,"ZNF503"
"ENSG00000165669","patient5","XGBoost_SHAP","all",0.00256813032977036,"FAM204A"
"ENSG00000165669","patient3","XGBoost_SHAP","all",0.00239668004597713,"FAM204A"
"ENSG00000165669","patient4","XGBoost_SHAP","all",0.000954902792775119,"FAM204A"
"ENSG00000165669","patient6","XGBoost_SHAP","all",0.00129844435845187,"FAM204A"
"ENSG00000165669","patient2","XGBoost_SHAP","all",0.00165170651491035,"FAM204A"
"ENSG00000165669","patient1","XGBoost_SHAP","all",0.00165856639788598,"FAM204A"
"ENSG00000165672","patient1","XGBoost_SHAP","all",0.00295870502569842,"PRDX3"
"ENSG00000165672","patient3","XGBoost_SHAP","all",0.0016383080170064,"PRDX3"
"ENSG00000165672","patient5","XGBoost_SHAP","all",0.00165194659606521,"PRDX3"
"ENSG00000165672","patient2","XGBoost_SHAP","all",0.00194360511575296,"PRDX3"
"ENSG00000165672","patient6","XGBoost_SHAP","all",0.00224280196391919,"PRDX3"
"ENSG00000165672","patient4","XGBoost_SHAP","all",0.00117782917964059,"PRDX3"
"ENSG00000165678","patient2","XGBoost_SHAP","all",0.00104105220490782,"GHITM"
"ENSG00000165678","patient5","XGBoost_SHAP","all",0.00237329623015585,"GHITM"
"ENSG00000165678","patient6","XGBoost_SHAP","all",0.00202938205020653,"GHITM"
"ENSG00000165678","patient3","XGBoost_SHAP","all",0.00164140698348884,"GHITM"
"ENSG00000165678","patient4","XGBoost_SHAP","all",0.0014252208386133,"GHITM"
"ENSG00000165678","patient1","XGBoost_SHAP","all",0.00174512502542225,"GHITM"
"ENSG00000165732","patient6","XGBoost_SHAP","all",0.00163491411859316,"DDX21"
"ENSG00000165732","patient4","XGBoost_SHAP","all",0.000661574473817789,"DDX21"
"ENSG00000165732","patient1","XGBoost_SHAP","all",0.0013063391072313,"DDX21"
"ENSG00000165732","patient3","XGBoost_SHAP","all",0.0010149820034093,"DDX21"
"ENSG00000165732","patient5","XGBoost_SHAP","all",0.00118610454339975,"DDX21"
"ENSG00000165732","patient2","XGBoost_SHAP","all",0.00113895397885912,"DDX21"
"ENSG00000165775","patient3","XGBoost_SHAP","all",0.00166698557051853,"FUNDC2"
"ENSG00000165775","patient6","XGBoost_SHAP","all",0.00178857745519172,"FUNDC2"
"ENSG00000165775","patient4","XGBoost_SHAP","all",0.00208602271542684,"FUNDC2"
"ENSG00000165775","patient5","XGBoost_SHAP","all",0.00223519011232446,"FUNDC2"
"ENSG00000165775","patient1","XGBoost_SHAP","all",0.00414473654026007,"FUNDC2"
"ENSG00000165775","patient2","XGBoost_SHAP","all",0.0029124825175265,"FUNDC2"
"ENSG00000165795","patient5","XGBoost_SHAP","all",0.0230971568564749,"NDRG2"
"ENSG00000165795","patient4","XGBoost_SHAP","all",0.0117798622314831,"NDRG2"
"ENSG00000165795","patient2","XGBoost_SHAP","all",0.00912002419086896,"NDRG2"
"ENSG00000165795","patient6","XGBoost_SHAP","all",0.011460521113911,"NDRG2"
"ENSG00000165795","patient1","XGBoost_SHAP","all",0.0111115456454116,"NDRG2"
"ENSG00000165795","patient3","XGBoost_SHAP","all",0.0150013800680052,"NDRG2"
"ENSG00000165813","patient2","XGBoost_SHAP","all",0.00217270432458459,"CCDC186"
"ENSG00000165813","patient1","XGBoost_SHAP","all",0.00305544299528502,"CCDC186"
"ENSG00000165813","patient5","XGBoost_SHAP","all",0.00137445827469611,"CCDC186"
"ENSG00000165813","patient6","XGBoost_SHAP","all",0.000969178195492267,"CCDC186"
"ENSG00000165813","patient4","XGBoost_SHAP","all",0.00385574087746273,"CCDC186"
"ENSG00000165813","patient3","XGBoost_SHAP","all",0.00632665036384152,"CCDC186"
"ENSG00000165916","patient4","XGBoost_SHAP","all",0.00148932509747225,"PSMC3"
"ENSG00000165916","patient2","XGBoost_SHAP","all",0.00283381115547435,"PSMC3"
"ENSG00000165916","patient3","XGBoost_SHAP","all",0.00372523527261485,"PSMC3"
"ENSG00000165916","patient5","XGBoost_SHAP","all",0.00121160218102398,"PSMC3"
"ENSG00000165916","patient1","XGBoost_SHAP","all",0.00266646843887554,"PSMC3"
"ENSG00000165916","patient6","XGBoost_SHAP","all",0.00235469675078032,"PSMC3"
"ENSG00000165949","patient3","XGBoost_SHAP","all",0.0917352469595987,"IFI27"
"ENSG00000165949","patient5","XGBoost_SHAP","all",0.128422706304334,"IFI27"
"ENSG00000165949","patient4","XGBoost_SHAP","all",0.0913655502054271,"IFI27"
"ENSG00000165949","patient1","XGBoost_SHAP","all",0.180624212412873,"IFI27"
"ENSG00000165949","patient6","XGBoost_SHAP","all",0.0654004124188235,"IFI27"
"ENSG00000165949","patient2","XGBoost_SHAP","all",0.108540610558216,"IFI27"
"ENSG00000166012","patient4","XGBoost_SHAP","all",0.00309948039586453,"TAF1D"
"ENSG00000166012","patient6","XGBoost_SHAP","all",0.00414606260354734,"TAF1D"
"ENSG00000166012","patient1","XGBoost_SHAP","all",0.0024338749788198,"TAF1D"
"ENSG00000166012","patient2","XGBoost_SHAP","all",0.00152304771581231,"TAF1D"
"ENSG00000166012","patient5","XGBoost_SHAP","all",0.00195369823345752,"TAF1D"
"ENSG00000166012","patient3","XGBoost_SHAP","all",0.00298984740368486,"TAF1D"
"ENSG00000166033","patient5","XGBoost_SHAP","all",0.00285913819502086,"HTRA1"
"ENSG00000166033","patient4","XGBoost_SHAP","all",0.00637724466752131,"HTRA1"
"ENSG00000166033","patient2","XGBoost_SHAP","all",0.00661649346280089,"HTRA1"
"ENSG00000166033","patient6","XGBoost_SHAP","all",0.00310358531727174,"HTRA1"
"ENSG00000166033","patient3","XGBoost_SHAP","all",0.00232655082346475,"HTRA1"
"ENSG00000166033","patient1","XGBoost_SHAP","all",0.00702800193240332,"HTRA1"
"ENSG00000166147","patient4","XGBoost_SHAP","all",0.004072027021685,"FBN1"
"ENSG00000166147","patient6","XGBoost_SHAP","all",0.0092505244466441,"FBN1"
"ENSG00000166147","patient2","XGBoost_SHAP","all",0.00355216643880126,"FBN1"
"ENSG00000166147","patient1","XGBoost_SHAP","all",0.00462132151540628,"FBN1"
"ENSG00000166147","patient3","XGBoost_SHAP","all",0.00245128549668942,"FBN1"
"ENSG00000166147","patient5","XGBoost_SHAP","all",0.0021192972275076,"FBN1"
"ENSG00000166164","patient2","XGBoost_SHAP","all",0.00183490815967071,"BRD7"
"ENSG00000166164","patient4","XGBoost_SHAP","all",0.00338131322669143,"BRD7"
"ENSG00000166164","patient1","XGBoost_SHAP","all",0.00494672862793045,"BRD7"
"ENSG00000166164","patient6","XGBoost_SHAP","all",0.00115876142622592,"BRD7"
"ENSG00000166164","patient3","XGBoost_SHAP","all",0.00145822554626404,"BRD7"
"ENSG00000166164","patient5","XGBoost_SHAP","all",0.00361439043988498,"BRD7"
"ENSG00000166165","patient5","XGBoost_SHAP","all",0.00876453130167382,"CKB"
"ENSG00000166165","patient2","XGBoost_SHAP","all",0.0121028768314974,"CKB"
"ENSG00000166165","patient3","XGBoost_SHAP","all",0.00985889929258246,"CKB"
"ENSG00000166165","patient4","XGBoost_SHAP","all",0.00223728350690361,"CKB"
"ENSG00000166165","patient1","XGBoost_SHAP","all",0.00938067166293967,"CKB"
"ENSG00000166165","patient6","XGBoost_SHAP","all",0.00741078833300588,"CKB"
"ENSG00000166173","patient4","XGBoost_SHAP","all",0.00998276052696103,"LARP6"
"ENSG00000166200","patient5","XGBoost_SHAP","all",0.000979437725557838,"COPS2"
"ENSG00000166200","patient1","XGBoost_SHAP","all",0.0021515601359557,"COPS2"
"ENSG00000166200","patient2","XGBoost_SHAP","all",0.00143138718036067,"COPS2"
"ENSG00000166200","patient6","XGBoost_SHAP","all",0.00253616419565273,"COPS2"
"ENSG00000166200","patient4","XGBoost_SHAP","all",0.000786921344240277,"COPS2"
"ENSG00000166200","patient3","XGBoost_SHAP","all",0.00121185416373922,"COPS2"
"ENSG00000166226","patient3","XGBoost_SHAP","all",0.00432240332853321,"CCT2"
"ENSG00000166226","patient1","XGBoost_SHAP","all",0.00645160122378254,"CCT2"
"ENSG00000166226","patient5","XGBoost_SHAP","all",0.0045214128697365,"CCT2"
"ENSG00000166226","patient2","XGBoost_SHAP","all",0.004074535266104,"CCT2"
"ENSG00000166226","patient4","XGBoost_SHAP","all",0.00231469692277154,"CCT2"
"ENSG00000166226","patient6","XGBoost_SHAP","all",0.00329010548279067,"CCT2"
"ENSG00000166228","patient6","XGBoost_SHAP","all",0.00102371607822587,"PCBD1"
"ENSG00000166228","patient5","XGBoost_SHAP","all",0.000837896792876888,"PCBD1"
"ENSG00000166228","patient3","XGBoost_SHAP","all",0.00245307347846755,"PCBD1"
"ENSG00000166228","patient4","XGBoost_SHAP","all",0.00202523283523502,"PCBD1"
"ENSG00000166228","patient2","XGBoost_SHAP","all",0.00123670244054906,"PCBD1"
"ENSG00000166228","patient1","XGBoost_SHAP","all",0.00199885727128644,"PCBD1"
"ENSG00000166275","patient3","XGBoost_SHAP","all",0.00244686349232245,"BORCS7"
"ENSG00000166275","patient1","XGBoost_SHAP","all",0.0037948787448242,"BORCS7"
"ENSG00000166275","patient6","XGBoost_SHAP","all",0.00331677389037162,"BORCS7"
"ENSG00000166275","patient2","XGBoost_SHAP","all",0.00122192298675629,"BORCS7"
"ENSG00000166275","patient5","XGBoost_SHAP","all",0.00225984552749168,"BORCS7"
"ENSG00000166275","patient4","XGBoost_SHAP","all",0.00219052769685371,"BORCS7"
"ENSG00000166333","patient3","XGBoost_SHAP","all",0.00210958308474805,"ILK"
"ENSG00000166333","patient5","XGBoost_SHAP","all",0.00236848649802172,"ILK"
"ENSG00000166333","patient4","XGBoost_SHAP","all",0.00277696160346809,"ILK"
"ENSG00000166333","patient6","XGBoost_SHAP","all",0.00341888626597694,"ILK"
"ENSG00000166333","patient1","XGBoost_SHAP","all",0.00192583308969051,"ILK"
"ENSG00000166333","patient2","XGBoost_SHAP","all",0.00350424876211734,"ILK"
"ENSG00000166337","patient6","XGBoost_SHAP","all",0.00290546003226692,"TAF10"
"ENSG00000166337","patient2","XGBoost_SHAP","all",0.000779437016216741,"TAF10"
"ENSG00000166337","patient4","XGBoost_SHAP","all",0.00619662866282865,"TAF10"
"ENSG00000166337","patient3","XGBoost_SHAP","all",0.00335349885882407,"TAF10"
"ENSG00000166337","patient5","XGBoost_SHAP","all",0.00184225205695406,"TAF10"
"ENSG00000166337","patient1","XGBoost_SHAP","all",0.00180926597043923,"TAF10"
"ENSG00000166340","patient1","XGBoost_SHAP","all",0.00492362330687328,"TPP1"
"ENSG00000166340","patient3","XGBoost_SHAP","all",0.002002892879611,"TPP1"
"ENSG00000166340","patient5","XGBoost_SHAP","all",0.00629119201468583,"TPP1"
"ENSG00000166340","patient6","XGBoost_SHAP","all",0.00949345024523432,"TPP1"
"ENSG00000166340","patient2","XGBoost_SHAP","all",0.00296902023168639,"TPP1"
"ENSG00000166340","patient4","XGBoost_SHAP","all",0.00582726408010852,"TPP1"
"ENSG00000166347","patient4","XGBoost_SHAP","all",0.0117062226960071,"CYB5A"
"ENSG00000166347","patient5","XGBoost_SHAP","all",0.00678171375915444,"CYB5A"
"ENSG00000166347","patient6","XGBoost_SHAP","all",0.0105803751632361,"CYB5A"
"ENSG00000166347","patient2","XGBoost_SHAP","all",0.00810123363389317,"CYB5A"
"ENSG00000166347","patient1","XGBoost_SHAP","all",0.00616570485356455,"CYB5A"
"ENSG00000166347","patient3","XGBoost_SHAP","all",0.00648769321656203,"CYB5A"
"ENSG00000166398","patient4","XGBoost_SHAP","all",0.0259349231305968,"GARRE1"
"ENSG00000166398","patient3","XGBoost_SHAP","all",0.0337773658958148,"GARRE1"
"ENSG00000166482","patient3","XGBoost_SHAP","all",0.00589994083597162,"MFAP4"
"ENSG00000166482","patient1","XGBoost_SHAP","all",0.00718946403567133,"MFAP4"
"ENSG00000166482","patient2","XGBoost_SHAP","all",0.00985206849858896,"MFAP4"
"ENSG00000166482","patient5","XGBoost_SHAP","all",0.00641018308609513,"MFAP4"
"ENSG00000166482","patient6","XGBoost_SHAP","all",0.00722754218382323,"MFAP4"
"ENSG00000166482","patient4","XGBoost_SHAP","all",0.00384342363900527,"MFAP4"
"ENSG00000166503","patient2","XGBoost_SHAP","all",0.00202267083278804,"HDGFL3"
"ENSG00000166503","patient1","XGBoost_SHAP","all",0.00173173798683852,"HDGFL3"
"ENSG00000166503","patient5","XGBoost_SHAP","all",0.00243237279299482,"HDGFL3"
"ENSG00000166503","patient4","XGBoost_SHAP","all",0.00082146181692012,"HDGFL3"
"ENSG00000166503","patient3","XGBoost_SHAP","all",0.00312112680277085,"HDGFL3"
"ENSG00000166503","patient6","XGBoost_SHAP","all",0.00117954397146668,"HDGFL3"
"ENSG00000166557","patient6","XGBoost_SHAP","all",0.00191703563185307,"TMED3"
"ENSG00000166557","patient2","XGBoost_SHAP","all",0.00120477306247933,"TMED3"
"ENSG00000166557","patient1","XGBoost_SHAP","all",0.000995883437071212,"TMED3"
"ENSG00000166557","patient3","XGBoost_SHAP","all",0.00245722643499869,"TMED3"
"ENSG00000166557","patient5","XGBoost_SHAP","all",0.00261635344280513,"TMED3"
"ENSG00000166557","patient4","XGBoost_SHAP","all",0.00200598097768792,"TMED3"
"ENSG00000166562","patient6","XGBoost_SHAP","all",0.003304918106284,"SEC11C"
"ENSG00000166562","patient2","XGBoost_SHAP","all",0.00358554656227162,"SEC11C"
"ENSG00000166562","patient1","XGBoost_SHAP","all",0.00261639978646115,"SEC11C"
"ENSG00000166562","patient3","XGBoost_SHAP","all",0.00120949898946125,"SEC11C"
"ENSG00000166562","patient4","XGBoost_SHAP","all",0.00392540383802498,"SEC11C"
"ENSG00000166562","patient5","XGBoost_SHAP","all",0.00459432007988045,"SEC11C"
"ENSG00000166592","patient5","XGBoost_SHAP","all",0.002747044231927,"RRAD"
"ENSG00000166592","patient4","XGBoost_SHAP","all",0.00322383654829294,"RRAD"
"ENSG00000166592","patient3","XGBoost_SHAP","all",0.00288300440970004,"RRAD"
"ENSG00000166592","patient1","XGBoost_SHAP","all",0.00450341756640894,"RRAD"
"ENSG00000166592","patient2","XGBoost_SHAP","all",0.00186325149771712,"RRAD"
"ENSG00000166592","patient6","XGBoost_SHAP","all",0.00217898216824152,"RRAD"
"ENSG00000166595","patient6","XGBoost_SHAP","all",0.00340500380632523,"CIAO2B"
"ENSG00000166595","patient4","XGBoost_SHAP","all",0.00215370463367803,"CIAO2B"
"ENSG00000166595","patient1","XGBoost_SHAP","all",0.00170956795854787,"CIAO2B"
"ENSG00000166595","patient2","XGBoost_SHAP","all",0.00110604016042757,"CIAO2B"
"ENSG00000166595","patient5","XGBoost_SHAP","all",0.00427251454626324,"CIAO2B"
"ENSG00000166681","patient4","XGBoost_SHAP","all",0.00139800033171284,"BEX3"
"ENSG00000166681","patient3","XGBoost_SHAP","all",0.00473849030479572,"BEX3"
"ENSG00000166681","patient5","XGBoost_SHAP","all",0.00321198310426675,"BEX3"
"ENSG00000166681","patient6","XGBoost_SHAP","all",0.00214973780357507,"BEX3"
"ENSG00000166681","patient2","XGBoost_SHAP","all",0.00569063240554657,"BEX3"
"ENSG00000166681","patient1","XGBoost_SHAP","all",0.00335588124133991,"BEX3"
"ENSG00000166734","patient4","XGBoost_SHAP","all",0.00203160273790736,"GOLM2"
"ENSG00000166734","patient6","XGBoost_SHAP","all",0.00329957969285599,"GOLM2"
"ENSG00000166734","patient1","XGBoost_SHAP","all",0.00289146849531367,"GOLM2"
"ENSG00000166734","patient3","XGBoost_SHAP","all",0.00172150333907002,"GOLM2"
"ENSG00000166734","patient2","XGBoost_SHAP","all",0.0016412329304718,"GOLM2"
"ENSG00000166734","patient5","XGBoost_SHAP","all",0.00242088015172089,"GOLM2"
"ENSG00000166741","patient1","XGBoost_SHAP","all",0.0145742280633164,"NNMT"
"ENSG00000166741","patient5","XGBoost_SHAP","all",0.0386799982734588,"NNMT"
"ENSG00000166741","patient4","XGBoost_SHAP","all",0.0462751955596649,"NNMT"
"ENSG00000166741","patient6","XGBoost_SHAP","all",0.0359656993564465,"NNMT"
"ENSG00000166741","patient2","XGBoost_SHAP","all",0.0359168504039687,"NNMT"
"ENSG00000166741","patient3","XGBoost_SHAP","all",0.0189694899838865,"NNMT"
"ENSG00000166750","patient4","XGBoost_SHAP","all",0.012747169764818,"SLFN5"
"ENSG00000166848","patient1","XGBoost_SHAP","all",0.00242867472817,"TERF2IP"
"ENSG00000166848","patient2","XGBoost_SHAP","all",0.00280568228942023,"TERF2IP"
"ENSG00000166848","patient5","XGBoost_SHAP","all",0.00105458169465872,"TERF2IP"
"ENSG00000166848","patient6","XGBoost_SHAP","all",0.00113457208882995,"TERF2IP"
"ENSG00000166848","patient3","XGBoost_SHAP","all",0.0011979506848784,"TERF2IP"
"ENSG00000166848","patient4","XGBoost_SHAP","all",0.0016635796049213,"TERF2IP"
"ENSG00000166927","patient2","XGBoost_SHAP","all",0.00232092945024074,"MS4A7"
"ENSG00000166927","patient1","XGBoost_SHAP","all",0.00590270967842423,"MS4A7"
"ENSG00000166927","patient3","XGBoost_SHAP","all",0.013715393401086,"MS4A7"
"ENSG00000166927","patient6","XGBoost_SHAP","all",0.00915007041573631,"MS4A7"
"ENSG00000166927","patient5","XGBoost_SHAP","all",0.0141157586960953,"MS4A7"
"ENSG00000166927","patient4","XGBoost_SHAP","all",0.00870601066110994,"MS4A7"
"ENSG00000166946","patient2","XGBoost_SHAP","all",0.00122432996233814,"CCNDBP1"
"ENSG00000166946","patient5","XGBoost_SHAP","all",0.00127044290715336,"CCNDBP1"
"ENSG00000166946","patient6","XGBoost_SHAP","all",0.000671553736634462,"CCNDBP1"
"ENSG00000166946","patient3","XGBoost_SHAP","all",0.00034576977695117,"CCNDBP1"
"ENSG00000166946","patient1","XGBoost_SHAP","all",0.000182423752660731,"CCNDBP1"
"ENSG00000166946","patient4","XGBoost_SHAP","all",0.00660590711538013,"CCNDBP1"
"ENSG00000167085","patient5","XGBoost_SHAP","all",0.00220481091249894,"PHB1"
"ENSG00000167085","patient1","XGBoost_SHAP","all",0.00591974792455879,"PHB1"
"ENSG00000167085","patient6","XGBoost_SHAP","all",0.00287506197242026,"PHB1"
"ENSG00000167085","patient2","XGBoost_SHAP","all",0.00744949815322625,"PHB1"
"ENSG00000167085","patient3","XGBoost_SHAP","all",0.00257228046054055,"PHB1"
"ENSG00000167085","patient4","XGBoost_SHAP","all",0.00657639623124301,"PHB1"
"ENSG00000167088","patient3","XGBoost_SHAP","all",0.00115021291846158,"SNRPD1"
"ENSG00000167088","patient1","XGBoost_SHAP","all",0.00182671357417229,"SNRPD1"
"ENSG00000167088","patient2","XGBoost_SHAP","all",0.00169773801063336,"SNRPD1"
"ENSG00000167088","patient5","XGBoost_SHAP","all",0.000842815916206466,"SNRPD1"
"ENSG00000167088","patient4","XGBoost_SHAP","all",0.00222023860059441,"SNRPD1"
"ENSG00000167088","patient6","XGBoost_SHAP","all",0.00247556922895089,"SNRPD1"
"ENSG00000167110","patient4","XGBoost_SHAP","all",0.00237359091361835,"GOLGA2"
"ENSG00000167110","patient1","XGBoost_SHAP","all",0.00128933739590625,"GOLGA2"
"ENSG00000167110","patient6","XGBoost_SHAP","all",0.00198171903063187,"GOLGA2"
"ENSG00000167110","patient2","XGBoost_SHAP","all",0.00100572459925993,"GOLGA2"
"ENSG00000167110","patient3","XGBoost_SHAP","all",0.00141726152631118,"GOLGA2"
"ENSG00000167157","patient4","XGBoost_SHAP","all",0.00139726178725516,"PRRX2"
"ENSG00000167397","patient1","XGBoost_SHAP","all",0.00419036154763443,"VKORC1"
"ENSG00000167397","patient3","XGBoost_SHAP","all",0.0112336202612339,"VKORC1"
"ENSG00000167397","patient6","XGBoost_SHAP","all",0.00867523854145938,"VKORC1"
"ENSG00000167397","patient5","XGBoost_SHAP","all",0.00635482615715632,"VKORC1"
"ENSG00000167397","patient4","XGBoost_SHAP","all",0.00341021152042096,"VKORC1"
"ENSG00000167397","patient2","XGBoost_SHAP","all",0.0072826137489444,"VKORC1"
"ENSG00000167470","patient4","XGBoost_SHAP","all",0.00110683804234207,"MIDN"
"ENSG00000167470","patient6","XGBoost_SHAP","all",0.00110709312654915,"MIDN"
"ENSG00000167470","patient2","XGBoost_SHAP","all",0.00190488407823433,"MIDN"
"ENSG00000167470","patient3","XGBoost_SHAP","all",0.00232803824609418,"MIDN"
"ENSG00000167470","patient5","XGBoost_SHAP","all",0.00110529346856113,"MIDN"
"ENSG00000167515","patient2","XGBoost_SHAP","all",0.00473792659492504,"TRAPPC2L"
"ENSG00000167515","patient4","XGBoost_SHAP","all",0.00615814886981642,"TRAPPC2L"
"ENSG00000167515","patient1","XGBoost_SHAP","all",0.00371168403186309,"TRAPPC2L"
"ENSG00000167515","patient6","XGBoost_SHAP","all",0.0056716529418917,"TRAPPC2L"
"ENSG00000167515","patient3","XGBoost_SHAP","all",0.00477049285379815,"TRAPPC2L"
"ENSG00000167515","patient5","XGBoost_SHAP","all",0.00297814789059091,"TRAPPC2L"
"ENSG00000167522","patient1","XGBoost_SHAP","all",0.00331568141396449,"ANKRD11"
"ENSG00000167522","patient6","XGBoost_SHAP","all",0.00277261964735829,"ANKRD11"
"ENSG00000167522","patient5","XGBoost_SHAP","all",0.00783024930542043,"ANKRD11"
"ENSG00000167522","patient3","XGBoost_SHAP","all",0.0059053393570065,"ANKRD11"
"ENSG00000167522","patient4","XGBoost_SHAP","all",0.0049382158699433,"ANKRD11"
"ENSG00000167522","patient2","XGBoost_SHAP","all",0.00547856772717576,"ANKRD11"
"ENSG00000167552","patient4","XGBoost_SHAP","all",0.00546000700104123,"TUBA1A"
"ENSG00000167552","patient3","XGBoost_SHAP","all",0.00787638417407054,"TUBA1A"
"ENSG00000167552","patient6","XGBoost_SHAP","all",0.00673328137913535,"TUBA1A"
"ENSG00000167552","patient1","XGBoost_SHAP","all",0.00986275747919494,"TUBA1A"
"ENSG00000167552","patient5","XGBoost_SHAP","all",0.012241998327321,"TUBA1A"
"ENSG00000167552","patient2","XGBoost_SHAP","all",0.00755893172485358,"TUBA1A"
"ENSG00000167553","patient4","XGBoost_SHAP","all",0.00364412073063118,"TUBA1C"
"ENSG00000167553","patient6","XGBoost_SHAP","all",0.00447338665681066,"TUBA1C"
"ENSG00000167553","patient2","XGBoost_SHAP","all",0.00255400566190293,"TUBA1C"
"ENSG00000167553","patient5","XGBoost_SHAP","all",0.00527059722309963,"TUBA1C"
"ENSG00000167553","patient3","XGBoost_SHAP","all",0.00412427191904864,"TUBA1C"
"ENSG00000167553","patient1","XGBoost_SHAP","all",0.00455667858346965,"TUBA1C"
"ENSG00000167601","patient1","XGBoost_SHAP","all",0.00459845734698809,"AXL"
"ENSG00000167601","patient5","XGBoost_SHAP","all",0.00758431898114414,"AXL"
"ENSG00000167601","patient6","XGBoost_SHAP","all",0.0135613114289077,"AXL"
"ENSG00000167601","patient2","XGBoost_SHAP","all",0.00747236442027223,"AXL"
"ENSG00000167601","patient4","XGBoost_SHAP","all",0.00549147372167564,"AXL"
"ENSG00000167601","patient3","XGBoost_SHAP","all",0.00789389985570144,"AXL"
"ENSG00000167641","patient4","XGBoost_SHAP","all",0.0378598575388929,"PPP1R14A"
"ENSG00000167641","patient6","XGBoost_SHAP","all",0.0428841517595265,"PPP1R14A"
"ENSG00000167641","patient1","XGBoost_SHAP","all",0.0521508227631856,"PPP1R14A"
"ENSG00000167641","patient3","XGBoost_SHAP","all",0.0538234013345278,"PPP1R14A"
"ENSG00000167641","patient2","XGBoost_SHAP","all",0.0418256148121003,"PPP1R14A"
"ENSG00000167641","patient5","XGBoost_SHAP","all",0.0320126580768411,"PPP1R14A"
"ENSG00000167642","patient4","XGBoost_SHAP","all",0.00681323359497776,"SPINT2"
"ENSG00000167642","patient5","XGBoost_SHAP","all",0.00388635703703289,"SPINT2"
"ENSG00000167642","patient6","XGBoost_SHAP","all",0.00929509585888699,"SPINT2"
"ENSG00000167642","patient1","XGBoost_SHAP","all",0.00682850225076818,"SPINT2"
"ENSG00000167642","patient2","XGBoost_SHAP","all",0.00704640531917413,"SPINT2"
"ENSG00000167642","patient3","XGBoost_SHAP","all",0.00310575821047075,"SPINT2"
"ENSG00000167775","patient6","XGBoost_SHAP","all",0.00119723670155782,"CD320"
"ENSG00000167775","patient5","XGBoost_SHAP","all",0.00193673713306335,"CD320"
"ENSG00000167775","patient1","XGBoost_SHAP","all",0.00116304431980643,"CD320"
"ENSG00000167775","patient4","XGBoost_SHAP","all",0.00575286954497647,"CD320"
"ENSG00000167775","patient2","XGBoost_SHAP","all",0.00283014966777894,"CD320"
"ENSG00000167775","patient3","XGBoost_SHAP","all",0.00102368152162698,"CD320"
"ENSG00000167779","patient5","XGBoost_SHAP","all",0.00810767825037013,"IGFBP6"
"ENSG00000167779","patient6","XGBoost_SHAP","all",0.0248925631809333,"IGFBP6"
"ENSG00000167779","patient3","XGBoost_SHAP","all",0.0151823597205137,"IGFBP6"
"ENSG00000167779","patient2","XGBoost_SHAP","all",0.0138371338256836,"IGFBP6"
"ENSG00000167779","patient1","XGBoost_SHAP","all",0.0117920312345632,"IGFBP6"
"ENSG00000167779","patient4","XGBoost_SHAP","all",0.00942048370842604,"IGFBP6"
"ENSG00000167792","patient5","XGBoost_SHAP","all",0.00263663971881758,"NDUFV1"
"ENSG00000167792","patient2","XGBoost_SHAP","all",0.00987600161349907,"NDUFV1"
"ENSG00000167792","patient3","XGBoost_SHAP","all",0.00425196345385063,"NDUFV1"
"ENSG00000167792","patient1","XGBoost_SHAP","all",0.00747950649305099,"NDUFV1"
"ENSG00000167792","patient4","XGBoost_SHAP","all",0.00271226996093087,"NDUFV1"
"ENSG00000167792","patient6","XGBoost_SHAP","all",0.00274924175806772,"NDUFV1"
"ENSG00000167797","patient6","XGBoost_SHAP","all",0.00241295633300308,"CDK2AP2"
"ENSG00000167797","patient1","XGBoost_SHAP","all",0.0012058741726317,"CDK2AP2"
"ENSG00000167797","patient4","XGBoost_SHAP","all",0.00701474383631912,"CDK2AP2"
"ENSG00000167797","patient2","XGBoost_SHAP","all",0.00147041146483448,"CDK2AP2"
"ENSG00000167797","patient5","XGBoost_SHAP","all",0.00217761153203109,"CDK2AP2"
"ENSG00000167797","patient3","XGBoost_SHAP","all",0.000317246484012987,"CDK2AP2"
"ENSG00000167815","patient5","XGBoost_SHAP","all",0.00251253120148192,"PRDX2"
"ENSG00000167815","patient4","XGBoost_SHAP","all",0.00261113403818705,"PRDX2"
"ENSG00000167815","patient2","XGBoost_SHAP","all",0.00188372867145873,"PRDX2"
"ENSG00000167815","patient3","XGBoost_SHAP","all",0.00382769974587963,"PRDX2"
"ENSG00000167815","patient6","XGBoost_SHAP","all",0.00314356391441948,"PRDX2"
"ENSG00000167815","patient1","XGBoost_SHAP","all",0.00261408903657094,"PRDX2"
"ENSG00000168003","patient4","XGBoost_SHAP","all",0.00267106563169358,"SLC3A2"
"ENSG00000168003","patient2","XGBoost_SHAP","all",0.00424165172332162,"SLC3A2"
"ENSG00000168003","patient3","XGBoost_SHAP","all",0.00481898370002436,"SLC3A2"
"ENSG00000168003","patient1","XGBoost_SHAP","all",0.00678474925164215,"SLC3A2"
"ENSG00000168003","patient6","XGBoost_SHAP","all",0.00362135645559505,"SLC3A2"
"ENSG00000168003","patient5","XGBoost_SHAP","all",0.00710969213453046,"SLC3A2"
"ENSG00000168036","patient2","XGBoost_SHAP","all",0.00227484923179404,"CTNNB1"
"ENSG00000168036","patient4","XGBoost_SHAP","all",0.00415114646293655,"CTNNB1"
"ENSG00000168036","patient3","XGBoost_SHAP","all",0.00157167973522035,"CTNNB1"
"ENSG00000168036","patient6","XGBoost_SHAP","all",0.00380430542744817,"CTNNB1"
"ENSG00000168036","patient1","XGBoost_SHAP","all",0.00181449504350832,"CTNNB1"
"ENSG00000168036","patient5","XGBoost_SHAP","all",0.00386229760594388,"CTNNB1"
"ENSG00000168056","patient3","XGBoost_SHAP","all",0.00318084556483772,"LTBP3"
"ENSG00000168056","patient2","XGBoost_SHAP","all",0.00576033045995297,"LTBP3"
"ENSG00000168056","patient1","XGBoost_SHAP","all",0.00895294295523821,"LTBP3"
"ENSG00000168056","patient4","XGBoost_SHAP","all",0.00574464447165894,"LTBP3"
"ENSG00000168056","patient5","XGBoost_SHAP","all",0.00279670600798078,"LTBP3"
"ENSG00000168056","patient6","XGBoost_SHAP","all",0.00574939722859909,"LTBP3"
"ENSG00000168066","patient1","XGBoost_SHAP","all",0.000873577179509722,"SF1"
"ENSG00000168066","patient5","XGBoost_SHAP","all",0.00294833522289375,"SF1"
"ENSG00000168066","patient6","XGBoost_SHAP","all",0.00144271257829799,"SF1"
"ENSG00000168066","patient3","XGBoost_SHAP","all",0.00126440634793534,"SF1"
"ENSG00000168066","patient2","XGBoost_SHAP","all",0.00128587843396145,"SF1"
"ENSG00000168066","patient4","XGBoost_SHAP","all",0.00283013278504403,"SF1"
"ENSG00000168079","patient4","XGBoost_SHAP","all",0.0176963604387571,"SCARA5"
"ENSG00000168090","patient2","XGBoost_SHAP","all",0.00300574207109334,"COPS6"
"ENSG00000168090","patient1","XGBoost_SHAP","all",0.00590860253007881,"COPS6"
"ENSG00000168090","patient4","XGBoost_SHAP","all",0.00095921686697052,"COPS6"
"ENSG00000168090","patient6","XGBoost_SHAP","all",0.00225640586906913,"COPS6"
"ENSG00000168090","patient3","XGBoost_SHAP","all",0.00141665390789966,"COPS6"
"ENSG00000168090","patient5","XGBoost_SHAP","all",0.00388873464752115,"COPS6"
"ENSG00000168140","patient4","XGBoost_SHAP","all",0.00427896343645426,"VASN"
"ENSG00000168140","patient1","XGBoost_SHAP","all",0.00127899470285313,"VASN"
"ENSG00000168140","patient2","XGBoost_SHAP","all",0.00546746865800902,"VASN"
"ENSG00000168140","patient6","XGBoost_SHAP","all",0.00336218135991893,"VASN"
"ENSG00000168140","patient5","XGBoost_SHAP","all",0.00471759761093907,"VASN"
"ENSG00000168140","patient3","XGBoost_SHAP","all",0.00276190604386525,"VASN"
"ENSG00000168172","patient2","XGBoost_SHAP","all",0.0017938799817491,"HOOK3"
"ENSG00000168172","patient4","XGBoost_SHAP","all",0.000706701637033515,"HOOK3"
"ENSG00000168172","patient3","XGBoost_SHAP","all",0.000888164445478943,"HOOK3"
"ENSG00000168172","patient6","XGBoost_SHAP","all",0.00272782819463463,"HOOK3"
"ENSG00000168172","patient5","XGBoost_SHAP","all",0.00130566509330494,"HOOK3"
"ENSG00000168172","patient1","XGBoost_SHAP","all",0.00161063946617893,"HOOK3"
"ENSG00000168209","patient3","XGBoost_SHAP","all",0.0251752798562848,"DDIT4"
"ENSG00000168209","patient5","XGBoost_SHAP","all",0.0154883589245039,"DDIT4"
"ENSG00000168209","patient6","XGBoost_SHAP","all",0.0243075221131859,"DDIT4"
"ENSG00000168209","patient4","XGBoost_SHAP","all",0.0213913031840271,"DDIT4"
"ENSG00000168209","patient2","XGBoost_SHAP","all",0.0149439340309693,"DDIT4"
"ENSG00000168209","patient1","XGBoost_SHAP","all",0.0213507842149571,"DDIT4"
"ENSG00000168214","patient4","XGBoost_SHAP","all",0.0041860050390964,"RBPJ"
"ENSG00000168214","patient3","XGBoost_SHAP","all",0.00249263780997112,"RBPJ"
"ENSG00000168214","patient6","XGBoost_SHAP","all",0.0027415051705454,"RBPJ"
"ENSG00000168214","patient5","XGBoost_SHAP","all",0.00399798854828187,"RBPJ"
"ENSG00000168214","patient2","XGBoost_SHAP","all",0.00347710510635902,"RBPJ"
"ENSG00000168214","patient1","XGBoost_SHAP","all",0.00308698890881529,"RBPJ"
"ENSG00000168259","patient4","XGBoost_SHAP","all",0.00138828623039317,"DNAJC7"
"ENSG00000168259","patient3","XGBoost_SHAP","all",0.00243969404704631,"DNAJC7"
"ENSG00000168259","patient6","XGBoost_SHAP","all",0.000881223301807024,"DNAJC7"
"ENSG00000168259","patient2","XGBoost_SHAP","all",0.00152959478465708,"DNAJC7"
"ENSG00000168259","patient5","XGBoost_SHAP","all",0.0016733138871738,"DNAJC7"
"ENSG00000168264","patient5","XGBoost_SHAP","all",0.000943161658799766,"IRF2BP2"
"ENSG00000168264","patient3","XGBoost_SHAP","all",0.00150536912902801,"IRF2BP2"
"ENSG00000168264","patient4","XGBoost_SHAP","all",0.00142773350007278,"IRF2BP2"
"ENSG00000168264","patient1","XGBoost_SHAP","all",0.00236110045562111,"IRF2BP2"
"ENSG00000168264","patient2","XGBoost_SHAP","all",0.000998930670358303,"IRF2BP2"
"ENSG00000168264","patient6","XGBoost_SHAP","all",0.00159716224197837,"IRF2BP2"
"ENSG00000168288","patient4","XGBoost_SHAP","all",0.00147618722684459,"MMADHC"
"ENSG00000168288","patient1","XGBoost_SHAP","all",0.00268529488984377,"MMADHC"
"ENSG00000168288","patient2","XGBoost_SHAP","all",0.00395553991094419,"MMADHC"
"ENSG00000168288","patient3","XGBoost_SHAP","all",0.0034530770299801,"MMADHC"
"ENSG00000168288","patient6","XGBoost_SHAP","all",0.00170652595504725,"MMADHC"
"ENSG00000168288","patient5","XGBoost_SHAP","all",0.00179608230016917,"MMADHC"
"ENSG00000168291","patient1","XGBoost_SHAP","all",0.004919807025177,"PDHB"
"ENSG00000168291","patient4","XGBoost_SHAP","all",0.0122627612593565,"PDHB"
"ENSG00000168291","patient3","XGBoost_SHAP","all",0.00246889990768313,"PDHB"
"ENSG00000168291","patient2","XGBoost_SHAP","all",0.00164446787500065,"PDHB"
"ENSG00000168291","patient6","XGBoost_SHAP","all",0.0040359280718766,"PDHB"
"ENSG00000168291","patient5","XGBoost_SHAP","all",0.00223863083168089,"PDHB"
"ENSG00000168298","patient1","XGBoost_SHAP","all",0.00192290195819197,"H1-4"
"ENSG00000168298","patient3","XGBoost_SHAP","all",0.00481171770780448,"H1-4"
"ENSG00000168298","patient4","XGBoost_SHAP","all",0.000901183612396062,"H1-4"
"ENSG00000168298","patient2","XGBoost_SHAP","all",0.0005459270645743,"H1-4"
"ENSG00000168300","patient6","XGBoost_SHAP","all",0.0052281682672996,"PCMTD1"
"ENSG00000168300","patient5","XGBoost_SHAP","all",0.00377386527711857,"PCMTD1"
"ENSG00000168300","patient2","XGBoost_SHAP","all",0.00205082760093501,"PCMTD1"
"ENSG00000168300","patient1","XGBoost_SHAP","all",0.00773451046712412,"PCMTD1"
"ENSG00000168300","patient4","XGBoost_SHAP","all",0.00429407465194533,"PCMTD1"
"ENSG00000168300","patient3","XGBoost_SHAP","all",0.0021961497091764,"PCMTD1"
"ENSG00000168374","patient5","XGBoost_SHAP","all",0.00211339632995382,"ARF4"
"ENSG00000168374","patient2","XGBoost_SHAP","all",0.00397137984101405,"ARF4"
"ENSG00000168374","patient1","XGBoost_SHAP","all",0.00206205068963119,"ARF4"
"ENSG00000168374","patient3","XGBoost_SHAP","all",0.0024565400473123,"ARF4"
"ENSG00000168374","patient4","XGBoost_SHAP","all",0.00230088668630072,"ARF4"
"ENSG00000168374","patient6","XGBoost_SHAP","all",0.00311716164602745,"ARF4"
"ENSG00000168386","patient4","XGBoost_SHAP","all",0.0255937949511483,"FILIP1L"
"ENSG00000168386","patient1","XGBoost_SHAP","all",0.0223674938353801,"FILIP1L"
"ENSG00000168386","patient6","XGBoost_SHAP","all",0.0200620511191866,"FILIP1L"
"ENSG00000168386","patient3","XGBoost_SHAP","all",0.0143051033502628,"FILIP1L"
"ENSG00000168386","patient5","XGBoost_SHAP","all",0.0226447149830623,"FILIP1L"
"ENSG00000168386","patient2","XGBoost_SHAP","all",0.0216536472521511,"FILIP1L"
"ENSG00000168461","patient2","XGBoost_SHAP","all",0.0206511296498164,"RAB31"
"ENSG00000168461","patient1","XGBoost_SHAP","all",0.0268663603619576,"RAB31"
"ENSG00000168461","patient5","XGBoost_SHAP","all",0.0250626924170795,"RAB31"
"ENSG00000168461","patient4","XGBoost_SHAP","all",0.0206104292296787,"RAB31"
"ENSG00000168461","patient6","XGBoost_SHAP","all",0.0268652325466807,"RAB31"
"ENSG00000168461","patient3","XGBoost_SHAP","all",0.0169192393255809,"RAB31"
"ENSG00000168477","patient6","XGBoost_SHAP","all",0.00171761748244538,"TNXB"
"ENSG00000168477","patient4","XGBoost_SHAP","all",0.00127459948582929,"TNXB"
"ENSG00000168477","patient2","XGBoost_SHAP","all",0.00034830409336567,"TNXB"
"ENSG00000168477","patient3","XGBoost_SHAP","all",0.00240640338463772,"TNXB"
"ENSG00000168477","patient1","XGBoost_SHAP","all",0.00048151986201144,"TNXB"
"ENSG00000168497","patient2","XGBoost_SHAP","all",0.00895211772378425,"CAVIN2"
"ENSG00000168497","patient6","XGBoost_SHAP","all",0.00760246907647166,"CAVIN2"
"ENSG00000168497","patient5","XGBoost_SHAP","all",0.0191564634070212,"CAVIN2"
"ENSG00000168497","patient1","XGBoost_SHAP","all",0.0116754426222642,"CAVIN2"
"ENSG00000168497","patient3","XGBoost_SHAP","all",0.016456033976688,"CAVIN2"
"ENSG00000168497","patient4","XGBoost_SHAP","all",0.0076964476893456,"CAVIN2"
"ENSG00000168542","patient6","XGBoost_SHAP","all",0.00636699786580309,"COL3A1"
"ENSG00000168542","patient3","XGBoost_SHAP","all",0.00490864301351164,"COL3A1"
"ENSG00000168542","patient2","XGBoost_SHAP","all",0.00685250480040155,"COL3A1"
"ENSG00000168542","patient4","XGBoost_SHAP","all",0.008188789589439,"COL3A1"
"ENSG00000168542","patient1","XGBoost_SHAP","all",0.00641390353377922,"COL3A1"
"ENSG00000168542","patient5","XGBoost_SHAP","all",0.00885418736730458,"COL3A1"
"ENSG00000168610","patient3","XGBoost_SHAP","all",0.00045885704416832,"STAT3"
"ENSG00000168610","patient4","XGBoost_SHAP","all",0.000956833430599087,"STAT3"
"ENSG00000168610","patient5","XGBoost_SHAP","all",0.000958324634946626,"STAT3"
"ENSG00000168610","patient2","XGBoost_SHAP","all",0.00107589224401694,"STAT3"
"ENSG00000168610","patient6","XGBoost_SHAP","all",0.00133123549305913,"STAT3"
"ENSG00000168610","patient1","XGBoost_SHAP","all",0.0016185131781798,"STAT3"
"ENSG00000168615","patient4","XGBoost_SHAP","all",0.00136812470698831,"ADAM9"
"ENSG00000168615","patient2","XGBoost_SHAP","all",0.00251040837972322,"ADAM9"
"ENSG00000168615","patient6","XGBoost_SHAP","all",0.00238798629705106,"ADAM9"
"ENSG00000168615","patient5","XGBoost_SHAP","all",0.00160293790727641,"ADAM9"
"ENSG00000168615","patient3","XGBoost_SHAP","all",0.000447487349752316,"ADAM9"
"ENSG00000168701","patient5","XGBoost_SHAP","all",0.00443205683388102,"TMEM208"
"ENSG00000168701","patient4","XGBoost_SHAP","all",0.00168722386148639,"TMEM208"
"ENSG00000168701","patient1","XGBoost_SHAP","all",0.00192293097209402,"TMEM208"
"ENSG00000168701","patient6","XGBoost_SHAP","all",0.00590410833564974,"TMEM208"
"ENSG00000168701","patient2","XGBoost_SHAP","all",0.00426099363014323,"TMEM208"
"ENSG00000168701","patient3","XGBoost_SHAP","all",0.00229983376595066,"TMEM208"
"ENSG00000168710","patient2","XGBoost_SHAP","all",0.00368592001956496,"AHCYL1"
"ENSG00000168710","patient5","XGBoost_SHAP","all",0.00519603429498667,"AHCYL1"
"ENSG00000168710","patient1","XGBoost_SHAP","all",0.00280782409242904,"AHCYL1"
"ENSG00000168710","patient4","XGBoost_SHAP","all",0.00385566209865277,"AHCYL1"
"ENSG00000168710","patient6","XGBoost_SHAP","all",0.00280045584516809,"AHCYL1"
"ENSG00000168710","patient3","XGBoost_SHAP","all",0.00632212964651976,"AHCYL1"
"ENSG00000168724","patient6","XGBoost_SHAP","all",0.00401035209952534,"DNAJC21"
"ENSG00000168724","patient4","XGBoost_SHAP","all",0.00115237781985132,"DNAJC21"
"ENSG00000168724","patient3","XGBoost_SHAP","all",0.00158569474302808,"DNAJC21"
"ENSG00000168724","patient1","XGBoost_SHAP","all",0.00341001478616389,"DNAJC21"
"ENSG00000168724","patient5","XGBoost_SHAP","all",0.00399793991339299,"DNAJC21"
"ENSG00000168724","patient2","XGBoost_SHAP","all",0.00254357139205721,"DNAJC21"
"ENSG00000168734","patient6","XGBoost_SHAP","all",0.00214662540340941,"PKIG"
"ENSG00000168734","patient3","XGBoost_SHAP","all",0.00227063838001419,"PKIG"
"ENSG00000168734","patient5","XGBoost_SHAP","all",0.00250845415981162,"PKIG"
"ENSG00000168734","patient2","XGBoost_SHAP","all",0.00316979797865573,"PKIG"
"ENSG00000168734","patient1","XGBoost_SHAP","all",0.00501479305129885,"PKIG"
"ENSG00000168734","patient4","XGBoost_SHAP","all",0.00176380673251154,"PKIG"
"ENSG00000168894","patient1","XGBoost_SHAP","all",0.0115348464325528,"RNF181"
"ENSG00000168894","patient5","XGBoost_SHAP","all",0.00394418058039751,"RNF181"
"ENSG00000168894","patient6","XGBoost_SHAP","all",0.00365787112189546,"RNF181"
"ENSG00000168894","patient4","XGBoost_SHAP","all",0.00345078548289703,"RNF181"
"ENSG00000168894","patient2","XGBoost_SHAP","all",0.00224454208899864,"RNF181"
"ENSG00000168894","patient3","XGBoost_SHAP","all",0.00214756003340395,"RNF181"
"ENSG00000168899","patient3","XGBoost_SHAP","all",0.00242872320199367,"VAMP5"
"ENSG00000168899","patient4","XGBoost_SHAP","all",0.00371052568910402,"VAMP5"
"ENSG00000168899","patient6","XGBoost_SHAP","all",0.00639564031031799,"VAMP5"
"ENSG00000168899","patient5","XGBoost_SHAP","all",0.003885533122877,"VAMP5"
"ENSG00000168899","patient2","XGBoost_SHAP","all",0.00159964869187268,"VAMP5"
"ENSG00000168899","patient1","XGBoost_SHAP","all",0.00246583229838565,"VAMP5"
"ENSG00000168906","patient4","XGBoost_SHAP","all",0.00383379090765013,"MAT2A"
"ENSG00000168938","patient6","XGBoost_SHAP","all",0.0293604907588732,"PPIC"
"ENSG00000168938","patient2","XGBoost_SHAP","all",0.0469697050067064,"PPIC"
"ENSG00000168938","patient1","XGBoost_SHAP","all",0.0318538484208405,"PPIC"
"ENSG00000168938","patient4","XGBoost_SHAP","all",0.0433453678216718,"PPIC"
"ENSG00000168938","patient5","XGBoost_SHAP","all",0.0276525033632676,"PPIC"
"ENSG00000168938","patient3","XGBoost_SHAP","all",0.0357888563070441,"PPIC"
"ENSG00000168994","patient5","XGBoost_SHAP","all",0.00339405234349885,"PXDC1"
"ENSG00000168994","patient4","XGBoost_SHAP","all",0.00222997827115857,"PXDC1"
"ENSG00000168994","patient2","XGBoost_SHAP","all",0.00338501320910168,"PXDC1"
"ENSG00000168994","patient1","XGBoost_SHAP","all",0.00644247121479508,"PXDC1"
"ENSG00000168994","patient3","XGBoost_SHAP","all",0.00704540377269826,"PXDC1"
"ENSG00000168994","patient6","XGBoost_SHAP","all",0.00591981011177479,"PXDC1"
"ENSG00000169021","patient2","XGBoost_SHAP","all",0.00322639347550159,"UQCRFS1"
"ENSG00000169021","patient3","XGBoost_SHAP","all",0.00286274630108115,"UQCRFS1"
"ENSG00000169021","patient6","XGBoost_SHAP","all",0.0019866816002153,"UQCRFS1"
"ENSG00000169021","patient4","XGBoost_SHAP","all",0.00193572057142651,"UQCRFS1"
"ENSG00000169021","patient5","XGBoost_SHAP","all",0.0041824072299994,"UQCRFS1"
"ENSG00000169021","patient1","XGBoost_SHAP","all",0.000766522918584125,"UQCRFS1"
"ENSG00000169045","patient2","XGBoost_SHAP","all",0.00442174955316423,"HNRNPH1"
"ENSG00000169045","patient5","XGBoost_SHAP","all",0.00918523681724398,"HNRNPH1"
"ENSG00000169045","patient1","XGBoost_SHAP","all",0.00799642870667686,"HNRNPH1"
"ENSG00000169045","patient4","XGBoost_SHAP","all",0.00867443286960991,"HNRNPH1"
"ENSG00000169045","patient6","XGBoost_SHAP","all",0.00536013396957211,"HNRNPH1"
"ENSG00000169045","patient3","XGBoost_SHAP","all",0.0100547170623417,"HNRNPH1"
"ENSG00000169062","patient1","XGBoost_SHAP","all",0.00345566929091354,"UPF3A"
"ENSG00000169062","patient5","XGBoost_SHAP","all",0.0093831315966805,"UPF3A"
"ENSG00000169062","patient6","XGBoost_SHAP","all",0.00458311048077011,"UPF3A"
"ENSG00000169062","patient3","XGBoost_SHAP","all",0.00500657925143162,"UPF3A"
"ENSG00000169062","patient4","XGBoost_SHAP","all",0.00351822921110395,"UPF3A"
"ENSG00000169062","patient2","XGBoost_SHAP","all",0.00730628500814951,"UPF3A"
"ENSG00000169139","patient6","XGBoost_SHAP","all",0.00120114800981086,"UBE2V2"
"ENSG00000169139","patient5","XGBoost_SHAP","all",0.00170678626179624,"UBE2V2"
"ENSG00000169139","patient1","XGBoost_SHAP","all",0.00269961978198756,"UBE2V2"
"ENSG00000169139","patient3","XGBoost_SHAP","all",0.000680601792812612,"UBE2V2"
"ENSG00000169139","patient2","XGBoost_SHAP","all",0.00204136040523369,"UBE2V2"
"ENSG00000169223","patient5","XGBoost_SHAP","all",0.00199320587903274,"LMAN2"
"ENSG00000169223","patient3","XGBoost_SHAP","all",0.00293208517446461,"LMAN2"
"ENSG00000169223","patient6","XGBoost_SHAP","all",0.00163488909240059,"LMAN2"
"ENSG00000169223","patient4","XGBoost_SHAP","all",0.000852621364760162,"LMAN2"
"ENSG00000169223","patient2","XGBoost_SHAP","all",0.00548530106769999,"LMAN2"
"ENSG00000169223","patient1","XGBoost_SHAP","all",0.00316970809476514,"LMAN2"
"ENSG00000169230","patient1","XGBoost_SHAP","all",0.00304464318904557,"PRELID1"
"ENSG00000169230","patient6","XGBoost_SHAP","all",0.00193809456101188,"PRELID1"
"ENSG00000169230","patient3","XGBoost_SHAP","all",0.00134093130604255,"PRELID1"
"ENSG00000169230","patient4","XGBoost_SHAP","all",0.00134254813468256,"PRELID1"
"ENSG00000169230","patient2","XGBoost_SHAP","all",0.00125561520152525,"PRELID1"
"ENSG00000169230","patient5","XGBoost_SHAP","all",0.00200109214114852,"PRELID1"
"ENSG00000169398","patient3","XGBoost_SHAP","all",0.00850030614165445,"PTK2"
"ENSG00000169398","patient5","XGBoost_SHAP","all",0.00639667041646006,"PTK2"
"ENSG00000169398","patient4","XGBoost_SHAP","all",0.00490730547865815,"PTK2"
"ENSG00000169398","patient1","XGBoost_SHAP","all",0.00619144159647754,"PTK2"
"ENSG00000169398","patient2","XGBoost_SHAP","all",0.00658110261105687,"PTK2"
"ENSG00000169398","patient6","XGBoost_SHAP","all",0.0106834101410565,"PTK2"
"ENSG00000169413","patient6","XGBoost_SHAP","all",0.00102145061715203,"RNASE6"
"ENSG00000169413","patient3","XGBoost_SHAP","all",0.000379491284652953,"RNASE6"
"ENSG00000169413","patient1","XGBoost_SHAP","all",0.00068031550904439,"RNASE6"
"ENSG00000169413","patient5","XGBoost_SHAP","all",0.00201682704647523,"RNASE6"
"ENSG00000169429","patient5","XGBoost_SHAP","all",0.0115114744517903,"CXCL8"
"ENSG00000169429","patient3","XGBoost_SHAP","all",0.00525584091988256,"CXCL8"
"ENSG00000169429","patient1","XGBoost_SHAP","all",0.0120009851381957,"CXCL8"
"ENSG00000169439","patient2","XGBoost_SHAP","all",0.00369678341216295,"SDC2"
"ENSG00000169439","patient6","XGBoost_SHAP","all",0.00594931028063483,"SDC2"
"ENSG00000169439","patient4","XGBoost_SHAP","all",0.00904087278610297,"SDC2"
"ENSG00000169439","patient3","XGBoost_SHAP","all",0.0061242285607162,"SDC2"
"ENSG00000169439","patient1","XGBoost_SHAP","all",0.00581671122622476,"SDC2"
"ENSG00000169439","patient5","XGBoost_SHAP","all",0.00905796900290884,"SDC2"
"ENSG00000169504","patient2","XGBoost_SHAP","all",0.00337209563908346,"CLIC4"
"ENSG00000169504","patient3","XGBoost_SHAP","all",0.00300985178274469,"CLIC4"
"ENSG00000169504","patient4","XGBoost_SHAP","all",0.00379870420035146,"CLIC4"
"ENSG00000169504","patient5","XGBoost_SHAP","all",0.00487871365587441,"CLIC4"
"ENSG00000169504","patient1","XGBoost_SHAP","all",0.00192317748553983,"CLIC4"
"ENSG00000169504","patient6","XGBoost_SHAP","all",0.00346560147360323,"CLIC4"
"ENSG00000169554","patient4","XGBoost_SHAP","all",0.0190981853110717,"ZEB2"
"ENSG00000169554","patient3","XGBoost_SHAP","all",0.0110455790149266,"ZEB2"
"ENSG00000169554","patient1","XGBoost_SHAP","all",0.0163019467500669,"ZEB2"
"ENSG00000169554","patient6","XGBoost_SHAP","all",0.0107752986877782,"ZEB2"
"ENSG00000169554","patient2","XGBoost_SHAP","all",0.0143227436063454,"ZEB2"
"ENSG00000169554","patient5","XGBoost_SHAP","all",0.00848234872084139,"ZEB2"
"ENSG00000169604","patient5","XGBoost_SHAP","all",0.00144314804902691,"ANTXR1"
"ENSG00000169604","patient6","XGBoost_SHAP","all",0.000738963268757267,"ANTXR1"
"ENSG00000169604","patient1","XGBoost_SHAP","all",0.00202510239135152,"ANTXR1"
"ENSG00000169604","patient3","XGBoost_SHAP","all",0.00300058043364693,"ANTXR1"
"ENSG00000169604","patient4","XGBoost_SHAP","all",0.000762726329391031,"ANTXR1"
"ENSG00000169604","patient2","XGBoost_SHAP","all",0.00189132641853214,"ANTXR1"
"ENSG00000169641","patient4","XGBoost_SHAP","all",0.00320007348941062,"LUZP1"
"ENSG00000169641","patient3","XGBoost_SHAP","all",0.00650436909839264,"LUZP1"
"ENSG00000169641","patient6","XGBoost_SHAP","all",0.00410785316166714,"LUZP1"
"ENSG00000169641","patient1","XGBoost_SHAP","all",0.00523501523659491,"LUZP1"
"ENSG00000169641","patient2","XGBoost_SHAP","all",0.00370013179388948,"LUZP1"
"ENSG00000169689","patient5","XGBoost_SHAP","all",0.00433628920074312,"CENPX"
"ENSG00000169689","patient2","XGBoost_SHAP","all",0.00177852873735835,"CENPX"
"ENSG00000169689","patient3","XGBoost_SHAP","all",0.00644930621806325,"CENPX"
"ENSG00000169689","patient1","XGBoost_SHAP","all",0.0050035670708589,"CENPX"
"ENSG00000169689","patient6","XGBoost_SHAP","all",0.00541058893015817,"CENPX"
"ENSG00000169689","patient4","XGBoost_SHAP","all",0.00379885341558187,"CENPX"
"ENSG00000169715","patient1","XGBoost_SHAP","all",0.00411290362768592,"MT1E"
"ENSG00000169715","patient6","XGBoost_SHAP","all",0.00794781025865723,"MT1E"
"ENSG00000169715","patient3","XGBoost_SHAP","all",0.00482813881503173,"MT1E"
"ENSG00000169715","patient4","XGBoost_SHAP","all",0.00847739309738952,"MT1E"
"ENSG00000169715","patient5","XGBoost_SHAP","all",0.00746542747273611,"MT1E"
"ENSG00000169715","patient2","XGBoost_SHAP","all",0.00513048485319231,"MT1E"
"ENSG00000169738","patient1","XGBoost_SHAP","all",0.00260865089428266,"DCXR"
"ENSG00000169738","patient4","XGBoost_SHAP","all",0.00349305294245644,"DCXR"
"ENSG00000169738","patient5","XGBoost_SHAP","all",0.00208334140713722,"DCXR"
"ENSG00000169738","patient3","XGBoost_SHAP","all",0.0029279070872087,"DCXR"
"ENSG00000169738","patient6","XGBoost_SHAP","all",0.00163915987339499,"DCXR"
"ENSG00000169738","patient2","XGBoost_SHAP","all",0.00144325256180428,"DCXR"
"ENSG00000169756","patient2","XGBoost_SHAP","all",0.002623759266562,"LIMS1"
"ENSG00000169756","patient1","XGBoost_SHAP","all",0.00518549370684307,"LIMS1"
"ENSG00000169756","patient6","XGBoost_SHAP","all",0.00366829968303742,"LIMS1"
"ENSG00000169756","patient5","XGBoost_SHAP","all",0.00522574256038723,"LIMS1"
"ENSG00000169756","patient4","XGBoost_SHAP","all",0.00698780624022977,"LIMS1"
"ENSG00000169756","patient3","XGBoost_SHAP","all",0.00223858318779759,"LIMS1"
"ENSG00000169764","patient1","XGBoost_SHAP","all",0.00358605438392586,"UGP2"
"ENSG00000169764","patient3","XGBoost_SHAP","all",0.0069455087752714,"UGP2"
"ENSG00000169764","patient4","XGBoost_SHAP","all",0.00542880252803067,"UGP2"
"ENSG00000169764","patient6","XGBoost_SHAP","all",0.00247037617841295,"UGP2"
"ENSG00000169764","patient5","XGBoost_SHAP","all",0.00100900442990073,"UGP2"
"ENSG00000169764","patient2","XGBoost_SHAP","all",0.0108752072211455,"UGP2"
"ENSG00000169813","patient5","XGBoost_SHAP","all",0.00678552813318546,"HNRNPF"
"ENSG00000169813","patient6","XGBoost_SHAP","all",0.00161405410196448,"HNRNPF"
"ENSG00000169813","patient3","XGBoost_SHAP","all",0.00318654987902549,"HNRNPF"
"ENSG00000169813","patient1","XGBoost_SHAP","all",0.00227633193492458,"HNRNPF"
"ENSG00000169813","patient4","XGBoost_SHAP","all",0.00200582890559174,"HNRNPF"
"ENSG00000169813","patient2","XGBoost_SHAP","all",0.00356847070716077,"HNRNPF"
"ENSG00000169851","patient5","XGBoost_SHAP","all",0.00825097671302942,"PCDH7"
"ENSG00000169851","patient3","XGBoost_SHAP","all",0.0100101286662504,"PCDH7"
"ENSG00000169851","patient4","XGBoost_SHAP","all",0.00843699298320503,"PCDH7"
"ENSG00000169851","patient6","XGBoost_SHAP","all",0.00870044953586499,"PCDH7"
"ENSG00000169851","patient2","XGBoost_SHAP","all",0.0091437502212709,"PCDH7"
"ENSG00000169851","patient1","XGBoost_SHAP","all",0.0124200968599986,"PCDH7"
"ENSG00000169895","patient1","XGBoost_SHAP","all",0.00134938967992962,"SYAP1"
"ENSG00000169895","patient5","XGBoost_SHAP","all",0.00105312827893867,"SYAP1"
"ENSG00000169895","patient4","XGBoost_SHAP","all",0.00100900197842564,"SYAP1"
"ENSG00000169895","patient6","XGBoost_SHAP","all",0.00125395092003903,"SYAP1"
"ENSG00000169895","patient2","XGBoost_SHAP","all",0.000870787418716783,"SYAP1"
"ENSG00000169895","patient3","XGBoost_SHAP","all",0.000783129635644317,"SYAP1"
"ENSG00000169908","patient3","XGBoost_SHAP","all",0.00705269685478291,"TM4SF1"
"ENSG00000169908","patient1","XGBoost_SHAP","all",0.01364411110264,"TM4SF1"
"ENSG00000169908","patient2","XGBoost_SHAP","all",0.0108024501724213,"TM4SF1"
"ENSG00000169908","patient6","XGBoost_SHAP","all",0.0101839672264583,"TM4SF1"
"ENSG00000169908","patient5","XGBoost_SHAP","all",0.008379564107049,"TM4SF1"
"ENSG00000169908","patient4","XGBoost_SHAP","all",0.00905497673182979,"TM4SF1"
"ENSG00000169926","patient1","XGBoost_SHAP","all",0.00110426525387049,"KLF13"
"ENSG00000169926","patient4","XGBoost_SHAP","all",0.0026580575878446,"KLF13"
"ENSG00000169967","patient3","XGBoost_SHAP","all",0.00142427451928362,"MAP3K2"
"ENSG00000169967","patient4","XGBoost_SHAP","all",0.00140835764421958,"MAP3K2"
"ENSG00000169976","patient3","XGBoost_SHAP","all",0.00165051476827768,"SF3B5"
"ENSG00000169976","patient2","XGBoost_SHAP","all",0.00154336279080721,"SF3B5"
"ENSG00000169976","patient4","XGBoost_SHAP","all",0.00127277847119331,"SF3B5"
"ENSG00000169976","patient5","XGBoost_SHAP","all",0.00146560351799295,"SF3B5"
"ENSG00000169976","patient6","XGBoost_SHAP","all",0.00154909836384102,"SF3B5"
"ENSG00000169976","patient1","XGBoost_SHAP","all",0.00159005706151404,"SF3B5"
"ENSG00000170017","patient6","XGBoost_SHAP","all",0.0139778703657235,"ALCAM"
"ENSG00000170017","patient5","XGBoost_SHAP","all",0.0164397223402251,"ALCAM"
"ENSG00000170017","patient2","XGBoost_SHAP","all",0.0121423820599923,"ALCAM"
"ENSG00000170017","patient1","XGBoost_SHAP","all",0.01360182471974,"ALCAM"
"ENSG00000170017","patient3","XGBoost_SHAP","all",0.00897457950667973,"ALCAM"
"ENSG00000170017","patient4","XGBoost_SHAP","all",0.00874579203642245,"ALCAM"
"ENSG00000170035","patient5","XGBoost_SHAP","all",0.00187036359802946,"UBE2E3"
"ENSG00000170035","patient1","XGBoost_SHAP","all",0.00146678723122143,"UBE2E3"
"ENSG00000170035","patient6","XGBoost_SHAP","all",0.00403050194035315,"UBE2E3"
"ENSG00000170035","patient2","XGBoost_SHAP","all",0.00346048380201686,"UBE2E3"
"ENSG00000170043","patient1","XGBoost_SHAP","all",0.00103635198176865,"TRAPPC1"
"ENSG00000170043","patient5","XGBoost_SHAP","all",0.00299023038066911,"TRAPPC1"
"ENSG00000170043","patient4","XGBoost_SHAP","all",0.00240810790812432,"TRAPPC1"
"ENSG00000170043","patient2","XGBoost_SHAP","all",0.0019879061158101,"TRAPPC1"
"ENSG00000170043","patient3","XGBoost_SHAP","all",0.00165399358390157,"TRAPPC1"
"ENSG00000170043","patient6","XGBoost_SHAP","all",0.0033243219824812,"TRAPPC1"
"ENSG00000170248","patient2","XGBoost_SHAP","all",0.00107259010525435,"PDCD6IP"
"ENSG00000170248","patient4","XGBoost_SHAP","all",0.00141043363142187,"PDCD6IP"
"ENSG00000170248","patient5","XGBoost_SHAP","all",0.00322627928994489,"PDCD6IP"
"ENSG00000170248","patient6","XGBoost_SHAP","all",0.00139625219215608,"PDCD6IP"
"ENSG00000170248","patient1","XGBoost_SHAP","all",0.00453995816745436,"PDCD6IP"
"ENSG00000170248","patient3","XGBoost_SHAP","all",0.00170458885395542,"PDCD6IP"
"ENSG00000170275","patient6","XGBoost_SHAP","all",0.0067629990453476,"CRTAP"
"ENSG00000170275","patient2","XGBoost_SHAP","all",0.0100446708219545,"CRTAP"
"ENSG00000170275","patient1","XGBoost_SHAP","all",0.00907586901087653,"CRTAP"
"ENSG00000170275","patient4","XGBoost_SHAP","all",0.00641577977274696,"CRTAP"
"ENSG00000170275","patient5","XGBoost_SHAP","all",0.0172168493377713,"CRTAP"
"ENSG00000170275","patient3","XGBoost_SHAP","all",0.00426973375609023,"CRTAP"
"ENSG00000170323","patient6","XGBoost_SHAP","all",0.060066197937582,"FABP4"
"ENSG00000170323","patient2","XGBoost_SHAP","all",0.0535857620710496,"FABP4"
"ENSG00000170323","patient4","XGBoost_SHAP","all",0.0474803198212682,"FABP4"
"ENSG00000170323","patient1","XGBoost_SHAP","all",0.0607035330211336,"FABP4"
"ENSG00000170323","patient5","XGBoost_SHAP","all",0.0681278498251887,"FABP4"
"ENSG00000170323","patient3","XGBoost_SHAP","all",0.0613164159609503,"FABP4"
"ENSG00000170345","patient1","XGBoost_SHAP","all",0.036180364636633,"FOS"
"ENSG00000170345","patient4","XGBoost_SHAP","all",0.0202637961262924,"FOS"
"ENSG00000170345","patient6","XGBoost_SHAP","all",0.0474135947855358,"FOS"
"ENSG00000170345","patient5","XGBoost_SHAP","all",0.0473225362416385,"FOS"
"ENSG00000170345","patient2","XGBoost_SHAP","all",0.0634650745995254,"FOS"
"ENSG00000170345","patient3","XGBoost_SHAP","all",0.0329465655038466,"FOS"
"ENSG00000170348","patient4","XGBoost_SHAP","all",0.00352751865271065,"TMED10"
"ENSG00000170348","patient6","XGBoost_SHAP","all",0.00466532031215194,"TMED10"
"ENSG00000170348","patient2","XGBoost_SHAP","all",0.00323935823452596,"TMED10"
"ENSG00000170348","patient3","XGBoost_SHAP","all",0.00380728241725339,"TMED10"
"ENSG00000170348","patient1","XGBoost_SHAP","all",0.00263486369664921,"TMED10"
"ENSG00000170348","patient5","XGBoost_SHAP","all",0.00473843637962673,"TMED10"
"ENSG00000170430","patient5","XGBoost_SHAP","all",0.00289895330638501,"MGMT"
"ENSG00000170430","patient3","XGBoost_SHAP","all",0.00321321921700405,"MGMT"
"ENSG00000170430","patient4","XGBoost_SHAP","all",0.00174271261757288,"MGMT"
"ENSG00000170430","patient1","XGBoost_SHAP","all",0.00742871100298132,"MGMT"
"ENSG00000170430","patient2","XGBoost_SHAP","all",0.00635907979139049,"MGMT"
"ENSG00000170430","patient6","XGBoost_SHAP","all",0.00599179811410166,"MGMT"
"ENSG00000170458","patient1","XGBoost_SHAP","all",0.0838137253939135,"CD14"
"ENSG00000170458","patient6","XGBoost_SHAP","all",0.0702997532871649,"CD14"
"ENSG00000170458","patient5","XGBoost_SHAP","all",0.0403198802492181,"CD14"
"ENSG00000170458","patient4","XGBoost_SHAP","all",0.0549679908224443,"CD14"
"ENSG00000170458","patient2","XGBoost_SHAP","all",0.0314484765219685,"CD14"
"ENSG00000170458","patient3","XGBoost_SHAP","all",0.0400866386630021,"CD14"
"ENSG00000170515","patient6","XGBoost_SHAP","all",0.0022403382364719,"PA2G4"
"ENSG00000170515","patient1","XGBoost_SHAP","all",0.00519234098278449,"PA2G4"
"ENSG00000170515","patient4","XGBoost_SHAP","all",0.00186911186673141,"PA2G4"
"ENSG00000170515","patient2","XGBoost_SHAP","all",0.00320181586592538,"PA2G4"
"ENSG00000170540","patient2","XGBoost_SHAP","all",0.00121834550621862,"ARL6IP1"
"ENSG00000170540","patient6","XGBoost_SHAP","all",0.00367721110743027,"ARL6IP1"
"ENSG00000170540","patient4","XGBoost_SHAP","all",0.00218212277713896,"ARL6IP1"
"ENSG00000170540","patient3","XGBoost_SHAP","all",0.00262287840159531,"ARL6IP1"
"ENSG00000170540","patient5","XGBoost_SHAP","all",0.0048556020649136,"ARL6IP1"
"ENSG00000170540","patient1","XGBoost_SHAP","all",0.00251141080925905,"ARL6IP1"
"ENSG00000170759","patient1","XGBoost_SHAP","all",0.0130450030889141,"KIF5B"
"ENSG00000170759","patient3","XGBoost_SHAP","all",0.00354920974077583,"KIF5B"
"ENSG00000170759","patient5","XGBoost_SHAP","all",0.0043024878566503,"KIF5B"
"ENSG00000170759","patient2","XGBoost_SHAP","all",0.00348449067713705,"KIF5B"
"ENSG00000170759","patient4","XGBoost_SHAP","all",0.00278452138928636,"KIF5B"
"ENSG00000170759","patient6","XGBoost_SHAP","all",0.00672171754463623,"KIF5B"
"ENSG00000170776","patient6","XGBoost_SHAP","all",0.00255734917415481,"AKAP13"
"ENSG00000170776","patient3","XGBoost_SHAP","all",0.00374194819256546,"AKAP13"
"ENSG00000170776","patient1","XGBoost_SHAP","all",0.00164984950224065,"AKAP13"
"ENSG00000170776","patient5","XGBoost_SHAP","all",0.000944390019942768,"AKAP13"
"ENSG00000170776","patient4","XGBoost_SHAP","all",0.00227520697674605,"AKAP13"
"ENSG00000170776","patient2","XGBoost_SHAP","all",0.00278483111619613,"AKAP13"
"ENSG00000170860","patient5","XGBoost_SHAP","all",0.00342490103784986,"LSM3"
"ENSG00000170860","patient2","XGBoost_SHAP","all",0.00223459765432069,"LSM3"
"ENSG00000170860","patient3","XGBoost_SHAP","all",0.00262211746165,"LSM3"
"ENSG00000170860","patient1","XGBoost_SHAP","all",0.00313825224589397,"LSM3"
"ENSG00000170860","patient4","XGBoost_SHAP","all",0.00176263044507313,"LSM3"
"ENSG00000170860","patient6","XGBoost_SHAP","all",0.00130266522263567,"LSM3"
"ENSG00000170876","patient4","XGBoost_SHAP","all",0.00103331610866614,"TMEM43"
"ENSG00000170876","patient3","XGBoost_SHAP","all",0.00169276940585411,"TMEM43"
"ENSG00000170876","patient6","XGBoost_SHAP","all",0.0012735931030499,"TMEM43"
"ENSG00000170876","patient1","XGBoost_SHAP","all",0.00182283215891273,"TMEM43"
"ENSG00000170876","patient5","XGBoost_SHAP","all",0.00243178333613139,"TMEM43"
"ENSG00000170876","patient2","XGBoost_SHAP","all",0.00223286146291259,"TMEM43"
"ENSG00000170891","patient4","XGBoost_SHAP","all",0.00380798202929985,"CYTL1"
"ENSG00000170891","patient5","XGBoost_SHAP","all",0.00579841634180895,"CYTL1"
"ENSG00000170891","patient2","XGBoost_SHAP","all",0.00191072710316203,"CYTL1"
"ENSG00000170891","patient6","XGBoost_SHAP","all",0.00545121286340384,"CYTL1"
"ENSG00000170891","patient1","XGBoost_SHAP","all",0.00126664129517301,"CYTL1"
"ENSG00000170891","patient3","XGBoost_SHAP","all",0.00459714575608938,"CYTL1"
"ENSG00000170906","patient6","XGBoost_SHAP","all",0.00442412455782686,"NDUFA3"
"ENSG00000170906","patient5","XGBoost_SHAP","all",0.00112080647242662,"NDUFA3"
"ENSG00000170906","patient4","XGBoost_SHAP","all",0.00655376564497253,"NDUFA3"
"ENSG00000170906","patient1","XGBoost_SHAP","all",0.00391510691681225,"NDUFA3"
"ENSG00000170906","patient2","XGBoost_SHAP","all",0.00452886988433251,"NDUFA3"
"ENSG00000170906","patient3","XGBoost_SHAP","all",0.00349503253061807,"NDUFA3"
"ENSG00000170955","patient6","XGBoost_SHAP","all",0.00264605398850103,"CAVIN3"
"ENSG00000170955","patient4","XGBoost_SHAP","all",0.00445453806227784,"CAVIN3"
"ENSG00000170955","patient5","XGBoost_SHAP","all",0.0100429862437869,"CAVIN3"
"ENSG00000170955","patient2","XGBoost_SHAP","all",0.00344196382064879,"CAVIN3"
"ENSG00000170955","patient3","XGBoost_SHAP","all",0.0048017856409335,"CAVIN3"
"ENSG00000170955","patient1","XGBoost_SHAP","all",0.00223289058279018,"CAVIN3"
"ENSG00000170962","patient1","XGBoost_SHAP","all",0.00322888477510901,"PDGFD"
"ENSG00000170962","patient6","XGBoost_SHAP","all",0.00620174642048451,"PDGFD"
"ENSG00000170962","patient4","XGBoost_SHAP","all",0.00695468098148688,"PDGFD"
"ENSG00000170962","patient2","XGBoost_SHAP","all",0.0083855231030292,"PDGFD"
"ENSG00000170962","patient3","XGBoost_SHAP","all",0.0118191923040082,"PDGFD"
"ENSG00000170962","patient5","XGBoost_SHAP","all",0.00565726317189054,"PDGFD"
"ENSG00000171055","patient6","XGBoost_SHAP","all",0.00250496460774654,"FEZ2"
"ENSG00000171055","patient5","XGBoost_SHAP","all",0.00108089260911824,"FEZ2"
"ENSG00000171055","patient1","XGBoost_SHAP","all",0.0046045747327904,"FEZ2"
"ENSG00000171055","patient2","XGBoost_SHAP","all",0.00174147860263723,"FEZ2"
"ENSG00000171055","patient4","XGBoost_SHAP","all",0.00114858630464945,"FEZ2"
"ENSG00000171055","patient3","XGBoost_SHAP","all",0.00183012594006136,"FEZ2"
"ENSG00000171105","patient5","XGBoost_SHAP","all",0.0045261182840501,"INSR"
"ENSG00000171105","patient6","XGBoost_SHAP","all",0.00271066206093969,"INSR"
"ENSG00000171159","patient4","XGBoost_SHAP","all",0.00359339963909493,"BBLN"
"ENSG00000171159","patient3","XGBoost_SHAP","all",0.0024001256450016,"BBLN"
"ENSG00000171159","patient2","XGBoost_SHAP","all",0.00238029040590231,"BBLN"
"ENSG00000171159","patient1","XGBoost_SHAP","all",0.00208792872654641,"BBLN"
"ENSG00000171159","patient5","XGBoost_SHAP","all",0.00198465544816339,"BBLN"
"ENSG00000171159","patient6","XGBoost_SHAP","all",0.00284334474919281,"BBLN"
"ENSG00000171206","patient4","XGBoost_SHAP","all",0.00547975389014736,"TRIM8"
"ENSG00000171206","patient6","XGBoost_SHAP","all",0.00529154909737427,"TRIM8"
"ENSG00000171222","patient1","XGBoost_SHAP","all",0.00144992060759855,"SCAND1"
"ENSG00000171222","patient6","XGBoost_SHAP","all",0.00245584993991211,"SCAND1"
"ENSG00000171222","patient2","XGBoost_SHAP","all",0.00175043473798352,"SCAND1"
"ENSG00000171222","patient3","XGBoost_SHAP","all",0.00169400624104612,"SCAND1"
"ENSG00000171222","patient5","XGBoost_SHAP","all",0.00237880431297075,"SCAND1"
"ENSG00000171222","patient4","XGBoost_SHAP","all",0.00237042164862835,"SCAND1"
"ENSG00000171223","patient4","XGBoost_SHAP","all",0.00835333257460649,"JUNB"
"ENSG00000171223","patient3","XGBoost_SHAP","all",0.00675904491051233,"JUNB"
"ENSG00000171223","patient5","XGBoost_SHAP","all",0.0165411590886066,"JUNB"
"ENSG00000171223","patient2","XGBoost_SHAP","all",0.015499363450986,"JUNB"
"ENSG00000171223","patient1","XGBoost_SHAP","all",0.0191160729103045,"JUNB"
"ENSG00000171223","patient6","XGBoost_SHAP","all",0.0124981682510416,"JUNB"
"ENSG00000171298","patient6","XGBoost_SHAP","all",0.00172350197632525,"GAA"
"ENSG00000171298","patient4","XGBoost_SHAP","all",0.00154995800976032,"GAA"
"ENSG00000171298","patient5","XGBoost_SHAP","all",0.00148687582327451,"GAA"
"ENSG00000171314","patient6","XGBoost_SHAP","all",0.00156966250317933,"PGAM1"
"ENSG00000171314","patient2","XGBoost_SHAP","all",0.00213932163626671,"PGAM1"
"ENSG00000171314","patient3","XGBoost_SHAP","all",0.00359943584061682,"PGAM1"
"ENSG00000171314","patient4","XGBoost_SHAP","all",0.00252832105143471,"PGAM1"
"ENSG00000171314","patient5","XGBoost_SHAP","all",0.00177800189840002,"PGAM1"
"ENSG00000171314","patient1","XGBoost_SHAP","all",0.00294087096130113,"PGAM1"
"ENSG00000171490","patient4","XGBoost_SHAP","all",0.00125391603247744,"RSL1D1"
"ENSG00000171490","patient2","XGBoost_SHAP","all",0.00377457122917064,"RSL1D1"
"ENSG00000171490","patient3","XGBoost_SHAP","all",0.0032477593780641,"RSL1D1"
"ENSG00000171490","patient6","XGBoost_SHAP","all",0.0025683724162615,"RSL1D1"
"ENSG00000171490","patient5","XGBoost_SHAP","all",0.0044475851451823,"RSL1D1"
"ENSG00000171490","patient1","XGBoost_SHAP","all",0.00200520725523464,"RSL1D1"
"ENSG00000171634","patient2","XGBoost_SHAP","all",0.00529343075218143,"BPTF"
"ENSG00000171634","patient3","XGBoost_SHAP","all",0.00211337171613736,"BPTF"
"ENSG00000171634","patient4","XGBoost_SHAP","all",0.00222808910134699,"BPTF"
"ENSG00000171634","patient6","XGBoost_SHAP","all",0.00131706862369721,"BPTF"
"ENSG00000171634","patient5","XGBoost_SHAP","all",0.00171504806477604,"BPTF"
"ENSG00000171634","patient1","XGBoost_SHAP","all",0.00190935275243069,"BPTF"
"ENSG00000171659","patient4","XGBoost_SHAP","all",0.00120845959056501,"GPR34"
"ENSG00000171659","patient5","XGBoost_SHAP","all",0.00142093462638887,"GPR34"
"ENSG00000171659","patient2","XGBoost_SHAP","all",0.00117876979965076,"GPR34"
"ENSG00000171659","patient6","XGBoost_SHAP","all",0.00219979753863981,"GPR34"
"ENSG00000171659","patient3","XGBoost_SHAP","all",0.00162841943495161,"GPR34"
"ENSG00000171659","patient1","XGBoost_SHAP","all",0.00106174143094615,"GPR34"
"ENSG00000171735","patient3","XGBoost_SHAP","all",0.00675635345685,"CAMTA1"
"ENSG00000171735","patient4","XGBoost_SHAP","all",0.0102999591374145,"CAMTA1"
"ENSG00000171735","patient1","XGBoost_SHAP","all",0.00894337189134599,"CAMTA1"
"ENSG00000171735","patient6","XGBoost_SHAP","all",0.0131700540641074,"CAMTA1"
"ENSG00000171735","patient2","XGBoost_SHAP","all",0.0120028268597654,"CAMTA1"
"ENSG00000171735","patient5","XGBoost_SHAP","all",0.0128460181147696,"CAMTA1"
"ENSG00000171860","patient5","XGBoost_SHAP","all",0.00493084433844154,"C3AR1"
"ENSG00000171860","patient2","XGBoost_SHAP","all",0.0162391525920191,"C3AR1"
"ENSG00000171860","patient1","XGBoost_SHAP","all",0.0065072580973146,"C3AR1"
"ENSG00000171860","patient3","XGBoost_SHAP","all",0.00294730416558734,"C3AR1"
"ENSG00000171860","patient6","XGBoost_SHAP","all",0.00644353596143204,"C3AR1"
"ENSG00000171860","patient4","XGBoost_SHAP","all",0.0026928965940006,"C3AR1"
"ENSG00000171862","patient3","XGBoost_SHAP","all",0.00636295228620767,"PTEN"
"ENSG00000171862","patient2","XGBoost_SHAP","all",0.00535507989536043,"PTEN"
"ENSG00000171862","patient6","XGBoost_SHAP","all",0.00656758573144422,"PTEN"
"ENSG00000171862","patient1","XGBoost_SHAP","all",0.00638843024672073,"PTEN"
"ENSG00000171862","patient4","XGBoost_SHAP","all",0.00416286866812535,"PTEN"
"ENSG00000171862","patient5","XGBoost_SHAP","all",0.00709792668419821,"PTEN"
"ENSG00000171867","patient4","XGBoost_SHAP","all",0.0314261823151365,"PRNP"
"ENSG00000171867","patient3","XGBoost_SHAP","all",0.0213875362004221,"PRNP"
"ENSG00000171867","patient1","XGBoost_SHAP","all",0.016020779432421,"PRNP"
"ENSG00000171867","patient5","XGBoost_SHAP","all",0.0144016457068182,"PRNP"
"ENSG00000171867","patient6","XGBoost_SHAP","all",0.0211613597409182,"PRNP"
"ENSG00000171867","patient2","XGBoost_SHAP","all",0.0152829421612222,"PRNP"
"ENSG00000171988","patient4","XGBoost_SHAP","all",0.00102748499930623,"JMJD1C"
"ENSG00000171988","patient5","XGBoost_SHAP","all",0.00138288741611054,"JMJD1C"
"ENSG00000171988","patient1","XGBoost_SHAP","all",0.00136486772642277,"JMJD1C"
"ENSG00000171988","patient3","XGBoost_SHAP","all",0.00169520528971046,"JMJD1C"
"ENSG00000171988","patient2","XGBoost_SHAP","all",0.00089234919362629,"JMJD1C"
"ENSG00000171988","patient6","XGBoost_SHAP","all",0.00241806337791906,"JMJD1C"
"ENSG00000171992","patient4","XGBoost_SHAP","all",0.00303353779441786,"SYNPO"
"ENSG00000171992","patient3","XGBoost_SHAP","all",0.00140883223583905,"SYNPO"
"ENSG00000171992","patient1","XGBoost_SHAP","all",0.00497200001314511,"SYNPO"
"ENSG00000171992","patient5","XGBoost_SHAP","all",0.00334228741638682,"SYNPO"
"ENSG00000171992","patient2","XGBoost_SHAP","all",0.00346795576373564,"SYNPO"
"ENSG00000171992","patient6","XGBoost_SHAP","all",0.00177875112482552,"SYNPO"
"ENSG00000172037","patient4","XGBoost_SHAP","all",0.00388054766740002,"LAMB2"
"ENSG00000172037","patient6","XGBoost_SHAP","all",0.00902158240035694,"LAMB2"
"ENSG00000172037","patient2","XGBoost_SHAP","all",0.00694832722021598,"LAMB2"
"ENSG00000172037","patient1","XGBoost_SHAP","all",0.00450112538402021,"LAMB2"
"ENSG00000172037","patient3","XGBoost_SHAP","all",0.008546251037318,"LAMB2"
"ENSG00000172037","patient5","XGBoost_SHAP","all",0.00649468166052377,"LAMB2"
"ENSG00000172115","patient1","XGBoost_SHAP","all",0.000910917034242918,"CYCS"
"ENSG00000172115","patient2","XGBoost_SHAP","all",0.00145558383169238,"CYCS"
"ENSG00000172115","patient5","XGBoost_SHAP","all",0.000526074050353905,"CYCS"
"ENSG00000172115","patient6","XGBoost_SHAP","all",0.000843615874234271,"CYCS"
"ENSG00000172115","patient4","XGBoost_SHAP","all",0.00203255483482157,"CYCS"
"ENSG00000172115","patient3","XGBoost_SHAP","all",0.00167975793180636,"CYCS"
"ENSG00000172201","patient6","XGBoost_SHAP","all",0.0127248200290484,"ID4"
"ENSG00000172201","patient2","XGBoost_SHAP","all",0.00925875891431472,"ID4"
"ENSG00000172201","patient4","XGBoost_SHAP","all",0.0075923349635904,"ID4"
"ENSG00000172201","patient1","XGBoost_SHAP","all",0.00947935474392597,"ID4"
"ENSG00000172201","patient5","XGBoost_SHAP","all",0.00568060403967659,"ID4"
"ENSG00000172201","patient3","XGBoost_SHAP","all",0.0103118769610216,"ID4"
"ENSG00000172216","patient1","XGBoost_SHAP","all",0.0226972263363083,"CEBPB"
"ENSG00000172216","patient3","XGBoost_SHAP","all",0.0128338083122755,"CEBPB"
"ENSG00000172216","patient6","XGBoost_SHAP","all",0.0110280972151609,"CEBPB"
"ENSG00000172216","patient2","XGBoost_SHAP","all",0.0191711884564771,"CEBPB"
"ENSG00000172216","patient5","XGBoost_SHAP","all",0.0156499336055511,"CEBPB"
"ENSG00000172216","patient4","XGBoost_SHAP","all",0.00996811499723995,"CEBPB"
"ENSG00000172239","patient2","XGBoost_SHAP","all",0.00059838432666509,"PAIP1"
"ENSG00000172239","patient6","XGBoost_SHAP","all",0.00339994409260781,"PAIP1"
"ENSG00000172239","patient1","XGBoost_SHAP","all",0.00146661783485673,"PAIP1"
"ENSG00000172239","patient5","XGBoost_SHAP","all",0.000366439013358711,"PAIP1"
"ENSG00000172301","patient5","XGBoost_SHAP","all",0.00164255260961422,"COPRS"
"ENSG00000172301","patient2","XGBoost_SHAP","all",0.00180921050820448,"COPRS"
"ENSG00000172301","patient3","XGBoost_SHAP","all",0.00251866216698118,"COPRS"
"ENSG00000172301","patient6","XGBoost_SHAP","all",0.00212539335443453,"COPRS"
"ENSG00000172301","patient1","XGBoost_SHAP","all",0.00261579993213195,"COPRS"
"ENSG00000172301","patient4","XGBoost_SHAP","all",0.0028200526874983,"COPRS"
"ENSG00000172348","patient2","XGBoost_SHAP","all",0.00733973064542942,"RCAN2"
"ENSG00000172348","patient4","XGBoost_SHAP","all",0.0077602808907097,"RCAN2"
"ENSG00000172348","patient3","XGBoost_SHAP","all",0.00586732151215813,"RCAN2"
"ENSG00000172348","patient5","XGBoost_SHAP","all",0.00497414064020819,"RCAN2"
"ENSG00000172348","patient1","XGBoost_SHAP","all",0.00678511265308542,"RCAN2"
"ENSG00000172348","patient6","XGBoost_SHAP","all",0.00390095807907957,"RCAN2"
"ENSG00000172354","patient1","XGBoost_SHAP","all",0.00342976786181438,"GNB2"
"ENSG00000172354","patient3","XGBoost_SHAP","all",0.00192715777136738,"GNB2"
"ENSG00000172354","patient4","XGBoost_SHAP","all",0.00295862120082291,"GNB2"
"ENSG00000172354","patient5","XGBoost_SHAP","all",0.00187442231653781,"GNB2"
"ENSG00000172354","patient6","XGBoost_SHAP","all",0.00246889430340524,"GNB2"
"ENSG00000172354","patient2","XGBoost_SHAP","all",0.00262524637989892,"GNB2"
"ENSG00000172380","patient5","XGBoost_SHAP","all",0.00182830377691301,"GNG12"
"ENSG00000172380","patient1","XGBoost_SHAP","all",0.00155807246921295,"GNG12"
"ENSG00000172380","patient6","XGBoost_SHAP","all",0.00126521728897326,"GNG12"
"ENSG00000172380","patient4","XGBoost_SHAP","all",0.00146842159981317,"GNG12"
"ENSG00000172380","patient2","XGBoost_SHAP","all",0.00103335362455406,"GNG12"
"ENSG00000172380","patient3","XGBoost_SHAP","all",0.002017490023631,"GNG12"
"ENSG00000172403","patient3","XGBoost_SHAP","all",0.0093369056309431,"SYNPO2"
"ENSG00000172403","patient6","XGBoost_SHAP","all",0.0159286822016976,"SYNPO2"
"ENSG00000172403","patient5","XGBoost_SHAP","all",0.0181428188393056,"SYNPO2"
"ENSG00000172403","patient1","XGBoost_SHAP","all",0.0131137636145362,"SYNPO2"
"ENSG00000172403","patient4","XGBoost_SHAP","all",0.0105048898886357,"SYNPO2"
"ENSG00000172403","patient2","XGBoost_SHAP","all",0.0137308504198587,"SYNPO2"
"ENSG00000172465","patient5","XGBoost_SHAP","all",0.00172427408638516,"TCEAL1"
"ENSG00000172465","patient3","XGBoost_SHAP","all",0.0012094981989503,"TCEAL1"
"ENSG00000172465","patient2","XGBoost_SHAP","all",0.00133106944455117,"TCEAL1"
"ENSG00000172465","patient6","XGBoost_SHAP","all",0.00212498815099277,"TCEAL1"
"ENSG00000172465","patient1","XGBoost_SHAP","all",0.00291986335984192,"TCEAL1"
"ENSG00000172465","patient4","XGBoost_SHAP","all",0.000845021533688176,"TCEAL1"
"ENSG00000172493","patient4","XGBoost_SHAP","all",0.00157945753031403,"AFF1"
"ENSG00000172500","patient3","XGBoost_SHAP","all",0.00153091791940223,"FIBP"
"ENSG00000172500","patient2","XGBoost_SHAP","all",0.0027793231346575,"FIBP"
"ENSG00000172500","patient4","XGBoost_SHAP","all",0.00214453593592101,"FIBP"
"ENSG00000172500","patient5","XGBoost_SHAP","all",0.00117602978791393,"FIBP"
"ENSG00000172531","patient1","XGBoost_SHAP","all",0.00254237275592822,"PPP1CA"
"ENSG00000172531","patient3","XGBoost_SHAP","all",0.00192480777259936,"PPP1CA"
"ENSG00000172531","patient6","XGBoost_SHAP","all",0.00501300102075077,"PPP1CA"
"ENSG00000172531","patient4","XGBoost_SHAP","all",0.00528626584004462,"PPP1CA"
"ENSG00000172531","patient2","XGBoost_SHAP","all",0.0012570021159457,"PPP1CA"
"ENSG00000172531","patient5","XGBoost_SHAP","all",0.0033140298480175,"PPP1CA"
"ENSG00000172590","patient6","XGBoost_SHAP","all",0.000584692261278792,"MRPL52"
"ENSG00000172590","patient3","XGBoost_SHAP","all",0.000815186438432045,"MRPL52"
"ENSG00000172590","patient1","XGBoost_SHAP","all",0.00106031156365983,"MRPL52"
"ENSG00000172590","patient5","XGBoost_SHAP","all",0.00238240827768465,"MRPL52"
"ENSG00000172590","patient2","XGBoost_SHAP","all",0.00144396473639234,"MRPL52"
"ENSG00000172590","patient4","XGBoost_SHAP","all",0.00201930977805875,"MRPL52"
"ENSG00000172638","patient2","XGBoost_SHAP","all",0.0017757244816773,"EFEMP2"
"ENSG00000172638","patient3","XGBoost_SHAP","all",0.00159928605348674,"EFEMP2"
"ENSG00000172638","patient6","XGBoost_SHAP","all",0.0019233812616021,"EFEMP2"
"ENSG00000172638","patient5","XGBoost_SHAP","all",0.00125175893724493,"EFEMP2"
"ENSG00000172638","patient1","XGBoost_SHAP","all",0.00137220063949526,"EFEMP2"
"ENSG00000172638","patient4","XGBoost_SHAP","all",0.00160433487798403,"EFEMP2"
"ENSG00000172725","patient2","XGBoost_SHAP","all",0.0014498560823765,"CORO1B"
"ENSG00000172725","patient3","XGBoost_SHAP","all",0.00135893595473179,"CORO1B"
"ENSG00000172725","patient5","XGBoost_SHAP","all",0.00106522762692901,"CORO1B"
"ENSG00000172725","patient6","XGBoost_SHAP","all",0.00100818972399579,"CORO1B"
"ENSG00000172725","patient4","XGBoost_SHAP","all",0.000910246419071597,"CORO1B"
"ENSG00000172725","patient1","XGBoost_SHAP","all",0.00087985032810341,"CORO1B"
"ENSG00000172889","patient5","XGBoost_SHAP","all",0.0170931438803846,"EGFL7"
"ENSG00000172889","patient6","XGBoost_SHAP","all",0.0979249046982555,"EGFL7"
"ENSG00000172889","patient4","XGBoost_SHAP","all",0.058012483233575,"EGFL7"
"ENSG00000172889","patient2","XGBoost_SHAP","all",0.0631483270542299,"EGFL7"
"ENSG00000172889","patient3","XGBoost_SHAP","all",0.0867203889002877,"EGFL7"
"ENSG00000172889","patient1","XGBoost_SHAP","all",0.0771997242834798,"EGFL7"
"ENSG00000172922","patient1","XGBoost_SHAP","all",0.00636068438374549,"RNASEH2C"
"ENSG00000172922","patient6","XGBoost_SHAP","all",0.00495336086708324,"RNASEH2C"
"ENSG00000172922","patient4","XGBoost_SHAP","all",0.00139839109649558,"RNASEH2C"
"ENSG00000172922","patient3","XGBoost_SHAP","all",0.00775302072131434,"RNASEH2C"
"ENSG00000172922","patient5","XGBoost_SHAP","all",0.00240885362268691,"RNASEH2C"
"ENSG00000172922","patient2","XGBoost_SHAP","all",0.00146962951494576,"RNASEH2C"
"ENSG00000172935","patient4","XGBoost_SHAP","all",0.0080514303562372,"MRGPRF"
"ENSG00000172935","patient5","XGBoost_SHAP","all",0.0128350885459916,"MRGPRF"
"ENSG00000172935","patient1","XGBoost_SHAP","all",0.0109465448944258,"MRGPRF"
"ENSG00000172935","patient2","XGBoost_SHAP","all",0.00983720124966411,"MRGPRF"
"ENSG00000172935","patient6","XGBoost_SHAP","all",0.00860868478821585,"MRGPRF"
"ENSG00000172935","patient3","XGBoost_SHAP","all",0.00520268321862794,"MRGPRF"
"ENSG00000173141","patient4","XGBoost_SHAP","all",0.00277027388766142,"MRPL57"
"ENSG00000173141","patient2","XGBoost_SHAP","all",0.00190629364625417,"MRPL57"
"ENSG00000173141","patient1","XGBoost_SHAP","all",0.000633518252291957,"MRPL57"
"ENSG00000173141","patient6","XGBoost_SHAP","all",0.000839521349125814,"MRPL57"
"ENSG00000173141","patient3","XGBoost_SHAP","all",0.00168053226872072,"MRPL57"
"ENSG00000173141","patient5","XGBoost_SHAP","all",0.0010944614757236,"MRPL57"
"ENSG00000173193","patient1","XGBoost_SHAP","all",0.0186136072039665,"PARP14"
"ENSG00000173193","patient2","XGBoost_SHAP","all",0.0211252548971686,"PARP14"
"ENSG00000173193","patient6","XGBoost_SHAP","all",0.0121412260278236,"PARP14"
"ENSG00000173193","patient4","XGBoost_SHAP","all",0.0250191479563631,"PARP14"
"ENSG00000173193","patient3","XGBoost_SHAP","all",0.0104703133473315,"PARP14"
"ENSG00000173193","patient5","XGBoost_SHAP","all",0.0070753748303841,"PARP14"
"ENSG00000173221","patient5","XGBoost_SHAP","all",0.00815740928914953,"GLRX"
"ENSG00000173221","patient2","XGBoost_SHAP","all",0.00486251085030256,"GLRX"
"ENSG00000173221","patient6","XGBoost_SHAP","all",0.00170093722024956,"GLRX"
"ENSG00000173221","patient1","XGBoost_SHAP","all",0.00721099673586505,"GLRX"
"ENSG00000173221","patient4","XGBoost_SHAP","all",0.00261954197589887,"GLRX"
"ENSG00000173221","patient3","XGBoost_SHAP","all",0.00446477927996352,"GLRX"
"ENSG00000173230","patient2","XGBoost_SHAP","all",0.0014510755561399,"GOLGB1"
"ENSG00000173230","patient4","XGBoost_SHAP","all",0.00415686499349736,"GOLGB1"
"ENSG00000173230","patient5","XGBoost_SHAP","all",0.00278989861368724,"GOLGB1"
"ENSG00000173230","patient6","XGBoost_SHAP","all",0.00233707909936038,"GOLGB1"
"ENSG00000173230","patient1","XGBoost_SHAP","all",0.00133897169803093,"GOLGB1"
"ENSG00000173230","patient3","XGBoost_SHAP","all",0.00166013736296373,"GOLGB1"
"ENSG00000173267","patient5","XGBoost_SHAP","all",0.0298261261500729,"SNCG"
"ENSG00000173267","patient4","XGBoost_SHAP","all",0.0193544935135353,"SNCG"
"ENSG00000173267","patient3","XGBoost_SHAP","all",0.0100214932542479,"SNCG"
"ENSG00000173267","patient6","XGBoost_SHAP","all",0.0290884931238302,"SNCG"
"ENSG00000173267","patient2","XGBoost_SHAP","all",0.0274945844118224,"SNCG"
"ENSG00000173267","patient1","XGBoost_SHAP","all",0.0129255605267007,"SNCG"
"ENSG00000173272","patient4","XGBoost_SHAP","all",0.00350647648856293,"MZT2A"
"ENSG00000173272","patient6","XGBoost_SHAP","all",0.00798623921475752,"MZT2A"
"ENSG00000173272","patient3","XGBoost_SHAP","all",0.00356257910301548,"MZT2A"
"ENSG00000173272","patient2","XGBoost_SHAP","all",0.00541081465573984,"MZT2A"
"ENSG00000173272","patient1","XGBoost_SHAP","all",0.00450090635928687,"MZT2A"
"ENSG00000173272","patient5","XGBoost_SHAP","all",0.00302830995446018,"MZT2A"
"ENSG00000173369","patient5","XGBoost_SHAP","all",0.00464371099641685,"C1QB"
"ENSG00000173369","patient2","XGBoost_SHAP","all",0.00643258118759556,"C1QB"
"ENSG00000173369","patient1","XGBoost_SHAP","all",0.00333448272141576,"C1QB"
"ENSG00000173369","patient3","XGBoost_SHAP","all",0.00602575813956283,"C1QB"
"ENSG00000173369","patient6","XGBoost_SHAP","all",0.00509716638962258,"C1QB"
"ENSG00000173369","patient4","XGBoost_SHAP","all",0.00637774361312046,"C1QB"
"ENSG00000173372","patient4","XGBoost_SHAP","all",0.00694077711486446,"C1QA"
"ENSG00000173372","patient3","XGBoost_SHAP","all",0.00809609420494224,"C1QA"
"ENSG00000173372","patient2","XGBoost_SHAP","all",0.00647958462025211,"C1QA"
"ENSG00000173372","patient5","XGBoost_SHAP","all",0.00280591928643872,"C1QA"
"ENSG00000173372","patient6","XGBoost_SHAP","all",0.00436425495423426,"C1QA"
"ENSG00000173372","patient1","XGBoost_SHAP","all",0.00997072222946455,"C1QA"
"ENSG00000173418","patient3","XGBoost_SHAP","all",0.00152234465678582,"NAA20"
"ENSG00000173418","patient2","XGBoost_SHAP","all",0.00179577733543982,"NAA20"
"ENSG00000173418","patient4","XGBoost_SHAP","all",0.00316780344000413,"NAA20"
"ENSG00000173418","patient1","XGBoost_SHAP","all",0.0031805068533382,"NAA20"
"ENSG00000173418","patient5","XGBoost_SHAP","all",0.00327307618671547,"NAA20"
"ENSG00000173418","patient6","XGBoost_SHAP","all",0.00398722435148615,"NAA20"
"ENSG00000173436","patient4","XGBoost_SHAP","all",0.00256122652826524,"MICOS10"
"ENSG00000173436","patient2","XGBoost_SHAP","all",0.00267069619164975,"MICOS10"
"ENSG00000173436","patient3","XGBoost_SHAP","all",0.00346501076426164,"MICOS10"
"ENSG00000173436","patient5","XGBoost_SHAP","all",0.00203718471848965,"MICOS10"
"ENSG00000173436","patient1","XGBoost_SHAP","all",0.00152706178142036,"MICOS10"
"ENSG00000173436","patient6","XGBoost_SHAP","all",0.00254929474758927,"MICOS10"
"ENSG00000173457","patient3","XGBoost_SHAP","all",0.00116568704194409,"PPP1R14B"
"ENSG00000173457","patient2","XGBoost_SHAP","all",0.0026669555062377,"PPP1R14B"
"ENSG00000173457","patient5","XGBoost_SHAP","all",0.00384773007870301,"PPP1R14B"
"ENSG00000173457","patient4","XGBoost_SHAP","all",0.00138016602417275,"PPP1R14B"
"ENSG00000173457","patient6","XGBoost_SHAP","all",0.00248804391771635,"PPP1R14B"
"ENSG00000173457","patient1","XGBoost_SHAP","all",0.00176432692292837,"PPP1R14B"
"ENSG00000173486","patient6","XGBoost_SHAP","all",0.00318468291468162,"FKBP2"
"ENSG00000173486","patient2","XGBoost_SHAP","all",0.00234572705221337,"FKBP2"
"ENSG00000173486","patient4","XGBoost_SHAP","all",0.00200545263127513,"FKBP2"
"ENSG00000173486","patient5","XGBoost_SHAP","all",0.00373149375300391,"FKBP2"
"ENSG00000173486","patient3","XGBoost_SHAP","all",0.00319580089221388,"FKBP2"
"ENSG00000173486","patient1","XGBoost_SHAP","all",0.00186643531654774,"FKBP2"
"ENSG00000173511","patient5","XGBoost_SHAP","all",0.00362339656701457,"VEGFB"
"ENSG00000173511","patient6","XGBoost_SHAP","all",0.00386066052611321,"VEGFB"
"ENSG00000173511","patient4","XGBoost_SHAP","all",0.00343574448682362,"VEGFB"
"ENSG00000173511","patient3","XGBoost_SHAP","all",0.00150708776079468,"VEGFB"
"ENSG00000173511","patient1","XGBoost_SHAP","all",0.00342180174405434,"VEGFB"
"ENSG00000173511","patient2","XGBoost_SHAP","all",0.00333750877247812,"VEGFB"
"ENSG00000173598","patient4","XGBoost_SHAP","all",0.00378494316918788,"NUDT4"
"ENSG00000173598","patient5","XGBoost_SHAP","all",0.00302698407177476,"NUDT4"
"ENSG00000173598","patient3","XGBoost_SHAP","all",0.00400212787093916,"NUDT4"
"ENSG00000173598","patient2","XGBoost_SHAP","all",0.00290248776810047,"NUDT4"
"ENSG00000173598","patient6","XGBoost_SHAP","all",0.00844523093219085,"NUDT4"
"ENSG00000173598","patient1","XGBoost_SHAP","all",0.00312311804624613,"NUDT4"
"ENSG00000173641","patient3","XGBoost_SHAP","all",0.00516945384686544,"HSPB7"
"ENSG00000173641","patient1","XGBoost_SHAP","all",0.0120194579244633,"HSPB7"
"ENSG00000173641","patient6","XGBoost_SHAP","all",0.0133845598769757,"HSPB7"
"ENSG00000173641","patient5","XGBoost_SHAP","all",0.0116436876266569,"HSPB7"
"ENSG00000173641","patient4","XGBoost_SHAP","all",0.0137125867913621,"HSPB7"
"ENSG00000173641","patient2","XGBoost_SHAP","all",0.0125912777304277,"HSPB7"
"ENSG00000173674","patient6","XGBoost_SHAP","all",0.00382664966033925,"EIF1AX"
"ENSG00000173674","patient5","XGBoost_SHAP","all",0.00601652616905943,"EIF1AX"
"ENSG00000173674","patient3","XGBoost_SHAP","all",0.00268691498004721,"EIF1AX"
"ENSG00000173674","patient1","XGBoost_SHAP","all",0.00164578130871752,"EIF1AX"
"ENSG00000173692","patient3","XGBoost_SHAP","all",0.00114538548276628,"PSMD1"
"ENSG00000173692","patient4","XGBoost_SHAP","all",0.00229136122035079,"PSMD1"
"ENSG00000173692","patient5","XGBoost_SHAP","all",0.00128082306453021,"PSMD1"
"ENSG00000173692","patient6","XGBoost_SHAP","all",0.00163984492596318,"PSMD1"
"ENSG00000173692","patient2","XGBoost_SHAP","all",0.00153398201702291,"PSMD1"
"ENSG00000173692","patient1","XGBoost_SHAP","all",0.00124545938345547,"PSMD1"
"ENSG00000173705","patient6","XGBoost_SHAP","all",0.0028541369421478,"SUSD5"
"ENSG00000173705","patient1","XGBoost_SHAP","all",0.00346196140273964,"SUSD5"
"ENSG00000173705","patient4","XGBoost_SHAP","all",0.00226898043692685,"SUSD5"
"ENSG00000173705","patient5","XGBoost_SHAP","all",0.00254684680698328,"SUSD5"
"ENSG00000173705","patient2","XGBoost_SHAP","all",0.0035786913035929,"SUSD5"
"ENSG00000173705","patient3","XGBoost_SHAP","all",0.00356741318608073,"SUSD5"
"ENSG00000173706","patient6","XGBoost_SHAP","all",0.00288909052232518,"HEG1"
"ENSG00000173706","patient4","XGBoost_SHAP","all",0.00978975592641499,"HEG1"
"ENSG00000173706","patient2","XGBoost_SHAP","all",0.00417843348408493,"HEG1"
"ENSG00000173706","patient1","XGBoost_SHAP","all",0.00381617160010033,"HEG1"
"ENSG00000173706","patient3","XGBoost_SHAP","all",0.00261906526717028,"HEG1"
"ENSG00000173821","patient3","XGBoost_SHAP","all",0.00335082677201253,"RNF213"
"ENSG00000173821","patient4","XGBoost_SHAP","all",0.00907812511328466,"RNF213"
"ENSG00000173821","patient5","XGBoost_SHAP","all",0.00595208541346201,"RNF213"
"ENSG00000173821","patient2","XGBoost_SHAP","all",0.0120073771493324,"RNF213"
"ENSG00000173821","patient6","XGBoost_SHAP","all",0.00965325702757414,"RNF213"
"ENSG00000173821","patient1","XGBoost_SHAP","all",0.00302559308505113,"RNF213"
"ENSG00000173848","patient5","XGBoost_SHAP","all",0.00618487620491471,"NET1"
"ENSG00000173848","patient1","XGBoost_SHAP","all",0.00542508271219789,"NET1"
"ENSG00000173848","patient6","XGBoost_SHAP","all",0.00557881430698939,"NET1"
"ENSG00000173848","patient2","XGBoost_SHAP","all",0.00675809712703276,"NET1"
"ENSG00000173848","patient4","XGBoost_SHAP","all",0.0104855825949783,"NET1"
"ENSG00000173848","patient3","XGBoost_SHAP","all",0.00732375088182008,"NET1"
"ENSG00000173905","patient3","XGBoost_SHAP","all",0.00377456596028788,"GOLIM4"
"ENSG00000173905","patient1","XGBoost_SHAP","all",0.00808641394701655,"GOLIM4"
"ENSG00000173905","patient2","XGBoost_SHAP","all",0.00367139928328716,"GOLIM4"
"ENSG00000173905","patient6","XGBoost_SHAP","all",0.00434536819423066,"GOLIM4"
"ENSG00000173905","patient4","XGBoost_SHAP","all",0.00328730199123122,"GOLIM4"
"ENSG00000173905","patient5","XGBoost_SHAP","all",0.00649613415485255,"GOLIM4"
"ENSG00000173918","patient2","XGBoost_SHAP","all",0.0122600534198041,"C1QTNF1"
"ENSG00000173918","patient6","XGBoost_SHAP","all",0.0221621173116296,"C1QTNF1"
"ENSG00000173918","patient4","XGBoost_SHAP","all",0.013466769426896,"C1QTNF1"
"ENSG00000173918","patient3","XGBoost_SHAP","all",0.0239367901167194,"C1QTNF1"
"ENSG00000173918","patient5","XGBoost_SHAP","all",0.01817411836892,"C1QTNF1"
"ENSG00000173918","patient1","XGBoost_SHAP","all",0.0243703853024536,"C1QTNF1"
"ENSG00000174059","patient1","XGBoost_SHAP","all",0.0217024698253676,"CD34"
"ENSG00000174059","patient6","XGBoost_SHAP","all",0.0239608689522327,"CD34"
"ENSG00000174059","patient2","XGBoost_SHAP","all",0.0153537628633796,"CD34"
"ENSG00000174059","patient3","XGBoost_SHAP","all",0.0137080072840834,"CD34"
"ENSG00000174059","patient4","XGBoost_SHAP","all",0.0120183282571721,"CD34"
"ENSG00000174059","patient5","XGBoost_SHAP","all",0.0118651404309994,"CD34"
"ENSG00000174080","patient1","XGBoost_SHAP","all",0.0116920904743574,"CTSF"
"ENSG00000174080","patient3","XGBoost_SHAP","all",0.00768283744149891,"CTSF"
"ENSG00000174080","patient6","XGBoost_SHAP","all",0.00143152783597788,"CTSF"
"ENSG00000174080","patient5","XGBoost_SHAP","all",0.00636358615073121,"CTSF"
"ENSG00000174080","patient4","XGBoost_SHAP","all",0.00609578318603329,"CTSF"
"ENSG00000174080","patient2","XGBoost_SHAP","all",0.00839863169655266,"CTSF"
"ENSG00000174099","patient5","XGBoost_SHAP","all",0.0170804227409279,"MSRB3"
"ENSG00000174099","patient3","XGBoost_SHAP","all",0.013605154458061,"MSRB3"
"ENSG00000174099","patient4","XGBoost_SHAP","all",0.012244387228119,"MSRB3"
"ENSG00000174099","patient6","XGBoost_SHAP","all",0.00493872638259807,"MSRB3"
"ENSG00000174099","patient2","XGBoost_SHAP","all",0.00884359310359613,"MSRB3"
"ENSG00000174099","patient1","XGBoost_SHAP","all",0.0113215954535939,"MSRB3"
"ENSG00000174307","patient4","XGBoost_SHAP","all",0.00163157182153756,"PHLDA3"
"ENSG00000174307","patient3","XGBoost_SHAP","all",0.000904580583051931,"PHLDA3"
"ENSG00000174307","patient1","XGBoost_SHAP","all",0.00385579277155548,"PHLDA3"
"ENSG00000174307","patient2","XGBoost_SHAP","all",0.00161031817619263,"PHLDA3"
"ENSG00000174307","patient5","XGBoost_SHAP","all",0.0012941904415718,"PHLDA3"
"ENSG00000174307","patient6","XGBoost_SHAP","all",0.0010217407283247,"PHLDA3"
"ENSG00000174348","patient1","XGBoost_SHAP","all",0.00590656913867878,"PODN"
"ENSG00000174348","patient2","XGBoost_SHAP","all",0.00495369855004243,"PODN"
"ENSG00000174348","patient6","XGBoost_SHAP","all",0.00366631386185804,"PODN"
"ENSG00000174348","patient3","XGBoost_SHAP","all",0.00590843217669885,"PODN"
"ENSG00000174348","patient4","XGBoost_SHAP","all",0.00284730721228438,"PODN"
"ENSG00000174437","patient4","XGBoost_SHAP","all",0.00296267776795375,"ATP2A2"
"ENSG00000174437","patient3","XGBoost_SHAP","all",0.0023525925475665,"ATP2A2"
"ENSG00000174437","patient6","XGBoost_SHAP","all",0.00322602543557006,"ATP2A2"
"ENSG00000174437","patient2","XGBoost_SHAP","all",0.00307572249509396,"ATP2A2"
"ENSG00000174695","patient4","XGBoost_SHAP","all",0.00215274144449725,"TMEM167A"
"ENSG00000174695","patient5","XGBoost_SHAP","all",0.00423215404649687,"TMEM167A"
"ENSG00000174695","patient6","XGBoost_SHAP","all",0.00442858152437832,"TMEM167A"
"ENSG00000174695","patient1","XGBoost_SHAP","all",0.0169540583423557,"TMEM167A"
"ENSG00000174695","patient2","XGBoost_SHAP","all",0.00682545428994585,"TMEM167A"
"ENSG00000174695","patient3","XGBoost_SHAP","all",0.00367239355185062,"TMEM167A"
"ENSG00000174718","patient6","XGBoost_SHAP","all",0.0100891443553707,"RESF1"
"ENSG00000174718","patient1","XGBoost_SHAP","all",0.0123128071631226,"RESF1"
"ENSG00000174718","patient2","XGBoost_SHAP","all",0.0020692292998052,"RESF1"
"ENSG00000174718","patient4","XGBoost_SHAP","all",0.0115252495596038,"RESF1"
"ENSG00000174718","patient5","XGBoost_SHAP","all",0.00331053264080895,"RESF1"
"ENSG00000174718","patient3","XGBoost_SHAP","all",0.0035260308353251,"RESF1"
"ENSG00000174720","patient3","XGBoost_SHAP","all",0.00121562249058357,"LARP7"
"ENSG00000174720","patient5","XGBoost_SHAP","all",0.00459749141259579,"LARP7"
"ENSG00000174720","patient2","XGBoost_SHAP","all",0.00173008866641125,"LARP7"
"ENSG00000174720","patient1","XGBoost_SHAP","all",0.00119274820470421,"LARP7"
"ENSG00000174720","patient4","XGBoost_SHAP","all",0.00221801616014029,"LARP7"
"ENSG00000174720","patient6","XGBoost_SHAP","all",0.00350830553493631,"LARP7"
"ENSG00000174780","patient4","XGBoost_SHAP","all",0.00267536523312812,"SRP72"
"ENSG00000174780","patient5","XGBoost_SHAP","all",0.00162725241675668,"SRP72"
"ENSG00000174780","patient6","XGBoost_SHAP","all",0.0021787012193987,"SRP72"
"ENSG00000174780","patient3","XGBoost_SHAP","all",0.0024221156672028,"SRP72"
"ENSG00000174780","patient1","XGBoost_SHAP","all",0.000534321747359485,"SRP72"
"ENSG00000174780","patient2","XGBoost_SHAP","all",0.0022911620512253,"SRP72"
"ENSG00000174851","patient1","XGBoost_SHAP","all",0.00209143418059282,"YIF1A"
"ENSG00000174851","patient3","XGBoost_SHAP","all",0.00174094671737714,"YIF1A"
"ENSG00000174851","patient2","XGBoost_SHAP","all",0.00150961822694443,"YIF1A"
"ENSG00000174851","patient5","XGBoost_SHAP","all",0.00220483765875294,"YIF1A"
"ENSG00000174851","patient6","XGBoost_SHAP","all",0.00283172667291123,"YIF1A"
"ENSG00000174851","patient4","XGBoost_SHAP","all",0.00168076703651538,"YIF1A"
"ENSG00000174891","patient4","XGBoost_SHAP","all",0.000996896488279161,"RSRC1"
"ENSG00000174891","patient2","XGBoost_SHAP","all",0.00117360682773023,"RSRC1"
"ENSG00000174891","patient5","XGBoost_SHAP","all",0.00130668907920211,"RSRC1"
"ENSG00000174891","patient1","XGBoost_SHAP","all",0.000591826644714877,"RSRC1"
"ENSG00000174891","patient6","XGBoost_SHAP","all",0.00172846955298064,"RSRC1"
"ENSG00000174891","patient3","XGBoost_SHAP","all",0.00080347760267431,"RSRC1"
"ENSG00000174917","patient5","XGBoost_SHAP","all",0.00298942142374176,"MICOS13"
"ENSG00000174917","patient4","XGBoost_SHAP","all",0.00252331864770885,"MICOS13"
"ENSG00000174917","patient2","XGBoost_SHAP","all",0.00102822728558508,"MICOS13"
"ENSG00000174917","patient1","XGBoost_SHAP","all",0.00138342092958797,"MICOS13"
"ENSG00000174917","patient6","XGBoost_SHAP","all",0.0015935225685219,"MICOS13"
"ENSG00000174917","patient3","XGBoost_SHAP","all",0.000919013019412268,"MICOS13"
"ENSG00000174953","patient2","XGBoost_SHAP","all",0.00130672826683924,"DHX36"
"ENSG00000174953","patient3","XGBoost_SHAP","all",0.00623747190487487,"DHX36"
"ENSG00000174953","patient4","XGBoost_SHAP","all",0.00183667046701523,"DHX36"
"ENSG00000174953","patient5","XGBoost_SHAP","all",0.00121339061377516,"DHX36"
"ENSG00000174953","patient1","XGBoost_SHAP","all",0.00246312928667733,"DHX36"
"ENSG00000174953","patient6","XGBoost_SHAP","all",0.00184391022763277,"DHX36"
"ENSG00000175166","patient3","XGBoost_SHAP","all",0.00222697608211892,"PSMD2"
"ENSG00000175166","patient2","XGBoost_SHAP","all",0.00121724016113815,"PSMD2"
"ENSG00000175166","patient4","XGBoost_SHAP","all",0.00417187515141757,"PSMD2"
"ENSG00000175166","patient5","XGBoost_SHAP","all",0.00201226174947319,"PSMD2"
"ENSG00000175166","patient6","XGBoost_SHAP","all",0.0011266356353614,"PSMD2"
"ENSG00000175183","patient4","XGBoost_SHAP","all",0.0185143174915667,"CSRP2"
"ENSG00000175183","patient1","XGBoost_SHAP","all",0.0182660905205449,"CSRP2"
"ENSG00000175183","patient6","XGBoost_SHAP","all",0.0210158325592986,"CSRP2"
"ENSG00000175183","patient5","XGBoost_SHAP","all",0.0343504658354892,"CSRP2"
"ENSG00000175183","patient3","XGBoost_SHAP","all",0.0236769709353706,"CSRP2"
"ENSG00000175183","patient2","XGBoost_SHAP","all",0.0278683495272124,"CSRP2"
"ENSG00000175197","patient3","XGBoost_SHAP","all",0.00309663886832595,"DDIT3"
"ENSG00000175197","patient5","XGBoost_SHAP","all",0.00253873072547263,"DDIT3"
"ENSG00000175197","patient2","XGBoost_SHAP","all",0.00171380018089504,"DDIT3"
"ENSG00000175197","patient6","XGBoost_SHAP","all",0.00217284754594948,"DDIT3"
"ENSG00000175197","patient4","XGBoost_SHAP","all",0.00179558654624157,"DDIT3"
"ENSG00000175197","patient1","XGBoost_SHAP","all",0.00170193622628176,"DDIT3"
"ENSG00000175203","patient6","XGBoost_SHAP","all",0.00171770330717238,"DCTN2"
"ENSG00000175203","patient1","XGBoost_SHAP","all",0.00345181616983855,"DCTN2"
"ENSG00000175203","patient2","XGBoost_SHAP","all",0.000799129607319035,"DCTN2"
"ENSG00000175203","patient3","XGBoost_SHAP","all",0.00231132669339305,"DCTN2"
"ENSG00000175203","patient4","XGBoost_SHAP","all",0.00250385231386398,"DCTN2"
"ENSG00000175203","patient5","XGBoost_SHAP","all",0.000764749344695404,"DCTN2"
"ENSG00000175334","patient6","XGBoost_SHAP","all",0.00372152015313255,"BANF1"
"ENSG00000175334","patient5","XGBoost_SHAP","all",0.00183845560048457,"BANF1"
"ENSG00000175334","patient2","XGBoost_SHAP","all",0.0018604402656614,"BANF1"
"ENSG00000175334","patient1","XGBoost_SHAP","all",0.000922385523068437,"BANF1"
"ENSG00000175334","patient4","XGBoost_SHAP","all",0.00167127992601758,"BANF1"
"ENSG00000175334","patient3","XGBoost_SHAP","all",0.0024763887165078,"BANF1"
"ENSG00000175416","patient5","XGBoost_SHAP","all",0.00169329825212417,"CLTB"
"ENSG00000175416","patient2","XGBoost_SHAP","all",0.00280856273679279,"CLTB"
"ENSG00000175416","patient4","XGBoost_SHAP","all",0.00212023914099582,"CLTB"
"ENSG00000175416","patient3","XGBoost_SHAP","all",0.0038325896370225,"CLTB"
"ENSG00000175416","patient6","XGBoost_SHAP","all",0.000894611745597693,"CLTB"
"ENSG00000175416","patient1","XGBoost_SHAP","all",0.00109542244430009,"CLTB"
"ENSG00000175550","patient6","XGBoost_SHAP","all",0.00186635959301628,"DRAP1"
"ENSG00000175550","patient4","XGBoost_SHAP","all",0.00128990067007058,"DRAP1"
"ENSG00000175550","patient5","XGBoost_SHAP","all",0.00164633546359347,"DRAP1"
"ENSG00000175550","patient1","XGBoost_SHAP","all",0.00174057612668208,"DRAP1"
"ENSG00000175550","patient2","XGBoost_SHAP","all",0.00128207189549358,"DRAP1"
"ENSG00000175550","patient3","XGBoost_SHAP","all",0.00377064768353743,"DRAP1"
"ENSG00000175602","patient2","XGBoost_SHAP","all",0.00365808249355241,"CCDC85B"
"ENSG00000175602","patient6","XGBoost_SHAP","all",0.00666972638074885,"CCDC85B"
"ENSG00000175602","patient1","XGBoost_SHAP","all",0.00835175231457491,"CCDC85B"
"ENSG00000175602","patient4","XGBoost_SHAP","all",0.00377320047757532,"CCDC85B"
"ENSG00000175602","patient5","XGBoost_SHAP","all",0.00406064825776902,"CCDC85B"
"ENSG00000175602","patient3","XGBoost_SHAP","all",0.00354452495230362,"CCDC85B"
"ENSG00000175701","patient1","XGBoost_SHAP","all",0.00324875537162304,"MTLN"
"ENSG00000175701","patient3","XGBoost_SHAP","all",0.000268289583376616,"MTLN"
"ENSG00000175701","patient4","XGBoost_SHAP","all",0.00192229264727639,"MTLN"
"ENSG00000175701","patient2","XGBoost_SHAP","all",0.000786128631708975,"MTLN"
"ENSG00000175701","patient5","XGBoost_SHAP","all",0.00194240512696796,"MTLN"
"ENSG00000175701","patient6","XGBoost_SHAP","all",0.00168644911779301,"MTLN"
"ENSG00000175756","patient5","XGBoost_SHAP","all",0.00267923306067855,"AURKAIP1"
"ENSG00000175756","patient4","XGBoost_SHAP","all",0.00229617418305073,"AURKAIP1"
"ENSG00000175756","patient2","XGBoost_SHAP","all",0.00240664037048683,"AURKAIP1"
"ENSG00000175756","patient6","XGBoost_SHAP","all",0.00258597316076222,"AURKAIP1"
"ENSG00000175756","patient1","XGBoost_SHAP","all",0.00219256477294522,"AURKAIP1"
"ENSG00000175756","patient3","XGBoost_SHAP","all",0.00126453005579664,"AURKAIP1"
"ENSG00000175899","patient4","XGBoost_SHAP","all",0.0312599691010888,"A2M"
"ENSG00000175899","patient5","XGBoost_SHAP","all",0.0415175955935847,"A2M"
"ENSG00000175899","patient3","XGBoost_SHAP","all",0.0268551064563389,"A2M"
"ENSG00000175899","patient2","XGBoost_SHAP","all",0.0405714187002029,"A2M"
"ENSG00000175899","patient1","XGBoost_SHAP","all",0.0502029751200915,"A2M"
"ENSG00000175899","patient6","XGBoost_SHAP","all",0.0416901372625977,"A2M"
"ENSG00000176014","patient3","XGBoost_SHAP","all",0.0016186024286635,"TUBB6"
"ENSG00000176014","patient6","XGBoost_SHAP","all",0.00200110758341607,"TUBB6"
"ENSG00000176014","patient2","XGBoost_SHAP","all",0.00147828059521315,"TUBB6"
"ENSG00000176014","patient5","XGBoost_SHAP","all",0.00153176856759577,"TUBB6"
"ENSG00000176014","patient1","XGBoost_SHAP","all",0.00120750135547012,"TUBB6"
"ENSG00000176014","patient4","XGBoost_SHAP","all",0.00282841948934345,"TUBB6"
"ENSG00000176046","patient5","XGBoost_SHAP","all",0.0182561668717659,"NUPR1"
"ENSG00000176046","patient6","XGBoost_SHAP","all",0.023692479805244,"NUPR1"
"ENSG00000176046","patient2","XGBoost_SHAP","all",0.0211110114530854,"NUPR1"
"ENSG00000176046","patient1","XGBoost_SHAP","all",0.0114666716464893,"NUPR1"
"ENSG00000176046","patient3","XGBoost_SHAP","all",0.0202415662569674,"NUPR1"
"ENSG00000176046","patient4","XGBoost_SHAP","all",0.0224100003705522,"NUPR1"
"ENSG00000176101","patient4","XGBoost_SHAP","all",0.000724319036575859,"SSNA1"
"ENSG00000176101","patient5","XGBoost_SHAP","all",0.000731215624327717,"SSNA1"
"ENSG00000176101","patient3","XGBoost_SHAP","all",0.00102734761008533,"SSNA1"
"ENSG00000176101","patient2","XGBoost_SHAP","all",0.00147775892473301,"SSNA1"
"ENSG00000176101","patient6","XGBoost_SHAP","all",0.000926222547186613,"SSNA1"
"ENSG00000176101","patient1","XGBoost_SHAP","all",0.00085304726071628,"SSNA1"
"ENSG00000176171","patient3","XGBoost_SHAP","all",0.000867418783649847,"BNIP3"
"ENSG00000176171","patient5","XGBoost_SHAP","all",0.00127677522718903,"BNIP3"
"ENSG00000176171","patient6","XGBoost_SHAP","all",0.00102716560032607,"BNIP3"
"ENSG00000176171","patient2","XGBoost_SHAP","all",0.00127174800409407,"BNIP3"
"ENSG00000176171","patient4","XGBoost_SHAP","all",0.000860711164045808,"BNIP3"
"ENSG00000176209","patient2","XGBoost_SHAP","all",0.00348537750232595,"SMIM19"
"ENSG00000176209","patient5","XGBoost_SHAP","all",0.00394052878524887,"SMIM19"
"ENSG00000176209","patient6","XGBoost_SHAP","all",0.00262809856317884,"SMIM19"
"ENSG00000176209","patient4","XGBoost_SHAP","all",0.00246180362780672,"SMIM19"
"ENSG00000176209","patient3","XGBoost_SHAP","all",0.00324096772419816,"SMIM19"
"ENSG00000176209","patient1","XGBoost_SHAP","all",0.0047226804486902,"SMIM19"
"ENSG00000176386","patient3","XGBoost_SHAP","all",0.00393677150380374,"CDC26"
"ENSG00000176386","patient2","XGBoost_SHAP","all",0.00137482938644396,"CDC26"
"ENSG00000176386","patient1","XGBoost_SHAP","all",0.00118258407219737,"CDC26"
"ENSG00000176386","patient5","XGBoost_SHAP","all",0.00252038015927607,"CDC26"
"ENSG00000176386","patient6","XGBoost_SHAP","all",0.00260075431388786,"CDC26"
"ENSG00000176435","patient5","XGBoost_SHAP","all",0.0805020172135082,"CLEC14A"
"ENSG00000176435","patient3","XGBoost_SHAP","all",0.0618835362875476,"CLEC14A"
"ENSG00000176435","patient2","XGBoost_SHAP","all",0.0448809670871203,"CLEC14A"
"ENSG00000176435","patient6","XGBoost_SHAP","all",0.0620196662428735,"CLEC14A"
"ENSG00000176435","patient4","XGBoost_SHAP","all",0.0536135883112707,"CLEC14A"
"ENSG00000176435","patient1","XGBoost_SHAP","all",0.0311456461859185,"CLEC14A"
"ENSG00000176485","patient2","XGBoost_SHAP","all",0.00210718399364122,"PLAAT3"
"ENSG00000176485","patient1","XGBoost_SHAP","all",0.00326819029770683,"PLAAT3"
"ENSG00000176485","patient6","XGBoost_SHAP","all",0.00201149645774538,"PLAAT3"
"ENSG00000176485","patient4","XGBoost_SHAP","all",0.00484908137606424,"PLAAT3"
"ENSG00000176485","patient5","XGBoost_SHAP","all",0.00291095982814119,"PLAAT3"
"ENSG00000176485","patient3","XGBoost_SHAP","all",0.00403964659880272,"PLAAT3"
"ENSG00000176658","patient2","XGBoost_SHAP","all",0.00702001719118895,"MYO1D"
"ENSG00000176658","patient1","XGBoost_SHAP","all",0.00342765111770138,"MYO1D"
"ENSG00000176658","patient5","XGBoost_SHAP","all",0.00255233771948456,"MYO1D"
"ENSG00000176658","patient6","XGBoost_SHAP","all",0.00458670258239491,"MYO1D"
"ENSG00000176658","patient4","XGBoost_SHAP","all",0.0051336195456905,"MYO1D"
"ENSG00000176658","patient3","XGBoost_SHAP","all",0.00555615165925835,"MYO1D"
"ENSG00000176731","patient1","XGBoost_SHAP","all",0.00539752586266327,"RBIS"
"ENSG00000176731","patient5","XGBoost_SHAP","all",0.00194216744476366,"RBIS"
"ENSG00000176731","patient6","XGBoost_SHAP","all",0.00565800837078223,"RBIS"
"ENSG00000176731","patient2","XGBoost_SHAP","all",0.00421012392938534,"RBIS"
"ENSG00000176845","patient6","XGBoost_SHAP","all",0.00377007848974632,"METRNL"
"ENSG00000176845","patient2","XGBoost_SHAP","all",0.00208117702720181,"METRNL"
"ENSG00000176845","patient5","XGBoost_SHAP","all",0.00797958805583593,"METRNL"
"ENSG00000176845","patient4","XGBoost_SHAP","all",0.00971135669361189,"METRNL"
"ENSG00000176845","patient1","XGBoost_SHAP","all",0.00603611010204781,"METRNL"
"ENSG00000176845","patient3","XGBoost_SHAP","all",0.00528833244725528,"METRNL"
"ENSG00000176971","patient4","XGBoost_SHAP","all",0.00571983737209676,"FIBIN"
"ENSG00000176971","patient3","XGBoost_SHAP","all",0.00731659779441894,"FIBIN"
"ENSG00000176971","patient5","XGBoost_SHAP","all",0.02202227629403,"FIBIN"
"ENSG00000176971","patient1","XGBoost_SHAP","all",0.00504966474144402,"FIBIN"
"ENSG00000176971","patient6","XGBoost_SHAP","all",0.010644864376117,"FIBIN"
"ENSG00000176971","patient2","XGBoost_SHAP","all",0.0124276927242181,"FIBIN"
"ENSG00000176973","patient1","XGBoost_SHAP","all",0.00513574734048706,"FAM89B"
"ENSG00000176973","patient4","XGBoost_SHAP","all",0.0067625782568685,"FAM89B"
"ENSG00000176973","patient2","XGBoost_SHAP","all",0.00192185817240352,"FAM89B"
"ENSG00000176973","patient6","XGBoost_SHAP","all",0.00325592716142384,"FAM89B"
"ENSG00000176973","patient5","XGBoost_SHAP","all",0.00877141465952676,"FAM89B"
"ENSG00000176973","patient3","XGBoost_SHAP","all",0.00124518256306659,"FAM89B"
"ENSG00000176978","patient3","XGBoost_SHAP","all",0.00425918047896024,"DPP7"
"ENSG00000176978","patient5","XGBoost_SHAP","all",0.00529780003040638,"DPP7"
"ENSG00000176978","patient1","XGBoost_SHAP","all",0.00275990765096503,"DPP7"
"ENSG00000176978","patient4","XGBoost_SHAP","all",0.00693202183620696,"DPP7"
"ENSG00000176978","patient6","XGBoost_SHAP","all",0.00553482782556592,"DPP7"
"ENSG00000176978","patient2","XGBoost_SHAP","all",0.00378449549639231,"DPP7"
"ENSG00000177105","patient2","XGBoost_SHAP","all",0.00112671320653561,"RHOG"
"ENSG00000177105","patient1","XGBoost_SHAP","all",0.00166527268256204,"RHOG"
"ENSG00000177105","patient3","XGBoost_SHAP","all",0.00193662981620411,"RHOG"
"ENSG00000177105","patient6","XGBoost_SHAP","all",0.00124509298965341,"RHOG"
"ENSG00000177105","patient5","XGBoost_SHAP","all",0.00150398944758518,"RHOG"
"ENSG00000177105","patient4","XGBoost_SHAP","all",0.00175470618542628,"RHOG"
"ENSG00000177119","patient6","XGBoost_SHAP","all",0.000911918324350465,"ANO6"
"ENSG00000177119","patient2","XGBoost_SHAP","all",0.00247959824175152,"ANO6"
"ENSG00000177119","patient1","XGBoost_SHAP","all",0.00106724606667195,"ANO6"
"ENSG00000177119","patient3","XGBoost_SHAP","all",0.00120544768961492,"ANO6"
"ENSG00000177119","patient5","XGBoost_SHAP","all",0.000765767540064808,"ANO6"
"ENSG00000177119","patient4","XGBoost_SHAP","all",0.00304932511801542,"ANO6"
"ENSG00000177156","patient6","XGBoost_SHAP","all",0.0027366904247622,"TALDO1"
"ENSG00000177156","patient5","XGBoost_SHAP","all",0.00285750234099756,"TALDO1"
"ENSG00000177156","patient2","XGBoost_SHAP","all",0.000868270788393501,"TALDO1"
"ENSG00000177156","patient3","XGBoost_SHAP","all",0.000987557088737313,"TALDO1"
"ENSG00000177156","patient1","XGBoost_SHAP","all",0.00223047242423732,"TALDO1"
"ENSG00000177156","patient4","XGBoost_SHAP","all",0.0017133945247473,"TALDO1"
"ENSG00000177200","patient2","XGBoost_SHAP","all",0.00305811212617365,"CHD9"
"ENSG00000177200","patient6","XGBoost_SHAP","all",0.00187572130895202,"CHD9"
"ENSG00000177200","patient3","XGBoost_SHAP","all",0.00374361840013257,"CHD9"
"ENSG00000177200","patient4","XGBoost_SHAP","all",0.00216081770920325,"CHD9"
"ENSG00000177200","patient1","XGBoost_SHAP","all",0.00228047106979516,"CHD9"
"ENSG00000177200","patient5","XGBoost_SHAP","all",0.00264937136219911,"CHD9"
"ENSG00000177311","patient4","XGBoost_SHAP","all",0.00139452781187538,"ZBTB38"
"ENSG00000177311","patient2","XGBoost_SHAP","all",0.00166793612124094,"ZBTB38"
"ENSG00000177311","patient6","XGBoost_SHAP","all",0.00236101947575115,"ZBTB38"
"ENSG00000177311","patient3","XGBoost_SHAP","all",0.00146054118041138,"ZBTB38"
"ENSG00000177311","patient5","XGBoost_SHAP","all",0.00213965545716573,"ZBTB38"
"ENSG00000177311","patient1","XGBoost_SHAP","all",0.00201693106015755,"ZBTB38"
"ENSG00000177410","patient1","XGBoost_SHAP","all",0.00298705589741439,"ZFAS1"
"ENSG00000177410","patient6","XGBoost_SHAP","all",0.0060204887555556,"ZFAS1"
"ENSG00000177410","patient5","XGBoost_SHAP","all",0.00362664240059654,"ZFAS1"
"ENSG00000177410","patient2","XGBoost_SHAP","all",0.00587440883282154,"ZFAS1"
"ENSG00000177410","patient3","XGBoost_SHAP","all",0.00528238405162864,"ZFAS1"
"ENSG00000177410","patient4","XGBoost_SHAP","all",0.00195606698925497,"ZFAS1"
"ENSG00000177425","patient6","XGBoost_SHAP","all",0.000990330859886156,"PAWR"
"ENSG00000177425","patient4","XGBoost_SHAP","all",0.00106704364353694,"PAWR"
"ENSG00000177425","patient5","XGBoost_SHAP","all",0.00206025868808866,"PAWR"
"ENSG00000177425","patient3","XGBoost_SHAP","all",0.000577537880926641,"PAWR"
"ENSG00000177425","patient2","XGBoost_SHAP","all",0.00117985941503442,"PAWR"
"ENSG00000177425","patient1","XGBoost_SHAP","all",0.00142787123025179,"PAWR"
"ENSG00000177469","patient4","XGBoost_SHAP","all",0.00691388858528076,"CAVIN1"
"ENSG00000177469","patient6","XGBoost_SHAP","all",0.00915612326561459,"CAVIN1"
"ENSG00000177469","patient5","XGBoost_SHAP","all",0.00392170909468226,"CAVIN1"
"ENSG00000177469","patient1","XGBoost_SHAP","all",0.0152518968416809,"CAVIN1"
"ENSG00000177469","patient3","XGBoost_SHAP","all",0.00626533551926183,"CAVIN1"
"ENSG00000177469","patient2","XGBoost_SHAP","all",0.00897118308085676,"CAVIN1"
"ENSG00000177556","patient5","XGBoost_SHAP","all",0.00203108678349858,"ATOX1"
"ENSG00000177556","patient1","XGBoost_SHAP","all",0.0015684244401382,"ATOX1"
"ENSG00000177556","patient3","XGBoost_SHAP","all",0.00123296432537484,"ATOX1"
"ENSG00000177556","patient4","XGBoost_SHAP","all",0.000794849515819823,"ATOX1"
"ENSG00000177556","patient2","XGBoost_SHAP","all",0.00203082857076026,"ATOX1"
"ENSG00000177556","patient6","XGBoost_SHAP","all",0.0017675434108387,"ATOX1"
"ENSG00000177565","patient3","XGBoost_SHAP","all",0.000933689599962224,"TBL1XR1"
"ENSG00000177565","patient6","XGBoost_SHAP","all",0.00111427839146866,"TBL1XR1"
"ENSG00000177565","patient5","XGBoost_SHAP","all",0.0033247530507724,"TBL1XR1"
"ENSG00000177565","patient1","XGBoost_SHAP","all",0.00118226172794795,"TBL1XR1"
"ENSG00000177565","patient2","XGBoost_SHAP","all",0.00162716027527856,"TBL1XR1"
"ENSG00000177565","patient4","XGBoost_SHAP","all",0.000368347709626187,"TBL1XR1"
"ENSG00000177575","patient1","XGBoost_SHAP","all",0.00961446669628003,"CD163"
"ENSG00000177575","patient5","XGBoost_SHAP","all",0.0162019702596565,"CD163"
"ENSG00000177575","patient3","XGBoost_SHAP","all",0.0104184678446142,"CD163"
"ENSG00000177575","patient6","XGBoost_SHAP","all",0.00766465164579664,"CD163"
"ENSG00000177575","patient2","XGBoost_SHAP","all",0.0116349883336191,"CD163"
"ENSG00000177575","patient4","XGBoost_SHAP","all",0.0116944164865615,"CD163"
"ENSG00000177606","patient5","XGBoost_SHAP","all",0.00643625508635038,"JUN"
"ENSG00000177606","patient3","XGBoost_SHAP","all",0.00527229251207169,"JUN"
"ENSG00000177606","patient2","XGBoost_SHAP","all",0.00470193388688528,"JUN"
"ENSG00000177606","patient1","XGBoost_SHAP","all",0.00750959428630757,"JUN"
"ENSG00000177606","patient6","XGBoost_SHAP","all",0.00807955341650471,"JUN"
"ENSG00000177606","patient4","XGBoost_SHAP","all",0.00933862668064565,"JUN"
"ENSG00000177666","patient6","XGBoost_SHAP","all",0.0011090794151035,"PNPLA2"
"ENSG00000177666","patient1","XGBoost_SHAP","all",0.000949576710063418,"PNPLA2"
"ENSG00000177666","patient2","XGBoost_SHAP","all",0.0012295753684983,"PNPLA2"
"ENSG00000177666","patient5","XGBoost_SHAP","all",0.000437171637137297,"PNPLA2"
"ENSG00000177666","patient3","XGBoost_SHAP","all",0.000910828200587266,"PNPLA2"
"ENSG00000177666","patient4","XGBoost_SHAP","all",0.00183725676554698,"PNPLA2"
"ENSG00000177674","patient5","XGBoost_SHAP","all",0.000592653529913082,"AGTRAP"
"ENSG00000177674","patient6","XGBoost_SHAP","all",0.00182919788822258,"AGTRAP"
"ENSG00000177674","patient2","XGBoost_SHAP","all",0.00201785984218506,"AGTRAP"
"ENSG00000177674","patient3","XGBoost_SHAP","all",0.00197313717966118,"AGTRAP"
"ENSG00000177674","patient4","XGBoost_SHAP","all",0.00214316324204924,"AGTRAP"
"ENSG00000177697","patient3","XGBoost_SHAP","all",0.00284088853587791,"CD151"
"ENSG00000177697","patient6","XGBoost_SHAP","all",0.00489389628984291,"CD151"
"ENSG00000177697","patient4","XGBoost_SHAP","all",0.00335800694282324,"CD151"
"ENSG00000177697","patient1","XGBoost_SHAP","all",0.00402407286674627,"CD151"
"ENSG00000177697","patient5","XGBoost_SHAP","all",0.00328371928615341,"CD151"
"ENSG00000177697","patient2","XGBoost_SHAP","all",0.0067349651387565,"CD151"
"ENSG00000177733","patient3","XGBoost_SHAP","all",0.00253602746693228,"HNRNPA0"
"ENSG00000177733","patient1","XGBoost_SHAP","all",0.00118375336447221,"HNRNPA0"
"ENSG00000177733","patient4","XGBoost_SHAP","all",0.00118236793542379,"HNRNPA0"
"ENSG00000177733","patient2","XGBoost_SHAP","all",0.00145548220625884,"HNRNPA0"
"ENSG00000177733","patient5","XGBoost_SHAP","all",0.00211715902016412,"HNRNPA0"
"ENSG00000177733","patient6","XGBoost_SHAP","all",0.00176858526184454,"HNRNPA0"
"ENSG00000177830","patient1","XGBoost_SHAP","all",0.00190177929755429,"CHID1"
"ENSG00000177830","patient3","XGBoost_SHAP","all",0.00118106269490135,"CHID1"
"ENSG00000177830","patient6","XGBoost_SHAP","all",0.00149634497479926,"CHID1"
"ENSG00000177830","patient2","XGBoost_SHAP","all",0.00278271385294828,"CHID1"
"ENSG00000177879","patient1","XGBoost_SHAP","all",0.00205843346137042,"AP3S1"
"ENSG00000177879","patient5","XGBoost_SHAP","all",0.00213533316455444,"AP3S1"
"ENSG00000177879","patient2","XGBoost_SHAP","all",0.0038555861200076,"AP3S1"
"ENSG00000177879","patient3","XGBoost_SHAP","all",0.000850739113386225,"AP3S1"
"ENSG00000177879","patient4","XGBoost_SHAP","all",0.00422803915656555,"AP3S1"
"ENSG00000177879","patient6","XGBoost_SHAP","all",0.00162215552927528,"AP3S1"
"ENSG00000177885","patient3","XGBoost_SHAP","all",0.00292504196407692,"GRB2"
"ENSG00000177885","patient5","XGBoost_SHAP","all",0.00285519846677561,"GRB2"
"ENSG00000177885","patient4","XGBoost_SHAP","all",0.0067870375728595,"GRB2"
"ENSG00000177885","patient6","XGBoost_SHAP","all",0.00618296123463625,"GRB2"
"ENSG00000177885","patient1","XGBoost_SHAP","all",0.00556455067031864,"GRB2"
"ENSG00000177885","patient2","XGBoost_SHAP","all",0.00273683112112733,"GRB2"
"ENSG00000177889","patient5","XGBoost_SHAP","all",0.00264221277385876,"UBE2N"
"ENSG00000177889","patient2","XGBoost_SHAP","all",0.00054965794458302,"UBE2N"
"ENSG00000177889","patient4","XGBoost_SHAP","all",0.00363493648284194,"UBE2N"
"ENSG00000177889","patient1","XGBoost_SHAP","all",0.00216436822065614,"UBE2N"
"ENSG00000177889","patient6","XGBoost_SHAP","all",0.00171439395988456,"UBE2N"
"ENSG00000177889","patient3","XGBoost_SHAP","all",0.0013610187967388,"UBE2N"
"ENSG00000177971","patient1","XGBoost_SHAP","all",0.00554590185973219,"IMP3"
"ENSG00000177971","patient5","XGBoost_SHAP","all",0.0039620275753307,"IMP3"
"ENSG00000177971","patient6","XGBoost_SHAP","all",0.00298977005242334,"IMP3"
"ENSG00000177971","patient4","XGBoost_SHAP","all",0.00249185687724701,"IMP3"
"ENSG00000177971","patient2","XGBoost_SHAP","all",0.00416199020673122,"IMP3"
"ENSG00000177971","patient3","XGBoost_SHAP","all",0.00156324342434653,"IMP3"
"ENSG00000178035","patient5","XGBoost_SHAP","all",0.00337574535645034,"IMPDH2"
"ENSG00000178035","patient1","XGBoost_SHAP","all",0.00447177439589957,"IMPDH2"
"ENSG00000178035","patient4","XGBoost_SHAP","all",0.00205575896508071,"IMPDH2"
"ENSG00000178035","patient3","XGBoost_SHAP","all",0.00374162035390028,"IMPDH2"
"ENSG00000178035","patient2","XGBoost_SHAP","all",0.00347606791164036,"IMPDH2"
"ENSG00000178035","patient6","XGBoost_SHAP","all",0.00462972507447799,"IMPDH2"
"ENSG00000178057","patient2","XGBoost_SHAP","all",0.00131538570762499,"NDUFAF3"
"ENSG00000178057","patient4","XGBoost_SHAP","all",0.00220579663633538,"NDUFAF3"
"ENSG00000178057","patient1","XGBoost_SHAP","all",0.00174742124939206,"NDUFAF3"
"ENSG00000178057","patient3","XGBoost_SHAP","all",0.00160327704257971,"NDUFAF3"
"ENSG00000178057","patient5","XGBoost_SHAP","all",0.00121738585025826,"NDUFAF3"
"ENSG00000178057","patient6","XGBoost_SHAP","all",0.0011512085161218,"NDUFAF3"
"ENSG00000178104","patient2","XGBoost_SHAP","all",0.000923637863410789,"PDE4DIP"
"ENSG00000178104","patient4","XGBoost_SHAP","all",0.00198365955661313,"PDE4DIP"
"ENSG00000178104","patient1","XGBoost_SHAP","all",0.00120208896817836,"PDE4DIP"
"ENSG00000178104","patient6","XGBoost_SHAP","all",0.000770692206951327,"PDE4DIP"
"ENSG00000178104","patient5","XGBoost_SHAP","all",0.00281757623211045,"PDE4DIP"
"ENSG00000178104","patient3","XGBoost_SHAP","all",0.000945756937371074,"PDE4DIP"
"ENSG00000178127","patient2","XGBoost_SHAP","all",0.00299450678157645,"NDUFV2"
"ENSG00000178127","patient3","XGBoost_SHAP","all",0.00362159575277734,"NDUFV2"
"ENSG00000178127","patient1","XGBoost_SHAP","all",0.0037643946633107,"NDUFV2"
"ENSG00000178209","patient4","XGBoost_SHAP","all",0.00308708979672251,"PLEC"
"ENSG00000178209","patient6","XGBoost_SHAP","all",0.00322217235689755,"PLEC"
"ENSG00000178209","patient5","XGBoost_SHAP","all",0.00377292174384328,"PLEC"
"ENSG00000178209","patient2","XGBoost_SHAP","all",0.00521847714576004,"PLEC"
"ENSG00000178209","patient3","XGBoost_SHAP","all",0.00484835129613819,"PLEC"
"ENSG00000178209","patient1","XGBoost_SHAP","all",0.00279038291377397,"PLEC"
"ENSG00000178449","patient1","XGBoost_SHAP","all",0.00387829222507578,"COX14"
"ENSG00000178449","patient6","XGBoost_SHAP","all",0.00438131061066265,"COX14"
"ENSG00000178449","patient2","XGBoost_SHAP","all",0.00201497662759234,"COX14"
"ENSG00000178449","patient3","XGBoost_SHAP","all",0.00315226684985347,"COX14"
"ENSG00000178449","patient4","XGBoost_SHAP","all",0.00131765852149388,"COX14"
"ENSG00000178449","patient5","XGBoost_SHAP","all",0.00271335167435371,"COX14"
"ENSG00000178573","patient3","XGBoost_SHAP","all",0.011313291525076,"MAF"
"ENSG00000178573","patient5","XGBoost_SHAP","all",0.00695164328208017,"MAF"
"ENSG00000178573","patient2","XGBoost_SHAP","all",0.00255447910555875,"MAF"
"ENSG00000178573","patient1","XGBoost_SHAP","all",0.0077492441437497,"MAF"
"ENSG00000178573","patient6","XGBoost_SHAP","all",0.006839263688467,"MAF"
"ENSG00000178573","patient4","XGBoost_SHAP","all",0.00743218045971533,"MAF"
"ENSG00000178695","patient2","XGBoost_SHAP","all",0.00566417287719883,"KCTD12"
"ENSG00000178695","patient6","XGBoost_SHAP","all",0.00821311742564972,"KCTD12"
"ENSG00000178695","patient1","XGBoost_SHAP","all",0.00581543418373539,"KCTD12"
"ENSG00000178695","patient4","XGBoost_SHAP","all",0.0122997090858152,"KCTD12"
"ENSG00000178695","patient5","XGBoost_SHAP","all",0.0123795107016258,"KCTD12"
"ENSG00000178695","patient3","XGBoost_SHAP","all",0.0119800513524841,"KCTD12"
"ENSG00000178719","patient4","XGBoost_SHAP","all",0.00192442153497859,"GRINA"
"ENSG00000178719","patient1","XGBoost_SHAP","all",0.00132301021866747,"GRINA"
"ENSG00000178719","patient5","XGBoost_SHAP","all",0.0024012631107454,"GRINA"
"ENSG00000178719","patient2","XGBoost_SHAP","all",0.00116292808504659,"GRINA"
"ENSG00000178719","patient6","XGBoost_SHAP","all",0.00134591308100888,"GRINA"
"ENSG00000178726","patient4","XGBoost_SHAP","all",0.00663402211382758,"THBD"
"ENSG00000178726","patient3","XGBoost_SHAP","all",0.00228467677177107,"THBD"
"ENSG00000178741","patient5","XGBoost_SHAP","all",0.00356790541524837,"COX5A"
"ENSG00000178741","patient6","XGBoost_SHAP","all",0.00159568542785741,"COX5A"
"ENSG00000178741","patient1","XGBoost_SHAP","all",0.00230726572912449,"COX5A"
"ENSG00000178741","patient2","XGBoost_SHAP","all",0.00247165541137169,"COX5A"
"ENSG00000178741","patient4","XGBoost_SHAP","all",0.00356623143264365,"COX5A"
"ENSG00000178741","patient3","XGBoost_SHAP","all",0.00312442195105665,"COX5A"
"ENSG00000178913","patient1","XGBoost_SHAP","all",0.000983375548263642,"TAF7"
"ENSG00000178913","patient2","XGBoost_SHAP","all",0.00314532192914458,"TAF7"
"ENSG00000178913","patient5","XGBoost_SHAP","all",0.00424936189272802,"TAF7"
"ENSG00000178913","patient4","XGBoost_SHAP","all",0.000707903879918979,"TAF7"
"ENSG00000178913","patient6","XGBoost_SHAP","all",0.000694515031995257,"TAF7"
"ENSG00000178913","patient3","XGBoost_SHAP","all",0.00337001143591687,"TAF7"
"ENSG00000178922","patient1","XGBoost_SHAP","all",0.000754282161310873,"HYI"
"ENSG00000178951","patient6","XGBoost_SHAP","all",0.000627849494962228,"ZBTB7A"
"ENSG00000178951","patient5","XGBoost_SHAP","all",0.00124438120984026,"ZBTB7A"
"ENSG00000178951","patient2","XGBoost_SHAP","all",0.000857747832760739,"ZBTB7A"
"ENSG00000178951","patient4","XGBoost_SHAP","all",0.000889658122149447,"ZBTB7A"
"ENSG00000178951","patient3","XGBoost_SHAP","all",0.00219545946685263,"ZBTB7A"
"ENSG00000178951","patient1","XGBoost_SHAP","all",0.00121758011451187,"ZBTB7A"
"ENSG00000178952","patient2","XGBoost_SHAP","all",0.00361432873127092,"TUFM"
"ENSG00000178952","patient3","XGBoost_SHAP","all",0.00545164940071606,"TUFM"
"ENSG00000178952","patient6","XGBoost_SHAP","all",0.00446197866873505,"TUFM"
"ENSG00000178952","patient4","XGBoost_SHAP","all",0.00322722688170567,"TUFM"
"ENSG00000178952","patient1","XGBoost_SHAP","all",0.00391576120906628,"TUFM"
"ENSG00000178952","patient5","XGBoost_SHAP","all",0.00185419621290447,"TUFM"
"ENSG00000178996","patient4","XGBoost_SHAP","all",0.00160916022400855,"SNX18"
"ENSG00000179085","patient3","XGBoost_SHAP","all",0.00115267797050335,"DPM3"
"ENSG00000179085","patient4","XGBoost_SHAP","all",0.000871653998349983,"DPM3"
"ENSG00000179085","patient5","XGBoost_SHAP","all",0.00125336017877026,"DPM3"
"ENSG00000179085","patient2","XGBoost_SHAP","all",0.00122434258488044,"DPM3"
"ENSG00000179085","patient1","XGBoost_SHAP","all",0.000802820261936494,"DPM3"
"ENSG00000179085","patient6","XGBoost_SHAP","all",0.00119629026419351,"DPM3"
"ENSG00000179091","patient6","XGBoost_SHAP","all",0.0024977709994673,"CYC1"
"ENSG00000179091","patient5","XGBoost_SHAP","all",0.00396982823894349,"CYC1"
"ENSG00000179091","patient2","XGBoost_SHAP","all",0.0038444613218792,"CYC1"
"ENSG00000179091","patient1","XGBoost_SHAP","all",0.00382112113917758,"CYC1"
"ENSG00000179091","patient4","XGBoost_SHAP","all",0.00240476173368124,"CYC1"
"ENSG00000179091","patient3","XGBoost_SHAP","all",0.00141917482796022,"CYC1"
"ENSG00000179144","patient2","XGBoost_SHAP","all",0.0816510483477685,"GIMAP7"
"ENSG00000179144","patient4","XGBoost_SHAP","all",0.0570986671547617,"GIMAP7"
"ENSG00000179144","patient3","XGBoost_SHAP","all",0.0915639020981139,"GIMAP7"
"ENSG00000179144","patient5","XGBoost_SHAP","all",0.0646186302608362,"GIMAP7"
"ENSG00000179144","patient6","XGBoost_SHAP","all",0.0445730144837582,"GIMAP7"
"ENSG00000179144","patient1","XGBoost_SHAP","all",0.0800041396427281,"GIMAP7"
"ENSG00000179163","patient5","XGBoost_SHAP","all",0.000574575352840352,"FUCA1"
"ENSG00000179163","patient6","XGBoost_SHAP","all",0.000915418813081491,"FUCA1"
"ENSG00000179262","patient6","XGBoost_SHAP","all",0.00193651641390417,"RAD23A"
"ENSG00000179262","patient2","XGBoost_SHAP","all",0.000950984787992624,"RAD23A"
"ENSG00000179262","patient3","XGBoost_SHAP","all",0.00247162782269521,"RAD23A"
"ENSG00000179262","patient4","XGBoost_SHAP","all",0.00189629789748382,"RAD23A"
"ENSG00000179262","patient1","XGBoost_SHAP","all",0.00297092809192566,"RAD23A"
"ENSG00000179262","patient5","XGBoost_SHAP","all",0.00350283046848378,"RAD23A"
"ENSG00000179271","patient2","XGBoost_SHAP","all",0.00090799231822953,"GADD45GIP1"
"ENSG00000179271","patient1","XGBoost_SHAP","all",0.00151006590914679,"GADD45GIP1"
"ENSG00000179271","patient3","XGBoost_SHAP","all",0.00182192332259365,"GADD45GIP1"
"ENSG00000179271","patient4","XGBoost_SHAP","all",0.00661126991548117,"GADD45GIP1"
"ENSG00000179271","patient5","XGBoost_SHAP","all",0.00141429431393288,"GADD45GIP1"
"ENSG00000179271","patient6","XGBoost_SHAP","all",0.00189496557223612,"GADD45GIP1"
"ENSG00000179295","patient2","XGBoost_SHAP","all",0.0013696348070844,"PTPN11"
"ENSG00000179295","patient3","XGBoost_SHAP","all",0.0015225823623284,"PTPN11"
"ENSG00000179295","patient4","XGBoost_SHAP","all",0.00235975606919659,"PTPN11"
"ENSG00000179344","patient2","XGBoost_SHAP","all",0.0284155749518604,"HLA-DQB1"
"ENSG00000179344","patient5","XGBoost_SHAP","all",0.0186571287620282,"HLA-DQB1"
"ENSG00000179344","patient4","XGBoost_SHAP","all",0.0129694994295714,"HLA-DQB1"
"ENSG00000179344","patient3","XGBoost_SHAP","all",0.0255691457402632,"HLA-DQB1"
"ENSG00000179344","patient1","XGBoost_SHAP","all",0.0146455152006333,"HLA-DQB1"
"ENSG00000179344","patient6","XGBoost_SHAP","all",0.0253007858455411,"HLA-DQB1"
"ENSG00000179632","patient3","XGBoost_SHAP","all",0.00301896309150946,"MAF1"
"ENSG00000179632","patient4","XGBoost_SHAP","all",0.00469672390083599,"MAF1"
"ENSG00000179632","patient6","XGBoost_SHAP","all",0.0064199425293061,"MAF1"
"ENSG00000179632","patient1","XGBoost_SHAP","all",0.00571636084723855,"MAF1"
"ENSG00000179632","patient5","XGBoost_SHAP","all",0.00726774052663062,"MAF1"
"ENSG00000179632","patient2","XGBoost_SHAP","all",0.00333976942837767,"MAF1"
"ENSG00000179820","patient4","XGBoost_SHAP","all",0.00296140909951099,"MYADM"
"ENSG00000179820","patient3","XGBoost_SHAP","all",0.00321690173687796,"MYADM"
"ENSG00000179820","patient5","XGBoost_SHAP","all",0.00807958672257247,"MYADM"
"ENSG00000179820","patient6","XGBoost_SHAP","all",0.0047013660581175,"MYADM"
"ENSG00000179820","patient1","XGBoost_SHAP","all",0.0046062713686978,"MYADM"
"ENSG00000179820","patient2","XGBoost_SHAP","all",0.00318805909358979,"MYADM"
"ENSG00000179912","patient1","XGBoost_SHAP","all",0.00400091893178149,"R3HDM2"
"ENSG00000179912","patient6","XGBoost_SHAP","all",0.00208325035469184,"R3HDM2"
"ENSG00000179912","patient3","XGBoost_SHAP","all",0.00278448249674752,"R3HDM2"
"ENSG00000179912","patient2","XGBoost_SHAP","all",0.00253328980658572,"R3HDM2"
"ENSG00000179912","patient5","XGBoost_SHAP","all",0.00397464058916232,"R3HDM2"
"ENSG00000179950","patient2","XGBoost_SHAP","all",0.00593596109381183,"PUF60"
"ENSG00000179950","patient6","XGBoost_SHAP","all",0.00364697497985069,"PUF60"
"ENSG00000179950","patient3","XGBoost_SHAP","all",0.0073235155621546,"PUF60"
"ENSG00000179950","patient1","XGBoost_SHAP","all",0.00557747638305847,"PUF60"
"ENSG00000179950","patient5","XGBoost_SHAP","all",0.00245286091598732,"PUF60"
"ENSG00000179950","patient4","XGBoost_SHAP","all",0.0134832641989129,"PUF60"
"ENSG00000180304","patient5","XGBoost_SHAP","all",0.00146273483823122,"OAZ2"
"ENSG00000180304","patient2","XGBoost_SHAP","all",0.00207906171618074,"OAZ2"
"ENSG00000180304","patient6","XGBoost_SHAP","all",0.00166917677252237,"OAZ2"
"ENSG00000180304","patient4","XGBoost_SHAP","all",0.00277438927110663,"OAZ2"
"ENSG00000180304","patient3","XGBoost_SHAP","all",0.00440673149314172,"OAZ2"
"ENSG00000180304","patient1","XGBoost_SHAP","all",0.00215455511971893,"OAZ2"
"ENSG00000180353","patient1","XGBoost_SHAP","all",0.0020546896358865,"HCLS1"
"ENSG00000180353","patient4","XGBoost_SHAP","all",0.00682137023832343,"HCLS1"
"ENSG00000180353","patient3","XGBoost_SHAP","all",0.0135442900695564,"HCLS1"
"ENSG00000180353","patient2","XGBoost_SHAP","all",0.00826117300936745,"HCLS1"
"ENSG00000180353","patient5","XGBoost_SHAP","all",0.0254780383447346,"HCLS1"
"ENSG00000180353","patient6","XGBoost_SHAP","all",0.00961013687569371,"HCLS1"
"ENSG00000180370","patient4","XGBoost_SHAP","all",0.00274067023006135,"PAK2"
"ENSG00000180370","patient5","XGBoost_SHAP","all",0.00175628490705152,"PAK2"
"ENSG00000180370","patient6","XGBoost_SHAP","all",0.0012848992050167,"PAK2"
"ENSG00000180370","patient3","XGBoost_SHAP","all",0.00135880277675275,"PAK2"
"ENSG00000180370","patient2","XGBoost_SHAP","all",0.00226803119891823,"PAK2"
"ENSG00000180370","patient1","XGBoost_SHAP","all",0.00076796157829454,"PAK2"
"ENSG00000180398","patient6","XGBoost_SHAP","all",0.00259300707183263,"MCFD2"
"ENSG00000180398","patient3","XGBoost_SHAP","all",0.00289037224532274,"MCFD2"
"ENSG00000180398","patient5","XGBoost_SHAP","all",0.00109963360284745,"MCFD2"
"ENSG00000180398","patient4","XGBoost_SHAP","all",0.00201754277683471,"MCFD2"
"ENSG00000180398","patient1","XGBoost_SHAP","all",0.00212051246179664,"MCFD2"
"ENSG00000180398","patient2","XGBoost_SHAP","all",0.00165996125434322,"MCFD2"
"ENSG00000180628","patient1","XGBoost_SHAP","all",0.00156952203522207,"PCGF5"
"ENSG00000180628","patient2","XGBoost_SHAP","all",0.00216966541329263,"PCGF5"
"ENSG00000180628","patient6","XGBoost_SHAP","all",0.00254820415874138,"PCGF5"
"ENSG00000180628","patient3","XGBoost_SHAP","all",0.0087643330726133,"PCGF5"
"ENSG00000180628","patient4","XGBoost_SHAP","all",0.00199271354113688,"PCGF5"
"ENSG00000180628","patient5","XGBoost_SHAP","all",0.00130259738234477,"PCGF5"
"ENSG00000180817","patient5","XGBoost_SHAP","all",0.00175264776785568,"PPA1"
"ENSG00000180817","patient6","XGBoost_SHAP","all",0.00160476816962249,"PPA1"
"ENSG00000180817","patient1","XGBoost_SHAP","all",0.00253652491989731,"PPA1"
"ENSG00000180817","patient4","XGBoost_SHAP","all",0.00232306955451771,"PPA1"
"ENSG00000180817","patient3","XGBoost_SHAP","all",0.00214906429319671,"PPA1"
"ENSG00000180817","patient2","XGBoost_SHAP","all",0.0025439702887294,"PPA1"
"ENSG00000180957","patient3","XGBoost_SHAP","all",0.00198325935430208,"PITPNB"
"ENSG00000180957","patient5","XGBoost_SHAP","all",0.00199369084106483,"PITPNB"
"ENSG00000180957","patient1","XGBoost_SHAP","all",0.00161604730235318,"PITPNB"
"ENSG00000180957","patient6","XGBoost_SHAP","all",0.00246854173971827,"PITPNB"
"ENSG00000180957","patient2","XGBoost_SHAP","all",0.00232328054098376,"PITPNB"
"ENSG00000180957","patient4","XGBoost_SHAP","all",0.00202921727938521,"PITPNB"
"ENSG00000180964","patient4","XGBoost_SHAP","all",0.00571514955667458,"TCEAL8"
"ENSG00000180964","patient3","XGBoost_SHAP","all",0.00732307292850862,"TCEAL8"
"ENSG00000180964","patient6","XGBoost_SHAP","all",0.0029365470228453,"TCEAL8"
"ENSG00000180964","patient5","XGBoost_SHAP","all",0.00667086314498051,"TCEAL8"
"ENSG00000180964","patient1","XGBoost_SHAP","all",0.00629193410714933,"TCEAL8"
"ENSG00000180964","patient2","XGBoost_SHAP","all",0.00127710539385708,"TCEAL8"
"ENSG00000181019","patient1","XGBoost_SHAP","all",0.00189656020893501,"NQO1"
"ENSG00000181019","patient5","XGBoost_SHAP","all",0.00142446338247345,"NQO1"
"ENSG00000181019","patient4","XGBoost_SHAP","all",0.00380389884480978,"NQO1"
"ENSG00000181019","patient2","XGBoost_SHAP","all",0.00142242505055948,"NQO1"
"ENSG00000181061","patient2","XGBoost_SHAP","all",0.00457301442418251,"HIGD1A"
"ENSG00000181061","patient1","XGBoost_SHAP","all",0.00217540924874993,"HIGD1A"
"ENSG00000181061","patient6","XGBoost_SHAP","all",0.00414798121981191,"HIGD1A"
"ENSG00000181061","patient3","XGBoost_SHAP","all",0.0038275895351075,"HIGD1A"
"ENSG00000181061","patient4","XGBoost_SHAP","all",0.00935289770554952,"HIGD1A"
"ENSG00000181061","patient5","XGBoost_SHAP","all",0.00105886231728799,"HIGD1A"
"ENSG00000181104","patient3","XGBoost_SHAP","all",0.00395205628827166,"F2R"
"ENSG00000181104","patient5","XGBoost_SHAP","all",0.00776635010760964,"F2R"
"ENSG00000181104","patient4","XGBoost_SHAP","all",0.00538506886833538,"F2R"
"ENSG00000181222","patient2","XGBoost_SHAP","all",0.0015220128673979,"POLR2A"
"ENSG00000181222","patient6","XGBoost_SHAP","all",0.000781545453655117,"POLR2A"
"ENSG00000181222","patient5","XGBoost_SHAP","all",0.00138764405850869,"POLR2A"
"ENSG00000181222","patient3","XGBoost_SHAP","all",0.00195013982807112,"POLR2A"
"ENSG00000181222","patient1","XGBoost_SHAP","all",0.00206643283171283,"POLR2A"
"ENSG00000181222","patient4","XGBoost_SHAP","all",0.00187810643983421,"POLR2A"
"ENSG00000181350","patient2","XGBoost_SHAP","all",0.00084836802320447,"LRRC75A"
"ENSG00000181350","patient6","XGBoost_SHAP","all",0.000885390897946213,"LRRC75A"
"ENSG00000181350","patient5","XGBoost_SHAP","all",0.00204957234121075,"LRRC75A"
"ENSG00000181350","patient4","XGBoost_SHAP","all",0.00123392587029836,"LRRC75A"
"ENSG00000181350","patient1","XGBoost_SHAP","all",0.00114756595134529,"LRRC75A"
"ENSG00000181649","patient6","XGBoost_SHAP","all",0.0313004834486241,"PHLDA2"
"ENSG00000181649","patient2","XGBoost_SHAP","all",0.025860289198082,"PHLDA2"
"ENSG00000181649","patient3","XGBoost_SHAP","all",0.0270751295062689,"PHLDA2"
"ENSG00000181649","patient5","XGBoost_SHAP","all",0.0260317927390019,"PHLDA2"
"ENSG00000181649","patient4","XGBoost_SHAP","all",0.0287338273239297,"PHLDA2"
"ENSG00000181649","patient1","XGBoost_SHAP","all",0.0232531658703187,"PHLDA2"
"ENSG00000181722","patient3","XGBoost_SHAP","all",0.00181622984228486,"ZBTB20"
"ENSG00000181722","patient2","XGBoost_SHAP","all",0.0042408490818871,"ZBTB20"
"ENSG00000181722","patient1","XGBoost_SHAP","all",0.00119405490374508,"ZBTB20"
"ENSG00000181722","patient4","XGBoost_SHAP","all",0.00253011371928979,"ZBTB20"
"ENSG00000181722","patient5","XGBoost_SHAP","all",0.00574624355398512,"ZBTB20"
"ENSG00000181722","patient6","XGBoost_SHAP","all",0.00245931921738463,"ZBTB20"
"ENSG00000181904","patient1","XGBoost_SHAP","all",0.00304654189622432,"C5orf24"
"ENSG00000181904","patient4","XGBoost_SHAP","all",0.00303576866308291,"C5orf24"
"ENSG00000181904","patient5","XGBoost_SHAP","all",0.0030786286215371,"C5orf24"
"ENSG00000181904","patient2","XGBoost_SHAP","all",0.00376130700019226,"C5orf24"
"ENSG00000181904","patient6","XGBoost_SHAP","all",0.00515447556456635,"C5orf24"
"ENSG00000181904","patient3","XGBoost_SHAP","all",0.00357847752999053,"C5orf24"
"ENSG00000181924","patient3","XGBoost_SHAP","all",0.000615184809610617,"COA4"
"ENSG00000181924","patient2","XGBoost_SHAP","all",0.00149305573903012,"COA4"
"ENSG00000181924","patient5","XGBoost_SHAP","all",0.00163621133142196,"COA4"
"ENSG00000182004","patient2","XGBoost_SHAP","all",0.000500580615736596,"SNRPE"
"ENSG00000182004","patient6","XGBoost_SHAP","all",0.000603489277757114,"SNRPE"
"ENSG00000182004","patient1","XGBoost_SHAP","all",0.00126474468035367,"SNRPE"
"ENSG00000182004","patient4","XGBoost_SHAP","all",0.000843739274972136,"SNRPE"
"ENSG00000182004","patient3","XGBoost_SHAP","all",0.00253782211480387,"SNRPE"
"ENSG00000182004","patient5","XGBoost_SHAP","all",0.00126011114311519,"SNRPE"
"ENSG00000182117","patient5","XGBoost_SHAP","all",0.00610488518597353,"NOP10"
"ENSG00000182117","patient1","XGBoost_SHAP","all",0.007144341727127,"NOP10"
"ENSG00000182117","patient2","XGBoost_SHAP","all",0.0146122657816808,"NOP10"
"ENSG00000182117","patient6","XGBoost_SHAP","all",0.0061277381842362,"NOP10"
"ENSG00000182117","patient4","XGBoost_SHAP","all",0.00285925335627625,"NOP10"
"ENSG00000182117","patient3","XGBoost_SHAP","all",0.0133733156265677,"NOP10"
"ENSG00000182154","patient5","XGBoost_SHAP","all",0.000765071728601474,"MRPL41"
"ENSG00000182154","patient1","XGBoost_SHAP","all",0.00172103533029567,"MRPL41"
"ENSG00000182154","patient4","XGBoost_SHAP","all",0.000868938602650824,"MRPL41"
"ENSG00000182154","patient3","XGBoost_SHAP","all",0.0014619951677202,"MRPL41"
"ENSG00000182154","patient2","XGBoost_SHAP","all",0.00128316192163039,"MRPL41"
"ENSG00000182154","patient6","XGBoost_SHAP","all",0.00138917925199255,"MRPL41"
"ENSG00000182158","patient3","XGBoost_SHAP","all",0.0030923537300601,"CREB3L2"
"ENSG00000182158","patient4","XGBoost_SHAP","all",0.00213949563813123,"CREB3L2"
"ENSG00000182195","patient4","XGBoost_SHAP","all",0.00673082135067803,"LDOC1"
"ENSG00000182195","patient6","XGBoost_SHAP","all",0.00243605314061154,"LDOC1"
"ENSG00000182195","patient1","XGBoost_SHAP","all",0.00283172300518444,"LDOC1"
"ENSG00000182195","patient5","XGBoost_SHAP","all",0.00154451893596464,"LDOC1"
"ENSG00000182195","patient3","XGBoost_SHAP","all",0.000747974451563395,"LDOC1"
"ENSG00000182195","patient2","XGBoost_SHAP","all",0.00370074510305373,"LDOC1"
"ENSG00000182208","patient3","XGBoost_SHAP","all",0.00169170548868301,"MOB2"
"ENSG00000182208","patient2","XGBoost_SHAP","all",0.00114221460231297,"MOB2"
"ENSG00000182208","patient1","XGBoost_SHAP","all",0.00161734590997122,"MOB2"
"ENSG00000182208","patient4","XGBoost_SHAP","all",0.000955885575863836,"MOB2"
"ENSG00000182208","patient5","XGBoost_SHAP","all",0.000688320484131196,"MOB2"
"ENSG00000182208","patient6","XGBoost_SHAP","all",0.00124642552702721,"MOB2"
"ENSG00000182220","patient1","XGBoost_SHAP","all",0.00252180871569677,"ATP6AP2"
"ENSG00000182240","patient3","XGBoost_SHAP","all",0.00380760430311347,"BACE2"
"ENSG00000182240","patient4","XGBoost_SHAP","all",0.0022535252851824,"BACE2"
"ENSG00000182240","patient2","XGBoost_SHAP","all",0.00739985836401641,"BACE2"
"ENSG00000182240","patient6","XGBoost_SHAP","all",0.00339823998113258,"BACE2"
"ENSG00000182240","patient5","XGBoost_SHAP","all",0.00145587164041745,"BACE2"
"ENSG00000182287","patient1","XGBoost_SHAP","all",0.00712263394031698,"AP1S2"
"ENSG00000182287","patient6","XGBoost_SHAP","all",0.006595892724156,"AP1S2"
"ENSG00000182287","patient4","XGBoost_SHAP","all",0.00738868520472384,"AP1S2"
"ENSG00000182287","patient2","XGBoost_SHAP","all",0.00752645722491539,"AP1S2"
"ENSG00000182287","patient3","XGBoost_SHAP","all",0.00676089491174677,"AP1S2"
"ENSG00000182287","patient5","XGBoost_SHAP","all",0.00396707939433795,"AP1S2"
"ENSG00000182326","patient4","XGBoost_SHAP","all",0.0280121799665134,"C1S"
"ENSG00000182326","patient6","XGBoost_SHAP","all",0.0304379477589034,"C1S"
"ENSG00000182326","patient3","XGBoost_SHAP","all",0.0323605035551544,"C1S"
"ENSG00000182326","patient2","XGBoost_SHAP","all",0.0306957512754956,"C1S"
"ENSG00000182326","patient5","XGBoost_SHAP","all",0.0278795656544547,"C1S"
"ENSG00000182326","patient1","XGBoost_SHAP","all",0.0316545963532738,"C1S"
"ENSG00000182463","patient2","XGBoost_SHAP","all",0.00307414172958911,"TSHZ2"
"ENSG00000182463","patient3","XGBoost_SHAP","all",0.0032507014476688,"TSHZ2"
"ENSG00000182463","patient6","XGBoost_SHAP","all",0.00260847338461464,"TSHZ2"
"ENSG00000182463","patient4","XGBoost_SHAP","all",0.00407278557012497,"TSHZ2"
"ENSG00000182463","patient1","XGBoost_SHAP","all",0.00199807501147663,"TSHZ2"
"ENSG00000182492","patient5","XGBoost_SHAP","all",0.114425192327994,"BGN"
"ENSG00000182492","patient1","XGBoost_SHAP","all",0.085103969638438,"BGN"
"ENSG00000182492","patient2","XGBoost_SHAP","all",0.0995010566824494,"BGN"
"ENSG00000182492","patient3","XGBoost_SHAP","all",0.0950006798107494,"BGN"
"ENSG00000182492","patient6","XGBoost_SHAP","all",0.108317060654327,"BGN"
"ENSG00000182492","patient4","XGBoost_SHAP","all",0.0999628485932531,"BGN"
"ENSG00000182512","patient4","XGBoost_SHAP","all",0.00274823594666485,"GLRX5"
"ENSG00000182512","patient1","XGBoost_SHAP","all",0.00123863465830315,"GLRX5"
"ENSG00000182512","patient2","XGBoost_SHAP","all",0.00109502403151475,"GLRX5"
"ENSG00000182512","patient5","XGBoost_SHAP","all",0.00132795094861802,"GLRX5"
"ENSG00000182534","patient1","XGBoost_SHAP","all",0.00238646900774563,"MXRA7"
"ENSG00000182534","patient3","XGBoost_SHAP","all",0.00533699732936159,"MXRA7"
"ENSG00000182534","patient4","XGBoost_SHAP","all",0.00462139992055982,"MXRA7"
"ENSG00000182534","patient6","XGBoost_SHAP","all",0.00257561193635895,"MXRA7"
"ENSG00000182534","patient2","XGBoost_SHAP","all",0.00776549375736265,"MXRA7"
"ENSG00000182534","patient5","XGBoost_SHAP","all",0.00237341490738249,"MXRA7"
"ENSG00000182551","patient5","XGBoost_SHAP","all",0.00233816322444971,"ADI1"
"ENSG00000182551","patient1","XGBoost_SHAP","all",0.00440540338441991,"ADI1"
"ENSG00000182551","patient3","XGBoost_SHAP","all",0.00331433220531954,"ADI1"
"ENSG00000182551","patient4","XGBoost_SHAP","all",0.00296437370505072,"ADI1"
"ENSG00000182551","patient2","XGBoost_SHAP","all",0.00384900749364421,"ADI1"
"ENSG00000182551","patient6","XGBoost_SHAP","all",0.0012602538750298,"ADI1"
"ENSG00000182578","patient5","XGBoost_SHAP","all",0.0043098695338048,"CSF1R"
"ENSG00000182578","patient6","XGBoost_SHAP","all",0.014215356413253,"CSF1R"
"ENSG00000182578","patient3","XGBoost_SHAP","all",0.00527069311878749,"CSF1R"
"ENSG00000182578","patient4","XGBoost_SHAP","all",0.00592326355414363,"CSF1R"
"ENSG00000182578","patient1","XGBoost_SHAP","all",0.0055505650492105,"CSF1R"
"ENSG00000182578","patient2","XGBoost_SHAP","all",0.0100471828266249,"CSF1R"
"ENSG00000182636","patient4","XGBoost_SHAP","all",0.00147170655923524,"NDN"
"ENSG00000182636","patient1","XGBoost_SHAP","all",0.00471591265656143,"NDN"
"ENSG00000182636","patient6","XGBoost_SHAP","all",0.00725031483810244,"NDN"
"ENSG00000182636","patient2","XGBoost_SHAP","all",0.00648943330237662,"NDN"
"ENSG00000182636","patient3","XGBoost_SHAP","all",0.00264435014786062,"NDN"
"ENSG00000182636","patient5","XGBoost_SHAP","all",0.00127032568811049,"NDN"
"ENSG00000182670","patient5","XGBoost_SHAP","all",0.00149411655235905,"TTC3"
"ENSG00000182670","patient6","XGBoost_SHAP","all",0.00204104478843085,"TTC3"
"ENSG00000182670","patient4","XGBoost_SHAP","all",0.00266185184270827,"TTC3"
"ENSG00000182670","patient3","XGBoost_SHAP","all",0.00303450442015173,"TTC3"
"ENSG00000182670","patient1","XGBoost_SHAP","all",0.00226289221166976,"TTC3"
"ENSG00000182670","patient2","XGBoost_SHAP","all",0.00143643242346294,"TTC3"
"ENSG00000182774","patient1","XGBoost_SHAP","all",0.0019809599095658,"RPS17"
"ENSG00000182774","patient6","XGBoost_SHAP","all",0.00354375942175892,"RPS17"
"ENSG00000182774","patient5","XGBoost_SHAP","all",0.00283183838300225,"RPS17"
"ENSG00000182774","patient2","XGBoost_SHAP","all",0.00279786234855541,"RPS17"
"ENSG00000182774","patient4","XGBoost_SHAP","all",0.00603814982393675,"RPS17"
"ENSG00000182774","patient3","XGBoost_SHAP","all",0.00259301427494206,"RPS17"
"ENSG00000182809","patient2","XGBoost_SHAP","all",0.00993485949141595,"CRIP2"
"ENSG00000182809","patient3","XGBoost_SHAP","all",0.00374653773615495,"CRIP2"
"ENSG00000182809","patient6","XGBoost_SHAP","all",0.00721410476248468,"CRIP2"
"ENSG00000182809","patient5","XGBoost_SHAP","all",0.00885394845018392,"CRIP2"
"ENSG00000182809","patient4","XGBoost_SHAP","all",0.00885117958780474,"CRIP2"
"ENSG00000182809","patient1","XGBoost_SHAP","all",0.00985808797425429,"CRIP2"
"ENSG00000182827","patient2","XGBoost_SHAP","all",0.00238576717664918,"ACBD3"
"ENSG00000182827","patient6","XGBoost_SHAP","all",0.00155450596379705,"ACBD3"
"ENSG00000182827","patient3","XGBoost_SHAP","all",0.0018537139185973,"ACBD3"
"ENSG00000182827","patient4","XGBoost_SHAP","all",0.00342689814653918,"ACBD3"
"ENSG00000182827","patient1","XGBoost_SHAP","all",0.00354945293650478,"ACBD3"
"ENSG00000182871","patient2","XGBoost_SHAP","all",0.0217313094430656,"COL18A1"
"ENSG00000182871","patient6","XGBoost_SHAP","all",0.0187895578655935,"COL18A1"
"ENSG00000182871","patient5","XGBoost_SHAP","all",0.0195714278103815,"COL18A1"
"ENSG00000182871","patient1","XGBoost_SHAP","all",0.0210554277127635,"COL18A1"
"ENSG00000182871","patient3","XGBoost_SHAP","all",0.0174515735480705,"COL18A1"
"ENSG00000182871","patient4","XGBoost_SHAP","all",0.018672812433646,"COL18A1"
"ENSG00000182934","patient5","XGBoost_SHAP","all",0.00101417406101002,"SRPRA"
"ENSG00000182934","patient6","XGBoost_SHAP","all",0.000919233597103825,"SRPRA"
"ENSG00000182934","patient4","XGBoost_SHAP","all",0.00130658757346464,"SRPRA"
"ENSG00000182934","patient2","XGBoost_SHAP","all",0.00123153039527221,"SRPRA"
"ENSG00000182934","patient3","XGBoost_SHAP","all",0.00118715045413502,"SRPRA"
"ENSG00000182934","patient1","XGBoost_SHAP","all",0.000440828952541181,"SRPRA"
"ENSG00000182944","patient2","XGBoost_SHAP","all",0.00223049815386667,"EWSR1"
"ENSG00000182944","patient6","XGBoost_SHAP","all",0.00312627581034883,"EWSR1"
"ENSG00000182944","patient5","XGBoost_SHAP","all",0.00249145578159092,"EWSR1"
"ENSG00000182944","patient1","XGBoost_SHAP","all",0.00130442532844004,"EWSR1"
"ENSG00000182944","patient4","XGBoost_SHAP","all",0.00294020805511532,"EWSR1"
"ENSG00000182944","patient3","XGBoost_SHAP","all",0.00159504642515334,"EWSR1"
"ENSG00000183011","patient4","XGBoost_SHAP","all",0.00174376785964832,"NAA38"
"ENSG00000183011","patient6","XGBoost_SHAP","all",0.00290711028262134,"NAA38"
"ENSG00000183011","patient1","XGBoost_SHAP","all",0.00163947404732669,"NAA38"
"ENSG00000183011","patient5","XGBoost_SHAP","all",0.00237580088182579,"NAA38"
"ENSG00000183011","patient3","XGBoost_SHAP","all",0.00102742621221249,"NAA38"
"ENSG00000183011","patient2","XGBoost_SHAP","all",0.00171136282056038,"NAA38"
"ENSG00000183087","patient1","XGBoost_SHAP","all",0.0252978298823356,"GAS6"
"ENSG00000183087","patient3","XGBoost_SHAP","all",0.0171131440895946,"GAS6"
"ENSG00000183087","patient5","XGBoost_SHAP","all",0.016478573389485,"GAS6"
"ENSG00000183087","patient6","XGBoost_SHAP","all",0.0164177970949821,"GAS6"
"ENSG00000183087","patient4","XGBoost_SHAP","all",0.0157433034267968,"GAS6"
"ENSG00000183087","patient2","XGBoost_SHAP","all",0.0162134387462464,"GAS6"
"ENSG00000183172","patient1","XGBoost_SHAP","all",0.00157650881343001,"SMDT1"
"ENSG00000183172","patient3","XGBoost_SHAP","all",0.00264728046721207,"SMDT1"
"ENSG00000183172","patient2","XGBoost_SHAP","all",0.00414120665620183,"SMDT1"
"ENSG00000183172","patient4","XGBoost_SHAP","all",0.00424582208872123,"SMDT1"
"ENSG00000183172","patient6","XGBoost_SHAP","all",0.00439840665060787,"SMDT1"
"ENSG00000183172","patient5","XGBoost_SHAP","all",0.0021943943613618,"SMDT1"
"ENSG00000183255","patient6","XGBoost_SHAP","all",0.00503233730442135,"PTTG1IP"
"ENSG00000183255","patient5","XGBoost_SHAP","all",0.00388313849623959,"PTTG1IP"
"ENSG00000183255","patient3","XGBoost_SHAP","all",0.00316709240093192,"PTTG1IP"
"ENSG00000183255","patient1","XGBoost_SHAP","all",0.00502056605265068,"PTTG1IP"
"ENSG00000183255","patient4","XGBoost_SHAP","all",0.00394954956174424,"PTTG1IP"
"ENSG00000183255","patient2","XGBoost_SHAP","all",0.00471249060508434,"PTTG1IP"
"ENSG00000183283","patient4","XGBoost_SHAP","all",0.00263169960979636,"DAZAP2"
"ENSG00000183283","patient3","XGBoost_SHAP","all",0.00189529319994896,"DAZAP2"
"ENSG00000183283","patient1","XGBoost_SHAP","all",0.0022304164869402,"DAZAP2"
"ENSG00000183283","patient5","XGBoost_SHAP","all",0.00225765196658542,"DAZAP2"
"ENSG00000183283","patient2","XGBoost_SHAP","all",0.00118361383813318,"DAZAP2"
"ENSG00000183283","patient6","XGBoost_SHAP","all",0.0017272129520504,"DAZAP2"
"ENSG00000183291","patient2","XGBoost_SHAP","all",0.00291813322541444,"SELENOF"
"ENSG00000183291","patient1","XGBoost_SHAP","all",0.00214927421173821,"SELENOF"
"ENSG00000183291","patient6","XGBoost_SHAP","all",0.00278891279422546,"SELENOF"
"ENSG00000183291","patient3","XGBoost_SHAP","all",0.00199190297324464,"SELENOF"
"ENSG00000183291","patient5","XGBoost_SHAP","all",0.00296504228057532,"SELENOF"
"ENSG00000183291","patient4","XGBoost_SHAP","all",0.00183959504673471,"SELENOF"
"ENSG00000183617","patient3","XGBoost_SHAP","all",0.00322143638300811,"MRPL54"
"ENSG00000183617","patient2","XGBoost_SHAP","all",0.0044314298314478,"MRPL54"
"ENSG00000183617","patient6","XGBoost_SHAP","all",0.00290429474466506,"MRPL54"
"ENSG00000183617","patient1","XGBoost_SHAP","all",0.0037578149637604,"MRPL54"
"ENSG00000183617","patient4","XGBoost_SHAP","all",0.00321107481762432,"MRPL54"
"ENSG00000183617","patient5","XGBoost_SHAP","all",0.00215176232623584,"MRPL54"
"ENSG00000183722","patient5","XGBoost_SHAP","all",0.0261827414196538,"LHFPL6"
"ENSG00000183722","patient6","XGBoost_SHAP","all",0.0271453034418028,"LHFPL6"
"ENSG00000183722","patient3","XGBoost_SHAP","all",0.0151135634952153,"LHFPL6"
"ENSG00000183722","patient2","XGBoost_SHAP","all",0.0179107516339267,"LHFPL6"
"ENSG00000183722","patient4","XGBoost_SHAP","all",0.0102150643679819,"LHFPL6"
"ENSG00000183722","patient1","XGBoost_SHAP","all",0.00923672640649486,"LHFPL6"
"ENSG00000183741","patient1","XGBoost_SHAP","all",0.00986906096560093,"CBX6"
"ENSG00000183741","patient4","XGBoost_SHAP","all",0.00965360767180263,"CBX6"
"ENSG00000183741","patient2","XGBoost_SHAP","all",0.0269693956442555,"CBX6"
"ENSG00000183741","patient6","XGBoost_SHAP","all",0.0109582919148352,"CBX6"
"ENSG00000183741","patient3","XGBoost_SHAP","all",0.0063443532316717,"CBX6"
"ENSG00000183741","patient5","XGBoost_SHAP","all",0.00599513537328327,"CBX6"
"ENSG00000183963","patient2","XGBoost_SHAP","all",0.00476804675353507,"SMTN"
"ENSG00000183963","patient6","XGBoost_SHAP","all",0.0016844163969111,"SMTN"
"ENSG00000183963","patient1","XGBoost_SHAP","all",0.000960282097032319,"SMTN"
"ENSG00000183963","patient3","XGBoost_SHAP","all",0.00330974094019131,"SMTN"
"ENSG00000183963","patient4","XGBoost_SHAP","all",0.00339686095193289,"SMTN"
"ENSG00000183963","patient5","XGBoost_SHAP","all",0.00280328363537533,"SMTN"
"ENSG00000183978","patient3","XGBoost_SHAP","all",0.000799402457323034,"COA3"
"ENSG00000183978","patient1","XGBoost_SHAP","all",0.000837430821032013,"COA3"
"ENSG00000183978","patient5","XGBoost_SHAP","all",0.000981395429050589,"COA3"
"ENSG00000183978","patient6","XGBoost_SHAP","all",0.00126030106505396,"COA3"
"ENSG00000183978","patient2","XGBoost_SHAP","all",0.00151963192995391,"COA3"
"ENSG00000184007","patient1","XGBoost_SHAP","all",0.0040808902839817,"PTP4A2"
"ENSG00000184007","patient3","XGBoost_SHAP","all",0.0048087102683591,"PTP4A2"
"ENSG00000184007","patient6","XGBoost_SHAP","all",0.00250445819924727,"PTP4A2"
"ENSG00000184007","patient4","XGBoost_SHAP","all",0.00229380629515198,"PTP4A2"
"ENSG00000184007","patient5","XGBoost_SHAP","all",0.00313055265570686,"PTP4A2"
"ENSG00000184007","patient2","XGBoost_SHAP","all",0.00136894157388433,"PTP4A2"
"ENSG00000184060","patient5","XGBoost_SHAP","all",0.00822192985378562,"ADAP2"
"ENSG00000184060","patient6","XGBoost_SHAP","all",0.00883338275371597,"ADAP2"
"ENSG00000184060","patient3","XGBoost_SHAP","all",0.0102928642045479,"ADAP2"
"ENSG00000184076","patient1","XGBoost_SHAP","all",0.00266272892450114,"UQCR10"
"ENSG00000184113","patient6","XGBoost_SHAP","all",0.00958746671637882,"CLDN5"
"ENSG00000184113","patient2","XGBoost_SHAP","all",0.0120413812526125,"CLDN5"
"ENSG00000184113","patient4","XGBoost_SHAP","all",0.0145973610463468,"CLDN5"
"ENSG00000184113","patient5","XGBoost_SHAP","all",0.012397616000443,"CLDN5"
"ENSG00000184113","patient3","XGBoost_SHAP","all",0.0129820091095521,"CLDN5"
"ENSG00000184113","patient1","XGBoost_SHAP","all",0.00714468245611639,"CLDN5"
"ENSG00000184203","patient5","XGBoost_SHAP","all",0.00227831832623384,"PPP1R2"
"ENSG00000184203","patient6","XGBoost_SHAP","all",0.00647895858789932,"PPP1R2"
"ENSG00000184203","patient3","XGBoost_SHAP","all",0.00351661685862682,"PPP1R2"
"ENSG00000184203","patient2","XGBoost_SHAP","all",0.00232461552810894,"PPP1R2"
"ENSG00000184203","patient1","XGBoost_SHAP","all",0.00376479013282666,"PPP1R2"
"ENSG00000184203","patient4","XGBoost_SHAP","all",0.00567801158416957,"PPP1R2"
"ENSG00000184347","patient4","XGBoost_SHAP","all",0.00766497521709053,"SLIT3"
"ENSG00000184347","patient1","XGBoost_SHAP","all",0.0139840381502462,"SLIT3"
"ENSG00000184347","patient2","XGBoost_SHAP","all",0.0100305787554776,"SLIT3"
"ENSG00000184347","patient6","XGBoost_SHAP","all",0.0106304866152753,"SLIT3"
"ENSG00000184347","patient3","XGBoost_SHAP","all",0.00986175896067613,"SLIT3"
"ENSG00000184432","patient3","XGBoost_SHAP","all",0.00606236116330786,"COPB2"
"ENSG00000184432","patient5","XGBoost_SHAP","all",0.00454175208809838,"COPB2"
"ENSG00000184432","patient1","XGBoost_SHAP","all",0.00711536271389305,"COPB2"
"ENSG00000184432","patient4","XGBoost_SHAP","all",0.00611782981321803,"COPB2"
"ENSG00000184432","patient6","XGBoost_SHAP","all",0.00469727475971005,"COPB2"
"ENSG00000184432","patient2","XGBoost_SHAP","all",0.00565180048510359,"COPB2"
"ENSG00000184489","patient3","XGBoost_SHAP","all",0.0301760830522208,"PTP4A3"
"ENSG00000184489","patient4","XGBoost_SHAP","all",0.0204830833378487,"PTP4A3"
"ENSG00000184489","patient5","XGBoost_SHAP","all",0.0343408913173035,"PTP4A3"
"ENSG00000184489","patient2","XGBoost_SHAP","all",0.0234397272262284,"PTP4A3"
"ENSG00000184489","patient6","XGBoost_SHAP","all",0.0278440201110544,"PTP4A3"
"ENSG00000184500","patient4","XGBoost_SHAP","all",0.00315098111725401,"PROS1"
"ENSG00000184500","patient3","XGBoost_SHAP","all",0.00167092204283141,"PROS1"
"ENSG00000184500","patient6","XGBoost_SHAP","all",0.00136546899835843,"PROS1"
"ENSG00000184500","patient1","XGBoost_SHAP","all",0.00218324754730384,"PROS1"
"ENSG00000184500","patient2","XGBoost_SHAP","all",0.00397957090176507,"PROS1"
"ENSG00000184500","patient5","XGBoost_SHAP","all",0.000923738814672099,"PROS1"
"ENSG00000184557","patient4","XGBoost_SHAP","all",0.00367019838999617,"SOCS3"
"ENSG00000184557","patient3","XGBoost_SHAP","all",0.00358090662921922,"SOCS3"
"ENSG00000184584","patient4","XGBoost_SHAP","all",0.00308094322185441,"STING1"
"ENSG00000184584","patient6","XGBoost_SHAP","all",0.001439023057969,"STING1"
"ENSG00000184584","patient5","XGBoost_SHAP","all",0.00207871992680947,"STING1"
"ENSG00000184584","patient2","XGBoost_SHAP","all",0.00247253684241637,"STING1"
"ENSG00000184584","patient1","XGBoost_SHAP","all",0.00203772386343684,"STING1"
"ENSG00000184584","patient3","XGBoost_SHAP","all",0.00306336304987427,"STING1"
"ENSG00000184743","patient4","XGBoost_SHAP","all",0.00294089318017476,"ATL3"
"ENSG00000184743","patient6","XGBoost_SHAP","all",0.00530336168576594,"ATL3"
"ENSG00000184743","patient5","XGBoost_SHAP","all",0.00161689296451365,"ATL3"
"ENSG00000184743","patient3","XGBoost_SHAP","all",0.00490305837165087,"ATL3"
"ENSG00000184743","patient1","XGBoost_SHAP","all",0.0019300703469798,"ATL3"
"ENSG00000184743","patient2","XGBoost_SHAP","all",0.00109270250286739,"ATL3"
"ENSG00000184752","patient4","XGBoost_SHAP","all",0.00105071029718964,"NDUFA12"
"ENSG00000184752","patient2","XGBoost_SHAP","all",0.00280729337696002,"NDUFA12"
"ENSG00000184752","patient5","XGBoost_SHAP","all",0.00230656051083093,"NDUFA12"
"ENSG00000184752","patient6","XGBoost_SHAP","all",0.00307427443921305,"NDUFA12"
"ENSG00000184752","patient1","XGBoost_SHAP","all",0.00313353617400517,"NDUFA12"
"ENSG00000184752","patient3","XGBoost_SHAP","all",0.00197110858130329,"NDUFA12"
"ENSG00000184785","patient6","XGBoost_SHAP","all",0.00112162346473754,"SMIM10"
"ENSG00000184785","patient4","XGBoost_SHAP","all",0.00256029626516668,"SMIM10"
"ENSG00000184785","patient5","XGBoost_SHAP","all",0.00226494732037249,"SMIM10"
"ENSG00000184785","patient2","XGBoost_SHAP","all",0.00192190565841818,"SMIM10"
"ENSG00000184785","patient1","XGBoost_SHAP","all",0.000960473745259523,"SMIM10"
"ENSG00000184785","patient3","XGBoost_SHAP","all",0.0011085875212096,"SMIM10"
"ENSG00000184840","patient4","XGBoost_SHAP","all",0.00331599646599348,"TMED9"
"ENSG00000184840","patient5","XGBoost_SHAP","all",0.0103911284155267,"TMED9"
"ENSG00000184840","patient3","XGBoost_SHAP","all",0.00210813907677341,"TMED9"
"ENSG00000184840","patient6","XGBoost_SHAP","all",0.00410251741470881,"TMED9"
"ENSG00000184840","patient2","XGBoost_SHAP","all",0.00403888369982516,"TMED9"
"ENSG00000184840","patient1","XGBoost_SHAP","all",0.00120150014844569,"TMED9"
"ENSG00000184897","patient6","XGBoost_SHAP","all",0.00177130758165609,"H1-10"
"ENSG00000184897","patient5","XGBoost_SHAP","all",0.00123828294880453,"H1-10"
"ENSG00000184897","patient2","XGBoost_SHAP","all",0.00122069574004249,"H1-10"
"ENSG00000184897","patient1","XGBoost_SHAP","all",0.00295463506077433,"H1-10"
"ENSG00000184897","patient4","XGBoost_SHAP","all",0.0016164578112821,"H1-10"
"ENSG00000184897","patient3","XGBoost_SHAP","all",0.00054988201184703,"H1-10"
"ENSG00000184900","patient5","XGBoost_SHAP","all",0.00473601242723999,"SUMO3"
"ENSG00000184900","patient6","XGBoost_SHAP","all",0.00932630793159266,"SUMO3"
"ENSG00000184900","patient3","XGBoost_SHAP","all",0.0152258232240011,"SUMO3"
"ENSG00000184900","patient2","XGBoost_SHAP","all",0.00142807048367951,"SUMO3"
"ENSG00000184900","patient4","XGBoost_SHAP","all",0.00522438319148315,"SUMO3"
"ENSG00000184900","patient1","XGBoost_SHAP","all",0.0069597867255638,"SUMO3"
"ENSG00000184905","patient6","XGBoost_SHAP","all",0.00224604035863799,"TCEAL2"
"ENSG00000184905","patient1","XGBoost_SHAP","all",0.00269389318262255,"TCEAL2"
"ENSG00000184905","patient4","XGBoost_SHAP","all",0.00408967790396689,"TCEAL2"
"ENSG00000184905","patient2","XGBoost_SHAP","all",0.00215016619809586,"TCEAL2"
"ENSG00000184905","patient3","XGBoost_SHAP","all",0.00243253406834272,"TCEAL2"
"ENSG00000184905","patient5","XGBoost_SHAP","all",0.00139593792869831,"TCEAL2"
"ENSG00000184983","patient6","XGBoost_SHAP","all",0.00244771018865141,"NDUFA6"
"ENSG00000184983","patient2","XGBoost_SHAP","all",0.00260728152415564,"NDUFA6"
"ENSG00000184983","patient1","XGBoost_SHAP","all",0.00447433012762298,"NDUFA6"
"ENSG00000184983","patient5","XGBoost_SHAP","all",0.00321192569801855,"NDUFA6"
"ENSG00000184983","patient3","XGBoost_SHAP","all",0.00159408516427476,"NDUFA6"
"ENSG00000184983","patient4","XGBoost_SHAP","all",0.00283533901015541,"NDUFA6"
"ENSG00000184990","patient4","XGBoost_SHAP","all",0.00777411472838158,"SIVA1"
"ENSG00000184990","patient1","XGBoost_SHAP","all",0.00654602737846597,"SIVA1"
"ENSG00000184990","patient5","XGBoost_SHAP","all",0.00807081768594115,"SIVA1"
"ENSG00000184990","patient3","XGBoost_SHAP","all",0.0058767459712762,"SIVA1"
"ENSG00000184990","patient2","XGBoost_SHAP","all",0.00708129710892044,"SIVA1"
"ENSG00000184990","patient6","XGBoost_SHAP","all",0.00850892715290046,"SIVA1"
"ENSG00000185043","patient5","XGBoost_SHAP","all",0.00117885861892402,"CIB1"
"ENSG00000185043","patient4","XGBoost_SHAP","all",0.00137949935206658,"CIB1"
"ENSG00000185043","patient1","XGBoost_SHAP","all",0.00181329347854199,"CIB1"
"ENSG00000185043","patient3","XGBoost_SHAP","all",0.00151270089790222,"CIB1"
"ENSG00000185043","patient6","XGBoost_SHAP","all",0.0019905318180169,"CIB1"
"ENSG00000185043","patient2","XGBoost_SHAP","all",0.00188254281141177,"CIB1"
"ENSG00000185129","patient3","XGBoost_SHAP","all",0.00365406993688268,"PURA"
"ENSG00000185129","patient4","XGBoost_SHAP","all",0.00365775307770125,"PURA"
"ENSG00000185129","patient1","XGBoost_SHAP","all",0.00340437845484514,"PURA"
"ENSG00000185129","patient6","XGBoost_SHAP","all",0.002064265055856,"PURA"
"ENSG00000185129","patient2","XGBoost_SHAP","all",0.00379611498711408,"PURA"
"ENSG00000185129","patient5","XGBoost_SHAP","all",0.00285519458026099,"PURA"
"ENSG00000185187","patient1","XGBoost_SHAP","all",0.00267391600899843,"SIGIRR"
"ENSG00000185215","patient3","XGBoost_SHAP","all",0.00245410826539838,"TNFAIP2"
"ENSG00000185215","patient6","XGBoost_SHAP","all",0.00146168950840399,"TNFAIP2"
"ENSG00000185215","patient1","XGBoost_SHAP","all",0.00959982832310288,"TNFAIP2"
"ENSG00000185215","patient4","XGBoost_SHAP","all",0.00258201518610655,"TNFAIP2"
"ENSG00000185222","patient6","XGBoost_SHAP","all",0.00664660838691298,"TCEAL9"
"ENSG00000185222","patient5","XGBoost_SHAP","all",0.00241829324245732,"TCEAL9"
"ENSG00000185222","patient1","XGBoost_SHAP","all",0.00909701294881314,"TCEAL9"
"ENSG00000185222","patient2","XGBoost_SHAP","all",0.00711864378330255,"TCEAL9"
"ENSG00000185222","patient3","XGBoost_SHAP","all",0.00112660583400581,"TCEAL9"
"ENSG00000185222","patient4","XGBoost_SHAP","all",0.00459583593434888,"TCEAL9"
"ENSG00000185236","patient4","XGBoost_SHAP","all",0.00287190594288338,"RAB11B"
"ENSG00000185236","patient2","XGBoost_SHAP","all",0.0101362641377381,"RAB11B"
"ENSG00000185236","patient1","XGBoost_SHAP","all",0.00358069420335713,"RAB11B"
"ENSG00000185236","patient5","XGBoost_SHAP","all",0.00247115182538253,"RAB11B"
"ENSG00000185236","patient3","XGBoost_SHAP","all",0.00111446931718575,"RAB11B"
"ENSG00000185236","patient6","XGBoost_SHAP","all",0.00137554091877733,"RAB11B"
"ENSG00000185339","patient4","XGBoost_SHAP","all",0.00276696275280534,"TCN2"
"ENSG00000185432","patient4","XGBoost_SHAP","all",0.0066896543373842,"TMT1A"
"ENSG00000185432","patient3","XGBoost_SHAP","all",0.00481934212002567,"TMT1A"
"ENSG00000185432","patient2","XGBoost_SHAP","all",0.00548013045238773,"TMT1A"
"ENSG00000185432","patient6","XGBoost_SHAP","all",0.0081437421959515,"TMT1A"
"ENSG00000185432","patient5","XGBoost_SHAP","all",0.0075362812425517,"TMT1A"
"ENSG00000185432","patient1","XGBoost_SHAP","all",0.00202613189271381,"TMT1A"
"ENSG00000185475","patient1","XGBoost_SHAP","all",0.00168827225249077,"TMEM179B"
"ENSG00000185475","patient2","XGBoost_SHAP","all",0.0010402542722477,"TMEM179B"
"ENSG00000185475","patient4","XGBoost_SHAP","all",0.00152014018025327,"TMEM179B"
"ENSG00000185475","patient3","XGBoost_SHAP","all",0.000644641440149517,"TMEM179B"
"ENSG00000185475","patient6","XGBoost_SHAP","all",0.00081928838213995,"TMEM179B"
"ENSG00000185475","patient5","XGBoost_SHAP","all",0.00310442225409026,"TMEM179B"
"ENSG00000185532","patient5","XGBoost_SHAP","all",0.00408304711363125,"PRKG1"
"ENSG00000185532","patient4","XGBoost_SHAP","all",0.00177701069234052,"PRKG1"
"ENSG00000185532","patient2","XGBoost_SHAP","all",0.00289550225023231,"PRKG1"
"ENSG00000185532","patient1","XGBoost_SHAP","all",0.00275298950486768,"PRKG1"
"ENSG00000185532","patient3","XGBoost_SHAP","all",0.00233774126879876,"PRKG1"
"ENSG00000185532","patient6","XGBoost_SHAP","all",0.00216028708506137,"PRKG1"
"ENSG00000185551","patient2","XGBoost_SHAP","all",0.0719913322012001,"NR2F2"
"ENSG00000185551","patient5","XGBoost_SHAP","all",0.075603086487021,"NR2F2"
"ENSG00000185551","patient1","XGBoost_SHAP","all",0.0717379433196247,"NR2F2"
"ENSG00000185551","patient6","XGBoost_SHAP","all",0.0786080380995206,"NR2F2"
"ENSG00000185551","patient3","XGBoost_SHAP","all",0.0789427759116692,"NR2F2"
"ENSG00000185551","patient4","XGBoost_SHAP","all",0.08336645037097,"NR2F2"
"ENSG00000185608","patient1","XGBoost_SHAP","all",0.00185918296938929,"MRPL40"
"ENSG00000185608","patient3","XGBoost_SHAP","all",0.00069438765246862,"MRPL40"
"ENSG00000185608","patient6","XGBoost_SHAP","all",0.00115665573306673,"MRPL40"
"ENSG00000185608","patient4","XGBoost_SHAP","all",0.00110609658926237,"MRPL40"
"ENSG00000185608","patient2","XGBoost_SHAP","all",0.00254359909429928,"MRPL40"
"ENSG00000185608","patient5","XGBoost_SHAP","all",0.00227777974589422,"MRPL40"
"ENSG00000185624","patient4","XGBoost_SHAP","all",0.00564320751949034,"P4HB"
"ENSG00000185624","patient3","XGBoost_SHAP","all",0.00765518136316067,"P4HB"
"ENSG00000185624","patient2","XGBoost_SHAP","all",0.00465600500036098,"P4HB"
"ENSG00000185624","patient1","XGBoost_SHAP","all",0.00339844668414311,"P4HB"
"ENSG00000185624","patient6","XGBoost_SHAP","all",0.00543450851877056,"P4HB"
"ENSG00000185624","patient5","XGBoost_SHAP","all",0.00418846670809508,"P4HB"
"ENSG00000185627","patient3","XGBoost_SHAP","all",0.00487201710686721,"PSMD13"
"ENSG00000185627","patient6","XGBoost_SHAP","all",0.0109516299736598,"PSMD13"
"ENSG00000185627","patient4","XGBoost_SHAP","all",0.00939268550905057,"PSMD13"
"ENSG00000185627","patient1","XGBoost_SHAP","all",0.00921938257893931,"PSMD13"
"ENSG00000185627","patient2","XGBoost_SHAP","all",0.00726376713117997,"PSMD13"
"ENSG00000185627","patient5","XGBoost_SHAP","all",0.00472830674665177,"PSMD13"
"ENSG00000185630","patient3","XGBoost_SHAP","all",0.00178340180620215,"PBX1"
"ENSG00000185630","patient1","XGBoost_SHAP","all",0.00131870073196295,"PBX1"
"ENSG00000185630","patient5","XGBoost_SHAP","all",0.00220666219286665,"PBX1"
"ENSG00000185630","patient4","XGBoost_SHAP","all",0.000865669593722775,"PBX1"
"ENSG00000185630","patient6","XGBoost_SHAP","all",0.000791311914547494,"PBX1"
"ENSG00000185630","patient2","XGBoost_SHAP","all",0.00303326996597873,"PBX1"
"ENSG00000185633","patient3","XGBoost_SHAP","all",0.0572823714331884,"COXFA4L2"
"ENSG00000185633","patient1","XGBoost_SHAP","all",0.0558118325358662,"COXFA4L2"
"ENSG00000185633","patient5","XGBoost_SHAP","all",0.0543804770341057,"COXFA4L2"
"ENSG00000185633","patient2","XGBoost_SHAP","all",0.0585873989223353,"COXFA4L2"
"ENSG00000185633","patient4","XGBoost_SHAP","all",0.0512448569193034,"COXFA4L2"
"ENSG00000185633","patient6","XGBoost_SHAP","all",0.053788280674756,"COXFA4L2"
"ENSG00000185650","patient1","XGBoost_SHAP","all",0.00825994300694296,"ZFP36L1"
"ENSG00000185650","patient3","XGBoost_SHAP","all",0.00801065875767718,"ZFP36L1"
"ENSG00000185650","patient4","XGBoost_SHAP","all",0.00510696573476678,"ZFP36L1"
"ENSG00000185650","patient2","XGBoost_SHAP","all",0.00852911822787257,"ZFP36L1"
"ENSG00000185650","patient6","XGBoost_SHAP","all",0.0131649809095469,"ZFP36L1"
"ENSG00000185650","patient5","XGBoost_SHAP","all",0.0157930924755322,"ZFP36L1"
"ENSG00000185651","patient6","XGBoost_SHAP","all",0.00179747249146559,"UBE2L3"
"ENSG00000185651","patient5","XGBoost_SHAP","all",0.00290494176528898,"UBE2L3"
"ENSG00000185651","patient4","XGBoost_SHAP","all",0.0014460853022868,"UBE2L3"
"ENSG00000185651","patient1","XGBoost_SHAP","all",0.00116234500345552,"UBE2L3"
"ENSG00000185651","patient2","XGBoost_SHAP","all",0.00265213743846826,"UBE2L3"
"ENSG00000185651","patient3","XGBoost_SHAP","all",0.00125890500189538,"UBE2L3"
"ENSG00000185825","patient5","XGBoost_SHAP","all",0.00296026547077294,"BCAP31"
"ENSG00000185825","patient2","XGBoost_SHAP","all",0.00150854113841299,"BCAP31"
"ENSG00000185825","patient1","XGBoost_SHAP","all",0.00194899346829336,"BCAP31"
"ENSG00000185825","patient4","XGBoost_SHAP","all",0.000757460675737713,"BCAP31"
"ENSG00000185825","patient3","XGBoost_SHAP","all",0.00201973622302464,"BCAP31"
"ENSG00000185825","patient6","XGBoost_SHAP","all",0.00216881539775688,"BCAP31"
"ENSG00000185862","patient5","XGBoost_SHAP","all",0.0103993443113177,"EVI2B"
"ENSG00000185862","patient6","XGBoost_SHAP","all",0.00892372636967279,"EVI2B"
"ENSG00000185885","patient2","XGBoost_SHAP","all",0.0165325904302331,"IFITM1"
"ENSG00000185885","patient4","XGBoost_SHAP","all",0.0186204932435839,"IFITM1"
"ENSG00000185885","patient6","XGBoost_SHAP","all",0.0250701029185371,"IFITM1"
"ENSG00000185885","patient1","XGBoost_SHAP","all",0.00748213797054987,"IFITM1"
"ENSG00000185885","patient5","XGBoost_SHAP","all",0.0225263724859231,"IFITM1"
"ENSG00000185885","patient3","XGBoost_SHAP","all",0.0180083437669851,"IFITM1"
"ENSG00000185896","patient1","XGBoost_SHAP","all",0.00452721298024592,"LAMP1"
"ENSG00000185896","patient6","XGBoost_SHAP","all",0.00292153535817914,"LAMP1"
"ENSG00000185896","patient5","XGBoost_SHAP","all",0.0042657971561784,"LAMP1"
"ENSG00000185896","patient3","XGBoost_SHAP","all",0.00373706341648964,"LAMP1"
"ENSG00000185896","patient4","XGBoost_SHAP","all",0.00296777466771713,"LAMP1"
"ENSG00000185896","patient2","XGBoost_SHAP","all",0.00400099680970749,"LAMP1"
"ENSG00000186010","patient5","XGBoost_SHAP","all",0.000969170511264861,"NDUFA13"
"ENSG00000186010","patient3","XGBoost_SHAP","all",0.00436093857351517,"NDUFA13"
"ENSG00000186010","patient4","XGBoost_SHAP","all",0.00291032885774131,"NDUFA13"
"ENSG00000186010","patient6","XGBoost_SHAP","all",0.00280603931079356,"NDUFA13"
"ENSG00000186010","patient2","XGBoost_SHAP","all",0.0016004868463363,"NDUFA13"
"ENSG00000186010","patient1","XGBoost_SHAP","all",0.00344549023568526,"NDUFA13"
"ENSG00000186063","patient4","XGBoost_SHAP","all",0.00106260466311322,"AIDA"
"ENSG00000186063","patient3","XGBoost_SHAP","all",0.00136945706050753,"AIDA"
"ENSG00000186063","patient6","XGBoost_SHAP","all",0.00225791888508682,"AIDA"
"ENSG00000186063","patient2","XGBoost_SHAP","all",0.00193501352494845,"AIDA"
"ENSG00000186063","patient1","XGBoost_SHAP","all",0.000688232716095338,"AIDA"
"ENSG00000186063","patient5","XGBoost_SHAP","all",0.00130655385126014,"AIDA"
"ENSG00000186184","patient4","XGBoost_SHAP","all",0.000963522864048473,"POLR1D"
"ENSG00000186184","patient6","XGBoost_SHAP","all",0.00609780319512561,"POLR1D"
"ENSG00000186184","patient2","XGBoost_SHAP","all",0.00222539331558749,"POLR1D"
"ENSG00000186184","patient1","XGBoost_SHAP","all",0.00189266196540908,"POLR1D"
"ENSG00000186184","patient3","XGBoost_SHAP","all",0.00250507151337907,"POLR1D"
"ENSG00000186184","patient5","XGBoost_SHAP","all",0.00476016056175286,"POLR1D"
"ENSG00000186298","patient6","XGBoost_SHAP","all",0.00623888530588118,"PPP1CC"
"ENSG00000186298","patient4","XGBoost_SHAP","all",0.00475718594617249,"PPP1CC"
"ENSG00000186298","patient5","XGBoost_SHAP","all",0.00512264547434212,"PPP1CC"
"ENSG00000186298","patient3","XGBoost_SHAP","all",0.00606904637713652,"PPP1CC"
"ENSG00000186298","patient2","XGBoost_SHAP","all",0.00387299711799637,"PPP1CC"
"ENSG00000186298","patient1","XGBoost_SHAP","all",0.00270096935461699,"PPP1CC"
"ENSG00000186340","patient1","XGBoost_SHAP","all",0.0238595795443198,"THBS2"
"ENSG00000186340","patient3","XGBoost_SHAP","all",0.0224305449983611,"THBS2"
"ENSG00000186340","patient5","XGBoost_SHAP","all",0.0171453867231998,"THBS2"
"ENSG00000186340","patient6","XGBoost_SHAP","all",0.0159571650029776,"THBS2"
"ENSG00000186340","patient4","XGBoost_SHAP","all",0.0227402689354488,"THBS2"
"ENSG00000186340","patient2","XGBoost_SHAP","all",0.0194234376886048,"THBS2"
"ENSG00000186395","patient6","XGBoost_SHAP","all",0.00111865582891127,"KRT10"
"ENSG00000186395","patient3","XGBoost_SHAP","all",0.00133409360439752,"KRT10"
"ENSG00000186395","patient4","XGBoost_SHAP","all",0.00352462048393454,"KRT10"
"ENSG00000186395","patient5","XGBoost_SHAP","all",0.00159927767452245,"KRT10"
"ENSG00000186395","patient2","XGBoost_SHAP","all",0.00121297763742111,"KRT10"
"ENSG00000186395","patient1","XGBoost_SHAP","all",0.00256786808597225,"KRT10"
"ENSG00000186522","patient1","XGBoost_SHAP","all",0.000917010174596124,"SEPTIN10"
"ENSG00000186522","patient4","XGBoost_SHAP","all",0.00112417374072357,"SEPTIN10"
"ENSG00000186522","patient3","XGBoost_SHAP","all",0.00115708515135609,"SEPTIN10"
"ENSG00000186522","patient5","XGBoost_SHAP","all",0.000879675229527337,"SEPTIN10"
"ENSG00000186522","patient2","XGBoost_SHAP","all",0.00102260505924267,"SEPTIN10"
"ENSG00000186522","patient6","XGBoost_SHAP","all",0.00039688682657743,"SEPTIN10"
"ENSG00000186591","patient3","XGBoost_SHAP","all",0.00194542978459961,"UBE2H"
"ENSG00000186591","patient6","XGBoost_SHAP","all",0.0025977526779753,"UBE2H"
"ENSG00000186591","patient2","XGBoost_SHAP","all",0.00163229160311064,"UBE2H"
"ENSG00000186591","patient1","XGBoost_SHAP","all",0.00144563355262074,"UBE2H"
"ENSG00000186591","patient5","XGBoost_SHAP","all",0.00382762575105522,"UBE2H"
"ENSG00000186591","patient4","XGBoost_SHAP","all",0.000880725089180159,"UBE2H"
"ENSG00000186834","patient5","XGBoost_SHAP","all",0.00603966658835261,"HEXIM1"
"ENSG00000186834","patient6","XGBoost_SHAP","all",0.0119693991039102,"HEXIM1"
"ENSG00000186834","patient4","XGBoost_SHAP","all",0.00359580868058399,"HEXIM1"
"ENSG00000186834","patient2","XGBoost_SHAP","all",0.00304751909058898,"HEXIM1"
"ENSG00000186834","patient3","XGBoost_SHAP","all",0.00997034541398794,"HEXIM1"
"ENSG00000186834","patient1","XGBoost_SHAP","all",0.00591870478030787,"HEXIM1"
"ENSG00000187051","patient2","XGBoost_SHAP","all",0.0029036160177869,"RPS19BP1"
"ENSG00000187051","patient1","XGBoost_SHAP","all",0.0021194465093619,"RPS19BP1"
"ENSG00000187051","patient4","XGBoost_SHAP","all",0.00215792142664882,"RPS19BP1"
"ENSG00000187051","patient3","XGBoost_SHAP","all",0.0020840341475414,"RPS19BP1"
"ENSG00000187051","patient5","XGBoost_SHAP","all",0.00493551149482956,"RPS19BP1"
"ENSG00000187051","patient6","XGBoost_SHAP","all",0.00153498997836354,"RPS19BP1"
"ENSG00000187134","patient6","XGBoost_SHAP","all",0.00447145086801901,"AKR1C1"
"ENSG00000187134","patient4","XGBoost_SHAP","all",0.00714317292787054,"AKR1C1"
"ENSG00000187134","patient5","XGBoost_SHAP","all",0.00779904271455242,"AKR1C1"
"ENSG00000187134","patient3","XGBoost_SHAP","all",0.00649194610593468,"AKR1C1"
"ENSG00000187134","patient1","XGBoost_SHAP","all",0.00606979670738729,"AKR1C1"
"ENSG00000187134","patient2","XGBoost_SHAP","all",0.00440763015178116,"AKR1C1"
"ENSG00000187193","patient2","XGBoost_SHAP","all",0.0296949056823696,"MT1X"
"ENSG00000187193","patient4","XGBoost_SHAP","all",0.0269546779228429,"MT1X"
"ENSG00000187193","patient6","XGBoost_SHAP","all",0.0317183519376592,"MT1X"
"ENSG00000187193","patient3","XGBoost_SHAP","all",0.0372479010148678,"MT1X"
"ENSG00000187193","patient5","XGBoost_SHAP","all",0.0313571348929567,"MT1X"
"ENSG00000187193","patient1","XGBoost_SHAP","all",0.0229512889579656,"MT1X"
"ENSG00000187231","patient4","XGBoost_SHAP","all",0.0026698670170723,"SESTD1"
"ENSG00000187231","patient2","XGBoost_SHAP","all",0.00878438583431157,"SESTD1"
"ENSG00000187231","patient1","XGBoost_SHAP","all",0.00785710057360618,"SESTD1"
"ENSG00000187231","patient6","XGBoost_SHAP","all",0.00468272056999127,"SESTD1"
"ENSG00000187231","patient5","XGBoost_SHAP","all",0.00293620529313062,"SESTD1"
"ENSG00000187231","patient3","XGBoost_SHAP","all",0.00539178048791655,"SESTD1"
"ENSG00000187239","patient3","XGBoost_SHAP","all",0.00239326996942933,"FNBP1"
"ENSG00000187239","patient4","XGBoost_SHAP","all",0.00130305936209819,"FNBP1"
"ENSG00000187244","patient1","XGBoost_SHAP","all",0.00774378554386176,"BCAM"
"ENSG00000187244","patient3","XGBoost_SHAP","all",0.0057116000456547,"BCAM"
"ENSG00000187244","patient5","XGBoost_SHAP","all",0.00851724278334429,"BCAM"
"ENSG00000187244","patient4","XGBoost_SHAP","all",0.00630589470541409,"BCAM"
"ENSG00000187244","patient6","XGBoost_SHAP","all",0.00410243096715628,"BCAM"
"ENSG00000187244","patient2","XGBoost_SHAP","all",0.0130402155201613,"BCAM"
"ENSG00000187257","patient3","XGBoost_SHAP","all",0.00168844008805898,"RSBN1L"
"ENSG00000187257","patient4","XGBoost_SHAP","all",0.000887259143071633,"RSBN1L"
"ENSG00000187257","patient2","XGBoost_SHAP","all",0.000851984707463396,"RSBN1L"
"ENSG00000187257","patient5","XGBoost_SHAP","all",0.00133186166246228,"RSBN1L"
"ENSG00000187257","patient6","XGBoost_SHAP","all",0.0025186878853565,"RSBN1L"
"ENSG00000187257","patient1","XGBoost_SHAP","all",0.00108848538839811,"RSBN1L"
"ENSG00000187479","patient3","XGBoost_SHAP","all",0.0467922946458527,"C11orf96"
"ENSG00000187479","patient6","XGBoost_SHAP","all",0.0401137039516947,"C11orf96"
"ENSG00000187479","patient5","XGBoost_SHAP","all",0.0367786209966821,"C11orf96"
"ENSG00000187479","patient1","XGBoost_SHAP","all",0.0687319953011865,"C11orf96"
"ENSG00000187479","patient2","XGBoost_SHAP","all",0.041001862040479,"C11orf96"
"ENSG00000187479","patient4","XGBoost_SHAP","all",0.0424510659391322,"C11orf96"
"ENSG00000187498","patient1","XGBoost_SHAP","all",0.00195292589490777,"COL4A1"
"ENSG00000187498","patient2","XGBoost_SHAP","all",0.00132036409509418,"COL4A1"
"ENSG00000187498","patient6","XGBoost_SHAP","all",0.00579105227046247,"COL4A1"
"ENSG00000187498","patient5","XGBoost_SHAP","all",0.00338019570170338,"COL4A1"
"ENSG00000187498","patient4","XGBoost_SHAP","all",0.00331859074480354,"COL4A1"
"ENSG00000187498","patient3","XGBoost_SHAP","all",0.00478170949313109,"COL4A1"
"ENSG00000187513","patient4","XGBoost_SHAP","all",0.0176754843594511,"GJA4"
"ENSG00000187513","patient2","XGBoost_SHAP","all",0.0254787460007392,"GJA4"
"ENSG00000187513","patient1","XGBoost_SHAP","all",0.0227496052479279,"GJA4"
"ENSG00000187513","patient5","XGBoost_SHAP","all",0.0375406731127601,"GJA4"
"ENSG00000187513","patient6","XGBoost_SHAP","all",0.0290404088045259,"GJA4"
"ENSG00000187608","patient4","XGBoost_SHAP","all",0.00642231454791069,"ISG15"
"ENSG00000187608","patient2","XGBoost_SHAP","all",0.00657846401758972,"ISG15"
"ENSG00000187608","patient3","XGBoost_SHAP","all",0.00428102969178157,"ISG15"
"ENSG00000187608","patient1","XGBoost_SHAP","all",0.0015983611023754,"ISG15"
"ENSG00000187735","patient4","XGBoost_SHAP","all",0.00378406701138498,"TCEA1"
"ENSG00000187735","patient1","XGBoost_SHAP","all",0.0014850877075963,"TCEA1"
"ENSG00000187735","patient5","XGBoost_SHAP","all",0.0018739507189524,"TCEA1"
"ENSG00000187735","patient6","XGBoost_SHAP","all",0.00230469835357745,"TCEA1"
"ENSG00000187735","patient3","XGBoost_SHAP","all",0.00136425753687216,"TCEA1"
"ENSG00000187735","patient2","XGBoost_SHAP","all",0.0024975714400431,"TCEA1"
"ENSG00000187837","patient3","XGBoost_SHAP","all",0.00199937561442308,"H1-2"
"ENSG00000187837","patient6","XGBoost_SHAP","all",0.00154792469974505,"H1-2"
"ENSG00000187837","patient4","XGBoost_SHAP","all",0.00298650026562073,"H1-2"
"ENSG00000187837","patient2","XGBoost_SHAP","all",0.00139533369594574,"H1-2"
"ENSG00000187837","patient5","XGBoost_SHAP","all",0.00188626862252767,"H1-2"
"ENSG00000187837","patient1","XGBoost_SHAP","all",0.00124302970834955,"H1-2"
"ENSG00000187955","patient4","XGBoost_SHAP","all",0.0195069555777278,"COL14A1"
"ENSG00000187955","patient6","XGBoost_SHAP","all",0.0166113564816638,"COL14A1"
"ENSG00000187955","patient2","XGBoost_SHAP","all",0.0186398557068059,"COL14A1"
"ENSG00000187955","patient1","XGBoost_SHAP","all",0.0132640115803207,"COL14A1"
"ENSG00000187955","patient5","XGBoost_SHAP","all",0.0129588957538634,"COL14A1"
"ENSG00000187955","patient3","XGBoost_SHAP","all",0.0240325529967034,"COL14A1"
"ENSG00000188229","patient3","XGBoost_SHAP","all",0.00768124032297712,"TUBB4B"
"ENSG00000188229","patient5","XGBoost_SHAP","all",0.010913044911843,"TUBB4B"
"ENSG00000188229","patient6","XGBoost_SHAP","all",0.00804689753631126,"TUBB4B"
"ENSG00000188229","patient1","XGBoost_SHAP","all",0.00790095428037951,"TUBB4B"
"ENSG00000188229","patient2","XGBoost_SHAP","all",0.00708642300229445,"TUBB4B"
"ENSG00000188229","patient4","XGBoost_SHAP","all",0.0119777638834745,"TUBB4B"
"ENSG00000188257","patient1","XGBoost_SHAP","all",0.00321100494887246,"PLA2G2A"
"ENSG00000188257","patient4","XGBoost_SHAP","all",0.00444714509903275,"PLA2G2A"
"ENSG00000188257","patient3","XGBoost_SHAP","all",0.00666793286737867,"PLA2G2A"
"ENSG00000188257","patient6","XGBoost_SHAP","all",0.00235320879460441,"PLA2G2A"
"ENSG00000188257","patient2","XGBoost_SHAP","all",0.00469177867126302,"PLA2G2A"
"ENSG00000188290","patient1","XGBoost_SHAP","all",0.0463061848120155,"HES4"
"ENSG00000188290","patient4","XGBoost_SHAP","all",0.0195979474674702,"HES4"
"ENSG00000188290","patient2","XGBoost_SHAP","all",0.0301216468224108,"HES4"
"ENSG00000188290","patient3","XGBoost_SHAP","all",0.0237195022412735,"HES4"
"ENSG00000188290","patient5","XGBoost_SHAP","all",0.0289368231832347,"HES4"
"ENSG00000188290","patient6","XGBoost_SHAP","all",0.0212609811140279,"HES4"
"ENSG00000188313","patient3","XGBoost_SHAP","all",0.00969612056183529,"PLSCR1"
"ENSG00000188313","patient6","XGBoost_SHAP","all",0.0118131700563554,"PLSCR1"
"ENSG00000188313","patient4","XGBoost_SHAP","all",0.00387483905153871,"PLSCR1"
"ENSG00000188313","patient2","XGBoost_SHAP","all",0.00835711156561091,"PLSCR1"
"ENSG00000188313","patient5","XGBoost_SHAP","all",0.00407312153922078,"PLSCR1"
"ENSG00000188313","patient1","XGBoost_SHAP","all",0.0129333135304347,"PLSCR1"
"ENSG00000188483","patient4","XGBoost_SHAP","all",0.00319825037985036,"IER5L"
"ENSG00000188483","patient5","XGBoost_SHAP","all",0.00154883440211172,"IER5L"
"ENSG00000188483","patient3","XGBoost_SHAP","all",0.00149060748521638,"IER5L"
"ENSG00000188483","patient2","XGBoost_SHAP","all",0.00169510673037063,"IER5L"
"ENSG00000188483","patient6","XGBoost_SHAP","all",0.00297561374216815,"IER5L"
"ENSG00000188483","patient1","XGBoost_SHAP","all",0.00261757214719647,"IER5L"
"ENSG00000188529","patient2","XGBoost_SHAP","all",0.00110695922910966,"SRSF10"
"ENSG00000188529","patient5","XGBoost_SHAP","all",0.00124128139969497,"SRSF10"
"ENSG00000188529","patient6","XGBoost_SHAP","all",0.001031481204301,"SRSF10"
"ENSG00000188529","patient3","XGBoost_SHAP","all",0.00133132282252819,"SRSF10"
"ENSG00000188529","patient4","XGBoost_SHAP","all",0.000597209785601085,"SRSF10"
"ENSG00000188529","patient1","XGBoost_SHAP","all",0.00062870911078509,"SRSF10"
"ENSG00000188643","patient2","XGBoost_SHAP","all",0.00980538158802814,"S100A16"
"ENSG00000188643","patient1","XGBoost_SHAP","all",0.00399516844727683,"S100A16"
"ENSG00000188643","patient4","XGBoost_SHAP","all",0.0172574001518963,"S100A16"
"ENSG00000188643","patient3","XGBoost_SHAP","all",0.0144469760866977,"S100A16"
"ENSG00000188643","patient6","XGBoost_SHAP","all",0.00939563473866656,"S100A16"
"ENSG00000188643","patient5","XGBoost_SHAP","all",0.00822874777060647,"S100A16"
"ENSG00000188783","patient1","XGBoost_SHAP","all",0.0123657836884652,"PRELP"
"ENSG00000188783","patient2","XGBoost_SHAP","all",0.0238784703745438,"PRELP"
"ENSG00000188783","patient4","XGBoost_SHAP","all",0.0276663449455338,"PRELP"
"ENSG00000188783","patient3","XGBoost_SHAP","all",0.0297680066098185,"PRELP"
"ENSG00000188783","patient5","XGBoost_SHAP","all",0.0247245909490157,"PRELP"
"ENSG00000188783","patient6","XGBoost_SHAP","all",0.0239126940011213,"PRELP"
"ENSG00000188994","patient4","XGBoost_SHAP","all",0.00451006519345747,"ZNF292"
"ENSG00000188994","patient2","XGBoost_SHAP","all",0.00386407915907877,"ZNF292"
"ENSG00000188994","patient1","XGBoost_SHAP","all",0.0056548836298638,"ZNF292"
"ENSG00000188994","patient5","XGBoost_SHAP","all",0.00868846075813925,"ZNF292"
"ENSG00000188994","patient6","XGBoost_SHAP","all",0.00552913098143835,"ZNF292"
"ENSG00000188994","patient3","XGBoost_SHAP","all",0.00312010530367721,"ZNF292"
"ENSG00000189058","patient2","XGBoost_SHAP","all",0.00826361129244338,"APOD"
"ENSG00000189058","patient3","XGBoost_SHAP","all",0.00623986411541037,"APOD"
"ENSG00000189058","patient1","XGBoost_SHAP","all",0.0111641127923892,"APOD"
"ENSG00000189058","patient6","XGBoost_SHAP","all",0.00508135494613526,"APOD"
"ENSG00000189058","patient5","XGBoost_SHAP","all",0.00517938491473732,"APOD"
"ENSG00000189058","patient4","XGBoost_SHAP","all",0.0049316152998749,"APOD"
"ENSG00000189060","patient3","XGBoost_SHAP","all",0.0161577506372041,"H1-0"
"ENSG00000189060","patient1","XGBoost_SHAP","all",0.0188332748536745,"H1-0"
"ENSG00000189060","patient5","XGBoost_SHAP","all",0.0186581637712617,"H1-0"
"ENSG00000189060","patient6","XGBoost_SHAP","all",0.020756067335871,"H1-0"
"ENSG00000189060","patient2","XGBoost_SHAP","all",0.00576487890845744,"H1-0"
"ENSG00000189060","patient4","XGBoost_SHAP","all",0.0186847145159494,"H1-0"
"ENSG00000189067","patient1","XGBoost_SHAP","all",0.00613508747014952,"LITAF"
"ENSG00000189067","patient5","XGBoost_SHAP","all",0.00453256800360391,"LITAF"
"ENSG00000189067","patient2","XGBoost_SHAP","all",0.0192629880144855,"LITAF"
"ENSG00000189067","patient4","XGBoost_SHAP","all",0.00425592196755199,"LITAF"
"ENSG00000189067","patient3","XGBoost_SHAP","all",0.00549973270043816,"LITAF"
"ENSG00000189067","patient6","XGBoost_SHAP","all",0.00592985927916982,"LITAF"
"ENSG00000189129","patient6","XGBoost_SHAP","all",0.0354756785824184,"PLAC9"
"ENSG00000189129","patient2","XGBoost_SHAP","all",0.0495379717979959,"PLAC9"
"ENSG00000189129","patient1","XGBoost_SHAP","all",0.0390558390172924,"PLAC9"
"ENSG00000189129","patient5","XGBoost_SHAP","all",0.0581004777332841,"PLAC9"
"ENSG00000189129","patient3","XGBoost_SHAP","all",0.0462955591640777,"PLAC9"
"ENSG00000189129","patient4","XGBoost_SHAP","all",0.0475350243238026,"PLAC9"
"ENSG00000189171","patient1","XGBoost_SHAP","all",0.018598005588328,"S100A13"
"ENSG00000189171","patient2","XGBoost_SHAP","all",0.0151629248964539,"S100A13"
"ENSG00000189171","patient6","XGBoost_SHAP","all",0.0354963351563154,"S100A13"
"ENSG00000189171","patient3","XGBoost_SHAP","all",0.0128817065121579,"S100A13"
"ENSG00000189171","patient5","XGBoost_SHAP","all",0.0183141154347008,"S100A13"
"ENSG00000189171","patient4","XGBoost_SHAP","all",0.0168888056050246,"S100A13"
"ENSG00000189221","patient6","XGBoost_SHAP","all",0.0362318910841367,"MAOA"
"ENSG00000189221","patient2","XGBoost_SHAP","all",0.0175897453978327,"MAOA"
"ENSG00000189221","patient1","XGBoost_SHAP","all",0.0483345938002263,"MAOA"
"ENSG00000189221","patient5","XGBoost_SHAP","all",0.0277141962664363,"MAOA"
"ENSG00000189221","patient3","XGBoost_SHAP","all",0.0175315429620626,"MAOA"
"ENSG00000189221","patient4","XGBoost_SHAP","all",0.0136594685666667,"MAOA"
"ENSG00000189241","patient5","XGBoost_SHAP","all",0.00145332029597001,"TSPYL1"
"ENSG00000189241","patient1","XGBoost_SHAP","all",0.00451821609490493,"TSPYL1"
"ENSG00000189241","patient6","XGBoost_SHAP","all",0.00163261552917117,"TSPYL1"
"ENSG00000189241","patient2","XGBoost_SHAP","all",0.00107969371938212,"TSPYL1"
"ENSG00000189241","patient3","XGBoost_SHAP","all",0.00201706008869089,"TSPYL1"
"ENSG00000189266","patient6","XGBoost_SHAP","all",0.00139099958405193,"PNRC2"
"ENSG00000189266","patient3","XGBoost_SHAP","all",0.00154299937021884,"PNRC2"
"ENSG00000189266","patient2","XGBoost_SHAP","all",0.000715517749367778,"PNRC2"
"ENSG00000189266","patient1","XGBoost_SHAP","all",0.00199364454951146,"PNRC2"
"ENSG00000189266","patient5","XGBoost_SHAP","all",0.00187523003244801,"PNRC2"
"ENSG00000189266","patient4","XGBoost_SHAP","all",0.000454630129281217,"PNRC2"
"ENSG00000189409","patient6","XGBoost_SHAP","all",0.000988957385408847,"MMP23B"
"ENSG00000189409","patient4","XGBoost_SHAP","all",0.00134008516885779,"MMP23B"
"ENSG00000189409","patient2","XGBoost_SHAP","all",0.0014233738447119,"MMP23B"
"ENSG00000189409","patient1","XGBoost_SHAP","all",0.00209041399483861,"MMP23B"
"ENSG00000189409","patient3","XGBoost_SHAP","all",0.00103438585080643,"MMP23B"
"ENSG00000196126","patient5","XGBoost_SHAP","all",0.0310493154259797,"HLA-DRB1"
"ENSG00000196126","patient3","XGBoost_SHAP","all",0.0339575633732627,"HLA-DRB1"
"ENSG00000196126","patient2","XGBoost_SHAP","all",0.0486012341311174,"HLA-DRB1"
"ENSG00000196126","patient6","XGBoost_SHAP","all",0.0524945740386568,"HLA-DRB1"
"ENSG00000196126","patient4","XGBoost_SHAP","all",0.0492493108702506,"HLA-DRB1"
"ENSG00000196126","patient1","XGBoost_SHAP","all",0.0395158861749096,"HLA-DRB1"
"ENSG00000196139","patient3","XGBoost_SHAP","all",0.00179369114448491,"AKR1C3"
"ENSG00000196139","patient2","XGBoost_SHAP","all",0.00204143411220893,"AKR1C3"
"ENSG00000196139","patient5","XGBoost_SHAP","all",0.00304661669294545,"AKR1C3"
"ENSG00000196139","patient6","XGBoost_SHAP","all",0.00281095573533395,"AKR1C3"
"ENSG00000196139","patient4","XGBoost_SHAP","all",0.00141775230719272,"AKR1C3"
"ENSG00000196139","patient1","XGBoost_SHAP","all",0.00259215617084008,"AKR1C3"
"ENSG00000196141","patient4","XGBoost_SHAP","all",0.00384833412338662,"SPATS2L"
"ENSG00000196141","patient2","XGBoost_SHAP","all",0.00365408192377197,"SPATS2L"
"ENSG00000196141","patient3","XGBoost_SHAP","all",0.00744228044628407,"SPATS2L"
"ENSG00000196141","patient1","XGBoost_SHAP","all",0.00826072206247056,"SPATS2L"
"ENSG00000196141","patient6","XGBoost_SHAP","all",0.00473737997661368,"SPATS2L"
"ENSG00000196141","patient5","XGBoost_SHAP","all",0.0149975051554764,"SPATS2L"
"ENSG00000196154","patient4","XGBoost_SHAP","all",0.0395077238865847,"S100A4"
"ENSG00000196154","patient3","XGBoost_SHAP","all",0.0307510990873833,"S100A4"
"ENSG00000196154","patient5","XGBoost_SHAP","all",0.0439204173404859,"S100A4"
"ENSG00000196154","patient6","XGBoost_SHAP","all",0.0358904526829762,"S100A4"
"ENSG00000196154","patient2","XGBoost_SHAP","all",0.0490908345099172,"S100A4"
"ENSG00000196154","patient1","XGBoost_SHAP","all",0.0422820096401252,"S100A4"
"ENSG00000196199","patient6","XGBoost_SHAP","all",0.0073472929254825,"MPHOSPH8"
"ENSG00000196199","patient1","XGBoost_SHAP","all",0.00668658237586999,"MPHOSPH8"
"ENSG00000196199","patient3","XGBoost_SHAP","all",0.00372065760718154,"MPHOSPH8"
"ENSG00000196199","patient4","XGBoost_SHAP","all",0.00671025488743816,"MPHOSPH8"
"ENSG00000196199","patient2","XGBoost_SHAP","all",0.0058385553522168,"MPHOSPH8"
"ENSG00000196199","patient5","XGBoost_SHAP","all",0.0111022748657359,"MPHOSPH8"
"ENSG00000196230","patient2","XGBoost_SHAP","all",0.00197750920056389,"TUBB"
"ENSG00000196230","patient6","XGBoost_SHAP","all",0.00243536898962464,"TUBB"
"ENSG00000196230","patient4","XGBoost_SHAP","all",0.00106671305277541,"TUBB"
"ENSG00000196230","patient3","XGBoost_SHAP","all",0.00336211395894979,"TUBB"
"ENSG00000196230","patient1","XGBoost_SHAP","all",0.00198143269984658,"TUBB"
"ENSG00000196230","patient5","XGBoost_SHAP","all",0.00105552447987916,"TUBB"
"ENSG00000196352","patient2","XGBoost_SHAP","all",0.00366771483623143,"CD55"
"ENSG00000196352","patient1","XGBoost_SHAP","all",0.00285760738035179,"CD55"
"ENSG00000196352","patient3","XGBoost_SHAP","all",0.00824352156551803,"CD55"
"ENSG00000196352","patient4","XGBoost_SHAP","all",0.00669036102961873,"CD55"
"ENSG00000196352","patient5","XGBoost_SHAP","all",0.00357409199835319,"CD55"
"ENSG00000196352","patient6","XGBoost_SHAP","all",0.00465106668014185,"CD55"
"ENSG00000196419","patient6","XGBoost_SHAP","all",0.00225893044008318,"XRCC6"
"ENSG00000196419","patient1","XGBoost_SHAP","all",0.00192264088266168,"XRCC6"
"ENSG00000196419","patient4","XGBoost_SHAP","all",0.00236838695933933,"XRCC6"
"ENSG00000196419","patient5","XGBoost_SHAP","all",0.0045628499003867,"XRCC6"
"ENSG00000196419","patient2","XGBoost_SHAP","all",0.00189926560934994,"XRCC6"
"ENSG00000196419","patient3","XGBoost_SHAP","all",0.00209434773582082,"XRCC6"
"ENSG00000196504","patient1","XGBoost_SHAP","all",0.00198878016624138,"PRPF40A"
"ENSG00000196504","patient2","XGBoost_SHAP","all",0.00100917022458331,"PRPF40A"
"ENSG00000196504","patient4","XGBoost_SHAP","all",0.00107416858632797,"PRPF40A"
"ENSG00000196504","patient3","XGBoost_SHAP","all",0.000713367337997093,"PRPF40A"
"ENSG00000196504","patient6","XGBoost_SHAP","all",0.00207262879221525,"PRPF40A"
"ENSG00000196504","patient5","XGBoost_SHAP","all",0.00203819861771503,"PRPF40A"
"ENSG00000196507","patient1","XGBoost_SHAP","all",0.00325349885978842,"TCEAL3"
"ENSG00000196507","patient5","XGBoost_SHAP","all",0.00189486560778454,"TCEAL3"
"ENSG00000196507","patient6","XGBoost_SHAP","all",0.00405725754255285,"TCEAL3"
"ENSG00000196507","patient4","XGBoost_SHAP","all",0.00365030033369712,"TCEAL3"
"ENSG00000196507","patient2","XGBoost_SHAP","all",0.00158625950879709,"TCEAL3"
"ENSG00000196507","patient3","XGBoost_SHAP","all",0.00290462666582248,"TCEAL3"
"ENSG00000196569","patient4","XGBoost_SHAP","all",0.0051546089742888,"LAMA2"
"ENSG00000196569","patient5","XGBoost_SHAP","all",0.0025129420096263,"LAMA2"
"ENSG00000196569","patient2","XGBoost_SHAP","all",0.00285106465709402,"LAMA2"
"ENSG00000196569","patient1","XGBoost_SHAP","all",0.00359366158872964,"LAMA2"
"ENSG00000196569","patient3","XGBoost_SHAP","all",0.00555468604595247,"LAMA2"
"ENSG00000196616","patient2","XGBoost_SHAP","all",0.0397663256716264,"ADH1B"
"ENSG00000196616","patient1","XGBoost_SHAP","all",0.041721525013735,"ADH1B"
"ENSG00000196616","patient6","XGBoost_SHAP","all",0.0435230805455059,"ADH1B"
"ENSG00000196616","patient4","XGBoost_SHAP","all",0.0396065468239408,"ADH1B"
"ENSG00000196616","patient5","XGBoost_SHAP","all",0.0419649671559508,"ADH1B"
"ENSG00000196616","patient3","XGBoost_SHAP","all",0.0212335034775505,"ADH1B"
"ENSG00000196628","patient3","XGBoost_SHAP","all",0.00574678200540137,"TCF4"
"ENSG00000196628","patient4","XGBoost_SHAP","all",0.00541659225064916,"TCF4"
"ENSG00000196628","patient5","XGBoost_SHAP","all",0.00393671344836125,"TCF4"
"ENSG00000196628","patient2","XGBoost_SHAP","all",0.00483846090494749,"TCF4"
"ENSG00000196628","patient1","XGBoost_SHAP","all",0.00395869407488132,"TCF4"
"ENSG00000196628","patient6","XGBoost_SHAP","all",0.00490972795100074,"TCF4"
"ENSG00000196735","patient5","XGBoost_SHAP","all",0.0260307474632192,"HLA-DQA1"
"ENSG00000196735","patient4","XGBoost_SHAP","all",0.00529450333667183,"HLA-DQA1"
"ENSG00000196735","patient6","XGBoost_SHAP","all",0.0143061094833947,"HLA-DQA1"
"ENSG00000196735","patient2","XGBoost_SHAP","all",0.00776303069462782,"HLA-DQA1"
"ENSG00000196735","patient1","XGBoost_SHAP","all",0.0161226407837304,"HLA-DQA1"
"ENSG00000196735","patient3","XGBoost_SHAP","all",0.0370122851429712,"HLA-DQA1"
"ENSG00000196776","patient1","XGBoost_SHAP","all",0.00362778133285368,"CD47"
"ENSG00000196776","patient4","XGBoost_SHAP","all",0.00354241561796462,"CD47"
"ENSG00000196776","patient6","XGBoost_SHAP","all",0.0010804214287964,"CD47"
"ENSG00000196776","patient3","XGBoost_SHAP","all",0.00307884515165522,"CD47"
"ENSG00000196776","patient5","XGBoost_SHAP","all",0.00229442623764414,"CD47"
"ENSG00000196776","patient2","XGBoost_SHAP","all",0.00305474516752478,"CD47"
"ENSG00000196843","patient6","XGBoost_SHAP","all",0.00185950032216476,"ARID5A"
"ENSG00000196843","patient2","XGBoost_SHAP","all",0.0021013010215477,"ARID5A"
"ENSG00000196843","patient4","XGBoost_SHAP","all",0.00297929845475935,"ARID5A"
"ENSG00000196843","patient5","XGBoost_SHAP","all",0.00688270381890706,"ARID5A"
"ENSG00000196923","patient5","XGBoost_SHAP","all",0.00644188219444627,"PDLIM7"
"ENSG00000196923","patient2","XGBoost_SHAP","all",0.00338952970065592,"PDLIM7"
"ENSG00000196923","patient6","XGBoost_SHAP","all",0.012450880505577,"PDLIM7"
"ENSG00000196923","patient4","XGBoost_SHAP","all",0.00699994036909258,"PDLIM7"
"ENSG00000196923","patient3","XGBoost_SHAP","all",0.00422558313869065,"PDLIM7"
"ENSG00000196923","patient1","XGBoost_SHAP","all",0.00469968919469955,"PDLIM7"
"ENSG00000196924","patient2","XGBoost_SHAP","all",0.00512045916832211,"FLNA"
"ENSG00000196924","patient4","XGBoost_SHAP","all",0.00487458967957462,"FLNA"
"ENSG00000196924","patient3","XGBoost_SHAP","all",0.0148239076017188,"FLNA"
"ENSG00000196924","patient1","XGBoost_SHAP","all",0.00801292712008015,"FLNA"
"ENSG00000196924","patient6","XGBoost_SHAP","all",0.00988443821633127,"FLNA"
"ENSG00000196924","patient5","XGBoost_SHAP","all",0.0122738804692964,"FLNA"
"ENSG00000196937","patient3","XGBoost_SHAP","all",0.00428036312668328,"FAM3C"
"ENSG00000196937","patient6","XGBoost_SHAP","all",0.00467816542267958,"FAM3C"
"ENSG00000196937","patient2","XGBoost_SHAP","all",0.00285954285400708,"FAM3C"
"ENSG00000196937","patient5","XGBoost_SHAP","all",0.00457893139376708,"FAM3C"
"ENSG00000196937","patient1","XGBoost_SHAP","all",0.00147563339110875,"FAM3C"
"ENSG00000196937","patient4","XGBoost_SHAP","all",0.0023580171611684,"FAM3C"
"ENSG00000196954","patient6","XGBoost_SHAP","all",0.00196318768416252,"CASP4"
"ENSG00000196954","patient3","XGBoost_SHAP","all",0.00290647529224953,"CASP4"
"ENSG00000196954","patient5","XGBoost_SHAP","all",0.0031311923750146,"CASP4"
"ENSG00000196954","patient2","XGBoost_SHAP","all",0.0021482090772819,"CASP4"
"ENSG00000196954","patient4","XGBoost_SHAP","all",0.00280908944183706,"CASP4"
"ENSG00000196975","patient4","XGBoost_SHAP","all",0.00237575438112249,"ANXA4"
"ENSG00000196975","patient6","XGBoost_SHAP","all",0.00256508486591214,"ANXA4"
"ENSG00000196975","patient5","XGBoost_SHAP","all",0.00200145801371102,"ANXA4"
"ENSG00000196975","patient3","XGBoost_SHAP","all",0.00300492694425099,"ANXA4"
"ENSG00000196975","patient2","XGBoost_SHAP","all",0.00194803132534117,"ANXA4"
"ENSG00000196975","patient1","XGBoost_SHAP","all",0.00127404743878965,"ANXA4"
"ENSG00000196998","patient5","XGBoost_SHAP","all",0.00328184705782464,"WDR45"
"ENSG00000197006","patient6","XGBoost_SHAP","all",0.00141792125569244,"METTL9"
"ENSG00000197043","patient3","XGBoost_SHAP","all",0.00946219577527626,"ANXA6"
"ENSG00000197043","patient1","XGBoost_SHAP","all",0.015591748072964,"ANXA6"
"ENSG00000197043","patient6","XGBoost_SHAP","all",0.0184059387361608,"ANXA6"
"ENSG00000197043","patient5","XGBoost_SHAP","all",0.00963115856900807,"ANXA6"
"ENSG00000197043","patient4","XGBoost_SHAP","all",0.0163599634058084,"ANXA6"
"ENSG00000197043","patient2","XGBoost_SHAP","all",0.0128306366677129,"ANXA6"
"ENSG00000197061","patient5","XGBoost_SHAP","all",0.00417067014769178,"H4C3"
"ENSG00000197061","patient3","XGBoost_SHAP","all",0.00406683696605374,"H4C3"
"ENSG00000197061","patient1","XGBoost_SHAP","all",0.00485769663653727,"H4C3"
"ENSG00000197061","patient2","XGBoost_SHAP","all",0.00273611045767395,"H4C3"
"ENSG00000197061","patient6","XGBoost_SHAP","all",0.00263553758552799,"H4C3"
"ENSG00000197061","patient4","XGBoost_SHAP","all",0.00373642424154269,"H4C3"
"ENSG00000197102","patient3","XGBoost_SHAP","all",0.00150873855455668,"DYNC1H1"
"ENSG00000197102","patient1","XGBoost_SHAP","all",0.0014492323763025,"DYNC1H1"
"ENSG00000197102","patient5","XGBoost_SHAP","all",0.00245991094792166,"DYNC1H1"
"ENSG00000197102","patient4","XGBoost_SHAP","all",0.00243113371474832,"DYNC1H1"
"ENSG00000197102","patient2","XGBoost_SHAP","all",0.000935499891059094,"DYNC1H1"
"ENSG00000197102","patient6","XGBoost_SHAP","all",0.00195574394759271,"DYNC1H1"
"ENSG00000197170","patient2","XGBoost_SHAP","all",0.000479748233541006,"PSMD12"
"ENSG00000197170","patient5","XGBoost_SHAP","all",0.00075920058194956,"PSMD12"
"ENSG00000197170","patient3","XGBoost_SHAP","all",0.00188935706943359,"PSMD12"
"ENSG00000197223","patient5","XGBoost_SHAP","all",0.000586483269575174,"C1D"
"ENSG00000197223","patient6","XGBoost_SHAP","all",0.00177871310305333,"C1D"
"ENSG00000197223","patient2","XGBoost_SHAP","all",0.00168215877924759,"C1D"
"ENSG00000197223","patient1","XGBoost_SHAP","all",0.00157585744318812,"C1D"
"ENSG00000197256","patient2","XGBoost_SHAP","all",0.00141017630361785,"KANK2"
"ENSG00000197256","patient4","XGBoost_SHAP","all",0.00401460807963191,"KANK2"
"ENSG00000197256","patient1","XGBoost_SHAP","all",0.00690454086209768,"KANK2"
"ENSG00000197256","patient5","XGBoost_SHAP","all",0.00265856270289208,"KANK2"
"ENSG00000197256","patient3","XGBoost_SHAP","all",0.00312985471486117,"KANK2"
"ENSG00000197256","patient6","XGBoost_SHAP","all",0.00334009831930478,"KANK2"
"ENSG00000197321","patient6","XGBoost_SHAP","all",0.0158378916805497,"SVIL"
"ENSG00000197321","patient2","XGBoost_SHAP","all",0.0152056598866941,"SVIL"
"ENSG00000197321","patient5","XGBoost_SHAP","all",0.010975117030236,"SVIL"
"ENSG00000197321","patient3","XGBoost_SHAP","all",0.0253081681960085,"SVIL"
"ENSG00000197321","patient4","XGBoost_SHAP","all",0.024525240234165,"SVIL"
"ENSG00000197321","patient1","XGBoost_SHAP","all",0.0205981483347082,"SVIL"
"ENSG00000197324","patient3","XGBoost_SHAP","all",0.00355521212562233,"LRP10"
"ENSG00000197324","patient1","XGBoost_SHAP","all",0.00183038122396822,"LRP10"
"ENSG00000197324","patient2","XGBoost_SHAP","all",0.00307114283588691,"LRP10"
"ENSG00000197324","patient6","XGBoost_SHAP","all",0.00379991448269356,"LRP10"
"ENSG00000197324","patient5","XGBoost_SHAP","all",0.00208227839321446,"LRP10"
"ENSG00000197324","patient4","XGBoost_SHAP","all",0.00387938664616567,"LRP10"
"ENSG00000197345","patient1","XGBoost_SHAP","all",0.00294503749231337,"MRPL21"
"ENSG00000197345","patient3","XGBoost_SHAP","all",0.00149611877827968,"MRPL21"
"ENSG00000197345","patient4","XGBoost_SHAP","all",0.00145252588863481,"MRPL21"
"ENSG00000197345","patient2","XGBoost_SHAP","all",0.00148146521846319,"MRPL21"
"ENSG00000197345","patient6","XGBoost_SHAP","all",0.00116309607246513,"MRPL21"
"ENSG00000197345","patient5","XGBoost_SHAP","all",0.0050851771618218,"MRPL21"
"ENSG00000197405","patient5","XGBoost_SHAP","all",0.00565532289577624,"C5AR1"
"ENSG00000197405","patient3","XGBoost_SHAP","all",0.00821202916399161,"C5AR1"
"ENSG00000197405","patient4","XGBoost_SHAP","all",0.00687570438529913,"C5AR1"
"ENSG00000197405","patient2","XGBoost_SHAP","all",0.00433030148027058,"C5AR1"
"ENSG00000197405","patient6","XGBoost_SHAP","all",0.00640325191645708,"C5AR1"
"ENSG00000197405","patient1","XGBoost_SHAP","all",0.00697266982119397,"C5AR1"
"ENSG00000197448","patient5","XGBoost_SHAP","all",0.00154105257717429,"GSTK1"
"ENSG00000197448","patient6","XGBoost_SHAP","all",0.00505979117565468,"GSTK1"
"ENSG00000197448","patient1","XGBoost_SHAP","all",0.00274756284255569,"GSTK1"
"ENSG00000197448","patient2","XGBoost_SHAP","all",0.0026278034337374,"GSTK1"
"ENSG00000197448","patient4","XGBoost_SHAP","all",0.00172498024920721,"GSTK1"
"ENSG00000197448","patient3","XGBoost_SHAP","all",0.00211201183326545,"GSTK1"
"ENSG00000197451","patient4","XGBoost_SHAP","all",0.00282964036111778,"HNRNPAB"
"ENSG00000197451","patient2","XGBoost_SHAP","all",0.00352013718578255,"HNRNPAB"
"ENSG00000197451","patient3","XGBoost_SHAP","all",0.00237894092520347,"HNRNPAB"
"ENSG00000197451","patient6","XGBoost_SHAP","all",0.00287034652878172,"HNRNPAB"
"ENSG00000197451","patient5","XGBoost_SHAP","all",0.00471735412094377,"HNRNPAB"
"ENSG00000197451","patient1","XGBoost_SHAP","all",0.00103493204922171,"HNRNPAB"
"ENSG00000197461","patient3","XGBoost_SHAP","all",0.0129766500603073,"PDGFA"
"ENSG00000197461","patient6","XGBoost_SHAP","all",0.0258639852324989,"PDGFA"
"ENSG00000197461","patient5","XGBoost_SHAP","all",0.0126731265567785,"PDGFA"
"ENSG00000197461","patient4","XGBoost_SHAP","all",0.00954231349182627,"PDGFA"
"ENSG00000197461","patient1","XGBoost_SHAP","all",0.00986810803152894,"PDGFA"
"ENSG00000197461","patient2","XGBoost_SHAP","all",0.0148411439080085,"PDGFA"
"ENSG00000197614","patient3","XGBoost_SHAP","all",0.00184116639629106,"MFAP5"
"ENSG00000197614","patient5","XGBoost_SHAP","all",0.00201988514369253,"MFAP5"
"ENSG00000197614","patient6","XGBoost_SHAP","all",0.00247885847053322,"MFAP5"
"ENSG00000197614","patient2","XGBoost_SHAP","all",0.00244799922731524,"MFAP5"
"ENSG00000197614","patient4","XGBoost_SHAP","all",0.00337237598300276,"MFAP5"
"ENSG00000197614","patient1","XGBoost_SHAP","all",0.00288174753838701,"MFAP5"
"ENSG00000197622","patient5","XGBoost_SHAP","all",0.00317678032984747,"CDC42SE1"
"ENSG00000197622","patient6","XGBoost_SHAP","all",0.00189885060008904,"CDC42SE1"
"ENSG00000197694","patient3","XGBoost_SHAP","all",0.000787374117361338,"SPTAN1"
"ENSG00000197694","patient4","XGBoost_SHAP","all",0.00109404088723085,"SPTAN1"
"ENSG00000197694","patient1","XGBoost_SHAP","all",0.00243507351813547,"SPTAN1"
"ENSG00000197694","patient6","XGBoost_SHAP","all",0.000461062189072753,"SPTAN1"
"ENSG00000197694","patient2","XGBoost_SHAP","all",0.00113968476841485,"SPTAN1"
"ENSG00000197694","patient5","XGBoost_SHAP","all",0.00126044805571113,"SPTAN1"
"ENSG00000197712","patient3","XGBoost_SHAP","all",0.00363462508257113,"FAM114A1"
"ENSG00000197712","patient2","XGBoost_SHAP","all",0.0033521842558512,"FAM114A1"
"ENSG00000197712","patient5","XGBoost_SHAP","all",0.00615259635556117,"FAM114A1"
"ENSG00000197712","patient4","XGBoost_SHAP","all",0.00229095657140232,"FAM114A1"
"ENSG00000197712","patient6","XGBoost_SHAP","all",0.00219788143701651,"FAM114A1"
"ENSG00000197712","patient1","XGBoost_SHAP","all",0.00570935402790069,"FAM114A1"
"ENSG00000197747","patient5","XGBoost_SHAP","all",0.0279284916481171,"S100A10"
"ENSG00000197747","patient2","XGBoost_SHAP","all",0.0353970897696686,"S100A10"
"ENSG00000197747","patient3","XGBoost_SHAP","all",0.0436345875388768,"S100A10"
"ENSG00000197747","patient6","XGBoost_SHAP","all",0.0370644652787632,"S100A10"
"ENSG00000197747","patient4","XGBoost_SHAP","all",0.0519700615949724,"S100A10"
"ENSG00000197747","patient1","XGBoost_SHAP","all",0.0445810173435876,"S100A10"
"ENSG00000197766","patient4","XGBoost_SHAP","all",0.0112274672271513,"CFD"
"ENSG00000197766","patient3","XGBoost_SHAP","all",0.0197628165782468,"CFD"
"ENSG00000197766","patient1","XGBoost_SHAP","all",0.0211293689693322,"CFD"
"ENSG00000197766","patient5","XGBoost_SHAP","all",0.00785641046733749,"CFD"
"ENSG00000197766","patient6","XGBoost_SHAP","all",0.0189434317572641,"CFD"
"ENSG00000197766","patient2","XGBoost_SHAP","all",0.00920138703229905,"CFD"
"ENSG00000197858","patient6","XGBoost_SHAP","all",0.00201840210724118,"GPAA1"
"ENSG00000197858","patient4","XGBoost_SHAP","all",0.00182603848675245,"GPAA1"
"ENSG00000197858","patient2","XGBoost_SHAP","all",0.000930177688874528,"GPAA1"
"ENSG00000197858","patient3","XGBoost_SHAP","all",0.00180947188411712,"GPAA1"
"ENSG00000197858","patient5","XGBoost_SHAP","all",0.00294380542183273,"GPAA1"
"ENSG00000197858","patient1","XGBoost_SHAP","all",0.00142818881628408,"GPAA1"
"ENSG00000197879","patient2","XGBoost_SHAP","all",0.00126130940856942,"MYO1C"
"ENSG00000197879","patient4","XGBoost_SHAP","all",0.00585587531650373,"MYO1C"
"ENSG00000197879","patient6","XGBoost_SHAP","all",0.00519244791321893,"MYO1C"
"ENSG00000197879","patient5","XGBoost_SHAP","all",0.0054947454928478,"MYO1C"
"ENSG00000197879","patient3","XGBoost_SHAP","all",0.0107419135126167,"MYO1C"
"ENSG00000197879","patient1","XGBoost_SHAP","all",0.00193440270092046,"MYO1C"
"ENSG00000197894","patient4","XGBoost_SHAP","all",0.00757574281746674,"ADH5"
"ENSG00000197894","patient1","XGBoost_SHAP","all",0.00324718171187238,"ADH5"
"ENSG00000197894","patient6","XGBoost_SHAP","all",0.00529733387218285,"ADH5"
"ENSG00000197894","patient5","XGBoost_SHAP","all",0.00348794605649766,"ADH5"
"ENSG00000197894","patient2","XGBoost_SHAP","all",0.00394223638525973,"ADH5"
"ENSG00000197894","patient3","XGBoost_SHAP","all",0.00685429971836607,"ADH5"
"ENSG00000197943","patient3","XGBoost_SHAP","all",0.0417055688397478,"PLCG2"
"ENSG00000197943","patient6","XGBoost_SHAP","all",0.0171377813135888,"PLCG2"
"ENSG00000197943","patient1","XGBoost_SHAP","all",0.0420348693130575,"PLCG2"
"ENSG00000197943","patient5","XGBoost_SHAP","all",0.016775974059109,"PLCG2"
"ENSG00000197943","patient2","XGBoost_SHAP","all",0.0277766466468217,"PLCG2"
"ENSG00000197943","patient4","XGBoost_SHAP","all",0.0503871766326334,"PLCG2"
"ENSG00000197965","patient4","XGBoost_SHAP","all",0.00105787638002044,"MPZL1"
"ENSG00000197965","patient3","XGBoost_SHAP","all",0.000937737278292261,"MPZL1"
"ENSG00000197982","patient6","XGBoost_SHAP","all",0.000478101376104545,"C1orf122"
"ENSG00000197982","patient2","XGBoost_SHAP","all",0.0016621544469484,"C1orf122"
"ENSG00000197982","patient1","XGBoost_SHAP","all",0.00294168701848202,"C1orf122"
"ENSG00000197982","patient3","XGBoost_SHAP","all",0.0020710684265996,"C1orf122"
"ENSG00000197982","patient4","XGBoost_SHAP","all",0.00133884082423178,"C1orf122"
"ENSG00000197982","patient5","XGBoost_SHAP","all",0.00388429396557393,"C1orf122"
"ENSG00000198160","patient5","XGBoost_SHAP","all",0.00198493849646608,"MIER1"
"ENSG00000198160","patient3","XGBoost_SHAP","all",0.00276580391590799,"MIER1"
"ENSG00000198160","patient1","XGBoost_SHAP","all",0.00192606215641359,"MIER1"
"ENSG00000198160","patient2","XGBoost_SHAP","all",0.00175014300792826,"MIER1"
"ENSG00000198160","patient4","XGBoost_SHAP","all",0.00310313941855569,"MIER1"
"ENSG00000198160","patient6","XGBoost_SHAP","all",0.0022305199165372,"MIER1"
"ENSG00000198168","patient3","XGBoost_SHAP","all",0.0083296981515368,"SVIP"
"ENSG00000198168","patient1","XGBoost_SHAP","all",0.0165212616247622,"SVIP"
"ENSG00000198168","patient2","XGBoost_SHAP","all",0.0132137764710787,"SVIP"
"ENSG00000198168","patient5","XGBoost_SHAP","all",0.00625572876896567,"SVIP"
"ENSG00000198171","patient2","XGBoost_SHAP","all",0.00126126717333617,"DDRGK1"
"ENSG00000198171","patient4","XGBoost_SHAP","all",0.000437359567404805,"DDRGK1"
"ENSG00000198171","patient5","XGBoost_SHAP","all",0.00171125998329081,"DDRGK1"
"ENSG00000198189","patient2","XGBoost_SHAP","all",0.00132143074682848,"HSD17B11"
"ENSG00000198189","patient4","XGBoost_SHAP","all",0.00260884508545848,"HSD17B11"
"ENSG00000198189","patient3","XGBoost_SHAP","all",0.00203454826220816,"HSD17B11"
"ENSG00000198189","patient5","XGBoost_SHAP","all",0.00166898782688047,"HSD17B11"
"ENSG00000198189","patient1","XGBoost_SHAP","all",0.0030474498381397,"HSD17B11"
"ENSG00000198189","patient6","XGBoost_SHAP","all",0.00161175131899173,"HSD17B11"
"ENSG00000198355","patient1","XGBoost_SHAP","all",0.00655115483726062,"PIM3"
"ENSG00000198355","patient6","XGBoost_SHAP","all",0.0049563477532879,"PIM3"
"ENSG00000198355","patient4","XGBoost_SHAP","all",0.00286153640588843,"PIM3"
"ENSG00000198363","patient2","XGBoost_SHAP","all",0.00463483610980608,"ASPH"
"ENSG00000198363","patient3","XGBoost_SHAP","all",0.0016938072567209,"ASPH"
"ENSG00000198363","patient5","XGBoost_SHAP","all",0.00275169164441408,"ASPH"
"ENSG00000198363","patient1","XGBoost_SHAP","all",0.00058847800151608,"ASPH"
"ENSG00000198363","patient6","XGBoost_SHAP","all",0.00308970624350444,"ASPH"
"ENSG00000198363","patient4","XGBoost_SHAP","all",0.00474676754238459,"ASPH"
"ENSG00000198399","patient6","XGBoost_SHAP","all",0.00760712949991529,"ITSN2"
"ENSG00000198399","patient3","XGBoost_SHAP","all",0.0071117390939785,"ITSN2"
"ENSG00000198399","patient5","XGBoost_SHAP","all",0.00553399718860604,"ITSN2"
"ENSG00000198399","patient4","XGBoost_SHAP","all",0.00309994783077374,"ITSN2"
"ENSG00000198399","patient2","XGBoost_SHAP","all",0.00730866116462116,"ITSN2"
"ENSG00000198399","patient1","XGBoost_SHAP","all",0.00559621756345035,"ITSN2"
"ENSG00000198431","patient4","XGBoost_SHAP","all",0.00520599108166113,"TXNRD1"
"ENSG00000198431","patient2","XGBoost_SHAP","all",0.00256264699896708,"TXNRD1"
"ENSG00000198431","patient3","XGBoost_SHAP","all",0.00569755076013813,"TXNRD1"
"ENSG00000198431","patient5","XGBoost_SHAP","all",0.00371916135940922,"TXNRD1"
"ENSG00000198431","patient6","XGBoost_SHAP","all",0.00617026365482597,"TXNRD1"
"ENSG00000198431","patient1","XGBoost_SHAP","all",0.00771800163287812,"TXNRD1"
"ENSG00000198467","patient5","XGBoost_SHAP","all",0.0546019247336229,"TPM2"
"ENSG00000198467","patient1","XGBoost_SHAP","all",0.0583776536401188,"TPM2"
"ENSG00000198467","patient3","XGBoost_SHAP","all",0.0738451604778836,"TPM2"
"ENSG00000198467","patient4","XGBoost_SHAP","all",0.0468494668919976,"TPM2"
"ENSG00000198467","patient2","XGBoost_SHAP","all",0.0623445271598772,"TPM2"
"ENSG00000198467","patient6","XGBoost_SHAP","all",0.0534664980290408,"TPM2"
"ENSG00000198502","patient4","XGBoost_SHAP","all",0.0259610807983183,"HLA-DRB5"
"ENSG00000198502","patient5","XGBoost_SHAP","all",0.0285521543989122,"HLA-DRB5"
"ENSG00000198502","patient6","XGBoost_SHAP","all",0.0458117527210556,"HLA-DRB5"
"ENSG00000198502","patient2","XGBoost_SHAP","all",0.00291621979944466,"HLA-DRB5"
"ENSG00000198523","patient2","XGBoost_SHAP","all",0.0138887819057419,"PLN"
"ENSG00000198523","patient3","XGBoost_SHAP","all",0.0235162459735139,"PLN"
"ENSG00000198523","patient5","XGBoost_SHAP","all",0.0179877717129033,"PLN"
"ENSG00000198523","patient4","XGBoost_SHAP","all",0.015170933704243,"PLN"
"ENSG00000198523","patient1","XGBoost_SHAP","all",0.0229383273739868,"PLN"
"ENSG00000198523","patient6","XGBoost_SHAP","all",0.0171731733481951,"PLN"
"ENSG00000198542","patient4","XGBoost_SHAP","all",0.00213017748962129,"ITGBL1"
"ENSG00000198542","patient6","XGBoost_SHAP","all",0.00232761248371944,"ITGBL1"
"ENSG00000198542","patient3","XGBoost_SHAP","all",0.00429864692126113,"ITGBL1"
"ENSG00000198542","patient2","XGBoost_SHAP","all",0.00431918686635508,"ITGBL1"
"ENSG00000198542","patient5","XGBoost_SHAP","all",0.00195481865063096,"ITGBL1"
"ENSG00000198542","patient1","XGBoost_SHAP","all",0.00281632180602245,"ITGBL1"
"ENSG00000198625","patient1","XGBoost_SHAP","all",0.00348042866375223,"MDM4"
"ENSG00000198625","patient3","XGBoost_SHAP","all",0.00214078857739933,"MDM4"
"ENSG00000198625","patient6","XGBoost_SHAP","all",0.00142954015254145,"MDM4"
"ENSG00000198625","patient2","XGBoost_SHAP","all",0.00279160516509014,"MDM4"
"ENSG00000198625","patient5","XGBoost_SHAP","all",0.00190896774869797,"MDM4"
"ENSG00000198677","patient5","XGBoost_SHAP","all",0.00247710276035349,"SKIC3"
"ENSG00000198677","patient1","XGBoost_SHAP","all",0.00264465307493026,"SKIC3"
"ENSG00000198677","patient6","XGBoost_SHAP","all",0.00111541530400854,"SKIC3"
"ENSG00000198677","patient4","XGBoost_SHAP","all",0.00212381834327083,"SKIC3"
"ENSG00000198677","patient3","XGBoost_SHAP","all",0.00145449494366378,"SKIC3"
"ENSG00000198677","patient2","XGBoost_SHAP","all",0.00180342077647102,"SKIC3"
"ENSG00000198695","patient4","XGBoost_SHAP","all",0.00170971372029455,"MT-ND6"
"ENSG00000198818","patient3","XGBoost_SHAP","all",0.00322022510498082,"SFT2D1"
"ENSG00000198818","patient5","XGBoost_SHAP","all",0.00486952781266636,"SFT2D1"
"ENSG00000198818","patient6","XGBoost_SHAP","all",0.00324006091455459,"SFT2D1"
"ENSG00000198830","patient1","XGBoost_SHAP","all",0.00321637033679137,"HMGN2"
"ENSG00000198832","patient1","XGBoost_SHAP","all",0.0423225900065547,"SELENOM"
"ENSG00000198832","patient5","XGBoost_SHAP","all",0.0384484327940427,"SELENOM"
"ENSG00000198832","patient3","XGBoost_SHAP","all",0.056137451382686,"SELENOM"
"ENSG00000198832","patient6","XGBoost_SHAP","all",0.0503030915949057,"SELENOM"
"ENSG00000198832","patient4","XGBoost_SHAP","all",0.021252617301854,"SELENOM"
"ENSG00000198832","patient2","XGBoost_SHAP","all",0.0458731461919418,"SELENOM"
"ENSG00000198843","patient6","XGBoost_SHAP","all",0.0028067851948811,"SELENOT"
"ENSG00000198843","patient5","XGBoost_SHAP","all",0.00168410502658907,"SELENOT"
"ENSG00000198843","patient3","XGBoost_SHAP","all",0.00222122776297331,"SELENOT"
"ENSG00000198843","patient1","XGBoost_SHAP","all",0.00295100703850642,"SELENOT"
"ENSG00000198843","patient4","XGBoost_SHAP","all",0.000882397866665977,"SELENOT"
"ENSG00000198843","patient2","XGBoost_SHAP","all",0.00143706188023409,"SELENOT"
"ENSG00000198848","patient4","XGBoost_SHAP","all",0.000971422043640566,"CES1"
"ENSG00000198848","patient3","XGBoost_SHAP","all",0.0021023942568213,"CES1"
"ENSG00000198848","patient1","XGBoost_SHAP","all",0.00110930184181053,"CES1"
"ENSG00000198848","patient2","XGBoost_SHAP","all",0.00347589706477301,"CES1"
"ENSG00000198848","patient5","XGBoost_SHAP","all",0.0038113176968945,"CES1"
"ENSG00000198856","patient1","XGBoost_SHAP","all",0.00190007712836537,"OSTC"
"ENSG00000198856","patient4","XGBoost_SHAP","all",0.00259724345755719,"OSTC"
"ENSG00000198856","patient5","XGBoost_SHAP","all",0.00139378263596443,"OSTC"
"ENSG00000198856","patient6","XGBoost_SHAP","all",0.00214785417058494,"OSTC"
"ENSG00000198856","patient2","XGBoost_SHAP","all",0.00177280128336434,"OSTC"
"ENSG00000198856","patient3","XGBoost_SHAP","all",0.00199288672065694,"OSTC"
"ENSG00000198898","patient4","XGBoost_SHAP","all",0.00201063697251358,"CAPZA2"
"ENSG00000198898","patient2","XGBoost_SHAP","all",0.00511260809355863,"CAPZA2"
"ENSG00000198898","patient3","XGBoost_SHAP","all",0.00512010581720588,"CAPZA2"
"ENSG00000198898","patient1","XGBoost_SHAP","all",0.00289096937719054,"CAPZA2"
"ENSG00000198900","patient4","XGBoost_SHAP","all",0.00541055776103735,"TOP1"
"ENSG00000198900","patient1","XGBoost_SHAP","all",0.00904468169022177,"TOP1"
"ENSG00000198900","patient6","XGBoost_SHAP","all",0.00282977535997937,"TOP1"
"ENSG00000198900","patient2","XGBoost_SHAP","all",0.00338543018401579,"TOP1"
"ENSG00000198900","patient3","XGBoost_SHAP","all",0.00497321481503214,"TOP1"
"ENSG00000198900","patient5","XGBoost_SHAP","all",0.00360793793760129,"TOP1"
"ENSG00000198931","patient2","XGBoost_SHAP","all",0.0010409178442478,"APRT"
"ENSG00000198931","patient5","XGBoost_SHAP","all",0.00399330059664269,"APRT"
"ENSG00000198931","patient6","XGBoost_SHAP","all",0.00283947359402202,"APRT"
"ENSG00000198931","patient1","XGBoost_SHAP","all",0.00336329901827586,"APRT"
"ENSG00000198931","patient3","XGBoost_SHAP","all",0.00245037110490189,"APRT"
"ENSG00000198931","patient4","XGBoost_SHAP","all",0.00199146720920289,"APRT"
"ENSG00000198947","patient4","XGBoost_SHAP","all",0.0010962453916815,"DMD"
"ENSG00000198947","patient6","XGBoost_SHAP","all",0.00179884938004916,"DMD"
"ENSG00000198947","patient2","XGBoost_SHAP","all",0.00177264537561858,"DMD"
"ENSG00000198947","patient5","XGBoost_SHAP","all",0.000739285303888843,"DMD"
"ENSG00000198947","patient1","XGBoost_SHAP","all",0.00240563805011689,"DMD"
"ENSG00000198947","patient3","XGBoost_SHAP","all",0.00227479612702399,"DMD"
"ENSG00000198959","patient6","XGBoost_SHAP","all",0.0090913502854284,"TGM2"
"ENSG00000198959","patient2","XGBoost_SHAP","all",0.00796885717936089,"TGM2"
"ENSG00000198959","patient4","XGBoost_SHAP","all",0.00680860261354661,"TGM2"
"ENSG00000198959","patient1","XGBoost_SHAP","all",0.00688158951587241,"TGM2"
"ENSG00000198959","patient5","XGBoost_SHAP","all",0.00612741856423736,"TGM2"
"ENSG00000198959","patient3","XGBoost_SHAP","all",0.00847374688881669,"TGM2"
"ENSG00000198961","patient6","XGBoost_SHAP","all",0.00182929574654301,"PJA2"
"ENSG00000198961","patient3","XGBoost_SHAP","all",0.00170238540197716,"PJA2"
"ENSG00000198961","patient1","XGBoost_SHAP","all",0.0023231819457314,"PJA2"
"ENSG00000198961","patient2","XGBoost_SHAP","all",0.00122828351391286,"PJA2"
"ENSG00000198961","patient5","XGBoost_SHAP","all",0.00215234269819903,"PJA2"
"ENSG00000198961","patient4","XGBoost_SHAP","all",0.0011713385382269,"PJA2"
"ENSG00000203667","patient5","XGBoost_SHAP","all",0.00316957220178897,"COX20"
"ENSG00000203667","patient4","XGBoost_SHAP","all",0.000735424343797897,"COX20"
"ENSG00000203667","patient1","XGBoost_SHAP","all",0.00180834635012437,"COX20"
"ENSG00000203667","patient3","XGBoost_SHAP","all",0.00222629446770396,"COX20"
"ENSG00000203667","patient6","XGBoost_SHAP","all",0.0017046214334066,"COX20"
"ENSG00000203667","patient2","XGBoost_SHAP","all",0.00332772594801394,"COX20"
"ENSG00000203747","patient1","XGBoost_SHAP","all",0.00208140619767308,"FCGR3A"
"ENSG00000203747","patient6","XGBoost_SHAP","all",0.00061688374461393,"FCGR3A"
"ENSG00000203747","patient4","XGBoost_SHAP","all",0.0010162287370489,"FCGR3A"
"ENSG00000203747","patient2","XGBoost_SHAP","all",0.00237803768703149,"FCGR3A"
"ENSG00000203747","patient5","XGBoost_SHAP","all",0.00158281050676182,"FCGR3A"
"ENSG00000203747","patient3","XGBoost_SHAP","all",0.00269945110125382,"FCGR3A"
"ENSG00000203883","patient2","XGBoost_SHAP","all",0.023478762962878,"SOX18"
"ENSG00000203883","patient1","XGBoost_SHAP","all",0.0488093159884918,"SOX18"
"ENSG00000203883","patient5","XGBoost_SHAP","all",0.0259410335966283,"SOX18"
"ENSG00000203883","patient4","XGBoost_SHAP","all",0.0122653690604077,"SOX18"
"ENSG00000203883","patient6","XGBoost_SHAP","all",0.0179639091034354,"SOX18"
"ENSG00000203883","patient3","XGBoost_SHAP","all",0.0286927576444273,"SOX18"
"ENSG00000203950","patient5","XGBoost_SHAP","all",0.00197187006554521,"RTL8A"
"ENSG00000203950","patient3","XGBoost_SHAP","all",0.000740147315865812,"RTL8A"
"ENSG00000203950","patient2","XGBoost_SHAP","all",0.00776381400110938,"RTL8A"
"ENSG00000203950","patient4","XGBoost_SHAP","all",0.00250233794537716,"RTL8A"
"ENSG00000203950","patient1","XGBoost_SHAP","all",0.00307821808346918,"RTL8A"
"ENSG00000203950","patient6","XGBoost_SHAP","all",0.00135514788541845,"RTL8A"
"ENSG00000204103","patient1","XGBoost_SHAP","all",0.0070658136689454,"MAFB"
"ENSG00000204103","patient5","XGBoost_SHAP","all",0.00672043740171833,"MAFB"
"ENSG00000204103","patient2","XGBoost_SHAP","all",0.0195276822525504,"MAFB"
"ENSG00000204103","patient3","XGBoost_SHAP","all",0.00586469286385305,"MAFB"
"ENSG00000204103","patient6","XGBoost_SHAP","all",0.0124703880593659,"MAFB"
"ENSG00000204103","patient4","XGBoost_SHAP","all",0.00932281152030022,"MAFB"
"ENSG00000204217","patient4","XGBoost_SHAP","all",0.00226975338995573,"BMPR2"
"ENSG00000204217","patient3","XGBoost_SHAP","all",0.00133614481512969,"BMPR2"
"ENSG00000204217","patient5","XGBoost_SHAP","all",0.00121353596546514,"BMPR2"
"ENSG00000204217","patient2","XGBoost_SHAP","all",0.00302914173655477,"BMPR2"
"ENSG00000204217","patient6","XGBoost_SHAP","all",0.00192272891701013,"BMPR2"
"ENSG00000204217","patient1","XGBoost_SHAP","all",0.00191314996176764,"BMPR2"
"ENSG00000204256","patient4","XGBoost_SHAP","all",0.00422797638140155,"BRD2"
"ENSG00000204256","patient6","XGBoost_SHAP","all",0.00441466285150821,"BRD2"
"ENSG00000204256","patient3","XGBoost_SHAP","all",0.00261052459188978,"BRD2"
"ENSG00000204256","patient1","XGBoost_SHAP","all",0.00203276233114542,"BRD2"
"ENSG00000204256","patient5","XGBoost_SHAP","all",0.00204526567201632,"BRD2"
"ENSG00000204256","patient2","XGBoost_SHAP","all",0.00300387352215094,"BRD2"
"ENSG00000204257","patient2","XGBoost_SHAP","all",0.00492572875652693,"HLA-DMA"
"ENSG00000204257","patient1","XGBoost_SHAP","all",0.00494552218797622,"HLA-DMA"
"ENSG00000204257","patient5","XGBoost_SHAP","all",0.00201109672437211,"HLA-DMA"
"ENSG00000204257","patient6","XGBoost_SHAP","all",0.00603446065649777,"HLA-DMA"
"ENSG00000204257","patient4","XGBoost_SHAP","all",0.00361175767152336,"HLA-DMA"
"ENSG00000204257","patient3","XGBoost_SHAP","all",0.00811414469379444,"HLA-DMA"
"ENSG00000204262","patient5","XGBoost_SHAP","all",0.00353719943844291,"COL5A2"
"ENSG00000204262","patient3","XGBoost_SHAP","all",0.00363531347190624,"COL5A2"
"ENSG00000204262","patient6","XGBoost_SHAP","all",0.00311455647645078,"COL5A2"
"ENSG00000204262","patient4","XGBoost_SHAP","all",0.00846377042596595,"COL5A2"
"ENSG00000204262","patient2","XGBoost_SHAP","all",0.00248573525115125,"COL5A2"
"ENSG00000204264","patient4","XGBoost_SHAP","all",0.00527851407563982,"PSMB8"
"ENSG00000204264","patient3","XGBoost_SHAP","all",0.00179210705460724,"PSMB8"
"ENSG00000204264","patient1","XGBoost_SHAP","all",0.0049122184835797,"PSMB8"
"ENSG00000204264","patient6","XGBoost_SHAP","all",0.00386161106931591,"PSMB8"
"ENSG00000204264","patient2","XGBoost_SHAP","all",0.00347688121507227,"PSMB8"
"ENSG00000204264","patient5","XGBoost_SHAP","all",0.00136370305094262,"PSMB8"
"ENSG00000204272","patient5","XGBoost_SHAP","all",0.00195973244547225,"NBDY"
"ENSG00000204272","patient1","XGBoost_SHAP","all",0.00208424862322862,"NBDY"
"ENSG00000204272","patient2","XGBoost_SHAP","all",0.00105358455171774,"NBDY"
"ENSG00000204272","patient4","XGBoost_SHAP","all",0.0011624351518367,"NBDY"
"ENSG00000204272","patient3","XGBoost_SHAP","all",0.00107686546711799,"NBDY"
"ENSG00000204272","patient6","XGBoost_SHAP","all",0.00163752748107197,"NBDY"
"ENSG00000204287","patient2","XGBoost_SHAP","all",0.0285198736810756,"HLA-DRA"
"ENSG00000204287","patient4","XGBoost_SHAP","all",0.0230668656155563,"HLA-DRA"
"ENSG00000204287","patient3","XGBoost_SHAP","all",0.0220855461266062,"HLA-DRA"
"ENSG00000204287","patient5","XGBoost_SHAP","all",0.0206313430971385,"HLA-DRA"
"ENSG00000204287","patient1","XGBoost_SHAP","all",0.0251198072014217,"HLA-DRA"
"ENSG00000204287","patient6","XGBoost_SHAP","all",0.0274020693276347,"HLA-DRA"
"ENSG00000204291","patient4","XGBoost_SHAP","all",0.00690064474880369,"COL15A1"
"ENSG00000204370","patient5","XGBoost_SHAP","all",0.00201754970323542,"SDHD"
"ENSG00000204370","patient4","XGBoost_SHAP","all",0.00341147302896206,"SDHD"
"ENSG00000204370","patient1","XGBoost_SHAP","all",0.00324377316478061,"SDHD"
"ENSG00000204370","patient3","XGBoost_SHAP","all",0.00377807676879216,"SDHD"
"ENSG00000204370","patient6","XGBoost_SHAP","all",0.00358090848876339,"SDHD"
"ENSG00000204370","patient2","XGBoost_SHAP","all",0.00312854851280405,"SDHD"
"ENSG00000204387","patient6","XGBoost_SHAP","all",0.00790428082173682,"SNHG32"
"ENSG00000204387","patient4","XGBoost_SHAP","all",0.00262764707685803,"SNHG32"
"ENSG00000204387","patient5","XGBoost_SHAP","all",0.00806253268579531,"SNHG32"
"ENSG00000204387","patient2","XGBoost_SHAP","all",0.00347755378925707,"SNHG32"
"ENSG00000204387","patient1","XGBoost_SHAP","all",0.00496803056612059,"SNHG32"
"ENSG00000204387","patient3","XGBoost_SHAP","all",0.00589944312694458,"SNHG32"
"ENSG00000204388","patient3","XGBoost_SHAP","all",0.00348135090780734,"HSPA1B"
"ENSG00000204388","patient4","XGBoost_SHAP","all",0.00231838583848492,"HSPA1B"
"ENSG00000204388","patient6","XGBoost_SHAP","all",0.0022321084330664,"HSPA1B"
"ENSG00000204388","patient1","XGBoost_SHAP","all",0.00364624933542453,"HSPA1B"
"ENSG00000204388","patient2","XGBoost_SHAP","all",0.00335575515871571,"HSPA1B"
"ENSG00000204388","patient5","XGBoost_SHAP","all",0.00694680747736855,"HSPA1B"
"ENSG00000204389","patient1","XGBoost_SHAP","all",0.00316789524960235,"HSPA1A"
"ENSG00000204389","patient4","XGBoost_SHAP","all",0.0108088100431435,"HSPA1A"
"ENSG00000204389","patient3","XGBoost_SHAP","all",0.00760274048082309,"HSPA1A"
"ENSG00000204389","patient2","XGBoost_SHAP","all",0.011278714386205,"HSPA1A"
"ENSG00000204389","patient5","XGBoost_SHAP","all",0.00891449086592726,"HSPA1A"
"ENSG00000204389","patient6","XGBoost_SHAP","all",0.0111675802318468,"HSPA1A"
"ENSG00000204392","patient2","XGBoost_SHAP","all",0.00217130394294501,"LSM2"
"ENSG00000204392","patient4","XGBoost_SHAP","all",0.0020586736342581,"LSM2"
"ENSG00000204392","patient6","XGBoost_SHAP","all",0.000926158080344548,"LSM2"
"ENSG00000204392","patient3","XGBoost_SHAP","all",0.00322844195722001,"LSM2"
"ENSG00000204392","patient1","XGBoost_SHAP","all",0.00302123233242101,"LSM2"
"ENSG00000204392","patient5","XGBoost_SHAP","all",0.00180167421893995,"LSM2"
"ENSG00000204435","patient6","XGBoost_SHAP","all",0.00179881150518788,"CSNK2B"
"ENSG00000204435","patient1","XGBoost_SHAP","all",0.00175826148383991,"CSNK2B"
"ENSG00000204435","patient5","XGBoost_SHAP","all",0.00413717100052606,"CSNK2B"
"ENSG00000204435","patient4","XGBoost_SHAP","all",0.00235728196704443,"CSNK2B"
"ENSG00000204435","patient3","XGBoost_SHAP","all",0.00195277135322293,"CSNK2B"
"ENSG00000204435","patient2","XGBoost_SHAP","all",0.00219703523294148,"CSNK2B"
"ENSG00000204472","patient5","XGBoost_SHAP","all",0.0941908928910862,"AIF1"
"ENSG00000204472","patient3","XGBoost_SHAP","all",0.0955492829047882,"AIF1"
"ENSG00000204472","patient2","XGBoost_SHAP","all",0.132161845801581,"AIF1"
"ENSG00000204472","patient4","XGBoost_SHAP","all",0.0957921730354488,"AIF1"
"ENSG00000204472","patient1","XGBoost_SHAP","all",0.100473965853627,"AIF1"
"ENSG00000204472","patient6","XGBoost_SHAP","all",0.0949574808207792,"AIF1"
"ENSG00000204482","patient5","XGBoost_SHAP","all",0.0193304956179337,"LST1"
"ENSG00000204482","patient6","XGBoost_SHAP","all",0.0207835285710658,"LST1"
"ENSG00000204569","patient3","XGBoost_SHAP","all",0.00257024357968237,"PPP1R10"
"ENSG00000204569","patient4","XGBoost_SHAP","all",0.00189515087522466,"PPP1R10"
"ENSG00000204569","patient1","XGBoost_SHAP","all",0.00122592470228969,"PPP1R10"
"ENSG00000204569","patient2","XGBoost_SHAP","all",0.0024014183542313,"PPP1R10"
"ENSG00000204569","patient5","XGBoost_SHAP","all",0.00307851330541349,"PPP1R10"
"ENSG00000204569","patient6","XGBoost_SHAP","all",0.00139176380077211,"PPP1R10"
"ENSG00000204592","patient4","XGBoost_SHAP","all",0.0395975993542227,"HLA-E"
"ENSG00000204592","patient2","XGBoost_SHAP","all",0.0558526261275861,"HLA-E"
"ENSG00000204592","patient1","XGBoost_SHAP","all",0.0424653595916945,"HLA-E"
"ENSG00000204592","patient3","XGBoost_SHAP","all",0.0576303383762565,"HLA-E"
"ENSG00000204642","patient3","XGBoost_SHAP","all",0.00528094149395791,"HLA-F"
"ENSG00000204642","patient6","XGBoost_SHAP","all",0.0040350899324671,"HLA-F"
"ENSG00000204642","patient4","XGBoost_SHAP","all",0.00283964407889529,"HLA-F"
"ENSG00000204642","patient1","XGBoost_SHAP","all",0.00195561238283459,"HLA-F"
"ENSG00000204642","patient2","XGBoost_SHAP","all",0.00130043272088786,"HLA-F"
"ENSG00000204642","patient5","XGBoost_SHAP","all",0.0017131249007532,"HLA-F"
"ENSG00000205302","patient5","XGBoost_SHAP","all",0.00410237627595528,"SNX2"
"ENSG00000205302","patient4","XGBoost_SHAP","all",0.0110262339851018,"SNX2"
"ENSG00000205302","patient3","XGBoost_SHAP","all",0.0093488440568398,"SNX2"
"ENSG00000205302","patient2","XGBoost_SHAP","all",0.00137617294126419,"SNX2"
"ENSG00000205302","patient1","XGBoost_SHAP","all",0.00717149120344053,"SNX2"
"ENSG00000205302","patient6","XGBoost_SHAP","all",0.00728524876788782,"SNX2"
"ENSG00000205339","patient4","XGBoost_SHAP","all",0.00195859202099986,"IPO7"
"ENSG00000205339","patient3","XGBoost_SHAP","all",0.0010209565107798,"IPO7"
"ENSG00000205339","patient2","XGBoost_SHAP","all",0.00263066407452845,"IPO7"
"ENSG00000205352","patient6","XGBoost_SHAP","all",0.00198551025875767,"PRR13"
"ENSG00000205352","patient1","XGBoost_SHAP","all",0.00148592830618364,"PRR13"
"ENSG00000205352","patient2","XGBoost_SHAP","all",0.00167493306436213,"PRR13"
"ENSG00000205352","patient4","XGBoost_SHAP","all",0.00250852505318448,"PRR13"
"ENSG00000205352","patient3","XGBoost_SHAP","all",0.00214883993363873,"PRR13"
"ENSG00000205352","patient5","XGBoost_SHAP","all",0.00342288804800525,"PRR13"
"ENSG00000205364","patient5","XGBoost_SHAP","all",0.0169431197114677,"MT1M"
"ENSG00000205364","patient3","XGBoost_SHAP","all",0.00758316327441342,"MT1M"
"ENSG00000205364","patient4","XGBoost_SHAP","all",0.0222696488855929,"MT1M"
"ENSG00000205364","patient2","XGBoost_SHAP","all",0.011769989339232,"MT1M"
"ENSG00000205364","patient1","XGBoost_SHAP","all",0.00392439914681247,"MT1M"
"ENSG00000205364","patient6","XGBoost_SHAP","all",0.0104134171992048,"MT1M"
"ENSG00000205531","patient4","XGBoost_SHAP","all",0.00179870628912373,"NAP1L4"
"ENSG00000205531","patient5","XGBoost_SHAP","all",0.00206252450545432,"NAP1L4"
"ENSG00000205531","patient2","XGBoost_SHAP","all",0.000298181946562474,"NAP1L4"
"ENSG00000205531","patient6","XGBoost_SHAP","all",0.000888621785912622,"NAP1L4"
"ENSG00000205531","patient3","XGBoost_SHAP","all",0.00152801007760477,"NAP1L4"
"ENSG00000205531","patient1","XGBoost_SHAP","all",0.00104169178124236,"NAP1L4"
"ENSG00000205544","patient3","XGBoost_SHAP","all",0.00204545220755245,"TMEM256"
"ENSG00000205544","patient1","XGBoost_SHAP","all",0.00111688049103579,"TMEM256"
"ENSG00000205544","patient2","XGBoost_SHAP","all",0.00302438377753542,"TMEM256"
"ENSG00000205544","patient5","XGBoost_SHAP","all",0.00355292206145284,"TMEM256"
"ENSG00000205544","patient6","XGBoost_SHAP","all",0.00210033866985578,"TMEM256"
"ENSG00000205544","patient4","XGBoost_SHAP","all",0.00353269134429521,"TMEM256"
"ENSG00000205581","patient3","XGBoost_SHAP","all",0.00167982552185834,"HMGN1"
"ENSG00000205581","patient5","XGBoost_SHAP","all",0.00370181883584696,"HMGN1"
"ENSG00000205581","patient6","XGBoost_SHAP","all",0.00163821630467545,"HMGN1"
"ENSG00000205581","patient1","XGBoost_SHAP","all",0.00327431147964798,"HMGN1"
"ENSG00000205581","patient4","XGBoost_SHAP","all",0.00302462164306563,"HMGN1"
"ENSG00000205581","patient2","XGBoost_SHAP","all",0.00210944463745259,"HMGN1"
"ENSG00000205730","patient5","XGBoost_SHAP","all",0.00170567715121124,"ITPRIPL2"
"ENSG00000205730","patient6","XGBoost_SHAP","all",0.00221325760415366,"ITPRIPL2"
"ENSG00000205730","patient2","XGBoost_SHAP","all",0.00112629466116956,"ITPRIPL2"
"ENSG00000205730","patient1","XGBoost_SHAP","all",0.00213075225162418,"ITPRIPL2"
"ENSG00000205730","patient4","XGBoost_SHAP","all",0.00405064337616634,"ITPRIPL2"
"ENSG00000205730","patient3","XGBoost_SHAP","all",0.00122917300301318,"ITPRIPL2"
"ENSG00000205937","patient4","XGBoost_SHAP","all",0.000483935999832898,"RNPS1"
"ENSG00000205937","patient6","XGBoost_SHAP","all",0.000861500402246744,"RNPS1"
"ENSG00000205937","patient3","XGBoost_SHAP","all",0.000409784496913735,"RNPS1"
"ENSG00000205937","patient5","XGBoost_SHAP","all",0.000964117471843873,"RNPS1"
"ENSG00000205937","patient2","XGBoost_SHAP","all",0.000985094246509139,"RNPS1"
"ENSG00000205937","patient1","XGBoost_SHAP","all",0.00171331602360684,"RNPS1"
"ENSG00000205981","patient6","XGBoost_SHAP","all",0.00119092139455523,"DNAJC19"
"ENSG00000205981","patient3","XGBoost_SHAP","all",0.00070367619313371,"DNAJC19"
"ENSG00000205981","patient4","XGBoost_SHAP","all",0.000747705570051027,"DNAJC19"
"ENSG00000205981","patient5","XGBoost_SHAP","all",0.00135467049303769,"DNAJC19"
"ENSG00000205981","patient2","XGBoost_SHAP","all",0.000900820856557408,"DNAJC19"
"ENSG00000205981","patient1","XGBoost_SHAP","all",0.000698669555784081,"DNAJC19"
"ENSG00000211445","patient6","XGBoost_SHAP","all",0.00424317814035753,"GPX3"
"ENSG00000211445","patient5","XGBoost_SHAP","all",0.00300691654360949,"GPX3"
"ENSG00000211445","patient1","XGBoost_SHAP","all",0.00877368514898045,"GPX3"
"ENSG00000211445","patient2","XGBoost_SHAP","all",0.00386449893663125,"GPX3"
"ENSG00000211445","patient4","XGBoost_SHAP","all",0.00684292477075163,"GPX3"
"ENSG00000211445","patient3","XGBoost_SHAP","all",0.00384463075639723,"GPX3"
"ENSG00000211450","patient1","XGBoost_SHAP","all",0.00546122542040184,"SELENOH"
"ENSG00000211450","patient2","XGBoost_SHAP","all",0.00561210267717976,"SELENOH"
"ENSG00000211450","patient3","XGBoost_SHAP","all",0.00287517767058281,"SELENOH"
"ENSG00000211450","patient5","XGBoost_SHAP","all",0.00514961124591448,"SELENOH"
"ENSG00000211450","patient6","XGBoost_SHAP","all",0.00412987279788481,"SELENOH"
"ENSG00000211450","patient4","XGBoost_SHAP","all",0.00333486387386258,"SELENOH"
"ENSG00000211455","patient3","XGBoost_SHAP","all",0.00156465796079373,"STK38L"
"ENSG00000211455","patient1","XGBoost_SHAP","all",0.00401478595215253,"STK38L"
"ENSG00000211455","patient2","XGBoost_SHAP","all",0.00254509031906434,"STK38L"
"ENSG00000211455","patient4","XGBoost_SHAP","all",0.00184465492145591,"STK38L"
"ENSG00000211455","patient6","XGBoost_SHAP","all",0.00486471107257959,"STK38L"
"ENSG00000211455","patient5","XGBoost_SHAP","all",0.00322125606201257,"STK38L"
"ENSG00000212907","patient1","XGBoost_SHAP","all",0.0371907957683826,"MT-ND4L"
"ENSG00000212907","patient5","XGBoost_SHAP","all",0.0366642290202691,"MT-ND4L"
"ENSG00000212907","patient6","XGBoost_SHAP","all",0.0435051515022836,"MT-ND4L"
"ENSG00000213088","patient4","XGBoost_SHAP","all",0.00735527106192723,"ACKR1"
"ENSG00000213088","patient6","XGBoost_SHAP","all",0.00444880160691571,"ACKR1"
"ENSG00000213088","patient3","XGBoost_SHAP","all",0.0177845519774917,"ACKR1"
"ENSG00000213088","patient5","XGBoost_SHAP","all",0.00927105279226578,"ACKR1"
"ENSG00000213088","patient1","XGBoost_SHAP","all",0.0143161102531353,"ACKR1"
"ENSG00000213088","patient2","XGBoost_SHAP","all",0.0129187384874577,"ACKR1"
"ENSG00000213145","patient2","XGBoost_SHAP","all",0.0133157972899121,"CRIP1"
"ENSG00000213145","patient5","XGBoost_SHAP","all",0.0088239838061783,"CRIP1"
"ENSG00000213145","patient6","XGBoost_SHAP","all",0.00794209497121617,"CRIP1"
"ENSG00000213145","patient1","XGBoost_SHAP","all",0.0154923166383707,"CRIP1"
"ENSG00000213145","patient3","XGBoost_SHAP","all",0.0157114914463119,"CRIP1"
"ENSG00000213145","patient4","XGBoost_SHAP","all",0.0168098301232666,"CRIP1"
"ENSG00000213203","patient4","XGBoost_SHAP","all",0.00506496000889693,"GIMAP1"
"ENSG00000213203","patient1","XGBoost_SHAP","all",0.00267029900186919,"GIMAP1"
"ENSG00000213203","patient5","XGBoost_SHAP","all",0.00655501494076735,"GIMAP1"
"ENSG00000213203","patient6","XGBoost_SHAP","all",0.0182875720324345,"GIMAP1"
"ENSG00000213246","patient4","XGBoost_SHAP","all",0.00181437179943043,"SUPT4H1"
"ENSG00000213246","patient3","XGBoost_SHAP","all",0.0018329980292172,"SUPT4H1"
"ENSG00000213246","patient6","XGBoost_SHAP","all",0.00189542954920215,"SUPT4H1"
"ENSG00000213246","patient1","XGBoost_SHAP","all",0.00167522993589161,"SUPT4H1"
"ENSG00000213246","patient2","XGBoost_SHAP","all",0.000934016461020507,"SUPT4H1"
"ENSG00000213246","patient5","XGBoost_SHAP","all",0.002355425597439,"SUPT4H1"
"ENSG00000213316","patient6","XGBoost_SHAP","all",0.0129340110640841,"LTC4S"
"ENSG00000213316","patient3","XGBoost_SHAP","all",0.0180585847115167,"LTC4S"
"ENSG00000213316","patient1","XGBoost_SHAP","all",0.0176327360472917,"LTC4S"
"ENSG00000213316","patient5","XGBoost_SHAP","all",0.00625116205377445,"LTC4S"
"ENSG00000213316","patient2","XGBoost_SHAP","all",0.0126654445980588,"LTC4S"
"ENSG00000213316","patient4","XGBoost_SHAP","all",0.0100553586456372,"LTC4S"
"ENSG00000213465","patient3","XGBoost_SHAP","all",0.00833730359316701,"ARL2"
"ENSG00000213465","patient4","XGBoost_SHAP","all",0.00251131348760219,"ARL2"
"ENSG00000213465","patient5","XGBoost_SHAP","all",0.00688930433919385,"ARL2"
"ENSG00000213465","patient2","XGBoost_SHAP","all",0.0105062087141228,"ARL2"
"ENSG00000213465","patient6","XGBoost_SHAP","all",0.0109288270466704,"ARL2"
"ENSG00000213465","patient1","XGBoost_SHAP","all",0.0105782430407747,"ARL2"
"ENSG00000213585","patient3","XGBoost_SHAP","all",0.00116953724614511,"VDAC1"
"ENSG00000213585","patient1","XGBoost_SHAP","all",0.00264653369753421,"VDAC1"
"ENSG00000213585","patient5","XGBoost_SHAP","all",0.00102767599032327,"VDAC1"
"ENSG00000213585","patient6","XGBoost_SHAP","all",0.00447350863306933,"VDAC1"
"ENSG00000213585","patient4","XGBoost_SHAP","all",0.00121700729574877,"VDAC1"
"ENSG00000213585","patient2","XGBoost_SHAP","all",0.00216578182993966,"VDAC1"
"ENSG00000213614","patient4","XGBoost_SHAP","all",0.00248000196129594,"HEXA"
"ENSG00000213614","patient6","XGBoost_SHAP","all",0.00199981181214809,"HEXA"
"ENSG00000213614","patient1","XGBoost_SHAP","all",0.0033273483844038,"HEXA"
"ENSG00000213614","patient3","XGBoost_SHAP","all",0.00134486157820869,"HEXA"
"ENSG00000213614","patient5","XGBoost_SHAP","all",0.00223030931677449,"HEXA"
"ENSG00000213614","patient2","XGBoost_SHAP","all",0.00342027211225834,"HEXA"
"ENSG00000213619","patient5","XGBoost_SHAP","all",0.000787557015366636,"NDUFS3"
"ENSG00000213619","patient2","XGBoost_SHAP","all",0.0015180914895306,"NDUFS3"
"ENSG00000213619","patient6","XGBoost_SHAP","all",0.0010140765485488,"NDUFS3"
"ENSG00000213619","patient3","XGBoost_SHAP","all",0.0046647396748878,"NDUFS3"
"ENSG00000213626","patient3","XGBoost_SHAP","all",0.01112721515291,"LBH"
"ENSG00000213626","patient2","XGBoost_SHAP","all",0.0108349299204751,"LBH"
"ENSG00000213626","patient5","XGBoost_SHAP","all",0.0097086864116148,"LBH"
"ENSG00000213626","patient1","XGBoost_SHAP","all",0.0128756266022891,"LBH"
"ENSG00000213626","patient4","XGBoost_SHAP","all",0.0116867425787701,"LBH"
"ENSG00000213626","patient6","XGBoost_SHAP","all",0.0113869714521616,"LBH"
"ENSG00000213639","patient6","XGBoost_SHAP","all",0.0115978398766015,"PPP1CB"
"ENSG00000213639","patient1","XGBoost_SHAP","all",0.0199056018857031,"PPP1CB"
"ENSG00000213639","patient5","XGBoost_SHAP","all",0.0130784833824363,"PPP1CB"
"ENSG00000213639","patient4","XGBoost_SHAP","all",0.0165253310328567,"PPP1CB"
"ENSG00000213639","patient2","XGBoost_SHAP","all",0.0164751502163989,"PPP1CB"
"ENSG00000213639","patient3","XGBoost_SHAP","all",0.0139885449907821,"PPP1CB"
"ENSG00000213722","patient6","XGBoost_SHAP","all",0.00686937619360306,"DDAH2"
"ENSG00000213722","patient2","XGBoost_SHAP","all",0.00539556952333674,"DDAH2"
"ENSG00000213722","patient4","XGBoost_SHAP","all",0.00488175821750826,"DDAH2"
"ENSG00000213722","patient3","XGBoost_SHAP","all",0.00239509816202555,"DDAH2"
"ENSG00000213722","patient5","XGBoost_SHAP","all",0.00459050396652085,"DDAH2"
"ENSG00000213722","patient1","XGBoost_SHAP","all",0.0070987640756928,"DDAH2"
"ENSG00000213853","patient1","XGBoost_SHAP","all",0.0225811006741247,"EMP2"
"ENSG00000213853","patient2","XGBoost_SHAP","all",0.0140274984886482,"EMP2"
"ENSG00000213853","patient5","XGBoost_SHAP","all",0.0158279899518207,"EMP2"
"ENSG00000213853","patient4","XGBoost_SHAP","all",0.00552175417006464,"EMP2"
"ENSG00000213853","patient6","XGBoost_SHAP","all",0.0219407802161768,"EMP2"
"ENSG00000213853","patient3","XGBoost_SHAP","all",0.013086749588544,"EMP2"
"ENSG00000213949","patient2","XGBoost_SHAP","all",0.0143702164375574,"ITGA1"
"ENSG00000213949","patient3","XGBoost_SHAP","all",0.00902228890166022,"ITGA1"
"ENSG00000213949","patient5","XGBoost_SHAP","all",0.0156031418168997,"ITGA1"
"ENSG00000213949","patient4","XGBoost_SHAP","all",0.00618348734467337,"ITGA1"
"ENSG00000213949","patient6","XGBoost_SHAP","all",0.00838058398208332,"ITGA1"
"ENSG00000213949","patient1","XGBoost_SHAP","all",0.00833327346109654,"ITGA1"
"ENSG00000213977","patient4","XGBoost_SHAP","all",0.000688081311454875,"TAX1BP3"
"ENSG00000213977","patient2","XGBoost_SHAP","all",0.000590892085752947,"TAX1BP3"
"ENSG00000213977","patient3","XGBoost_SHAP","all",0.00233213995784413,"TAX1BP3"
"ENSG00000213977","patient5","XGBoost_SHAP","all",0.000686681129923823,"TAX1BP3"
"ENSG00000213977","patient6","XGBoost_SHAP","all",0.00223291004197232,"TAX1BP3"
"ENSG00000213977","patient1","XGBoost_SHAP","all",0.00337920943054026,"TAX1BP3"
"ENSG00000214046","patient1","XGBoost_SHAP","all",0.00236993803788818,"SMIM7"
"ENSG00000214046","patient5","XGBoost_SHAP","all",0.00133498873561861,"SMIM7"
"ENSG00000214046","patient3","XGBoost_SHAP","all",0.000921769734212516,"SMIM7"
"ENSG00000214046","patient6","XGBoost_SHAP","all",0.000848609413096707,"SMIM7"
"ENSG00000214046","patient4","XGBoost_SHAP","all",0.00114322098896992,"SMIM7"
"ENSG00000214046","patient2","XGBoost_SHAP","all",0.000450444510899913,"SMIM7"
"ENSG00000214063","patient6","XGBoost_SHAP","all",0.00320571830425492,"TSPAN4"
"ENSG00000214063","patient3","XGBoost_SHAP","all",0.00208910025632276,"TSPAN4"
"ENSG00000214063","patient5","XGBoost_SHAP","all",0.00556638754193669,"TSPAN4"
"ENSG00000214063","patient2","XGBoost_SHAP","all",0.00242128361754679,"TSPAN4"
"ENSG00000214063","patient4","XGBoost_SHAP","all",0.0044895099037108,"TSPAN4"
"ENSG00000214063","patient1","XGBoost_SHAP","all",0.00410021533501428,"TSPAN4"
"ENSG00000215021","patient2","XGBoost_SHAP","all",0.00261927464815778,"PHB2"
"ENSG00000215021","patient4","XGBoost_SHAP","all",0.00344415657640271,"PHB2"
"ENSG00000215021","patient6","XGBoost_SHAP","all",0.00476948694377259,"PHB2"
"ENSG00000215021","patient5","XGBoost_SHAP","all",0.00162658994883534,"PHB2"
"ENSG00000215021","patient1","XGBoost_SHAP","all",0.00219211875378946,"PHB2"
"ENSG00000215021","patient3","XGBoost_SHAP","all",0.0021768125319116,"PHB2"
"ENSG00000215301","patient2","XGBoost_SHAP","all",0.00123760743830766,"DDX3X"
"ENSG00000215301","patient3","XGBoost_SHAP","all",0.00267349021725515,"DDX3X"
"ENSG00000215301","patient6","XGBoost_SHAP","all",0.00160804084147819,"DDX3X"
"ENSG00000215301","patient1","XGBoost_SHAP","all",0.0018945004321928,"DDX3X"
"ENSG00000215301","patient5","XGBoost_SHAP","all",0.00112417339503009,"DDX3X"
"ENSG00000215301","patient4","XGBoost_SHAP","all",0.00120573958798438,"DDX3X"
"ENSG00000217555","patient5","XGBoost_SHAP","all",0.0053158983133472,"CKLF"
"ENSG00000217555","patient2","XGBoost_SHAP","all",0.00506020674043745,"CKLF"
"ENSG00000217555","patient4","XGBoost_SHAP","all",0.0107494066249162,"CKLF"
"ENSG00000217555","patient3","XGBoost_SHAP","all",0.0041260869839699,"CKLF"
"ENSG00000217555","patient6","XGBoost_SHAP","all",0.000964500805401101,"CKLF"
"ENSG00000217555","patient1","XGBoost_SHAP","all",0.00265221580477499,"CKLF"
"ENSG00000220205","patient3","XGBoost_SHAP","all",0.00238224217124362,"VAMP2"
"ENSG00000220205","patient6","XGBoost_SHAP","all",0.00330639388868109,"VAMP2"
"ENSG00000220205","patient2","XGBoost_SHAP","all",0.00515915070343512,"VAMP2"
"ENSG00000220205","patient5","XGBoost_SHAP","all",0.00421786990456167,"VAMP2"
"ENSG00000220205","patient4","XGBoost_SHAP","all",0.00466739249802537,"VAMP2"
"ENSG00000220205","patient1","XGBoost_SHAP","all",0.00410854964028472,"VAMP2"
"ENSG00000221869","patient5","XGBoost_SHAP","all",0.00815877786041647,"CEBPD"
"ENSG00000221869","patient2","XGBoost_SHAP","all",0.00527724361055139,"CEBPD"
"ENSG00000221869","patient1","XGBoost_SHAP","all",0.0105312546059915,"CEBPD"
"ENSG00000221869","patient4","XGBoost_SHAP","all",0.00642883259390686,"CEBPD"
"ENSG00000221869","patient6","XGBoost_SHAP","all",0.00789578333129355,"CEBPD"
"ENSG00000221869","patient3","XGBoost_SHAP","all",0.00693398866397435,"CEBPD"
"ENSG00000221968","patient1","XGBoost_SHAP","all",0.0122280166323054,"FADS3"
"ENSG00000221968","patient4","XGBoost_SHAP","all",0.00515682063792756,"FADS3"
"ENSG00000221968","patient5","XGBoost_SHAP","all",0.00183585562030936,"FADS3"
"ENSG00000221968","patient2","XGBoost_SHAP","all",0.00967465033386253,"FADS3"
"ENSG00000221968","patient6","XGBoost_SHAP","all",0.0119393896637133,"FADS3"
"ENSG00000221968","patient3","XGBoost_SHAP","all",0.00493755639845392,"FADS3"
"ENSG00000222041","patient2","XGBoost_SHAP","all",0.00261139673752537,"CYTOR"
"ENSG00000222041","patient1","XGBoost_SHAP","all",0.00736475246569786,"CYTOR"
"ENSG00000222041","patient6","XGBoost_SHAP","all",0.0068901580926274,"CYTOR"
"ENSG00000222041","patient4","XGBoost_SHAP","all",0.00440260447388089,"CYTOR"
"ENSG00000222041","patient3","XGBoost_SHAP","all",0.00705448642706009,"CYTOR"
"ENSG00000223865","patient1","XGBoost_SHAP","all",0.0216658401350897,"HLA-DPB1"
"ENSG00000223865","patient3","XGBoost_SHAP","all",0.00751832703831549,"HLA-DPB1"
"ENSG00000223865","patient6","XGBoost_SHAP","all",0.00833513916936927,"HLA-DPB1"
"ENSG00000223865","patient5","XGBoost_SHAP","all",0.00926341548610746,"HLA-DPB1"
"ENSG00000223865","patient2","XGBoost_SHAP","all",0.0166370642198029,"HLA-DPB1"
"ENSG00000223865","patient4","XGBoost_SHAP","all",0.0145312872115842,"HLA-DPB1"
"ENSG00000224032","patient1","XGBoost_SHAP","all",0.00141727604148155,"ENSG00000224032"
"ENSG00000224032","patient6","XGBoost_SHAP","all",0.00164106865465026,"ENSG00000224032"
"ENSG00000224032","patient3","XGBoost_SHAP","all",0.0034788266973439,"ENSG00000224032"
"ENSG00000224032","patient2","XGBoost_SHAP","all",0.00171039330260341,"ENSG00000224032"
"ENSG00000224032","patient4","XGBoost_SHAP","all",0.00234932186292048,"ENSG00000224032"
"ENSG00000224032","patient5","XGBoost_SHAP","all",0.00149169236824189,"ENSG00000224032"
"ENSG00000224877","patient2","XGBoost_SHAP","all",0.000913186075007918,"NDUFAF8"
"ENSG00000224877","patient4","XGBoost_SHAP","all",0.00358270675949111,"NDUFAF8"
"ENSG00000224877","patient3","XGBoost_SHAP","all",0.00222099840272013,"NDUFAF8"
"ENSG00000224877","patient5","XGBoost_SHAP","all",0.00131692840545899,"NDUFAF8"
"ENSG00000224877","patient1","XGBoost_SHAP","all",0.00104023285222986,"NDUFAF8"
"ENSG00000224877","patient6","XGBoost_SHAP","all",0.00114725304575767,"NDUFAF8"
"ENSG00000225663","patient4","XGBoost_SHAP","all",0.00487243003315769,"MCRIP1"
"ENSG00000225663","patient2","XGBoost_SHAP","all",0.00162333387242266,"MCRIP1"
"ENSG00000225663","patient1","XGBoost_SHAP","all",0.00228443261138215,"MCRIP1"
"ENSG00000225663","patient3","XGBoost_SHAP","all",0.00345678375286847,"MCRIP1"
"ENSG00000225663","patient5","XGBoost_SHAP","all",0.00190756946692634,"MCRIP1"
"ENSG00000225663","patient6","XGBoost_SHAP","all",0.00184739432924351,"MCRIP1"
"ENSG00000225733","patient1","XGBoost_SHAP","all",0.00119227159715107,"FGD5-AS1"
"ENSG00000225733","patient6","XGBoost_SHAP","all",0.00340995870345797,"FGD5-AS1"
"ENSG00000225733","patient3","XGBoost_SHAP","all",0.00477655513365842,"FGD5-AS1"
"ENSG00000225733","patient4","XGBoost_SHAP","all",0.00411826384768877,"FGD5-AS1"
"ENSG00000225733","patient5","XGBoost_SHAP","all",0.00189773792513128,"FGD5-AS1"
"ENSG00000225733","patient2","XGBoost_SHAP","all",0.0020578751191715,"FGD5-AS1"
"ENSG00000225921","patient1","XGBoost_SHAP","all",0.00483746867945896,"NOL7"
"ENSG00000225921","patient6","XGBoost_SHAP","all",0.00262700885969157,"NOL7"
"ENSG00000225921","patient2","XGBoost_SHAP","all",0.00177910995959176,"NOL7"
"ENSG00000225921","patient3","XGBoost_SHAP","all",0.00321762485196699,"NOL7"
"ENSG00000225921","patient4","XGBoost_SHAP","all",0.00100997853769031,"NOL7"
"ENSG00000225921","patient5","XGBoost_SHAP","all",0.0017533175551902,"NOL7"
"ENSG00000228253","patient4","XGBoost_SHAP","all",0.00881634260288662,"MT-ATP8"
"ENSG00000228253","patient1","XGBoost_SHAP","all",0.00933632155047502,"MT-ATP8"
"ENSG00000228253","patient2","XGBoost_SHAP","all",0.00504338617795904,"MT-ATP8"
"ENSG00000228253","patient6","XGBoost_SHAP","all",0.00523623313432695,"MT-ATP8"
"ENSG00000228253","patient3","XGBoost_SHAP","all",0.0106880874512877,"MT-ATP8"
"ENSG00000228253","patient5","XGBoost_SHAP","all",0.00573365806100504,"MT-ATP8"
"ENSG00000229807","patient2","XGBoost_SHAP","all",0.00196113175419373,"XIST"
"ENSG00000229807","patient3","XGBoost_SHAP","all",0.00304275525357182,"XIST"
"ENSG00000229807","patient1","XGBoost_SHAP","all",0.0120602892796201,"XIST"
"ENSG00000229807","patient6","XGBoost_SHAP","all",0.00675281202742009,"XIST"
"ENSG00000229807","patient4","XGBoost_SHAP","all",0.00289276584391972,"XIST"
"ENSG00000229807","patient5","XGBoost_SHAP","all",0.0101461795705455,"XIST"
"ENSG00000229833","patient6","XGBoost_SHAP","all",0.0158372707538454,"PET100"
"ENSG00000229833","patient3","XGBoost_SHAP","all",0.0149461233234413,"PET100"
"ENSG00000229833","patient4","XGBoost_SHAP","all",0.0118144699314302,"PET100"
"ENSG00000229833","patient1","XGBoost_SHAP","all",0.00597242326139972,"PET100"
"ENSG00000229833","patient2","XGBoost_SHAP","all",0.0113247402652998,"PET100"
"ENSG00000229833","patient5","XGBoost_SHAP","all",0.0099304034840871,"PET100"
"ENSG00000230590","patient2","XGBoost_SHAP","all",0.00212648874518594,"FTX"
"ENSG00000230590","patient3","XGBoost_SHAP","all",0.00139534232351157,"FTX"
"ENSG00000230590","patient5","XGBoost_SHAP","all",0.00334666798561409,"FTX"
"ENSG00000230590","patient4","XGBoost_SHAP","all",0.00220419056621637,"FTX"
"ENSG00000230590","patient1","XGBoost_SHAP","all",0.00355545324578314,"FTX"
"ENSG00000230590","patient6","XGBoost_SHAP","all",0.00286836151875829,"FTX"
"ENSG00000230989","patient1","XGBoost_SHAP","all",0.00228655057850116,"HSBP1"
"ENSG00000230989","patient6","XGBoost_SHAP","all",0.00193859055284458,"HSBP1"
"ENSG00000230989","patient5","XGBoost_SHAP","all",0.00143616180010796,"HSBP1"
"ENSG00000230989","patient2","XGBoost_SHAP","all",0.00135352981977425,"HSBP1"
"ENSG00000231389","patient5","XGBoost_SHAP","all",0.00624433489328404,"HLA-DPA1"
"ENSG00000231389","patient6","XGBoost_SHAP","all",0.00651612473630902,"HLA-DPA1"
"ENSG00000231389","patient3","XGBoost_SHAP","all",0.00801399308607992,"HLA-DPA1"
"ENSG00000231389","patient4","XGBoost_SHAP","all",0.00717556408899837,"HLA-DPA1"
"ENSG00000231389","patient1","XGBoost_SHAP","all",0.00546138872878092,"HLA-DPA1"
"ENSG00000231389","patient2","XGBoost_SHAP","all",0.0129279449208443,"HLA-DPA1"
"ENSG00000231925","patient4","XGBoost_SHAP","all",0.00119857445016836,"TAPBP"
"ENSG00000231925","patient1","XGBoost_SHAP","all",0.00309910193998077,"TAPBP"
"ENSG00000231925","patient6","XGBoost_SHAP","all",0.00160898377013216,"TAPBP"
"ENSG00000231925","patient2","XGBoost_SHAP","all",0.000750647030884473,"TAPBP"
"ENSG00000231925","patient5","XGBoost_SHAP","all",0.0016038892882537,"TAPBP"
"ENSG00000231925","patient3","XGBoost_SHAP","all",0.000912602035952819,"TAPBP"
"ENSG00000232388","patient5","XGBoost_SHAP","all",0.00176820370534497,"SMIM26"
"ENSG00000232388","patient6","XGBoost_SHAP","all",0.00233703031255707,"SMIM26"
"ENSG00000232388","patient4","XGBoost_SHAP","all",0.00171384966312808,"SMIM26"
"ENSG00000232388","patient3","XGBoost_SHAP","all",0.00354654090614607,"SMIM26"
"ENSG00000232388","patient2","XGBoost_SHAP","all",0.00179598490136535,"SMIM26"
"ENSG00000232388","patient1","XGBoost_SHAP","all",0.00152628166693225,"SMIM26"
"ENSG00000233016","patient2","XGBoost_SHAP","all",0.00240539563641425,"SNHG7"
"ENSG00000233016","patient4","XGBoost_SHAP","all",0.00362076682136839,"SNHG7"
"ENSG00000233016","patient6","XGBoost_SHAP","all",0.00312294909005992,"SNHG7"
"ENSG00000233016","patient1","XGBoost_SHAP","all",0.00725721177654715,"SNHG7"
"ENSG00000233016","patient5","XGBoost_SHAP","all",0.00352247134480783,"SNHG7"
"ENSG00000233016","patient3","XGBoost_SHAP","all",0.00279548632775551,"SNHG7"
"ENSG00000234545","patient2","XGBoost_SHAP","all",0.00151754643160008,"FAM133B"
"ENSG00000234545","patient5","XGBoost_SHAP","all",0.00413882420459952,"FAM133B"
"ENSG00000234545","patient6","XGBoost_SHAP","all",0.00175499925149352,"FAM133B"
"ENSG00000234545","patient3","XGBoost_SHAP","all",0.00390673787871843,"FAM133B"
"ENSG00000234545","patient1","XGBoost_SHAP","all",0.0042193017551891,"FAM133B"
"ENSG00000234545","patient4","XGBoost_SHAP","all",0.000934117490540295,"FAM133B"
"ENSG00000234745","patient5","XGBoost_SHAP","all",0.0112429580316297,"HLA-B"
"ENSG00000234745","patient2","XGBoost_SHAP","all",0.0144701970756517,"HLA-B"
"ENSG00000234745","patient4","XGBoost_SHAP","all",0.0230261022159222,"HLA-B"
"ENSG00000234745","patient3","XGBoost_SHAP","all",0.0151667707658129,"HLA-B"
"ENSG00000234745","patient6","XGBoost_SHAP","all",0.0144137056690244,"HLA-B"
"ENSG00000234745","patient1","XGBoost_SHAP","all",0.0118445354780623,"HLA-B"
"ENSG00000235162","patient1","XGBoost_SHAP","all",0.0045632930934395,"C12orf75"
"ENSG00000235162","patient5","XGBoost_SHAP","all",0.00479289054491506,"C12orf75"
"ENSG00000235162","patient4","XGBoost_SHAP","all",0.00877154857366143,"C12orf75"
"ENSG00000235162","patient6","XGBoost_SHAP","all",0.0030876683593795,"C12orf75"
"ENSG00000235162","patient2","XGBoost_SHAP","all",0.00603415770802637,"C12orf75"
"ENSG00000235162","patient3","XGBoost_SHAP","all",0.00535499916726572,"C12orf75"
"ENSG00000237765","patient2","XGBoost_SHAP","all",0.000797733620280865,"FAM200B"
"ENSG00000237765","patient1","XGBoost_SHAP","all",0.00235210547584704,"FAM200B"
"ENSG00000237765","patient3","XGBoost_SHAP","all",0.00173242446159508,"FAM200B"
"ENSG00000237765","patient5","XGBoost_SHAP","all",0.00104965961879643,"FAM200B"
"ENSG00000239672","patient2","XGBoost_SHAP","all",0.00251857799034142,"NME1"
"ENSG00000239672","patient6","XGBoost_SHAP","all",0.00235736337413694,"NME1"
"ENSG00000239672","patient5","XGBoost_SHAP","all",0.00185829208943414,"NME1"
"ENSG00000239672","patient4","XGBoost_SHAP","all",0.000915895817095274,"NME1"
"ENSG00000239672","patient3","XGBoost_SHAP","all",0.00342423642042061,"NME1"
"ENSG00000239697","patient4","XGBoost_SHAP","all",0.00195791099307594,"TNFSF12"
"ENSG00000239697","patient1","XGBoost_SHAP","all",0.000744810768240959,"TNFSF12"
"ENSG00000239697","patient2","XGBoost_SHAP","all",0.00145873702742692,"TNFSF12"
"ENSG00000239697","patient6","XGBoost_SHAP","all",0.0016306323672658,"TNFSF12"
"ENSG00000239697","patient5","XGBoost_SHAP","all",0.00265552879578292,"TNFSF12"
"ENSG00000239697","patient3","XGBoost_SHAP","all",0.00101539333280682,"TNFSF12"
"ENSG00000240065","patient1","XGBoost_SHAP","all",0.0061430025649582,"PSMB9"
"ENSG00000240065","patient2","XGBoost_SHAP","all",0.00381261885273558,"PSMB9"
"ENSG00000240065","patient5","XGBoost_SHAP","all",0.00816491010636428,"PSMB9"
"ENSG00000240065","patient4","XGBoost_SHAP","all",0.00379972214319535,"PSMB9"
"ENSG00000240065","patient6","XGBoost_SHAP","all",0.00377214880797245,"PSMB9"
"ENSG00000240065","patient3","XGBoost_SHAP","all",0.00208861409317258,"PSMB9"
"ENSG00000240583","patient4","XGBoost_SHAP","all",0.0204436038699752,"AQP1"
"ENSG00000240583","patient1","XGBoost_SHAP","all",0.0153101806597555,"AQP1"
"ENSG00000240583","patient5","XGBoost_SHAP","all",0.0141348020937126,"AQP1"
"ENSG00000240583","patient2","XGBoost_SHAP","all",0.0231820807879124,"AQP1"
"ENSG00000240583","patient6","XGBoost_SHAP","all",0.012488133906385,"AQP1"
"ENSG00000240583","patient3","XGBoost_SHAP","all",0.0184655832588277,"AQP1"
"ENSG00000240972","patient6","XGBoost_SHAP","all",0.00177417209496828,"MIF"
"ENSG00000240972","patient4","XGBoost_SHAP","all",0.00253805909388329,"MIF"
"ENSG00000240972","patient2","XGBoost_SHAP","all",0.00354493979134474,"MIF"
"ENSG00000240972","patient3","XGBoost_SHAP","all",0.00278236119841463,"MIF"
"ENSG00000240972","patient5","XGBoost_SHAP","all",0.00326847313145437,"MIF"
"ENSG00000240972","patient1","XGBoost_SHAP","all",0.00642856464996777,"MIF"
"ENSG00000241343","patient1","XGBoost_SHAP","all",0.010915179394752,"RPL36A"
"ENSG00000241343","patient3","XGBoost_SHAP","all",0.00593766729788339,"RPL36A"
"ENSG00000241343","patient2","XGBoost_SHAP","all",0.00874238178630067,"RPL36A"
"ENSG00000241343","patient4","XGBoost_SHAP","all",0.0117853285258349,"RPL36A"
"ENSG00000241399","patient3","XGBoost_SHAP","all",0.00242473382256327,"CD302"
"ENSG00000241399","patient5","XGBoost_SHAP","all",0.00679486498476999,"CD302"
"ENSG00000241399","patient4","XGBoost_SHAP","all",0.0112203822250969,"CD302"
"ENSG00000241399","patient1","XGBoost_SHAP","all",0.0160873131650051,"CD302"
"ENSG00000241399","patient2","XGBoost_SHAP","all",0.00589993627712592,"CD302"
"ENSG00000241399","patient6","XGBoost_SHAP","all",0.00627617239217624,"CD302"
"ENSG00000241468","patient1","XGBoost_SHAP","all",0.00323894762391873,"ATP5MF"
"ENSG00000241553","patient1","XGBoost_SHAP","all",0.00237339085529498,"ARPC4"
"ENSG00000241553","patient5","XGBoost_SHAP","all",0.00458391222275696,"ARPC4"
"ENSG00000241553","patient4","XGBoost_SHAP","all",0.00172346650669773,"ARPC4"
"ENSG00000241553","patient6","XGBoost_SHAP","all",0.00236829458182183,"ARPC4"
"ENSG00000241553","patient2","XGBoost_SHAP","all",0.0019954141767921,"ARPC4"
"ENSG00000241553","patient3","XGBoost_SHAP","all",0.00293354823732075,"ARPC4"
"ENSG00000241644","patient5","XGBoost_SHAP","all",0.00115004087183963,"INMT"
"ENSG00000241644","patient4","XGBoost_SHAP","all",0.00152263146318117,"INMT"
"ENSG00000241644","patient6","XGBoost_SHAP","all",0.00182402150852407,"INMT"
"ENSG00000241644","patient1","XGBoost_SHAP","all",0.00450745804780421,"INMT"
"ENSG00000241644","patient3","XGBoost_SHAP","all",0.0029714857356337,"INMT"
"ENSG00000241644","patient2","XGBoost_SHAP","all",0.00259434271426095,"INMT"
"ENSG00000241685","patient3","XGBoost_SHAP","all",0.00124328595549317,"ARPC1A"
"ENSG00000241685","patient4","XGBoost_SHAP","all",0.000863264844720395,"ARPC1A"
"ENSG00000241685","patient6","XGBoost_SHAP","all",0.00162779138876312,"ARPC1A"
"ENSG00000241685","patient1","XGBoost_SHAP","all",0.00188928204570131,"ARPC1A"
"ENSG00000241685","patient2","XGBoost_SHAP","all",0.00155536457327497,"ARPC1A"
"ENSG00000241685","patient5","XGBoost_SHAP","all",0.00163071134334921,"ARPC1A"
"ENSG00000242247","patient5","XGBoost_SHAP","all",0.000853811649322484,"ARFGAP3"
"ENSG00000242247","patient4","XGBoost_SHAP","all",0.0016977421073643,"ARFGAP3"
"ENSG00000242247","patient3","XGBoost_SHAP","all",0.00118225417591867,"ARFGAP3"
"ENSG00000242247","patient1","XGBoost_SHAP","all",0.00171285563549957,"ARFGAP3"
"ENSG00000242247","patient6","XGBoost_SHAP","all",0.00101593195457325,"ARFGAP3"
"ENSG00000242247","patient2","XGBoost_SHAP","all",0.000581262229788386,"ARFGAP3"
"ENSG00000242372","patient4","XGBoost_SHAP","all",0.00285049996818863,"EIF6"
"ENSG00000242372","patient1","XGBoost_SHAP","all",0.00137181349419549,"EIF6"
"ENSG00000242372","patient5","XGBoost_SHAP","all",0.00378200268783129,"EIF6"
"ENSG00000242372","patient6","XGBoost_SHAP","all",0.00187315686474287,"EIF6"
"ENSG00000242372","patient3","XGBoost_SHAP","all",0.00223228945237738,"EIF6"
"ENSG00000242372","patient2","XGBoost_SHAP","all",0.00111743356331014,"EIF6"
"ENSG00000242485","patient5","XGBoost_SHAP","all",0.0027568453187876,"MRPL20"
"ENSG00000242485","patient4","XGBoost_SHAP","all",0.00217438516202853,"MRPL20"
"ENSG00000242485","patient6","XGBoost_SHAP","all",0.000997456259537986,"MRPL20"
"ENSG00000242485","patient1","XGBoost_SHAP","all",0.00106927696835739,"MRPL20"
"ENSG00000242485","patient3","XGBoost_SHAP","all",0.00241647664983786,"MRPL20"
"ENSG00000242485","patient2","XGBoost_SHAP","all",0.00164873723056371,"MRPL20"
"ENSG00000242574","patient2","XGBoost_SHAP","all",0.00358178552470283,"HLA-DMB"
"ENSG00000242574","patient6","XGBoost_SHAP","all",0.00308989477303596,"HLA-DMB"
"ENSG00000242574","patient4","XGBoost_SHAP","all",0.00106276345620542,"HLA-DMB"
"ENSG00000242574","patient5","XGBoost_SHAP","all",0.0012321886053602,"HLA-DMB"
"ENSG00000242574","patient3","XGBoost_SHAP","all",0.00162969789605616,"HLA-DMB"
"ENSG00000242574","patient1","XGBoost_SHAP","all",0.00075629013158384,"HLA-DMB"
"ENSG00000243147","patient4","XGBoost_SHAP","all",0.00292601044378546,"MRPL33"
"ENSG00000243147","patient1","XGBoost_SHAP","all",0.00243908079341243,"MRPL33"
"ENSG00000243147","patient5","XGBoost_SHAP","all",0.00157908048674894,"MRPL33"
"ENSG00000243147","patient3","XGBoost_SHAP","all",0.00555107353332271,"MRPL33"
"ENSG00000243147","patient6","XGBoost_SHAP","all",0.00237594228506717,"MRPL33"
"ENSG00000243147","patient2","XGBoost_SHAP","all",0.00303985638102806,"MRPL33"
"ENSG00000243317","patient5","XGBoost_SHAP","all",0.0164750374783061,"STMP1"
"ENSG00000243317","patient1","XGBoost_SHAP","all",0.0225567419096375,"STMP1"
"ENSG00000243317","patient2","XGBoost_SHAP","all",0.00877807420241631,"STMP1"
"ENSG00000243317","patient6","XGBoost_SHAP","all",0.0147710133512674,"STMP1"
"ENSG00000243317","patient4","XGBoost_SHAP","all",0.0175742967980377,"STMP1"
"ENSG00000243317","patient3","XGBoost_SHAP","all",0.0115698024256383,"STMP1"
"ENSG00000243449","patient5","XGBoost_SHAP","all",0.00445854656221404,"NICOL1"
"ENSG00000243449","patient1","XGBoost_SHAP","all",0.00310959972456721,"NICOL1"
"ENSG00000243927","patient6","XGBoost_SHAP","all",0.00493684681611444,"MRPS6"
"ENSG00000243927","patient4","XGBoost_SHAP","all",0.00869905506053572,"MRPS6"
"ENSG00000243927","patient1","XGBoost_SHAP","all",0.00226455571289322,"MRPS6"
"ENSG00000243927","patient5","XGBoost_SHAP","all",0.0101311836195159,"MRPS6"
"ENSG00000243927","patient2","XGBoost_SHAP","all",0.0044761331805155,"MRPS6"
"ENSG00000243927","patient3","XGBoost_SHAP","all",0.0101958490815227,"MRPS6"
"ENSG00000244038","patient1","XGBoost_SHAP","all",0.00380610574954103,"DDOST"
"ENSG00000244038","patient3","XGBoost_SHAP","all",0.00427153609618992,"DDOST"
"ENSG00000244038","patient4","XGBoost_SHAP","all",0.00297899894984832,"DDOST"
"ENSG00000244038","patient2","XGBoost_SHAP","all",0.00385162357440415,"DDOST"
"ENSG00000244038","patient5","XGBoost_SHAP","all",0.00415710013459707,"DDOST"
"ENSG00000244038","patient6","XGBoost_SHAP","all",0.003987279831213,"DDOST"
"ENSG00000246705","patient1","XGBoost_SHAP","all",0.00125854540909196,"H2AJ"
"ENSG00000246705","patient2","XGBoost_SHAP","all",0.00635718062851906,"H2AJ"
"ENSG00000246705","patient5","XGBoost_SHAP","all",0.00725683740834995,"H2AJ"
"ENSG00000246705","patient6","XGBoost_SHAP","all",0.00425184233843718,"H2AJ"
"ENSG00000246705","patient3","XGBoost_SHAP","all",0.00931256623002504,"H2AJ"
"ENSG00000246705","patient4","XGBoost_SHAP","all",0.00302560720205052,"H2AJ"
"ENSG00000247596","patient2","XGBoost_SHAP","all",0.000274669157707341,"TWF2"
"ENSG00000247596","patient6","XGBoost_SHAP","all",0.00165157644457336,"TWF2"
"ENSG00000247596","patient4","XGBoost_SHAP","all",0.0010445019876285,"TWF2"
"ENSG00000247596","patient5","XGBoost_SHAP","all",0.000881228065590831,"TWF2"
"ENSG00000247596","patient3","XGBoost_SHAP","all",0.00161752083664819,"TWF2"
"ENSG00000247596","patient1","XGBoost_SHAP","all",0.00247666378881371,"TWF2"
"ENSG00000249669","patient3","XGBoost_SHAP","all",0.00956040562300292,"ENSG00000249669"
"ENSG00000249669","patient6","XGBoost_SHAP","all",0.0112058726800782,"ENSG00000249669"
"ENSG00000249669","patient1","XGBoost_SHAP","all",0.0234428443683554,"ENSG00000249669"
"ENSG00000249669","patient4","XGBoost_SHAP","all",0.00836589288916492,"ENSG00000249669"
"ENSG00000249669","patient5","XGBoost_SHAP","all",0.0102989037706708,"ENSG00000249669"
"ENSG00000249669","patient2","XGBoost_SHAP","all",0.0133590828248146,"ENSG00000249669"
"ENSG00000249751","patient1","XGBoost_SHAP","all",0.0471452424452313,"ECSCR"
"ENSG00000249751","patient4","XGBoost_SHAP","all",0.0542362106100001,"ECSCR"
"ENSG00000249751","patient2","XGBoost_SHAP","all",0.0527723854013491,"ECSCR"
"ENSG00000249751","patient5","XGBoost_SHAP","all",0.0575011751999671,"ECSCR"
"ENSG00000249751","patient6","XGBoost_SHAP","all",0.0524218272599511,"ECSCR"
"ENSG00000249915","patient1","XGBoost_SHAP","all",0.00179507408806967,"PDCD6"
"ENSG00000249915","patient2","XGBoost_SHAP","all",0.00106346657486026,"PDCD6"
"ENSG00000249915","patient4","XGBoost_SHAP","all",0.00168738575742344,"PDCD6"
"ENSG00000249915","patient5","XGBoost_SHAP","all",0.000520158730846262,"PDCD6"
"ENSG00000249915","patient3","XGBoost_SHAP","all",0.00134677972268583,"PDCD6"
"ENSG00000249915","patient6","XGBoost_SHAP","all",0.00157090672817744,"PDCD6"
"ENSG00000250479","patient5","XGBoost_SHAP","all",0.015384661724516,"CHCHD10"
"ENSG00000250479","patient2","XGBoost_SHAP","all",0.0240298844231855,"CHCHD10"
"ENSG00000250479","patient4","XGBoost_SHAP","all",0.0140283063779597,"CHCHD10"
"ENSG00000250479","patient3","XGBoost_SHAP","all",0.020410496030998,"CHCHD10"
"ENSG00000250479","patient1","XGBoost_SHAP","all",0.0169303416888577,"CHCHD10"
"ENSG00000250479","patient6","XGBoost_SHAP","all",0.0160101332273443,"CHCHD10"
"ENSG00000250722","patient3","XGBoost_SHAP","all",0.0166272184938885,"SELENOP"
"ENSG00000250722","patient6","XGBoost_SHAP","all",0.0292561512918349,"SELENOP"
"ENSG00000250722","patient5","XGBoost_SHAP","all",0.0188294695369696,"SELENOP"
"ENSG00000250722","patient1","XGBoost_SHAP","all",0.0177347831126787,"SELENOP"
"ENSG00000250722","patient4","XGBoost_SHAP","all",0.0237281952748582,"SELENOP"
"ENSG00000250722","patient2","XGBoost_SHAP","all",0.0165345691584776,"SELENOP"
"ENSG00000253729","patient1","XGBoost_SHAP","all",0.00222529253409814,"PRKDC"
"ENSG00000253729","patient6","XGBoost_SHAP","all",0.000879087639241585,"PRKDC"
"ENSG00000253729","patient3","XGBoost_SHAP","all",0.00232731316831873,"PRKDC"
"ENSG00000253729","patient2","XGBoost_SHAP","all",0.00203579872222504,"PRKDC"
"ENSG00000253729","patient5","XGBoost_SHAP","all",0.00296778215201631,"PRKDC"
"ENSG00000253729","patient4","XGBoost_SHAP","all",0.000824817817041255,"PRKDC"
"ENSG00000253738","patient4","XGBoost_SHAP","all",0.00361199642939023,"OTUD6B-AS1"
"ENSG00000253738","patient3","XGBoost_SHAP","all",0.00315378237577903,"OTUD6B-AS1"
"ENSG00000253738","patient6","XGBoost_SHAP","all",0.00234975438091594,"OTUD6B-AS1"
"ENSG00000253738","patient2","XGBoost_SHAP","all",0.00131349594389155,"OTUD6B-AS1"
"ENSG00000253738","patient5","XGBoost_SHAP","all",0.00192726043180967,"OTUD6B-AS1"
"ENSG00000253738","patient1","XGBoost_SHAP","all",0.00125894475243084,"OTUD6B-AS1"
"ENSG00000254505","patient2","XGBoost_SHAP","all",0.000888437583011762,"CHMP4A"
"ENSG00000254505","patient5","XGBoost_SHAP","all",0.00181905878022734,"CHMP4A"
"ENSG00000254505","patient1","XGBoost_SHAP","all",0.0012202105218421,"CHMP4A"
"ENSG00000254505","patient3","XGBoost_SHAP","all",0.00136130381094335,"CHMP4A"
"ENSG00000254505","patient6","XGBoost_SHAP","all",0.00261652433773517,"CHMP4A"
"ENSG00000254505","patient4","XGBoost_SHAP","all",0.00189973115643446,"CHMP4A"
"ENSG00000256235","patient6","XGBoost_SHAP","all",0.00244285787699722,"SMIM3"
"ENSG00000256235","patient5","XGBoost_SHAP","all",0.00281874957524378,"SMIM3"
"ENSG00000257103","patient5","XGBoost_SHAP","all",0.0016693611692899,"LSM14A"
"ENSG00000257103","patient1","XGBoost_SHAP","all",0.00258062842164882,"LSM14A"
"ENSG00000257103","patient3","XGBoost_SHAP","all",0.00154720559426042,"LSM14A"
"ENSG00000257103","patient6","XGBoost_SHAP","all",0.000768224432049455,"LSM14A"
"ENSG00000257103","patient2","XGBoost_SHAP","all",0.00088138265224675,"LSM14A"
"ENSG00000257103","patient4","XGBoost_SHAP","all",0.00117476112528552,"LSM14A"
"ENSG00000257727","patient1","XGBoost_SHAP","all",0.00310169024039181,"CNPY2"
"ENSG00000257727","patient2","XGBoost_SHAP","all",0.00272410654266724,"CNPY2"
"ENSG00000257727","patient3","XGBoost_SHAP","all",0.00261230031291785,"CNPY2"
"ENSG00000257727","patient5","XGBoost_SHAP","all",0.00267069208301661,"CNPY2"
"ENSG00000257727","patient6","XGBoost_SHAP","all",0.00345019158455942,"CNPY2"
"ENSG00000257727","patient4","XGBoost_SHAP","all",0.00323680597846034,"CNPY2"
"ENSG00000257923","patient1","XGBoost_SHAP","all",0.00185534663703317,"CUX1"
"ENSG00000257923","patient3","XGBoost_SHAP","all",0.00110181890934411,"CUX1"
"ENSG00000257923","patient5","XGBoost_SHAP","all",0.00133138475487304,"CUX1"
"ENSG00000257923","patient6","XGBoost_SHAP","all",0.000758137943641786,"CUX1"
"ENSG00000257923","patient2","XGBoost_SHAP","all",0.00120827123417377,"CUX1"
"ENSG00000257923","patient4","XGBoost_SHAP","all",0.000784544811838115,"CUX1"
"ENSG00000258289","patient3","XGBoost_SHAP","all",0.00413707496999863,"CHURC1"
"ENSG00000258289","patient4","XGBoost_SHAP","all",0.00506446068465935,"CHURC1"
"ENSG00000258289","patient2","XGBoost_SHAP","all",0.00377850609924542,"CHURC1"
"ENSG00000258289","patient5","XGBoost_SHAP","all",0.00404890535031274,"CHURC1"
"ENSG00000258289","patient1","XGBoost_SHAP","all",0.00498822877570515,"CHURC1"
"ENSG00000258289","patient6","XGBoost_SHAP","all",0.00650329433094278,"CHURC1"
"ENSG00000260032","patient4","XGBoost_SHAP","all",0.00448187732070742,"NORAD"
"ENSG00000260032","patient5","XGBoost_SHAP","all",0.00184830176821262,"NORAD"
"ENSG00000260032","patient1","XGBoost_SHAP","all",0.00157643086125543,"NORAD"
"ENSG00000260032","patient3","XGBoost_SHAP","all",0.00227078997387195,"NORAD"
"ENSG00000260032","patient2","XGBoost_SHAP","all",0.00194818053205381,"NORAD"
"ENSG00000260032","patient6","XGBoost_SHAP","all",0.000998832091844665,"NORAD"
"ENSG00000260314","patient5","XGBoost_SHAP","all",0.00151737169171913,"MRC1"
"ENSG00000260314","patient3","XGBoost_SHAP","all",0.00220239418937021,"MRC1"
"ENSG00000260314","patient6","XGBoost_SHAP","all",0.000981974804925255,"MRC1"
"ENSG00000260314","patient4","XGBoost_SHAP","all",0.00102830527449233,"MRC1"
"ENSG00000260314","patient1","XGBoost_SHAP","all",0.00116396036404092,"MRC1"
"ENSG00000260314","patient2","XGBoost_SHAP","all",0.000603595819423684,"MRC1"
"ENSG00000260916","patient1","XGBoost_SHAP","all",0.00850340270797528,"CCPG1"
"ENSG00000260916","patient3","XGBoost_SHAP","all",0.011472887980473,"CCPG1"
"ENSG00000260916","patient6","XGBoost_SHAP","all",0.0132487947367112,"CCPG1"
"ENSG00000260916","patient4","XGBoost_SHAP","all",0.00971914977643748,"CCPG1"
"ENSG00000260916","patient5","XGBoost_SHAP","all",0.0117081439746428,"CCPG1"
"ENSG00000260916","patient2","XGBoost_SHAP","all",0.00334454550469115,"CCPG1"
"ENSG00000261371","patient1","XGBoost_SHAP","all",0.206946907857426,"PECAM1"
"ENSG00000261371","patient2","XGBoost_SHAP","all",0.24646836475229,"PECAM1"
"ENSG00000261371","patient4","XGBoost_SHAP","all",0.244002737475353,"PECAM1"
"ENSG00000261371","patient3","XGBoost_SHAP","all",0.239648545831825,"PECAM1"
"ENSG00000261371","patient6","XGBoost_SHAP","all",0.234506254000744,"PECAM1"
"ENSG00000261371","patient5","XGBoost_SHAP","all",0.265868710828441,"PECAM1"
"ENSG00000263001","patient2","XGBoost_SHAP","all",0.00350509502802276,"GTF2I"
"ENSG00000263001","patient5","XGBoost_SHAP","all",0.00509994712089602,"GTF2I"
"ENSG00000263001","patient4","XGBoost_SHAP","all",0.00493143582872447,"GTF2I"
"ENSG00000263001","patient1","XGBoost_SHAP","all",0.00182282659397509,"GTF2I"
"ENSG00000263001","patient6","XGBoost_SHAP","all",0.0036741439296251,"GTF2I"
"ENSG00000263001","patient3","XGBoost_SHAP","all",0.00321553129920848,"GTF2I"
"ENSG00000265241","patient6","XGBoost_SHAP","all",0.00298396393600949,"RBM8A"
"ENSG00000265241","patient4","XGBoost_SHAP","all",0.00228276131343237,"RBM8A"
"ENSG00000265241","patient2","XGBoost_SHAP","all",0.00202545771663788,"RBM8A"
"ENSG00000265241","patient1","XGBoost_SHAP","all",0.00243071283685217,"RBM8A"
"ENSG00000265241","patient3","XGBoost_SHAP","all",0.00401511944363184,"RBM8A"
"ENSG00000265241","patient5","XGBoost_SHAP","all",0.0015135038534966,"RBM8A"
"ENSG00000265491","patient6","XGBoost_SHAP","all",0.00219201377157938,"RNF115"
"ENSG00000265491","patient2","XGBoost_SHAP","all",0.0014101812958543,"RNF115"
"ENSG00000265491","patient3","XGBoost_SHAP","all",0.00172803466383048,"RNF115"
"ENSG00000265491","patient1","XGBoost_SHAP","all",0.00151362153740927,"RNF115"
"ENSG00000265491","patient5","XGBoost_SHAP","all",0.00068211705081497,"RNF115"
"ENSG00000265491","patient4","XGBoost_SHAP","all",0.00129112473806157,"RNF115"
"ENSG00000265681","patient2","XGBoost_SHAP","all",0.0018672438735539,"RPL17"
"ENSG00000265681","patient4","XGBoost_SHAP","all",0.00190581410132899,"RPL17"
"ENSG00000265681","patient1","XGBoost_SHAP","all",0.0034289608393277,"RPL17"
"ENSG00000265681","patient3","XGBoost_SHAP","all",0.00145732486493748,"RPL17"
"ENSG00000265681","patient6","XGBoost_SHAP","all",0.0042649169377921,"RPL17"
"ENSG00000265681","patient5","XGBoost_SHAP","all",0.00317617521160295,"RPL17"
"ENSG00000265808","patient4","XGBoost_SHAP","all",0.00359661436609832,"SEC22B"
"ENSG00000265808","patient2","XGBoost_SHAP","all",0.00230559693690887,"SEC22B"
"ENSG00000265808","patient1","XGBoost_SHAP","all",0.00241560533730808,"SEC22B"
"ENSG00000265808","patient6","XGBoost_SHAP","all",0.00265039703672779,"SEC22B"
"ENSG00000265808","patient5","XGBoost_SHAP","all",0.00110114568662478,"SEC22B"
"ENSG00000265808","patient3","XGBoost_SHAP","all",0.0017573765197691,"SEC22B"
"ENSG00000265972","patient5","XGBoost_SHAP","all",0.0218692577270562,"TXNIP"
"ENSG00000265972","patient4","XGBoost_SHAP","all",0.0117903526255056,"TXNIP"
"ENSG00000265972","patient1","XGBoost_SHAP","all",0.0324827448731656,"TXNIP"
"ENSG00000265972","patient2","XGBoost_SHAP","all",0.0342917057291433,"TXNIP"
"ENSG00000265972","patient6","XGBoost_SHAP","all",0.0248115709052306,"TXNIP"
"ENSG00000265972","patient3","XGBoost_SHAP","all",0.0181711944870649,"TXNIP"
"ENSG00000266412","patient2","XGBoost_SHAP","all",0.00320753022227773,"NCOA4"
"ENSG00000266412","patient5","XGBoost_SHAP","all",0.000805204725748814,"NCOA4"
"ENSG00000266412","patient3","XGBoost_SHAP","all",0.00186204389298956,"NCOA4"
"ENSG00000266412","patient1","XGBoost_SHAP","all",0.00151687364398033,"NCOA4"
"ENSG00000266412","patient6","XGBoost_SHAP","all",0.00118493238330364,"NCOA4"
"ENSG00000266412","patient4","XGBoost_SHAP","all",0.00239966085816928,"NCOA4"
"ENSG00000266472","patient4","XGBoost_SHAP","all",0.00228060498508908,"MRPS21"
"ENSG00000266472","patient2","XGBoost_SHAP","all",0.0140655412897011,"MRPS21"
"ENSG00000266472","patient1","XGBoost_SHAP","all",0.00328549056175338,"MRPS21"
"ENSG00000266472","patient3","XGBoost_SHAP","all",0.00424108311307634,"MRPS21"
"ENSG00000266472","patient5","XGBoost_SHAP","all",0.00574871354961827,"MRPS21"
"ENSG00000266472","patient6","XGBoost_SHAP","all",0.00510738086779249,"MRPS21"
"ENSG00000266964","patient4","XGBoost_SHAP","all",0.00378877476643413,"FXYD1"
"ENSG00000266964","patient2","XGBoost_SHAP","all",0.00455021887477749,"FXYD1"
"ENSG00000266964","patient5","XGBoost_SHAP","all",0.00395612281492011,"FXYD1"
"ENSG00000266964","patient1","XGBoost_SHAP","all",0.00306189731834149,"FXYD1"
"ENSG00000266964","patient3","XGBoost_SHAP","all",0.00535333558932203,"FXYD1"
"ENSG00000266964","patient6","XGBoost_SHAP","all",0.00536475343708428,"FXYD1"
"ENSG00000269821","patient4","XGBoost_SHAP","all",0.0052764842812817,"KCNQ1OT1"
"ENSG00000269821","patient2","XGBoost_SHAP","all",0.00335667652710143,"KCNQ1OT1"
"ENSG00000269821","patient5","XGBoost_SHAP","all",0.00138222323163431,"KCNQ1OT1"
"ENSG00000269821","patient1","XGBoost_SHAP","all",0.0019346038218509,"KCNQ1OT1"
"ENSG00000269821","patient3","XGBoost_SHAP","all",0.00525527741277385,"KCNQ1OT1"
"ENSG00000269821","patient6","XGBoost_SHAP","all",0.00557232238182276,"KCNQ1OT1"
"ENSG00000269893","patient2","XGBoost_SHAP","all",0.00222054353802017,"SNHG8"
"ENSG00000269893","patient6","XGBoost_SHAP","all",0.00467879081498779,"SNHG8"
"ENSG00000269893","patient1","XGBoost_SHAP","all",0.00302270773684661,"SNHG8"
"ENSG00000269893","patient5","XGBoost_SHAP","all",0.00446467474006683,"SNHG8"
"ENSG00000269893","patient3","XGBoost_SHAP","all",0.00311810334866736,"SNHG8"
"ENSG00000269893","patient4","XGBoost_SHAP","all",0.00359717379848856,"SNHG8"
"ENSG00000272047","patient6","XGBoost_SHAP","all",0.00167314220634215,"GTF2H5"
"ENSG00000272047","patient2","XGBoost_SHAP","all",0.00191951332733452,"GTF2H5"
"ENSG00000272047","patient3","XGBoost_SHAP","all",0.00196464022711175,"GTF2H5"
"ENSG00000272047","patient1","XGBoost_SHAP","all",0.00323572638648149,"GTF2H5"
"ENSG00000272047","patient4","XGBoost_SHAP","all",0.00263756943589082,"GTF2H5"
"ENSG00000272047","patient5","XGBoost_SHAP","all",0.00135118209776781,"GTF2H5"
"ENSG00000273749","patient6","XGBoost_SHAP","all",0.00213710048871757,"CYFIP1"
"ENSG00000273749","patient1","XGBoost_SHAP","all",0.00183887135630351,"CYFIP1"
"ENSG00000273749","patient5","XGBoost_SHAP","all",0.000286180983458192,"CYFIP1"
"ENSG00000273749","patient3","XGBoost_SHAP","all",0.00122056427353524,"CYFIP1"
"ENSG00000273749","patient2","XGBoost_SHAP","all",0.00205703513491975,"CYFIP1"
"ENSG00000273749","patient4","XGBoost_SHAP","all",0.0028686140557911,"CYFIP1"
"ENSG00000275302","patient3","XGBoost_SHAP","all",0.00191692365755777,"CCL4"
"ENSG00000275302","patient1","XGBoost_SHAP","all",0.00368860962811236,"CCL4"
"ENSG00000275302","patient4","XGBoost_SHAP","all",0.0020190589276978,"CCL4"
"ENSG00000275302","patient2","XGBoost_SHAP","all",0.00331197223845123,"CCL4"
"ENSG00000275302","patient6","XGBoost_SHAP","all",0.00165887507572341,"CCL4"
"ENSG00000275302","patient5","XGBoost_SHAP","all",0.0031925285103343,"CCL4"
"ENSG00000275395","patient2","XGBoost_SHAP","all",0.00652292039526156,"FCGBP"
"ENSG00000275395","patient6","XGBoost_SHAP","all",0.00175256922092023,"FCGBP"
"ENSG00000275395","patient1","XGBoost_SHAP","all",0.00168831549257866,"FCGBP"
"ENSG00000275395","patient4","XGBoost_SHAP","all",0.00165647503206174,"FCGBP"
"ENSG00000275395","patient3","XGBoost_SHAP","all",0.00129419820090769,"FCGBP"
"ENSG00000275395","patient5","XGBoost_SHAP","all",0.00328634745510166,"FCGBP"
"ENSG00000277443","patient4","XGBoost_SHAP","all",0.00952479960389736,"MARCKS"
"ENSG00000277443","patient1","XGBoost_SHAP","all",0.00724211128513978,"MARCKS"
"ENSG00000277443","patient6","XGBoost_SHAP","all",0.00984568025477245,"MARCKS"
"ENSG00000277443","patient2","XGBoost_SHAP","all",0.0111536575833516,"MARCKS"
"ENSG00000277443","patient3","XGBoost_SHAP","all",0.00691485072750584,"MARCKS"
"ENSG00000277443","patient5","XGBoost_SHAP","all",0.00868965693757221,"MARCKS"
"ENSG00000277632","patient6","XGBoost_SHAP","all",0.00394528520400138,"CCL3"
"ENSG00000277632","patient1","XGBoost_SHAP","all",0.0028584447047596,"CCL3"
"ENSG00000277632","patient4","XGBoost_SHAP","all",0.00383093858822376,"CCL3"
"ENSG00000277632","patient3","XGBoost_SHAP","all",0.00427396094710461,"CCL3"
"ENSG00000277632","patient5","XGBoost_SHAP","all",0.00342900007183561,"CCL3"
"ENSG00000277791","patient2","XGBoost_SHAP","all",0.00148614147225545,"PSMB3"
"ENSG00000277791","patient1","XGBoost_SHAP","all",0.00151951756337196,"PSMB3"
"ENSG00000277791","patient3","XGBoost_SHAP","all",0.00237609891170479,"PSMB3"
"ENSG00000277972","patient2","XGBoost_SHAP","all",0.0014005179422147,"CISD3"
"ENSG00000277972","patient3","XGBoost_SHAP","all",0.0055476256142436,"CISD3"
"ENSG00000277972","patient1","XGBoost_SHAP","all",0.00331304898827838,"CISD3"
"ENSG00000277972","patient5","XGBoost_SHAP","all",0.0036176450119535,"CISD3"
"ENSG00000277972","patient6","XGBoost_SHAP","all",0.00352085400491995,"CISD3"
"ENSG00000277972","patient4","XGBoost_SHAP","all",0.00132015777974085,"CISD3"
"ENSG00000278311","patient4","XGBoost_SHAP","all",0.00440300687012497,"GGNBP2"
"ENSG00000278311","patient5","XGBoost_SHAP","all",0.000756099309183497,"GGNBP2"
"ENSG00000278311","patient6","XGBoost_SHAP","all",0.00229349442685755,"GGNBP2"
"ENSG00000278311","patient3","XGBoost_SHAP","all",0.00451641373567385,"GGNBP2"
"ENSG00000278311","patient1","XGBoost_SHAP","all",0.00181752707536174,"GGNBP2"
"ENSG00000278311","patient2","XGBoost_SHAP","all",0.0010203997830399,"GGNBP2"
"ENSG00000310560","patient1","XGBoost_SHAP","all",0.00306765606685691,"PAXX"
