"gene","held_out_donor","model","cell_type","gain","hgnc_symbol"
"ENSG00000000971","patient3","XGBoost","all",0.00017714675462995,"CFH"
"ENSG00000000971","patient2","XGBoost","all",0.000159226486071658,"CFH"
"ENSG00000000971","patient1","XGBoost","all",0.000149609763793968,"CFH"
"ENSG00000000971","patient6","XGBoost","all",0.000146511066454634,"CFH"
"ENSG00000000971","patient5","XGBoost","all",0.000127767618454609,"CFH"
"ENSG00000000971","patient4","XGBoost","all",0.000170692847289207,"CFH"
"ENSG00000002330","patient5","XGBoost","all",7.20099808777835e-06,"BAD"
"ENSG00000002330","patient3","XGBoost","all",1.2206074846084e-05,"BAD"
"ENSG00000002330","patient1","XGBoost","all",2.98347895865701e-06,"BAD"
"ENSG00000002330","patient6","XGBoost","all",1.56989162935011e-05,"BAD"
"ENSG00000002330","patient4","XGBoost","all",1.28099696264595e-05,"BAD"
"ENSG00000002330","patient2","XGBoost","all",1.36475393893664e-05,"BAD"
"ENSG00000002549","patient2","XGBoost","all",2.95707643359892e-05,"LAP3"
"ENSG00000002549","patient6","XGBoost","all",1.79360125943767e-05,"LAP3"
"ENSG00000002549","patient5","XGBoost","all",2.96474833538808e-05,"LAP3"
"ENSG00000002549","patient3","XGBoost","all",1.64716677317748e-05,"LAP3"
"ENSG00000002549","patient4","XGBoost","all",2.53835945764447e-05,"LAP3"
"ENSG00000002549","patient1","XGBoost","all",1.53811786723344e-05,"LAP3"
"ENSG00000002933","patient2","XGBoost","all",0.000126284070119469,"TMEM176A"
"ENSG00000002933","patient5","XGBoost","all",0.000330268895623782,"TMEM176A"
"ENSG00000002933","patient6","XGBoost","all",0.000132934379205216,"TMEM176A"
"ENSG00000002933","patient4","XGBoost","all",0.000134016596451799,"TMEM176A"
"ENSG00000002933","patient1","XGBoost","all",7.75852912691189e-05,"TMEM176A"
"ENSG00000002933","patient3","XGBoost","all",7.96821278145542e-05,"TMEM176A"
"ENSG00000003056","patient3","XGBoost","all",1.43987304463642e-05,"M6PR"
"ENSG00000003056","patient4","XGBoost","all",7.7500079254969e-06,"M6PR"
"ENSG00000003056","patient2","XGBoost","all",4.34021540384046e-06,"M6PR"
"ENSG00000003056","patient6","XGBoost","all",3.71594039381449e-06,"M6PR"
"ENSG00000003056","patient1","XGBoost","all",4.16525569530105e-06,"M6PR"
"ENSG00000003056","patient5","XGBoost","all",1.39120589112353e-05,"M6PR"
"ENSG00000003402","patient3","XGBoost","all",1.74239600269815e-05,"CFLAR"
"ENSG00000003402","patient2","XGBoost","all",1.21914651213743e-05,"CFLAR"
"ENSG00000003402","patient1","XGBoost","all",1.23876093212893e-05,"CFLAR"
"ENSG00000003402","patient5","XGBoost","all",1.47235201208145e-05,"CFLAR"
"ENSG00000003402","patient4","XGBoost","all",1.50033093994611e-05,"CFLAR"
"ENSG00000003402","patient6","XGBoost","all",3.6347638621945e-06,"CFLAR"
"ENSG00000003436","patient6","XGBoost","all",0.000143575387807037,"TFPI"
"ENSG00000003436","patient5","XGBoost","all",0.000211396101858021,"TFPI"
"ENSG00000003436","patient3","XGBoost","all",0.000150145157973258,"TFPI"
"ENSG00000003436","patient4","XGBoost","all",5.99953901786766e-05,"TFPI"
"ENSG00000003436","patient1","XGBoost","all",9.03086301121431e-05,"TFPI"
"ENSG00000003436","patient2","XGBoost","all",0.000651717036720955,"TFPI"
"ENSG00000004059","patient1","XGBoost","all",1.14500117120459e-05,"ARF5"
"ENSG00000004059","patient6","XGBoost","all",1.12797589177715e-05,"ARF5"
"ENSG00000004059","patient2","XGBoost","all",5.67303691303726e-06,"ARF5"
"ENSG00000004059","patient3","XGBoost","all",1.04275480625967e-05,"ARF5"
"ENSG00000004059","patient5","XGBoost","all",9.3907587240302e-06,"ARF5"
"ENSG00000004059","patient4","XGBoost","all",1.43883279446614e-05,"ARF5"
"ENSG00000004399","patient5","XGBoost","all",4.65043419214222e-06,"PLXND1"
"ENSG00000004399","patient2","XGBoost","all",2.39321785087531e-06,"PLXND1"
"ENSG00000004399","patient4","XGBoost","all",1.83349020626852e-05,"PLXND1"
"ENSG00000004399","patient6","XGBoost","all",1.12735907844994e-05,"PLXND1"
"ENSG00000004399","patient3","XGBoost","all",1.84019622736993e-05,"PLXND1"
"ENSG00000004399","patient1","XGBoost","all",6.19768559503557e-06,"PLXND1"
"ENSG00000004534","patient5","XGBoost","all",1.30105174925822e-05,"RBM6"
"ENSG00000004534","patient1","XGBoost","all",2.45519273550271e-06,"RBM6"
"ENSG00000004534","patient2","XGBoost","all",4.55469394833504e-06,"RBM6"
"ENSG00000004534","patient6","XGBoost","all",1.8882054302601e-05,"RBM6"
"ENSG00000004700","patient2","XGBoost","all",5.82356809466413e-06,"RECQL"
"ENSG00000004700","patient5","XGBoost","all",7.38716612646311e-06,"RECQL"
"ENSG00000004700","patient3","XGBoost","all",1.18041372434637e-05,"RECQL"
"ENSG00000004700","patient6","XGBoost","all",8.07065457548853e-06,"RECQL"
"ENSG00000004700","patient1","XGBoost","all",1.16096184251329e-05,"RECQL"
"ENSG00000004700","patient4","XGBoost","all",1.3234305379924e-05,"RECQL"
"ENSG00000004776","patient2","XGBoost","all",9.04044809194352e-05,"HSPB6"
"ENSG00000004776","patient3","XGBoost","all",5.22410314769039e-05,"HSPB6"
"ENSG00000004776","patient4","XGBoost","all",0.000155084503535622,"HSPB6"
"ENSG00000004776","patient5","XGBoost","all",8.64883401721786e-05,"HSPB6"
"ENSG00000004776","patient6","XGBoost","all",0.000153245097503622,"HSPB6"
"ENSG00000004776","patient1","XGBoost","all",6.438765269968e-05,"HSPB6"
"ENSG00000004779","patient5","XGBoost","all",1.11450970674591e-05,"NDUFAB1"
"ENSG00000004779","patient4","XGBoost","all",1.32045072623936e-05,"NDUFAB1"
"ENSG00000004779","patient6","XGBoost","all",8.05688154358349e-06,"NDUFAB1"
"ENSG00000004779","patient3","XGBoost","all",1.07431776948062e-05,"NDUFAB1"
"ENSG00000004779","patient2","XGBoost","all",1.76581646137094e-05,"NDUFAB1"
"ENSG00000004779","patient1","XGBoost","all",1.2008835901147e-05,"NDUFAB1"
"ENSG00000004799","patient3","XGBoost","all",3.23517547286871e-05,"PDK4"
"ENSG00000004799","patient5","XGBoost","all",1.02791836595062e-05,"PDK4"
"ENSG00000004799","patient4","XGBoost","all",1.53425831016363e-05,"PDK4"
"ENSG00000004799","patient6","XGBoost","all",1.46675876244387e-05,"PDK4"
"ENSG00000004799","patient2","XGBoost","all",1.20774670189412e-05,"PDK4"
"ENSG00000004799","patient1","XGBoost","all",1.33766155181769e-05,"PDK4"
"ENSG00000005020","patient1","XGBoost","all",9.4542516620015e-06,"SKAP2"
"ENSG00000005020","patient6","XGBoost","all",8.53790205116784e-06,"SKAP2"
"ENSG00000005020","patient5","XGBoost","all",2.11391272202295e-05,"SKAP2"
"ENSG00000005020","patient3","XGBoost","all",3.08756949955716e-06,"SKAP2"
"ENSG00000005020","patient4","XGBoost","all",8.07896460696797e-06,"SKAP2"
"ENSG00000005020","patient2","XGBoost","all",3.47125891385231e-07,"SKAP2"
"ENSG00000005022","patient5","XGBoost","all",2.31983988045229e-05,"SLC25A5"
"ENSG00000005022","patient1","XGBoost","all",2.4485759663873e-05,"SLC25A5"
"ENSG00000005022","patient4","XGBoost","all",5.7843478189649e-06,"SLC25A5"
"ENSG00000005022","patient2","XGBoost","all",1.32934537960596e-05,"SLC25A5"
"ENSG00000005022","patient6","XGBoost","all",3.04007145814685e-05,"SLC25A5"
"ENSG00000005022","patient3","XGBoost","all",2.82316993455691e-05,"SLC25A5"
"ENSG00000005075","patient1","XGBoost","all",4.95613021240942e-06,"POLR2J"
"ENSG00000005075","patient3","XGBoost","all",1.0064395376796e-05,"POLR2J"
"ENSG00000005075","patient6","XGBoost","all",7.3148100164362e-06,"POLR2J"
"ENSG00000005075","patient5","XGBoost","all",1.01979505861458e-05,"POLR2J"
"ENSG00000005075","patient4","XGBoost","all",3.70201868356233e-06,"POLR2J"
"ENSG00000005075","patient2","XGBoost","all",3.04338846488123e-06,"POLR2J"
"ENSG00000005243","patient5","XGBoost","all",6.96889329634183e-06,"COPZ2"
"ENSG00000005243","patient4","XGBoost","all",8.42085137859491e-06,"COPZ2"
"ENSG00000005243","patient2","XGBoost","all",1.37726313684268e-05,"COPZ2"
"ENSG00000005243","patient3","XGBoost","all",1.72958608687183e-05,"COPZ2"
"ENSG00000005243","patient1","XGBoost","all",2.46420338314474e-05,"COPZ2"
"ENSG00000005243","patient6","XGBoost","all",1.67107732355735e-05,"COPZ2"
"ENSG00000005483","patient1","XGBoost","all",4.85004010714474e-06,"KMT2E"
"ENSG00000005483","patient6","XGBoost","all",9.70862398849524e-06,"KMT2E"
"ENSG00000005483","patient3","XGBoost","all",1.50610992679492e-05,"KMT2E"
"ENSG00000005483","patient2","XGBoost","all",1.22153568919737e-05,"KMT2E"
"ENSG00000005483","patient5","XGBoost","all",5.36350279096028e-06,"KMT2E"
"ENSG00000005483","patient4","XGBoost","all",1.85771475339738e-05,"KMT2E"
"ENSG00000005810","patient3","XGBoost","all",1.67896239431559e-05,"MYCBP2"
"ENSG00000005810","patient1","XGBoost","all",7.40982607955269e-06,"MYCBP2"
"ENSG00000005810","patient2","XGBoost","all",1.97059368642408e-05,"MYCBP2"
"ENSG00000005810","patient5","XGBoost","all",1.56328159578233e-05,"MYCBP2"
"ENSG00000005810","patient4","XGBoost","all",2.09936672303682e-05,"MYCBP2"
"ENSG00000005810","patient6","XGBoost","all",1.45967095708684e-05,"MYCBP2"
"ENSG00000005893","patient3","XGBoost","all",2.06581189963974e-05,"LAMP2"
"ENSG00000005893","patient5","XGBoost","all",1.18459365315926e-05,"LAMP2"
"ENSG00000005893","patient6","XGBoost","all",9.04677446865392e-06,"LAMP2"
"ENSG00000005893","patient1","XGBoost","all",1.16339711866082e-05,"LAMP2"
"ENSG00000005893","patient2","XGBoost","all",1.1393960003067e-05,"LAMP2"
"ENSG00000005893","patient4","XGBoost","all",7.52711236794087e-06,"LAMP2"
"ENSG00000006015","patient5","XGBoost","all",1.68521784823475e-05,"REX1BD"
"ENSG00000006015","patient4","XGBoost","all",2.37833767548902e-06,"REX1BD"
"ENSG00000006015","patient2","XGBoost","all",1.04265156692917e-05,"REX1BD"
"ENSG00000006015","patient3","XGBoost","all",9.72150979752556e-06,"REX1BD"
"ENSG00000006015","patient1","XGBoost","all",1.02589058845219e-05,"REX1BD"
"ENSG00000006015","patient6","XGBoost","all",4.61223659086306e-06,"REX1BD"
"ENSG00000006016","patient5","XGBoost","all",0.00039415201047183,"CRLF1"
"ENSG00000006016","patient6","XGBoost","all",0.000241491112165947,"CRLF1"
"ENSG00000006016","patient2","XGBoost","all",0.000263909427026325,"CRLF1"
"ENSG00000006016","patient3","XGBoost","all",0.000266587625094622,"CRLF1"
"ENSG00000006016","patient4","XGBoost","all",7.41751516706708e-05,"CRLF1"
"ENSG00000006016","patient1","XGBoost","all",0.000194033537477458,"CRLF1"
"ENSG00000006042","patient2","XGBoost","all",9.63836527724547e-05,"TMEM98"
"ENSG00000006042","patient3","XGBoost","all",0.000160692070091685,"TMEM98"
"ENSG00000006042","patient4","XGBoost","all",0.000101586043259878,"TMEM98"
"ENSG00000006042","patient5","XGBoost","all",0.000138425918463941,"TMEM98"
"ENSG00000006042","patient6","XGBoost","all",6.56019211359248e-05,"TMEM98"
"ENSG00000006042","patient1","XGBoost","all",6.29170966384735e-05,"TMEM98"
"ENSG00000006125","patient4","XGBoost","all",4.92330069452162e-06,"AP2B1"
"ENSG00000006125","patient6","XGBoost","all",5.04181449709791e-06,"AP2B1"
"ENSG00000006125","patient5","XGBoost","all",1.30940227980652e-05,"AP2B1"
"ENSG00000006125","patient2","XGBoost","all",4.50896575469788e-06,"AP2B1"
"ENSG00000006125","patient1","XGBoost","all",1.95729155148449e-06,"AP2B1"
"ENSG00000006125","patient3","XGBoost","all",7.44460578420356e-06,"AP2B1"
"ENSG00000006327","patient5","XGBoost","all",4.39344667651628e-05,"TNFRSF12A"
"ENSG00000006327","patient3","XGBoost","all",6.55369694646016e-05,"TNFRSF12A"
"ENSG00000006327","patient4","XGBoost","all",5.97395945530436e-05,"TNFRSF12A"
"ENSG00000006327","patient2","XGBoost","all",3.51964400935942e-05,"TNFRSF12A"
"ENSG00000006327","patient1","XGBoost","all",3.31858407244771e-05,"TNFRSF12A"
"ENSG00000006327","patient6","XGBoost","all",3.53681928303501e-05,"TNFRSF12A"
"ENSG00000006652","patient4","XGBoost","all",1.91154382114309e-05,"IFRD1"
"ENSG00000007080","patient5","XGBoost","all",5.35455219583743e-06,"CCDC124"
"ENSG00000007080","patient6","XGBoost","all",1.31266951834691e-05,"CCDC124"
"ENSG00000007080","patient2","XGBoost","all",6.94826559663392e-06,"CCDC124"
"ENSG00000007080","patient3","XGBoost","all",1.63505369322564e-05,"CCDC124"
"ENSG00000007080","patient1","XGBoost","all",3.32002439861828e-06,"CCDC124"
"ENSG00000007080","patient4","XGBoost","all",4.72402705666491e-06,"CCDC124"
"ENSG00000007168","patient5","XGBoost","all",3.29898267595389e-06,"PAFAH1B1"
"ENSG00000007168","patient4","XGBoost","all",1.16302799894428e-05,"PAFAH1B1"
"ENSG00000007168","patient6","XGBoost","all",8.57209493294694e-06,"PAFAH1B1"
"ENSG00000007168","patient2","XGBoost","all",1.17362464276254e-05,"PAFAH1B1"
"ENSG00000007168","patient1","XGBoost","all",1.64005184390441e-05,"PAFAH1B1"
"ENSG00000007168","patient3","XGBoost","all",4.88273109654615e-06,"PAFAH1B1"
"ENSG00000008282","patient3","XGBoost","all",2.24605556099825e-05,"SYPL1"
"ENSG00000008282","patient6","XGBoost","all",1.13332243709459e-05,"SYPL1"
"ENSG00000008282","patient4","XGBoost","all",1.71850015803789e-05,"SYPL1"
"ENSG00000008282","patient5","XGBoost","all",1.18524943856928e-05,"SYPL1"
"ENSG00000008282","patient1","XGBoost","all",1.57342329873412e-05,"SYPL1"
"ENSG00000008282","patient2","XGBoost","all",1.57848232104652e-05,"SYPL1"
"ENSG00000008294","patient3","XGBoost","all",5.47887471817644e-06,"SPAG9"
"ENSG00000008294","patient6","XGBoost","all",5.42852807358473e-07,"SPAG9"
"ENSG00000008294","patient2","XGBoost","all",1.2846567023412e-05,"SPAG9"
"ENSG00000008294","patient5","XGBoost","all",5.79826635346122e-06,"SPAG9"
"ENSG00000008294","patient1","XGBoost","all",8.58935982792528e-06,"SPAG9"
"ENSG00000008294","patient4","XGBoost","all",1.77415454483125e-05,"SPAG9"
"ENSG00000008394","patient1","XGBoost","all",0.00458454825070997,"MGST1"
"ENSG00000008394","patient6","XGBoost","all",0.00395619679819565,"MGST1"
"ENSG00000008394","patient3","XGBoost","all",0.00363085721587492,"MGST1"
"ENSG00000008394","patient5","XGBoost","all",0.00477238967332023,"MGST1"
"ENSG00000008394","patient2","XGBoost","all",0.0030063890586428,"MGST1"
"ENSG00000008394","patient4","XGBoost","all",0.00289704918983143,"MGST1"
"ENSG00000008441","patient3","XGBoost","all",5.80105169464098e-06,"NFIX"
"ENSG00000008441","patient1","XGBoost","all",1.28089926683567e-05,"NFIX"
"ENSG00000008441","patient6","XGBoost","all",1.59799689361895e-05,"NFIX"
"ENSG00000008441","patient2","XGBoost","all",2.01833051517826e-05,"NFIX"
"ENSG00000008441","patient4","XGBoost","all",3.27903957513587e-05,"NFIX"
"ENSG00000008441","patient5","XGBoost","all",3.7951099903627e-05,"NFIX"
"ENSG00000008517","patient2","XGBoost","all",0.000474493169473937,"IL32"
"ENSG00000008517","patient6","XGBoost","all",0.00078342858191872,"IL32"
"ENSG00000008517","patient5","XGBoost","all",0.00030866125149935,"IL32"
"ENSG00000008517","patient4","XGBoost","all",0.00522666340121472,"IL32"
"ENSG00000008517","patient3","XGBoost","all",5.56881615742205e-05,"IL32"
"ENSG00000008517","patient1","XGBoost","all",0.000292162967625171,"IL32"
"ENSG00000009413","patient5","XGBoost","all",4.61593067285055e-06,"REV3L"
"ENSG00000009413","patient2","XGBoost","all",1.0561852805916e-05,"REV3L"
"ENSG00000009413","patient3","XGBoost","all",8.50101003193978e-06,"REV3L"
"ENSG00000009413","patient1","XGBoost","all",1.02438427788046e-05,"REV3L"
"ENSG00000009413","patient4","XGBoost","all",1.74818045522444e-05,"REV3L"
"ENSG00000009413","patient6","XGBoost","all",6.82248671758957e-06,"REV3L"
"ENSG00000010244","patient3","XGBoost","all",6.9959712266937e-06,"ZNF207"
"ENSG00000010244","patient6","XGBoost","all",1.06160956594796e-05,"ZNF207"
"ENSG00000010244","patient1","XGBoost","all",1.24072032077725e-05,"ZNF207"
"ENSG00000010244","patient5","XGBoost","all",1.47134361220493e-05,"ZNF207"
"ENSG00000010244","patient2","XGBoost","all",1.29086945747062e-05,"ZNF207"
"ENSG00000010244","patient4","XGBoost","all",1.25043472396436e-05,"ZNF207"
"ENSG00000010256","patient6","XGBoost","all",1.19797680720739e-05,"UQCRC1"
"ENSG00000010256","patient4","XGBoost","all",1.36771558752508e-05,"UQCRC1"
"ENSG00000010256","patient5","XGBoost","all",7.89209841784475e-06,"UQCRC1"
"ENSG00000010256","patient1","XGBoost","all",7.60890864565155e-06,"UQCRC1"
"ENSG00000010256","patient2","XGBoost","all",9.53885224333208e-06,"UQCRC1"
"ENSG00000010278","patient3","XGBoost","all",0.00031444137911951,"CD9"
"ENSG00000010278","patient4","XGBoost","all",0.000398205697751676,"CD9"
"ENSG00000010278","patient6","XGBoost","all",0.000224053685602597,"CD9"
"ENSG00000010278","patient1","XGBoost","all",0.00044979915988076,"CD9"
"ENSG00000010278","patient2","XGBoost","all",0.000585476884962059,"CD9"
"ENSG00000010278","patient5","XGBoost","all",0.000710136359211544,"CD9"
"ENSG00000010327","patient6","XGBoost","all",1.10497370511138e-05,"STAB1"
"ENSG00000010327","patient5","XGBoost","all",3.07488153542785e-05,"STAB1"
"ENSG00000010327","patient4","XGBoost","all",4.60678155550339e-06,"STAB1"
"ENSG00000010327","patient3","XGBoost","all",9.50575390531475e-06,"STAB1"
"ENSG00000010327","patient1","XGBoost","all",9.77785960485832e-06,"STAB1"
"ENSG00000010327","patient2","XGBoost","all",7.50807082211523e-06,"STAB1"
"ENSG00000010404","patient6","XGBoost","all",1.64969469863749e-05,"IDS"
"ENSG00000010404","patient2","XGBoost","all",1.15493111194687e-05,"IDS"
"ENSG00000010404","patient1","XGBoost","all",1.07740130010221e-05,"IDS"
"ENSG00000010404","patient5","XGBoost","all",1.79606635190657e-05,"IDS"
"ENSG00000010404","patient4","XGBoost","all",7.72170252490931e-06,"IDS"
"ENSG00000010404","patient3","XGBoost","all",1.30490126101324e-05,"IDS"
"ENSG00000011405","patient6","XGBoost","all",1.15431578395405e-05,"PIK3C2A"
"ENSG00000011405","patient2","XGBoost","all",7.91549215830849e-06,"PIK3C2A"
"ENSG00000011405","patient3","XGBoost","all",2.90172820401661e-06,"PIK3C2A"
"ENSG00000011405","patient4","XGBoost","all",1.69228594633335e-06,"PIK3C2A"
"ENSG00000011405","patient1","XGBoost","all",5.13164168409713e-06,"PIK3C2A"
"ENSG00000011405","patient5","XGBoost","all",6.752383364047e-06,"PIK3C2A"
"ENSG00000011422","patient2","XGBoost","all",1.72502004920685e-05,"PLAUR"
"ENSG00000011422","patient6","XGBoost","all",1.25632014990901e-05,"PLAUR"
"ENSG00000011422","patient3","XGBoost","all",1.66344023487329e-05,"PLAUR"
"ENSG00000011422","patient1","XGBoost","all",2.04565195919748e-05,"PLAUR"
"ENSG00000011422","patient4","XGBoost","all",3.56746108803181e-06,"PLAUR"
"ENSG00000011422","patient5","XGBoost","all",2.07131301958496e-05,"PLAUR"
"ENSG00000011454","patient4","XGBoost","all",9.52352187313359e-06,"RABGAP1"
"ENSG00000011454","patient2","XGBoost","all",1.00354877694597e-05,"RABGAP1"
"ENSG00000011454","patient6","XGBoost","all",1.25405262121074e-05,"RABGAP1"
"ENSG00000011454","patient3","XGBoost","all",8.45188408894872e-06,"RABGAP1"
"ENSG00000011454","patient5","XGBoost","all",1.47905060197745e-05,"RABGAP1"
"ENSG00000011454","patient1","XGBoost","all",9.44910621172993e-06,"RABGAP1"
"ENSG00000011465","patient5","XGBoost","all",0.102999574992185,"DCN"
"ENSG00000011465","patient2","XGBoost","all",0.11128920373839,"DCN"
"ENSG00000011465","patient4","XGBoost","all",0.107716245123814,"DCN"
"ENSG00000011465","patient6","XGBoost","all",0.130506537491197,"DCN"
"ENSG00000011465","patient1","XGBoost","all",0.130057910633272,"DCN"
"ENSG00000011465","patient3","XGBoost","all",0.138335150583174,"DCN"
"ENSG00000011600","patient1","XGBoost","all",0.154854038750585,"TYROBP"
"ENSG00000011600","patient2","XGBoost","all",0.169149843389064,"TYROBP"
"ENSG00000011600","patient3","XGBoost","all",0.165228912281236,"TYROBP"
"ENSG00000011600","patient4","XGBoost","all",0.148524809539391,"TYROBP"
"ENSG00000011600","patient5","XGBoost","all",0.173179323126099,"TYROBP"
"ENSG00000011600","patient6","XGBoost","all",0.168768207989695,"TYROBP"
"ENSG00000011638","patient5","XGBoost","all",1.98475802520391e-05,"LDAF1"
"ENSG00000011638","patient2","XGBoost","all",7.99820739715015e-06,"LDAF1"
"ENSG00000011638","patient1","XGBoost","all",2.01548901570569e-05,"LDAF1"
"ENSG00000011638","patient4","XGBoost","all",2.2632579175775e-05,"LDAF1"
"ENSG00000011638","patient3","XGBoost","all",2.47879161238003e-05,"LDAF1"
"ENSG00000011638","patient6","XGBoost","all",1.17762843996637e-05,"LDAF1"
"ENSG00000012061","patient2","XGBoost","all",8.31313809307075e-06,"ERCC1"
"ENSG00000012061","patient3","XGBoost","all",1.14033526895361e-05,"ERCC1"
"ENSG00000012061","patient5","XGBoost","all",1.30818060630103e-05,"ERCC1"
"ENSG00000012061","patient6","XGBoost","all",7.25838283506241e-06,"ERCC1"
"ENSG00000013275","patient3","XGBoost","all",1.24261357062762e-05,"PSMC4"
"ENSG00000013275","patient1","XGBoost","all",1.27028355418989e-05,"PSMC4"
"ENSG00000013275","patient6","XGBoost","all",5.52785585947556e-06,"PSMC4"
"ENSG00000013275","patient4","XGBoost","all",4.12214191159329e-06,"PSMC4"
"ENSG00000013275","patient2","XGBoost","all",7.39366875572476e-06,"PSMC4"
"ENSG00000013275","patient5","XGBoost","all",2.07142663119109e-05,"PSMC4"
"ENSG00000013364","patient6","XGBoost","all",5.95533054037767e-06,"MVP"
"ENSG00000013364","patient2","XGBoost","all",9.96292886874502e-06,"MVP"
"ENSG00000013364","patient4","XGBoost","all",6.36710345419758e-06,"MVP"
"ENSG00000013364","patient5","XGBoost","all",8.4368668442192e-06,"MVP"
"ENSG00000013374","patient4","XGBoost","all",2.05667110742355e-05,"NUB1"
"ENSG00000013374","patient1","XGBoost","all",7.36910755734748e-06,"NUB1"
"ENSG00000013374","patient3","XGBoost","all",2.609542175769e-05,"NUB1"
"ENSG00000013374","patient2","XGBoost","all",9.40159002765356e-06,"NUB1"
"ENSG00000013374","patient5","XGBoost","all",5.45908146078107e-06,"NUB1"
"ENSG00000013374","patient6","XGBoost","all",1.48182331837975e-05,"NUB1"
"ENSG00000013441","patient2","XGBoost","all",7.53170205569976e-06,"CLK1"
"ENSG00000013441","patient4","XGBoost","all",1.03968680237195e-05,"CLK1"
"ENSG00000013441","patient5","XGBoost","all",6.97957402728109e-06,"CLK1"
"ENSG00000013441","patient1","XGBoost","all",1.05393070045241e-05,"CLK1"
"ENSG00000013441","patient3","XGBoost","all",4.37808340585969e-06,"CLK1"
"ENSG00000013441","patient6","XGBoost","all",6.37265255357619e-06,"CLK1"
"ENSG00000013583","patient3","XGBoost","all",7.81693355154337e-06,"HEBP1"
"ENSG00000013583","patient1","XGBoost","all",1.25557014358173e-05,"HEBP1"
"ENSG00000013583","patient2","XGBoost","all",6.24334717517552e-06,"HEBP1"
"ENSG00000013583","patient4","XGBoost","all",3.66573841011568e-06,"HEBP1"
"ENSG00000013583","patient5","XGBoost","all",1.05924587511783e-05,"HEBP1"
"ENSG00000013583","patient6","XGBoost","all",5.53606142560717e-06,"HEBP1"
"ENSG00000014123","patient5","XGBoost","all",1.12284334279889e-05,"UFL1"
"ENSG00000014123","patient1","XGBoost","all",4.87188235100049e-06,"UFL1"
"ENSG00000014123","patient4","XGBoost","all",7.80203628121007e-06,"UFL1"
"ENSG00000014123","patient3","XGBoost","all",2.83064142458169e-06,"UFL1"
"ENSG00000014123","patient2","XGBoost","all",5.44153563002302e-06,"UFL1"
"ENSG00000014123","patient6","XGBoost","all",1.67770824464233e-06,"UFL1"
"ENSG00000014641","patient6","XGBoost","all",1.20844286046446e-05,"MDH1"
"ENSG00000014641","patient4","XGBoost","all",2.68928405890754e-05,"MDH1"
"ENSG00000014641","patient3","XGBoost","all",1.73322031429125e-05,"MDH1"
"ENSG00000014641","patient1","XGBoost","all",5.4543783514438e-06,"MDH1"
"ENSG00000014641","patient5","XGBoost","all",2.78290590748627e-05,"MDH1"
"ENSG00000014641","patient2","XGBoost","all",2.35913187875197e-05,"MDH1"
"ENSG00000017427","patient3","XGBoost","all",2.08233372195531e-05,"IGF1"
"ENSG00000017427","patient6","XGBoost","all",2.06970872645872e-05,"IGF1"
"ENSG00000017427","patient2","XGBoost","all",4.31338213086809e-05,"IGF1"
"ENSG00000017427","patient4","XGBoost","all",2.66657145804456e-05,"IGF1"
"ENSG00000017427","patient1","XGBoost","all",1.95150814091694e-05,"IGF1"
"ENSG00000017797","patient4","XGBoost","all",1.62451618972863e-05,"RALBP1"
"ENSG00000017797","patient6","XGBoost","all",2.15907467838175e-05,"RALBP1"
"ENSG00000017797","patient1","XGBoost","all",6.66246942288018e-06,"RALBP1"
"ENSG00000017797","patient2","XGBoost","all",1.75728361096581e-05,"RALBP1"
"ENSG00000017797","patient5","XGBoost","all",2.14038050636257e-05,"RALBP1"
"ENSG00000017797","patient3","XGBoost","all",1.29689561359567e-05,"RALBP1"
"ENSG00000018408","patient1","XGBoost","all",1.59384676688027e-05,"WWTR1"
"ENSG00000018408","patient4","XGBoost","all",6.02206869572099e-06,"WWTR1"
"ENSG00000018408","patient3","XGBoost","all",2.00228604736175e-05,"WWTR1"
"ENSG00000018408","patient6","XGBoost","all",8.66822378209986e-06,"WWTR1"
"ENSG00000018408","patient2","XGBoost","all",6.14511090421925e-06,"WWTR1"
"ENSG00000018408","patient5","XGBoost","all",1.15219241356712e-05,"WWTR1"
"ENSG00000019582","patient2","XGBoost","all",0.000640937099301407,"CD74"
"ENSG00000019582","patient3","XGBoost","all",0.000718558340868131,"CD74"
"ENSG00000019582","patient4","XGBoost","all",0.000657240688629351,"CD74"
"ENSG00000019582","patient6","XGBoost","all",0.000578618015444075,"CD74"
"ENSG00000019582","patient5","XGBoost","all",0.0008696485173756,"CD74"
"ENSG00000019582","patient1","XGBoost","all",0.000964050140995329,"CD74"
"ENSG00000021355","patient1","XGBoost","all",3.01402470054335e-06,"SERPINB1"
"ENSG00000021355","patient3","XGBoost","all",1.07385116405236e-05,"SERPINB1"
"ENSG00000021355","patient5","XGBoost","all",6.86155590278417e-06,"SERPINB1"
"ENSG00000021355","patient2","XGBoost","all",7.86180442728324e-06,"SERPINB1"
"ENSG00000021355","patient6","XGBoost","all",4.13712993753271e-06,"SERPINB1"
"ENSG00000021355","patient4","XGBoost","all",1.0199020289056e-05,"SERPINB1"
"ENSG00000022267","patient4","XGBoost","all",9.43538557455969e-05,"FHL1"
"ENSG00000022267","patient2","XGBoost","all",0.000110140470333586,"FHL1"
"ENSG00000022267","patient6","XGBoost","all",0.000210432353359034,"FHL1"
"ENSG00000022267","patient5","XGBoost","all",0.00014790908077764,"FHL1"
"ENSG00000022267","patient3","XGBoost","all",8.42558411028425e-05,"FHL1"
"ENSG00000022267","patient1","XGBoost","all",0.000103270531817672,"FHL1"
"ENSG00000022277","patient1","XGBoost","all",1.19848334272334e-05,"RTF2"
"ENSG00000022277","patient6","XGBoost","all",1.40302413554303e-05,"RTF2"
"ENSG00000022277","patient4","XGBoost","all",1.59863221720363e-05,"RTF2"
"ENSG00000022277","patient5","XGBoost","all",9.36446375952801e-06,"RTF2"
"ENSG00000022277","patient3","XGBoost","all",4.75712388891178e-06,"RTF2"
"ENSG00000022277","patient2","XGBoost","all",1.14056420617431e-05,"RTF2"
"ENSG00000023287","patient4","XGBoost","all",3.88517798573233e-06,"RB1CC1"
"ENSG00000023287","patient2","XGBoost","all",4.36916527688981e-06,"RB1CC1"
"ENSG00000023287","patient1","XGBoost","all",5.38072761448234e-06,"RB1CC1"
"ENSG00000023287","patient6","XGBoost","all",7.7256900574201e-06,"RB1CC1"
"ENSG00000023287","patient5","XGBoost","all",9.5396751755151e-06,"RB1CC1"
"ENSG00000023287","patient3","XGBoost","all",6.92211921650387e-06,"RB1CC1"
"ENSG00000023318","patient2","XGBoost","all",3.8772575764913e-06,"ERP44"
"ENSG00000023318","patient3","XGBoost","all",8.16000801839577e-06,"ERP44"
"ENSG00000023318","patient4","XGBoost","all",9.47747660721905e-06,"ERP44"
"ENSG00000023318","patient6","XGBoost","all",1.32862671810848e-05,"ERP44"
"ENSG00000023318","patient5","XGBoost","all",6.41683543772136e-06,"ERP44"
"ENSG00000023318","patient1","XGBoost","all",2.33337320055963e-06,"ERP44"
"ENSG00000023734","patient5","XGBoost","all",2.68332169232136e-05,"STRAP"
"ENSG00000023734","patient1","XGBoost","all",4.68392752465128e-06,"STRAP"
"ENSG00000023734","patient4","XGBoost","all",3.01917548103189e-05,"STRAP"
"ENSG00000023734","patient3","XGBoost","all",2.03647303080198e-05,"STRAP"
"ENSG00000023734","patient2","XGBoost","all",1.78180527585313e-05,"STRAP"
"ENSG00000023734","patient6","XGBoost","all",1.90329559191527e-05,"STRAP"
"ENSG00000023902","patient4","XGBoost","all",1.59969830391104e-05,"PLEKHO1"
"ENSG00000023902","patient5","XGBoost","all",1.97272790457437e-05,"PLEKHO1"
"ENSG00000023902","patient2","XGBoost","all",1.99726122890645e-05,"PLEKHO1"
"ENSG00000023902","patient1","XGBoost","all",2.62804094790155e-05,"PLEKHO1"
"ENSG00000023902","patient6","XGBoost","all",1.54942341311735e-05,"PLEKHO1"
"ENSG00000023902","patient3","XGBoost","all",9.41871162494689e-06,"PLEKHO1"
"ENSG00000024422","patient3","XGBoost","all",5.2546395182824e-05,"EHD2"
"ENSG00000024422","patient4","XGBoost","all",2.47017178918387e-05,"EHD2"
"ENSG00000024422","patient5","XGBoost","all",2.68835966182433e-05,"EHD2"
"ENSG00000024422","patient2","XGBoost","all",3.76056890304245e-05,"EHD2"
"ENSG00000024422","patient6","XGBoost","all",4.67978575867005e-05,"EHD2"
"ENSG00000024422","patient1","XGBoost","all",2.0455174724719e-05,"EHD2"
"ENSG00000025293","patient3","XGBoost","all",1.84057218193056e-05,"PHF20"
"ENSG00000025708","patient4","XGBoost","all",1.16263363486114e-05,"TYMP"
"ENSG00000025708","patient2","XGBoost","all",4.51848871155162e-05,"TYMP"
"ENSG00000025708","patient1","XGBoost","all",3.15176721200256e-05,"TYMP"
"ENSG00000025708","patient5","XGBoost","all",2.84429957350052e-05,"TYMP"
"ENSG00000025708","patient3","XGBoost","all",2.19841553365159e-05,"TYMP"
"ENSG00000025708","patient6","XGBoost","all",4.77028177633832e-05,"TYMP"
"ENSG00000025796","patient3","XGBoost","all",1.3155677200064e-05,"SEC63"
"ENSG00000025796","patient4","XGBoost","all",1.20059313338827e-05,"SEC63"
"ENSG00000025796","patient1","XGBoost","all",9.88091302059527e-06,"SEC63"
"ENSG00000025796","patient5","XGBoost","all",1.03016440385573e-05,"SEC63"
"ENSG00000025796","patient6","XGBoost","all",4.88790385289309e-06,"SEC63"
"ENSG00000025796","patient2","XGBoost","all",1.31510754163363e-06,"SEC63"
"ENSG00000026297","patient3","XGBoost","all",1.48721145871976e-05,"RNASET2"
"ENSG00000026297","patient2","XGBoost","all",4.06049753552852e-05,"RNASET2"
"ENSG00000026297","patient4","XGBoost","all",4.73894347070898e-05,"RNASET2"
"ENSG00000026297","patient1","XGBoost","all",3.11499427557123e-05,"RNASET2"
"ENSG00000026297","patient5","XGBoost","all",2.74477859644652e-05,"RNASET2"
"ENSG00000026297","patient6","XGBoost","all",1.73639922054698e-05,"RNASET2"
"ENSG00000026508","patient5","XGBoost","all",2.03023428671173e-05,"CD44"
"ENSG00000026508","patient2","XGBoost","all",5.88296474433908e-05,"CD44"
"ENSG00000026508","patient1","XGBoost","all",0.000233630742542132,"CD44"
"ENSG00000026508","patient6","XGBoost","all",0.00082640312721787,"CD44"
"ENSG00000026508","patient3","XGBoost","all",7.87352806400823e-05,"CD44"
"ENSG00000026508","patient4","XGBoost","all",8.88508211084095e-05,"CD44"
"ENSG00000027697","patient3","XGBoost","all",8.92047169893687e-06,"IFNGR1"
"ENSG00000027697","patient4","XGBoost","all",7.44653824510184e-06,"IFNGR1"
"ENSG00000027697","patient1","XGBoost","all",2.49913245917219e-05,"IFNGR1"
"ENSG00000027697","patient5","XGBoost","all",1.94443411978205e-05,"IFNGR1"
"ENSG00000027697","patient2","XGBoost","all",8.61112598796487e-06,"IFNGR1"
"ENSG00000027697","patient6","XGBoost","all",1.10183152771792e-05,"IFNGR1"
"ENSG00000028137","patient4","XGBoost","all",1.08384523170107e-05,"TNFRSF1B"
"ENSG00000028137","patient5","XGBoost","all",6.30152120745221e-06,"TNFRSF1B"
"ENSG00000028137","patient3","XGBoost","all",1.37070499132726e-05,"TNFRSF1B"
"ENSG00000028137","patient1","XGBoost","all",4.35228444428057e-06,"TNFRSF1B"
"ENSG00000028137","patient6","XGBoost","all",2.35387153939146e-06,"TNFRSF1B"
"ENSG00000029363","patient4","XGBoost","all",2.35560217869477e-05,"BCLAF1"
"ENSG00000029363","patient1","XGBoost","all",1.38781058537123e-05,"BCLAF1"
"ENSG00000029363","patient3","XGBoost","all",2.40247526404318e-05,"BCLAF1"
"ENSG00000029363","patient6","XGBoost","all",2.6022836470335e-05,"BCLAF1"
"ENSG00000029363","patient2","XGBoost","all",3.38749595106437e-05,"BCLAF1"
"ENSG00000029363","patient5","XGBoost","all",2.8665621784596e-05,"BCLAF1"
"ENSG00000030582","patient5","XGBoost","all",6.8968550133095e-05,"GRN"
"ENSG00000030582","patient3","XGBoost","all",6.01046961196467e-05,"GRN"
"ENSG00000030582","patient6","XGBoost","all",3.92194523379806e-05,"GRN"
"ENSG00000030582","patient4","XGBoost","all",3.2384278966694e-05,"GRN"
"ENSG00000030582","patient1","XGBoost","all",4.66681853221548e-05,"GRN"
"ENSG00000030582","patient2","XGBoost","all",2.36308204096706e-05,"GRN"
"ENSG00000031698","patient4","XGBoost","all",8.4813023407698e-06,"SARS1"
"ENSG00000031698","patient3","XGBoost","all",1.57021002766531e-05,"SARS1"
"ENSG00000031698","patient2","XGBoost","all",3.65912921106265e-06,"SARS1"
"ENSG00000031698","patient6","XGBoost","all",1.14162281551462e-05,"SARS1"
"ENSG00000031698","patient5","XGBoost","all",1.61748316664285e-05,"SARS1"
"ENSG00000031698","patient1","XGBoost","all",2.38469136513559e-05,"SARS1"
"ENSG00000032219","patient1","XGBoost","all",1.23349943521695e-05,"ARID4A"
"ENSG00000032219","patient4","XGBoost","all",5.74787891889584e-06,"ARID4A"
"ENSG00000032219","patient2","XGBoost","all",1.45394102249471e-05,"ARID4A"
"ENSG00000032219","patient6","XGBoost","all",2.72795850892804e-05,"ARID4A"
"ENSG00000032219","patient5","XGBoost","all",1.0471632110579e-05,"ARID4A"
"ENSG00000032219","patient3","XGBoost","all",1.14809179716676e-05,"ARID4A"
"ENSG00000034677","patient5","XGBoost","all",6.99854546055588e-06,"RNF19A"
"ENSG00000034677","patient1","XGBoost","all",7.23502888345319e-06,"RNF19A"
"ENSG00000034677","patient4","XGBoost","all",4.3340368297143e-06,"RNF19A"
"ENSG00000034677","patient2","XGBoost","all",7.21871222895546e-06,"RNF19A"
"ENSG00000034677","patient3","XGBoost","all",7.97041571132642e-06,"RNF19A"
"ENSG00000034677","patient6","XGBoost","all",9.6814954401638e-06,"RNF19A"
"ENSG00000035403","patient5","XGBoost","all",3.01696937541212e-05,"VCL"
"ENSG00000035403","patient3","XGBoost","all",1.14769475395241e-05,"VCL"
"ENSG00000035403","patient2","XGBoost","all",2.77816829718668e-05,"VCL"
"ENSG00000035403","patient4","XGBoost","all",2.35594390658005e-05,"VCL"
"ENSG00000035403","patient6","XGBoost","all",1.51224476221353e-05,"VCL"
"ENSG00000035403","patient1","XGBoost","all",2.45829988985388e-05,"VCL"
"ENSG00000035862","patient1","XGBoost","all",0.000179034120407742,"TIMP2"
"ENSG00000035862","patient4","XGBoost","all",2.82086836109962e-05,"TIMP2"
"ENSG00000035862","patient6","XGBoost","all",3.91498531478354e-05,"TIMP2"
"ENSG00000035862","patient5","XGBoost","all",3.56511515089652e-05,"TIMP2"
"ENSG00000035862","patient3","XGBoost","all",3.06797248879201e-05,"TIMP2"
"ENSG00000035862","patient2","XGBoost","all",4.50702297754849e-05,"TIMP2"
"ENSG00000035928","patient3","XGBoost","all",7.81118575552664e-06,"RFC1"
"ENSG00000035928","patient4","XGBoost","all",4.05666117775464e-06,"RFC1"
"ENSG00000035928","patient5","XGBoost","all",1.54039156956593e-05,"RFC1"
"ENSG00000035928","patient2","XGBoost","all",1.83663239577313e-05,"RFC1"
"ENSG00000035928","patient6","XGBoost","all",1.33869730525631e-05,"RFC1"
"ENSG00000035928","patient1","XGBoost","all",1.55497195696581e-05,"RFC1"
"ENSG00000038219","patient2","XGBoost","all",1.10188952587688e-05,"BOD1L1"
"ENSG00000038219","patient5","XGBoost","all",1.28263124702571e-05,"BOD1L1"
"ENSG00000038219","patient1","XGBoost","all",4.34493284887961e-06,"BOD1L1"
"ENSG00000038219","patient6","XGBoost","all",9.62640544635362e-06,"BOD1L1"
"ENSG00000038219","patient3","XGBoost","all",1.89018817061606e-05,"BOD1L1"
"ENSG00000038219","patient4","XGBoost","all",5.55600734821544e-06,"BOD1L1"
"ENSG00000038427","patient4","XGBoost","all",0.0106600379317866,"VCAN"
"ENSG00000038427","patient3","XGBoost","all",0.00452039830725891,"VCAN"
"ENSG00000038427","patient2","XGBoost","all",0.0049035866310243,"VCAN"
"ENSG00000038427","patient6","XGBoost","all",0.0040834881320793,"VCAN"
"ENSG00000038427","patient1","XGBoost","all",0.00351320978993258,"VCAN"
"ENSG00000038427","patient5","XGBoost","all",0.00462589906056933,"VCAN"
"ENSG00000038945","patient2","XGBoost","all",0.000332971463088151,"MSR1"
"ENSG00000038945","patient3","XGBoost","all",0.00022579637927468,"MSR1"
"ENSG00000038945","patient5","XGBoost","all",0.000483356508105441,"MSR1"
"ENSG00000038945","patient4","XGBoost","all",0.000377845820861428,"MSR1"
"ENSG00000038945","patient1","XGBoost","all",0.000488994682126306,"MSR1"
"ENSG00000038945","patient6","XGBoost","all",0.000301204992458012,"MSR1"
"ENSG00000041357","patient3","XGBoost","all",8.5054333391291e-06,"PSMA4"
"ENSG00000041357","patient2","XGBoost","all",1.06874507268058e-05,"PSMA4"
"ENSG00000041357","patient6","XGBoost","all",1.32260240362649e-05,"PSMA4"
"ENSG00000041357","patient1","XGBoost","all",2.96349923746002e-06,"PSMA4"
"ENSG00000041357","patient4","XGBoost","all",1.04301388266267e-05,"PSMA4"
"ENSG00000041357","patient5","XGBoost","all",1.36621800257564e-05,"PSMA4"
"ENSG00000041982","patient4","XGBoost","all",0.000396818683419973,"TNC"
"ENSG00000042493","patient5","XGBoost","all",4.75059909746044e-05,"CAPG"
"ENSG00000042493","patient2","XGBoost","all",4.91290122405833e-05,"CAPG"
"ENSG00000042493","patient6","XGBoost","all",5.63981217274558e-05,"CAPG"
"ENSG00000042493","patient1","XGBoost","all",8.33147338540677e-05,"CAPG"
"ENSG00000042493","patient3","XGBoost","all",4.82325183831219e-05,"CAPG"
"ENSG00000042493","patient4","XGBoost","all",5.40217553404192e-05,"CAPG"
"ENSG00000042753","patient5","XGBoost","all",2.63321788905005e-05,"AP2S1"
"ENSG00000042753","patient6","XGBoost","all",3.68191864359272e-05,"AP2S1"
"ENSG00000042753","patient2","XGBoost","all",1.96974733587886e-05,"AP2S1"
"ENSG00000042753","patient4","XGBoost","all",1.64483881387945e-05,"AP2S1"
"ENSG00000042753","patient3","XGBoost","all",1.94383497478452e-05,"AP2S1"
"ENSG00000042753","patient1","XGBoost","all",1.13283271451961e-05,"AP2S1"
"ENSG00000044115","patient4","XGBoost","all",1.8682747480056e-05,"CTNNA1"
"ENSG00000044115","patient1","XGBoost","all",1.18389331035571e-05,"CTNNA1"
"ENSG00000044115","patient3","XGBoost","all",1.56405259592877e-05,"CTNNA1"
"ENSG00000044115","patient6","XGBoost","all",1.26474741889358e-05,"CTNNA1"
"ENSG00000044115","patient2","XGBoost","all",1.05661444295218e-05,"CTNNA1"
"ENSG00000044115","patient5","XGBoost","all",1.4345624359527e-05,"CTNNA1"
"ENSG00000044574","patient3","XGBoost","all",8.33841954606818e-06,"HSPA5"
"ENSG00000044574","patient1","XGBoost","all",9.33218644439757e-06,"HSPA5"
"ENSG00000044574","patient6","XGBoost","all",1.66633955421634e-05,"HSPA5"
"ENSG00000044574","patient2","XGBoost","all",8.39186501023554e-06,"HSPA5"
"ENSG00000044574","patient4","XGBoost","all",1.56426485400078e-05,"HSPA5"
"ENSG00000044574","patient5","XGBoost","all",1.58770871108195e-05,"HSPA5"
"ENSG00000047410","patient3","XGBoost","all",1.179897355764e-05,"TPR"
"ENSG00000047410","patient2","XGBoost","all",1.19666032557474e-05,"TPR"
"ENSG00000047410","patient1","XGBoost","all",6.21848030875183e-06,"TPR"
"ENSG00000047410","patient6","XGBoost","all",6.62967422869884e-06,"TPR"
"ENSG00000047410","patient5","XGBoost","all",2.32785035115905e-05,"TPR"
"ENSG00000047410","patient4","XGBoost","all",1.19263349732333e-05,"TPR"
"ENSG00000047457","patient3","XGBoost","all",0.000498811680376051,"CP"
"ENSG00000047457","patient2","XGBoost","all",0.000566526422542749,"CP"
"ENSG00000047457","patient6","XGBoost","all",0.000263614681250039,"CP"
"ENSG00000047457","patient5","XGBoost","all",0.000463338298100549,"CP"
"ENSG00000047457","patient4","XGBoost","all",0.000546752778992885,"CP"
"ENSG00000047457","patient1","XGBoost","all",0.000174931967202289,"CP"
"ENSG00000047849","patient6","XGBoost","all",2.09237746975757e-05,"MAP4"
"ENSG00000047849","patient3","XGBoost","all",3.98855655181423e-05,"MAP4"
"ENSG00000047849","patient5","XGBoost","all",1.97220324524729e-05,"MAP4"
"ENSG00000047849","patient1","XGBoost","all",3.73245215910115e-05,"MAP4"
"ENSG00000047849","patient2","XGBoost","all",1.92086164415665e-05,"MAP4"
"ENSG00000047849","patient4","XGBoost","all",5.82716345488695e-05,"MAP4"
"ENSG00000048649","patient1","XGBoost","all",1.12024894860718e-05,"RSF1"
"ENSG00000048649","patient5","XGBoost","all",1.5909017706971e-05,"RSF1"
"ENSG00000048649","patient2","XGBoost","all",1.70493790873575e-05,"RSF1"
"ENSG00000048649","patient3","XGBoost","all",1.02598234757034e-05,"RSF1"
"ENSG00000048649","patient6","XGBoost","all",1.45400910578698e-05,"RSF1"
"ENSG00000048649","patient4","XGBoost","all",7.23436059074767e-06,"RSF1"
"ENSG00000048740","patient6","XGBoost","all",3.07187746012493e-05,"CELF2"
"ENSG00000048740","patient2","XGBoost","all",2.0927314652217e-05,"CELF2"
"ENSG00000048740","patient4","XGBoost","all",3.59855074793451e-05,"CELF2"
"ENSG00000048740","patient1","XGBoost","all",5.6207382088143e-05,"CELF2"
"ENSG00000048740","patient5","XGBoost","all",6.53943073048656e-05,"CELF2"
"ENSG00000048740","patient3","XGBoost","all",2.95237086118951e-05,"CELF2"
"ENSG00000048828","patient4","XGBoost","all",1.09291601301433e-05,"FAM120A"
"ENSG00000048828","patient6","XGBoost","all",1.72100733816602e-06,"FAM120A"
"ENSG00000048828","patient2","XGBoost","all",3.52194199846416e-06,"FAM120A"
"ENSG00000048828","patient3","XGBoost","all",1.10771021134134e-05,"FAM120A"
"ENSG00000048828","patient5","XGBoost","all",1.95571762771483e-06,"FAM120A"
"ENSG00000049245","patient2","XGBoost","all",3.76393187009148e-06,"VAMP3"
"ENSG00000049245","patient4","XGBoost","all",9.56826264132681e-06,"VAMP3"
"ENSG00000049245","patient6","XGBoost","all",2.54397426747346e-06,"VAMP3"
"ENSG00000049245","patient3","XGBoost","all",8.3430097418841e-06,"VAMP3"
"ENSG00000049245","patient5","XGBoost","all",1.16744163303395e-05,"VAMP3"
"ENSG00000049245","patient1","XGBoost","all",1.239139879582e-05,"VAMP3"
"ENSG00000049323","patient6","XGBoost","all",0.00241401344204231,"LTBP1"
"ENSG00000049323","patient3","XGBoost","all",0.0015965444278676,"LTBP1"
"ENSG00000049323","patient5","XGBoost","all",0.00235033451269967,"LTBP1"
"ENSG00000049323","patient1","XGBoost","all",0.00234687227601692,"LTBP1"
"ENSG00000049323","patient4","XGBoost","all",0.00271514057587025,"LTBP1"
"ENSG00000049323","patient2","XGBoost","all",0.00164858172076076,"LTBP1"
"ENSG00000049449","patient3","XGBoost","all",2.66492098044762e-05,"RCN1"
"ENSG00000049449","patient6","XGBoost","all",1.30382388035973e-05,"RCN1"
"ENSG00000049449","patient2","XGBoost","all",1.08786158139234e-05,"RCN1"
"ENSG00000049449","patient5","XGBoost","all",3.45990646374896e-05,"RCN1"
"ENSG00000049449","patient1","XGBoost","all",1.64844896991755e-05,"RCN1"
"ENSG00000049449","patient4","XGBoost","all",1.84444945377084e-05,"RCN1"
"ENSG00000049540","patient2","XGBoost","all",0.000131829150462126,"ELN"
"ENSG00000049540","patient4","XGBoost","all",0.000119550839519342,"ELN"
"ENSG00000049540","patient1","XGBoost","all",7.20822721942206e-05,"ELN"
"ENSG00000049540","patient5","XGBoost","all",4.74354618814887e-05,"ELN"
"ENSG00000049540","patient6","XGBoost","all",0.000153717972547388,"ELN"
"ENSG00000049540","patient3","XGBoost","all",9.64485117578726e-05,"ELN"
"ENSG00000049618","patient3","XGBoost","all",1.56043141616561e-05,"ARID1B"
"ENSG00000049618","patient2","XGBoost","all",9.11766126273515e-06,"ARID1B"
"ENSG00000049618","patient4","XGBoost","all",2.86270224230311e-05,"ARID1B"
"ENSG00000049618","patient5","XGBoost","all",2.43789163894447e-05,"ARID1B"
"ENSG00000049618","patient6","XGBoost","all",2.71158279790986e-05,"ARID1B"
"ENSG00000049618","patient1","XGBoost","all",3.88074421366357e-05,"ARID1B"
"ENSG00000049860","patient4","XGBoost","all",2.54995571721333e-05,"HEXB"
"ENSG00000049860","patient1","XGBoost","all",7.91735794981971e-06,"HEXB"
"ENSG00000049860","patient5","XGBoost","all",3.54382436690666e-05,"HEXB"
"ENSG00000049860","patient6","XGBoost","all",2.01586743822653e-05,"HEXB"
"ENSG00000049860","patient3","XGBoost","all",2.40514957842583e-05,"HEXB"
"ENSG00000049860","patient2","XGBoost","all",1.94342901826387e-05,"HEXB"
"ENSG00000050165","patient4","XGBoost","all",0.000167499528125235,"DKK3"
"ENSG00000050165","patient1","XGBoost","all",0.000195936921587588,"DKK3"
"ENSG00000050165","patient2","XGBoost","all",8.49240453367059e-05,"DKK3"
"ENSG00000050165","patient5","XGBoost","all",0.000111471206870084,"DKK3"
"ENSG00000050165","patient3","XGBoost","all",5.5699406833314e-05,"DKK3"
"ENSG00000050165","patient6","XGBoost","all",0.00011079408105118,"DKK3"
"ENSG00000050405","patient6","XGBoost","all",2.03443514107103e-05,"LIMA1"
"ENSG00000050405","patient2","XGBoost","all",3.24145863819065e-05,"LIMA1"
"ENSG00000050405","patient4","XGBoost","all",3.228119675825e-05,"LIMA1"
"ENSG00000050405","patient1","XGBoost","all",1.51110129104502e-05,"LIMA1"
"ENSG00000050405","patient3","XGBoost","all",2.42019489154688e-05,"LIMA1"
"ENSG00000050405","patient5","XGBoost","all",3.04024379014585e-05,"LIMA1"
"ENSG00000051108","patient2","XGBoost","all",5.39379202467476e-05,"HERPUD1"
"ENSG00000051108","patient4","XGBoost","all",0.000511527266508285,"HERPUD1"
"ENSG00000051108","patient5","XGBoost","all",4.18030355364625e-05,"HERPUD1"
"ENSG00000051108","patient3","XGBoost","all",6.74215425915176e-05,"HERPUD1"
"ENSG00000051108","patient6","XGBoost","all",3.43804891942801e-05,"HERPUD1"
"ENSG00000051108","patient1","XGBoost","all",3.94943701158097e-05,"HERPUD1"
"ENSG00000051523","patient5","XGBoost","all",0.00291304557508171,"CYBA"
"ENSG00000051523","patient2","XGBoost","all",0.00182182100332649,"CYBA"
"ENSG00000051523","patient1","XGBoost","all",0.00305598373985812,"CYBA"
"ENSG00000051523","patient6","XGBoost","all",0.00264205392676005,"CYBA"
"ENSG00000051523","patient3","XGBoost","all",0.00415020821330278,"CYBA"
"ENSG00000051523","patient4","XGBoost","all",0.000328899280312129,"CYBA"
"ENSG00000051620","patient3","XGBoost","all",3.72750754149742e-06,"HEBP2"
"ENSG00000051620","patient5","XGBoost","all",1.94925106588756e-05,"HEBP2"
"ENSG00000051620","patient6","XGBoost","all",1.09774713098112e-05,"HEBP2"
"ENSG00000051620","patient4","XGBoost","all",7.1432013774042e-06,"HEBP2"
"ENSG00000051620","patient2","XGBoost","all",8.74440580326233e-06,"HEBP2"
"ENSG00000051620","patient1","XGBoost","all",6.4458198985355e-06,"HEBP2"
"ENSG00000053254","patient3","XGBoost","all",2.39860602709413e-05,"FOXN3"
"ENSG00000053254","patient6","XGBoost","all",1.56041054276223e-05,"FOXN3"
"ENSG00000053254","patient1","XGBoost","all",3.38762078906201e-05,"FOXN3"
"ENSG00000053254","patient4","XGBoost","all",2.0099115862295e-05,"FOXN3"
"ENSG00000053254","patient5","XGBoost","all",6.92168558155695e-06,"FOXN3"
"ENSG00000053254","patient2","XGBoost","all",2.46238585576247e-05,"FOXN3"
"ENSG00000054118","patient6","XGBoost","all",4.29940227162989e-06,"THRAP3"
"ENSG00000054118","patient3","XGBoost","all",7.05157548273515e-06,"THRAP3"
"ENSG00000054118","patient2","XGBoost","all",4.77088769484406e-06,"THRAP3"
"ENSG00000054118","patient5","XGBoost","all",1.20680162225045e-05,"THRAP3"
"ENSG00000054118","patient1","XGBoost","all",3.73214512057459e-06,"THRAP3"
"ENSG00000054118","patient4","XGBoost","all",6.81310071417128e-06,"THRAP3"
"ENSG00000054148","patient1","XGBoost","all",2.11218393460446e-05,"PHPT1"
"ENSG00000054148","patient3","XGBoost","all",9.92208944490192e-06,"PHPT1"
"ENSG00000054148","patient5","XGBoost","all",1.46306980436472e-05,"PHPT1"
"ENSG00000054148","patient4","XGBoost","all",1.62097522395893e-05,"PHPT1"
"ENSG00000054148","patient6","XGBoost","all",2.01131104273058e-05,"PHPT1"
"ENSG00000054148","patient2","XGBoost","all",1.19254647242709e-05,"PHPT1"
"ENSG00000054267","patient1","XGBoost","all",7.96549916173015e-06,"ARID4B"
"ENSG00000054267","patient3","XGBoost","all",1.25261050279429e-05,"ARID4B"
"ENSG00000054267","patient4","XGBoost","all",1.69523593633961e-05,"ARID4B"
"ENSG00000054267","patient5","XGBoost","all",1.17464070297933e-05,"ARID4B"
"ENSG00000054267","patient2","XGBoost","all",8.92820348257099e-06,"ARID4B"
"ENSG00000054267","patient6","XGBoost","all",1.9073606421086e-05,"ARID4B"
"ENSG00000054598","patient3","XGBoost","all",2.41238526240708e-05,"FOXC1"
"ENSG00000054598","patient2","XGBoost","all",2.20332771743006e-05,"FOXC1"
"ENSG00000054598","patient4","XGBoost","all",2.38916125848754e-05,"FOXC1"
"ENSG00000054598","patient5","XGBoost","all",3.49288048873054e-05,"FOXC1"
"ENSG00000054598","patient1","XGBoost","all",3.73068042979348e-05,"FOXC1"
"ENSG00000054598","patient6","XGBoost","all",2.23946838626106e-05,"FOXC1"
"ENSG00000054654","patient3","XGBoost","all",7.48191146092398e-06,"SYNE2"
"ENSG00000054654","patient4","XGBoost","all",2.6365152112961e-05,"SYNE2"
"ENSG00000054654","patient2","XGBoost","all",1.50699017466487e-05,"SYNE2"
"ENSG00000054654","patient5","XGBoost","all",3.02073762284494e-05,"SYNE2"
"ENSG00000054654","patient1","XGBoost","all",1.90926701569528e-05,"SYNE2"
"ENSG00000054654","patient6","XGBoost","all",1.31725948578595e-05,"SYNE2"
"ENSG00000055211","patient2","XGBoost","all",1.18198327548702e-05,"GINM1"
"ENSG00000055211","patient4","XGBoost","all",1.92860218622388e-05,"GINM1"
"ENSG00000055211","patient3","XGBoost","all",1.29390921748129e-05,"GINM1"
"ENSG00000055211","patient5","XGBoost","all",9.37146490038604e-06,"GINM1"
"ENSG00000055211","patient6","XGBoost","all",1.54851000020822e-05,"GINM1"
"ENSG00000055211","patient1","XGBoost","all",1.03986217442923e-05,"GINM1"
"ENSG00000055332","patient6","XGBoost","all",6.49848972728031e-06,"EIF2AK2"
"ENSG00000055332","patient1","XGBoost","all",1.36887980138849e-05,"EIF2AK2"
"ENSG00000055332","patient3","XGBoost","all",1.11564690341274e-05,"EIF2AK2"
"ENSG00000055332","patient2","XGBoost","all",5.81614081597557e-06,"EIF2AK2"
"ENSG00000055332","patient4","XGBoost","all",6.59417079709597e-06,"EIF2AK2"
"ENSG00000055332","patient5","XGBoost","all",2.97576773121056e-06,"EIF2AK2"
"ENSG00000055609","patient1","XGBoost","all",1.84486775833156e-06,"KMT2C"
"ENSG00000055609","patient4","XGBoost","all",1.35683814612596e-05,"KMT2C"
"ENSG00000055609","patient6","XGBoost","all",3.5060794747579e-06,"KMT2C"
"ENSG00000055609","patient3","XGBoost","all",1.17899183324781e-05,"KMT2C"
"ENSG00000055609","patient2","XGBoost","all",9.78863684294795e-06,"KMT2C"
"ENSG00000055950","patient1","XGBoost","all",2.66706894382474e-06,"MRPL43"
"ENSG00000055950","patient6","XGBoost","all",4.43875428623607e-06,"MRPL43"
"ENSG00000055950","patient2","XGBoost","all",8.10758425717838e-06,"MRPL43"
"ENSG00000055950","patient3","XGBoost","all",6.11378846422548e-06,"MRPL43"
"ENSG00000055950","patient5","XGBoost","all",8.66678310103284e-06,"MRPL43"
"ENSG00000055950","patient4","XGBoost","all",6.45776889763529e-06,"MRPL43"
"ENSG00000056097","patient4","XGBoost","all",1.9912968274433e-06,"ZFR"
"ENSG00000056097","patient5","XGBoost","all",1.10934138613685e-05,"ZFR"
"ENSG00000056097","patient6","XGBoost","all",7.45120457046289e-06,"ZFR"
"ENSG00000056097","patient3","XGBoost","all",1.40757084065814e-05,"ZFR"
"ENSG00000056097","patient2","XGBoost","all",6.28573707382944e-06,"ZFR"
"ENSG00000056097","patient1","XGBoost","all",1.92018754517061e-06,"ZFR"
"ENSG00000057608","patient2","XGBoost","all",1.13710340616035e-05,"GDI2"
"ENSG00000057608","patient4","XGBoost","all",1.63389162544413e-05,"GDI2"
"ENSG00000057608","patient6","XGBoost","all",1.2936763338e-05,"GDI2"
"ENSG00000057608","patient3","XGBoost","all",1.45816191407373e-05,"GDI2"
"ENSG00000057608","patient5","XGBoost","all",7.61576027277158e-06,"GDI2"
"ENSG00000057608","patient1","XGBoost","all",4.81577117135507e-06,"GDI2"
"ENSG00000058272","patient2","XGBoost","all",2.30972695518097e-05,"PPP1R12A"
"ENSG00000058272","patient1","XGBoost","all",3.55876699641096e-05,"PPP1R12A"
"ENSG00000058272","patient6","XGBoost","all",1.93329027376068e-05,"PPP1R12A"
"ENSG00000058272","patient3","XGBoost","all",2.60275739451341e-05,"PPP1R12A"
"ENSG00000058272","patient4","XGBoost","all",4.65429436098435e-05,"PPP1R12A"
"ENSG00000058272","patient5","XGBoost","all",2.77026448511787e-05,"PPP1R12A"
"ENSG00000058668","patient3","XGBoost","all",1.81081305718765e-05,"ATP2B4"
"ENSG00000058668","patient6","XGBoost","all",6.05624837031021e-06,"ATP2B4"
"ENSG00000058668","patient4","XGBoost","all",5.89492416719142e-06,"ATP2B4"
"ENSG00000058668","patient2","XGBoost","all",1.64913522243791e-05,"ATP2B4"
"ENSG00000058668","patient1","XGBoost","all",1.74044366662524e-05,"ATP2B4"
"ENSG00000060237","patient3","XGBoost","all",1.20967749330216e-05,"WNK1"
"ENSG00000060237","patient4","XGBoost","all",5.71043103443442e-06,"WNK1"
"ENSG00000060237","patient2","XGBoost","all",5.26935553305847e-06,"WNK1"
"ENSG00000060237","patient6","XGBoost","all",7.02406632026162e-06,"WNK1"
"ENSG00000060237","patient1","XGBoost","all",1.3128700792398e-05,"WNK1"
"ENSG00000060237","patient5","XGBoost","all",1.64662648105754e-05,"WNK1"
"ENSG00000060762","patient3","XGBoost","all",1.75672930825138e-05,"MPC1"
"ENSG00000060762","patient1","XGBoost","all",1.07779957631926e-05,"MPC1"
"ENSG00000060762","patient4","XGBoost","all",1.51710037629986e-05,"MPC1"
"ENSG00000060762","patient5","XGBoost","all",9.5581358990461e-06,"MPC1"
"ENSG00000060762","patient2","XGBoost","all",7.24402905807548e-06,"MPC1"
"ENSG00000060762","patient6","XGBoost","all",1.51814801854482e-05,"MPC1"
"ENSG00000061676","patient5","XGBoost","all",2.57328040453593e-05,"NCKAP1"
"ENSG00000061676","patient3","XGBoost","all",2.05518519048309e-05,"NCKAP1"
"ENSG00000061676","patient1","XGBoost","all",2.61155240138363e-05,"NCKAP1"
"ENSG00000061676","patient6","XGBoost","all",3.22311052848765e-05,"NCKAP1"
"ENSG00000061676","patient4","XGBoost","all",1.25074100797026e-05,"NCKAP1"
"ENSG00000061676","patient2","XGBoost","all",1.15814913883335e-05,"NCKAP1"
"ENSG00000062194","patient3","XGBoost","all",6.19372166839289e-06,"GPBP1"
"ENSG00000062194","patient4","XGBoost","all",4.15225820923623e-06,"GPBP1"
"ENSG00000062194","patient5","XGBoost","all",7.63291516031123e-06,"GPBP1"
"ENSG00000062194","patient1","XGBoost","all",1.10210797791095e-05,"GPBP1"
"ENSG00000062194","patient6","XGBoost","all",4.66595703432553e-06,"GPBP1"
"ENSG00000062194","patient2","XGBoost","all",8.99458318216574e-06,"GPBP1"
"ENSG00000062716","patient2","XGBoost","all",2.11809566470806e-05,"VMP1"
"ENSG00000062716","patient6","XGBoost","all",1.20038089974194e-05,"VMP1"
"ENSG00000062716","patient1","XGBoost","all",1.4409301759382e-05,"VMP1"
"ENSG00000062716","patient3","XGBoost","all",6.36402923607498e-06,"VMP1"
"ENSG00000062716","patient5","XGBoost","all",1.84999838581885e-05,"VMP1"
"ENSG00000062716","patient4","XGBoost","all",7.15171524167029e-06,"VMP1"
"ENSG00000064042","patient5","XGBoost","all",8.006264132423e-05,"LIMCH1"
"ENSG00000064042","patient1","XGBoost","all",7.21112431232107e-05,"LIMCH1"
"ENSG00000064042","patient6","XGBoost","all",0.00013097828433559,"LIMCH1"
"ENSG00000064042","patient2","XGBoost","all",0.000230703073919656,"LIMCH1"
"ENSG00000064042","patient3","XGBoost","all",6.72670279980036e-05,"LIMCH1"
"ENSG00000064042","patient4","XGBoost","all",0.000295327619979194,"LIMCH1"
"ENSG00000064205","patient1","XGBoost","all",0.00047625425102763,"CCN5"
"ENSG00000064205","patient3","XGBoost","all",0.000376331134195206,"CCN5"
"ENSG00000064205","patient5","XGBoost","all",0.000338854002364697,"CCN5"
"ENSG00000064205","patient2","XGBoost","all",0.000322077057810037,"CCN5"
"ENSG00000064205","patient4","XGBoost","all",0.000160557599094563,"CCN5"
"ENSG00000064205","patient6","XGBoost","all",0.000350656828793939,"CCN5"
"ENSG00000064601","patient6","XGBoost","all",1.21220917726592e-05,"CTSA"
"ENSG00000064601","patient5","XGBoost","all",1.07894090427696e-05,"CTSA"
"ENSG00000064601","patient3","XGBoost","all",5.59334742007852e-06,"CTSA"
"ENSG00000064601","patient2","XGBoost","all",9.0831848469465e-06,"CTSA"
"ENSG00000064601","patient4","XGBoost","all",1.28205490133511e-05,"CTSA"
"ENSG00000064601","patient1","XGBoost","all",1.96928053207947e-05,"CTSA"
"ENSG00000064666","patient5","XGBoost","all",1.60345376073707e-05,"CNN2"
"ENSG00000064666","patient6","XGBoost","all",8.5730771967902e-06,"CNN2"
"ENSG00000064989","patient1","XGBoost","all",0.000141196783750977,"CALCRL"
"ENSG00000064989","patient4","XGBoost","all",0.000166205701048617,"CALCRL"
"ENSG00000064989","patient2","XGBoost","all",0.000156178634594554,"CALCRL"
"ENSG00000064989","patient3","XGBoost","all",0.000132276325968711,"CALCRL"
"ENSG00000064989","patient6","XGBoost","all",0.000145065640670466,"CALCRL"
"ENSG00000064989","patient5","XGBoost","all",0.000109212738336312,"CALCRL"
"ENSG00000065054","patient2","XGBoost","all",4.57627003173448e-05,"NHERF2"
"ENSG00000065054","patient4","XGBoost","all",8.1470652545937e-05,"NHERF2"
"ENSG00000065054","patient6","XGBoost","all",3.35236649248069e-05,"NHERF2"
"ENSG00000065054","patient1","XGBoost","all",5.74435816998475e-05,"NHERF2"
"ENSG00000065054","patient3","XGBoost","all",5.44142915844355e-05,"NHERF2"
"ENSG00000065054","patient5","XGBoost","all",5.60951678939323e-05,"NHERF2"
"ENSG00000065135","patient6","XGBoost","all",9.23359450795779e-06,"GNAI3"
"ENSG00000065135","patient2","XGBoost","all",5.5892170235695e-06,"GNAI3"
"ENSG00000065135","patient1","XGBoost","all",2.68796641102763e-06,"GNAI3"
"ENSG00000065135","patient3","XGBoost","all",7.45106361546797e-06,"GNAI3"
"ENSG00000065135","patient5","XGBoost","all",1.15856280076737e-05,"GNAI3"
"ENSG00000065135","patient4","XGBoost","all",4.33972618345514e-06,"GNAI3"
"ENSG00000065154","patient3","XGBoost","all",1.62802768204616e-05,"OAT"
"ENSG00000065154","patient6","XGBoost","all",8.74165885125061e-06,"OAT"
"ENSG00000065154","patient2","XGBoost","all",1.20287518605378e-05,"OAT"
"ENSG00000065154","patient5","XGBoost","all",5.80792760235502e-06,"OAT"
"ENSG00000065154","patient1","XGBoost","all",1.49926349693146e-05,"OAT"
"ENSG00000065154","patient4","XGBoost","all",4.75459516191964e-06,"OAT"
"ENSG00000065243","patient3","XGBoost","all",9.88949685471337e-06,"PKN2"
"ENSG00000065243","patient4","XGBoost","all",6.64680903197491e-06,"PKN2"
"ENSG00000065243","patient6","XGBoost","all",3.93589601207125e-06,"PKN2"
"ENSG00000065243","patient1","XGBoost","all",5.3566077609101e-06,"PKN2"
"ENSG00000065243","patient2","XGBoost","all",1.1148549925198e-06,"PKN2"
"ENSG00000065243","patient5","XGBoost","all",1.07636550121084e-05,"PKN2"
"ENSG00000065534","patient3","XGBoost","all",0.000379978384996176,"MYLK"
"ENSG00000065534","patient6","XGBoost","all",0.000468410316745251,"MYLK"
"ENSG00000065534","patient4","XGBoost","all",0.000361109947824435,"MYLK"
"ENSG00000065534","patient2","XGBoost","all",0.000285826516534593,"MYLK"
"ENSG00000065534","patient5","XGBoost","all",0.000271433149197937,"MYLK"
"ENSG00000065534","patient1","XGBoost","all",0.000348210873339785,"MYLK"
"ENSG00000065548","patient2","XGBoost","all",1.38500424420823e-05,"ZC3H15"
"ENSG00000065548","patient6","XGBoost","all",1.09021549315617e-05,"ZC3H15"
"ENSG00000065548","patient3","XGBoost","all",2.01021204338935e-05,"ZC3H15"
"ENSG00000065548","patient1","XGBoost","all",4.2293149959942e-06,"ZC3H15"
"ENSG00000065548","patient4","XGBoost","all",9.67163736362589e-06,"ZC3H15"
"ENSG00000065548","patient5","XGBoost","all",3.3388445401781e-05,"ZC3H15"
"ENSG00000065613","patient4","XGBoost","all",5.17692650289548e-06,"SLK"
"ENSG00000065613","patient5","XGBoost","all",4.98910256275222e-06,"SLK"
"ENSG00000065613","patient2","XGBoost","all",5.57010768620487e-06,"SLK"
"ENSG00000065613","patient3","XGBoost","all",5.90682874051301e-06,"SLK"
"ENSG00000065613","patient6","XGBoost","all",9.36182581641673e-06,"SLK"
"ENSG00000065613","patient1","XGBoost","all",9.37897390226419e-06,"SLK"
"ENSG00000065809","patient1","XGBoost","all",2.23222518623369e-05,"FAM107B"
"ENSG00000065809","patient4","XGBoost","all",8.17637172070309e-06,"FAM107B"
"ENSG00000065809","patient3","XGBoost","all",2.43335102541491e-05,"FAM107B"
"ENSG00000065809","patient5","XGBoost","all",8.2401343211226e-06,"FAM107B"
"ENSG00000065809","patient6","XGBoost","all",8.34123376771208e-06,"FAM107B"
"ENSG00000065809","patient2","XGBoost","all",1.61309190019832e-05,"FAM107B"
"ENSG00000065911","patient2","XGBoost","all",2.75438705744208e-05,"MTHFD2"
"ENSG00000065911","patient1","XGBoost","all",2.25386214528585e-05,"MTHFD2"
"ENSG00000065911","patient5","XGBoost","all",2.92589130614688e-05,"MTHFD2"
"ENSG00000065911","patient4","XGBoost","all",1.23417665723577e-05,"MTHFD2"
"ENSG00000065911","patient6","XGBoost","all",1.87607841934425e-05,"MTHFD2"
"ENSG00000065911","patient3","XGBoost","all",2.87786783363903e-05,"MTHFD2"
"ENSG00000066336","patient4","XGBoost","all",0.000256894213155582,"SPI1"
"ENSG00000066336","patient3","XGBoost","all",0.000166128524755321,"SPI1"
"ENSG00000066336","patient1","XGBoost","all",0.000338406447422665,"SPI1"
"ENSG00000066336","patient6","XGBoost","all",0.000412299559470292,"SPI1"
"ENSG00000066336","patient2","XGBoost","all",0.000194338464802073,"SPI1"
"ENSG00000066336","patient5","XGBoost","all",0.000513006899172461,"SPI1"
"ENSG00000066654","patient4","XGBoost","all",8.81217869533982e-06,"THUMPD1"
"ENSG00000066654","patient1","XGBoost","all",7.07765053246562e-06,"THUMPD1"
"ENSG00000066654","patient6","XGBoost","all",1.13382238876398e-05,"THUMPD1"
"ENSG00000066654","patient5","XGBoost","all",2.20973372710457e-06,"THUMPD1"
"ENSG00000066654","patient2","XGBoost","all",8.28560867308975e-06,"THUMPD1"
"ENSG00000066654","patient3","XGBoost","all",7.90052199592545e-06,"THUMPD1"
"ENSG00000067066","patient5","XGBoost","all",1.01898854020734e-05,"SP100"
"ENSG00000067066","patient1","XGBoost","all",5.07073645259031e-06,"SP100"
"ENSG00000067066","patient6","XGBoost","all",1.22430261623868e-05,"SP100"
"ENSG00000067066","patient4","XGBoost","all",3.56022972183777e-06,"SP100"
"ENSG00000067066","patient3","XGBoost","all",1.35835022630073e-05,"SP100"
"ENSG00000067066","patient2","XGBoost","all",2.29108382117171e-05,"SP100"
"ENSG00000067082","patient4","XGBoost","all",1.15942258235025e-05,"KLF6"
"ENSG00000067082","patient6","XGBoost","all",1.18915670381252e-05,"KLF6"
"ENSG00000067082","patient2","XGBoost","all",1.05895138102479e-05,"KLF6"
"ENSG00000067082","patient5","XGBoost","all",2.36084902040444e-05,"KLF6"
"ENSG00000067082","patient1","XGBoost","all",1.22006201925731e-05,"KLF6"
"ENSG00000067082","patient3","XGBoost","all",8.19802221319453e-06,"KLF6"
"ENSG00000067113","patient4","XGBoost","all",6.71589909345635e-05,"PLPP1"
"ENSG00000067113","patient6","XGBoost","all",4.07093211156193e-05,"PLPP1"
"ENSG00000067113","patient1","XGBoost","all",7.42363703683602e-05,"PLPP1"
"ENSG00000067113","patient2","XGBoost","all",6.46836615251744e-05,"PLPP1"
"ENSG00000067113","patient5","XGBoost","all",7.14928667253052e-05,"PLPP1"
"ENSG00000067113","patient3","XGBoost","all",5.09710211659012e-05,"PLPP1"
"ENSG00000067167","patient4","XGBoost","all",3.53501380532883e-05,"TRAM1"
"ENSG00000067167","patient5","XGBoost","all",1.45004693839102e-05,"TRAM1"
"ENSG00000067167","patient1","XGBoost","all",1.23942218321521e-05,"TRAM1"
"ENSG00000067167","patient3","XGBoost","all",1.40946457141915e-05,"TRAM1"
"ENSG00000067167","patient2","XGBoost","all",1.31960392693749e-05,"TRAM1"
"ENSG00000067167","patient6","XGBoost","all",1.52803822762556e-05,"TRAM1"
"ENSG00000067182","patient2","XGBoost","all",1.39871849160014e-05,"TNFRSF1A"
"ENSG00000067182","patient5","XGBoost","all",2.44008652837751e-05,"TNFRSF1A"
"ENSG00000067182","patient3","XGBoost","all",2.58839981425085e-05,"TNFRSF1A"
"ENSG00000067182","patient6","XGBoost","all",1.56056517285602e-05,"TNFRSF1A"
"ENSG00000067182","patient1","XGBoost","all",1.0715100261449e-05,"TNFRSF1A"
"ENSG00000067182","patient4","XGBoost","all",6.06447611592888e-05,"TNFRSF1A"
"ENSG00000067225","patient4","XGBoost","all",2.54882069827155e-05,"PKM"
"ENSG00000067225","patient3","XGBoost","all",3.78695266342139e-05,"PKM"
"ENSG00000067225","patient6","XGBoost","all",3.25125747317736e-05,"PKM"
"ENSG00000067225","patient1","XGBoost","all",6.88421700129358e-06,"PKM"
"ENSG00000067225","patient2","XGBoost","all",2.49662831457515e-05,"PKM"
"ENSG00000067248","patient2","XGBoost","all",8.34003656608901e-06,"DHX29"
"ENSG00000067248","patient1","XGBoost","all",3.4860810684037e-06,"DHX29"
"ENSG00000067248","patient5","XGBoost","all",4.50163011230049e-06,"DHX29"
"ENSG00000067248","patient4","XGBoost","all",1.26703934627903e-06,"DHX29"
"ENSG00000067248","patient6","XGBoost","all",2.86209723464765e-06,"DHX29"
"ENSG00000067248","patient3","XGBoost","all",1.28226809097961e-06,"DHX29"
"ENSG00000067829","patient5","XGBoost","all",1.28006832108686e-05,"IDH3G"
"ENSG00000067829","patient2","XGBoost","all",1.26031043939368e-05,"IDH3G"
"ENSG00000067829","patient4","XGBoost","all",1.03834832741455e-05,"IDH3G"
"ENSG00000067829","patient1","XGBoost","all",1.19953509408714e-05,"IDH3G"
"ENSG00000067829","patient3","XGBoost","all",1.10206899647023e-05,"IDH3G"
"ENSG00000067829","patient6","XGBoost","all",1.02249732760178e-05,"IDH3G"
"ENSG00000067900","patient1","XGBoost","all",8.56213515278374e-06,"ROCK1"
"ENSG00000067900","patient2","XGBoost","all",4.45043835124521e-06,"ROCK1"
"ENSG00000067900","patient6","XGBoost","all",2.11892263445088e-05,"ROCK1"
"ENSG00000067900","patient4","XGBoost","all",2.23561087686425e-05,"ROCK1"
"ENSG00000067900","patient3","XGBoost","all",1.25528830666641e-05,"ROCK1"
"ENSG00000067900","patient5","XGBoost","all",1.23898695329234e-05,"ROCK1"
"ENSG00000068001","patient5","XGBoost","all",0.000345502658952328,"HYAL2"
"ENSG00000068001","patient1","XGBoost","all",6.17672766064576e-05,"HYAL2"
"ENSG00000068001","patient3","XGBoost","all",9.44050849331514e-05,"HYAL2"
"ENSG00000068001","patient6","XGBoost","all",8.90715885739292e-05,"HYAL2"
"ENSG00000068001","patient2","XGBoost","all",5.89418520511206e-05,"HYAL2"
"ENSG00000068001","patient4","XGBoost","all",0.000355921941646327,"HYAL2"
"ENSG00000068305","patient2","XGBoost","all",2.55476991271088e-05,"MEF2A"
"ENSG00000068305","patient4","XGBoost","all",1.84059739666448e-05,"MEF2A"
"ENSG00000068305","patient1","XGBoost","all",1.50662575647807e-05,"MEF2A"
"ENSG00000068305","patient3","XGBoost","all",3.41039882090551e-05,"MEF2A"
"ENSG00000068305","patient6","XGBoost","all",1.22825869987098e-05,"MEF2A"
"ENSG00000068305","patient5","XGBoost","all",1.54652070647294e-05,"MEF2A"
"ENSG00000068912","patient1","XGBoost","all",1.49570404209766e-05,"ERLEC1"
"ENSG00000068912","patient6","XGBoost","all",1.13754055258775e-05,"ERLEC1"
"ENSG00000068912","patient3","XGBoost","all",1.06877994969953e-05,"ERLEC1"
"ENSG00000068912","patient2","XGBoost","all",1.22011734147863e-05,"ERLEC1"
"ENSG00000068912","patient4","XGBoost","all",1.03750508900619e-05,"ERLEC1"
"ENSG00000068912","patient5","XGBoost","all",2.37112149353941e-05,"ERLEC1"
"ENSG00000069329","patient6","XGBoost","all",1.06929818105764e-05,"VPS35"
"ENSG00000069329","patient1","XGBoost","all",3.21765045188308e-06,"VPS35"
"ENSG00000069329","patient4","XGBoost","all",1.36467947296595e-05,"VPS35"
"ENSG00000069329","patient3","XGBoost","all",8.95971480089507e-06,"VPS35"
"ENSG00000069329","patient2","XGBoost","all",8.89233029889716e-06,"VPS35"
"ENSG00000069329","patient5","XGBoost","all",1.60091586655045e-05,"VPS35"
"ENSG00000069345","patient5","XGBoost","all",8.49268455180158e-06,"DNAJA2"
"ENSG00000069345","patient4","XGBoost","all",5.99298108538171e-06,"DNAJA2"
"ENSG00000069345","patient6","XGBoost","all",7.94902242990993e-06,"DNAJA2"
"ENSG00000069345","patient2","XGBoost","all",1.2463061800923e-05,"DNAJA2"
"ENSG00000069345","patient3","XGBoost","all",2.77941810877595e-05,"DNAJA2"
"ENSG00000069345","patient1","XGBoost","all",1.21028536751506e-05,"DNAJA2"
"ENSG00000069702","patient1","XGBoost","all",4.94543496301074e-06,"TGFBR3"
"ENSG00000069702","patient6","XGBoost","all",8.87118395980432e-06,"TGFBR3"
"ENSG00000069702","patient4","XGBoost","all",9.01817118904285e-06,"TGFBR3"
"ENSG00000069702","patient2","XGBoost","all",6.0265988006273e-06,"TGFBR3"
"ENSG00000069702","patient5","XGBoost","all",1.05875221486473e-05,"TGFBR3"
"ENSG00000069702","patient3","XGBoost","all",1.40948399118661e-05,"TGFBR3"
"ENSG00000069849","patient4","XGBoost","all",1.05692018688468e-05,"ATP1B3"
"ENSG00000069849","patient5","XGBoost","all",1.92454015406567e-05,"ATP1B3"
"ENSG00000069849","patient3","XGBoost","all",1.21088986331588e-05,"ATP1B3"
"ENSG00000069849","patient6","XGBoost","all",1.59109842833076e-05,"ATP1B3"
"ENSG00000069849","patient1","XGBoost","all",2.96698689445217e-05,"ATP1B3"
"ENSG00000069849","patient2","XGBoost","all",3.31910373461423e-06,"ATP1B3"
"ENSG00000070010","patient1","XGBoost","all",1.5343546087274e-05,"UFD1"
"ENSG00000070010","patient6","XGBoost","all",1.42436735610597e-05,"UFD1"
"ENSG00000070010","patient3","XGBoost","all",3.48382397550361e-06,"UFD1"
"ENSG00000070010","patient5","XGBoost","all",1.27101721146664e-05,"UFD1"
"ENSG00000070010","patient4","XGBoost","all",2.3707915920902e-06,"UFD1"
"ENSG00000070010","patient2","XGBoost","all",1.70968257726179e-05,"UFD1"
"ENSG00000070081","patient1","XGBoost","all",2.10357411813104e-05,"NUCB2"
"ENSG00000070081","patient6","XGBoost","all",3.89549196518624e-05,"NUCB2"
"ENSG00000070081","patient2","XGBoost","all",3.41975648638326e-05,"NUCB2"
"ENSG00000070081","patient4","XGBoost","all",2.62194215474096e-05,"NUCB2"
"ENSG00000070081","patient5","XGBoost","all",2.94836284486457e-05,"NUCB2"
"ENSG00000070081","patient3","XGBoost","all",4.78131454705308e-05,"NUCB2"
"ENSG00000070087","patient2","XGBoost","all",1.68223855552455e-05,"PFN2"
"ENSG00000070087","patient4","XGBoost","all",2.42217360625594e-05,"PFN2"
"ENSG00000070087","patient6","XGBoost","all",1.59061163515601e-05,"PFN2"
"ENSG00000070087","patient5","XGBoost","all",1.26346777448762e-05,"PFN2"
"ENSG00000070087","patient1","XGBoost","all",1.94242688033833e-05,"PFN2"
"ENSG00000070087","patient3","XGBoost","all",2.59074960611325e-05,"PFN2"
"ENSG00000070214","patient5","XGBoost","all",1.38878331349211e-05,"SLC44A1"
"ENSG00000070214","patient4","XGBoost","all",2.13161169044674e-05,"SLC44A1"
"ENSG00000070404","patient6","XGBoost","all",1.21521358166413e-05,"FSTL3"
"ENSG00000070404","patient4","XGBoost","all",1.71618644677653e-05,"FSTL3"
"ENSG00000070404","patient2","XGBoost","all",4.39618263636915e-05,"FSTL3"
"ENSG00000070404","patient3","XGBoost","all",2.13327935784394e-05,"FSTL3"
"ENSG00000070404","patient1","XGBoost","all",2.95425864417762e-05,"FSTL3"
"ENSG00000070961","patient3","XGBoost","all",2.81801459316458e-05,"ATP2B1"
"ENSG00000070961","patient6","XGBoost","all",2.11443167579315e-05,"ATP2B1"
"ENSG00000070961","patient5","XGBoost","all",1.31282411258763e-05,"ATP2B1"
"ENSG00000070961","patient2","XGBoost","all",1.7820619969218e-05,"ATP2B1"
"ENSG00000070961","patient4","XGBoost","all",1.00322564292022e-05,"ATP2B1"
"ENSG00000070961","patient1","XGBoost","all",1.67142635283147e-05,"ATP2B1"
"ENSG00000071054","patient4","XGBoost","all",5.08256389617829e-06,"MAP4K4"
"ENSG00000071127","patient2","XGBoost","all",2.1577612409602e-05,"WDR1"
"ENSG00000071127","patient5","XGBoost","all",2.29587852623919e-05,"WDR1"
"ENSG00000071127","patient1","XGBoost","all",6.53631776391203e-06,"WDR1"
"ENSG00000071127","patient6","XGBoost","all",3.13214165853626e-05,"WDR1"
"ENSG00000071127","patient4","XGBoost","all",2.56254864237413e-05,"WDR1"
"ENSG00000071127","patient3","XGBoost","all",2.48643389774243e-05,"WDR1"
"ENSG00000071205","patient3","XGBoost","all",1.94666616447617e-05,"ARHGAP10"
"ENSG00000071205","patient2","XGBoost","all",3.50545421612322e-05,"ARHGAP10"
"ENSG00000071205","patient4","XGBoost","all",2.51034705979304e-05,"ARHGAP10"
"ENSG00000071205","patient5","XGBoost","all",3.59386865195593e-05,"ARHGAP10"
"ENSG00000071205","patient1","XGBoost","all",3.95190842733317e-05,"ARHGAP10"
"ENSG00000071205","patient6","XGBoost","all",2.38818483917829e-05,"ARHGAP10"
"ENSG00000071282","patient5","XGBoost","all",3.34730480744829e-05,"LMCD1"
"ENSG00000071282","patient1","XGBoost","all",2.73526626628097e-05,"LMCD1"
"ENSG00000071282","patient4","XGBoost","all",2.12283106006325e-05,"LMCD1"
"ENSG00000071282","patient6","XGBoost","all",2.50246031934717e-05,"LMCD1"
"ENSG00000071282","patient3","XGBoost","all",5.10767071816133e-05,"LMCD1"
"ENSG00000071282","patient2","XGBoost","all",2.59891751512459e-05,"LMCD1"
"ENSG00000071553","patient1","XGBoost","all",2.40042646014137e-05,"ATP6AP1"
"ENSG00000071553","patient4","XGBoost","all",8.8965375726545e-06,"ATP6AP1"
"ENSG00000071553","patient3","XGBoost","all",2.57999974073603e-06,"ATP6AP1"
"ENSG00000071553","patient5","XGBoost","all",8.93728644540643e-06,"ATP6AP1"
"ENSG00000071553","patient2","XGBoost","all",6.79080715685204e-06,"ATP6AP1"
"ENSG00000071553","patient6","XGBoost","all",3.96958638160904e-06,"ATP6AP1"
"ENSG00000071859","patient5","XGBoost","all",5.13215011455615e-06,"FAM50A"
"ENSG00000071859","patient1","XGBoost","all",6.6542372948982e-06,"FAM50A"
"ENSG00000071859","patient4","XGBoost","all",1.76440364843493e-05,"FAM50A"
"ENSG00000071859","patient6","XGBoost","all",1.21213079531405e-05,"FAM50A"
"ENSG00000071859","patient2","XGBoost","all",3.546425240721e-06,"FAM50A"
"ENSG00000071859","patient3","XGBoost","all",1.86907205612737e-05,"FAM50A"
"ENSG00000071967","patient2","XGBoost","all",4.33527697735767e-05,"CYBRD1"
"ENSG00000071967","patient3","XGBoost","all",3.59130578869626e-05,"CYBRD1"
"ENSG00000071967","patient4","XGBoost","all",2.42718675596247e-05,"CYBRD1"
"ENSG00000071967","patient1","XGBoost","all",2.06391682653021e-05,"CYBRD1"
"ENSG00000071967","patient6","XGBoost","all",1.87593075969627e-05,"CYBRD1"
"ENSG00000071967","patient5","XGBoost","all",5.30965406705932e-05,"CYBRD1"
"ENSG00000072110","patient6","XGBoost","all",0.000528361249096462,"ACTN1"
"ENSG00000072110","patient4","XGBoost","all",0.000131545517625224,"ACTN1"
"ENSG00000072110","patient1","XGBoost","all",2.73087885902868e-05,"ACTN1"
"ENSG00000072110","patient3","XGBoost","all",0.000201769138476543,"ACTN1"
"ENSG00000072110","patient2","XGBoost","all",9.32717565600632e-05,"ACTN1"
"ENSG00000072110","patient5","XGBoost","all",5.85534068600501e-05,"ACTN1"
"ENSG00000072163","patient6","XGBoost","all",4.91803147109787e-06,"LIMS2"
"ENSG00000072163","patient3","XGBoost","all",7.80649846087343e-06,"LIMS2"
"ENSG00000072163","patient2","XGBoost","all",1.28120077094822e-05,"LIMS2"
"ENSG00000072163","patient5","XGBoost","all",4.22088041151177e-06,"LIMS2"
"ENSG00000072163","patient4","XGBoost","all",9.06156508981987e-06,"LIMS2"
"ENSG00000072163","patient1","XGBoost","all",1.72662856217416e-05,"LIMS2"
"ENSG00000072364","patient1","XGBoost","all",6.0267841446404e-06,"AFF4"
"ENSG00000072364","patient4","XGBoost","all",7.50218350611477e-06,"AFF4"
"ENSG00000072364","patient3","XGBoost","all",4.70048492338547e-06,"AFF4"
"ENSG00000072506","patient1","XGBoost","all",8.64661518153005e-06,"HSD17B10"
"ENSG00000072506","patient2","XGBoost","all",9.46479130725146e-06,"HSD17B10"
"ENSG00000072506","patient4","XGBoost","all",8.45430143790353e-06,"HSD17B10"
"ENSG00000072506","patient3","XGBoost","all",1.07349265693906e-05,"HSD17B10"
"ENSG00000072506","patient6","XGBoost","all",1.02972020312814e-05,"HSD17B10"
"ENSG00000072506","patient5","XGBoost","all",6.44526817586278e-06,"HSD17B10"
"ENSG00000072778","patient6","XGBoost","all",2.50060561174566e-05,"ACADVL"
"ENSG00000072778","patient1","XGBoost","all",4.24767658120337e-06,"ACADVL"
"ENSG00000072778","patient2","XGBoost","all",8.09045526429534e-06,"ACADVL"
"ENSG00000072778","patient3","XGBoost","all",2.93716366610068e-05,"ACADVL"
"ENSG00000072778","patient5","XGBoost","all",2.32399871621723e-05,"ACADVL"
"ENSG00000072778","patient4","XGBoost","all",1.12004663233109e-05,"ACADVL"
"ENSG00000072952","patient3","XGBoost","all",2.07914827322449e-05,"IRAG1"
"ENSG00000072952","patient4","XGBoost","all",2.13968621356896e-05,"IRAG1"
"ENSG00000072952","patient6","XGBoost","all",3.46852712260625e-05,"IRAG1"
"ENSG00000072952","patient2","XGBoost","all",2.51186288755778e-05,"IRAG1"
"ENSG00000072952","patient5","XGBoost","all",3.21844630678112e-05,"IRAG1"
"ENSG00000072952","patient1","XGBoost","all",3.21884557676049e-05,"IRAG1"
"ENSG00000073712","patient4","XGBoost","all",9.33828319670701e-06,"FERMT2"
"ENSG00000073712","patient1","XGBoost","all",1.13639683491713e-05,"FERMT2"
"ENSG00000073712","patient3","XGBoost","all",5.42092264259272e-06,"FERMT2"
"ENSG00000073712","patient5","XGBoost","all",1.19068962105712e-05,"FERMT2"
"ENSG00000073712","patient2","XGBoost","all",7.87846761156398e-06,"FERMT2"
"ENSG00000073712","patient6","XGBoost","all",8.6019739622935e-06,"FERMT2"
"ENSG00000073921","patient5","XGBoost","all",1.45609563270106e-05,"PICALM"
"ENSG00000073921","patient1","XGBoost","all",1.50088759447292e-06,"PICALM"
"ENSG00000073921","patient2","XGBoost","all",5.33127978653054e-06,"PICALM"
"ENSG00000073921","patient4","XGBoost","all",6.89457682263023e-06,"PICALM"
"ENSG00000073921","patient6","XGBoost","all",2.78008122663301e-06,"PICALM"
"ENSG00000073921","patient3","XGBoost","all",1.17882714451675e-05,"PICALM"
"ENSG00000074071","patient3","XGBoost","all",1.51177640253541e-05,"MRPS34"
"ENSG00000074071","patient4","XGBoost","all",7.53162799965325e-06,"MRPS34"
"ENSG00000074071","patient1","XGBoost","all",1.19922961074848e-05,"MRPS34"
"ENSG00000074071","patient2","XGBoost","all",1.28345954791638e-05,"MRPS34"
"ENSG00000074071","patient6","XGBoost","all",7.45547859177653e-06,"MRPS34"
"ENSG00000074071","patient5","XGBoost","all",9.50590788423042e-06,"MRPS34"
"ENSG00000074181","patient1","XGBoost","all",0.0840219014574415,"NOTCH3"
"ENSG00000074181","patient6","XGBoost","all",0.0639415567104487,"NOTCH3"
"ENSG00000074181","patient2","XGBoost","all",0.068151448436579,"NOTCH3"
"ENSG00000074181","patient5","XGBoost","all",0.0706077523979329,"NOTCH3"
"ENSG00000074181","patient4","XGBoost","all",0.075280907780609,"NOTCH3"
"ENSG00000074181","patient3","XGBoost","all",0.0674993395878869,"NOTCH3"
"ENSG00000074416","patient5","XGBoost","all",9.97670601028683e-05,"MGLL"
"ENSG00000074416","patient4","XGBoost","all",9.14273613647566e-05,"MGLL"
"ENSG00000074416","patient1","XGBoost","all",9.75275635413357e-05,"MGLL"
"ENSG00000074416","patient6","XGBoost","all",8.05936885470578e-05,"MGLL"
"ENSG00000074416","patient2","XGBoost","all",0.000131618131270217,"MGLL"
"ENSG00000074416","patient3","XGBoost","all",0.00016246283731262,"MGLL"
"ENSG00000074695","patient6","XGBoost","all",1.49850032336172e-05,"LMAN1"
"ENSG00000074695","patient4","XGBoost","all",1.39366001834547e-05,"LMAN1"
"ENSG00000074695","patient1","XGBoost","all",6.34933900311521e-06,"LMAN1"
"ENSG00000074695","patient3","XGBoost","all",2.27897343229172e-05,"LMAN1"
"ENSG00000074695","patient5","XGBoost","all",2.12712499233866e-05,"LMAN1"
"ENSG00000074695","patient2","XGBoost","all",1.97036617708131e-05,"LMAN1"
"ENSG00000074842","patient5","XGBoost","all",1.69911411311779e-05,"MYDGF"
"ENSG00000074842","patient4","XGBoost","all",1.50881074549593e-05,"MYDGF"
"ENSG00000074842","patient6","XGBoost","all",2.1865883082807e-05,"MYDGF"
"ENSG00000074842","patient1","XGBoost","all",2.49745581849648e-05,"MYDGF"
"ENSG00000074842","patient3","XGBoost","all",1.45484067868764e-05,"MYDGF"
"ENSG00000074842","patient2","XGBoost","all",2.27592661978743e-05,"MYDGF"
"ENSG00000075142","patient2","XGBoost","all",1.76198511982474e-05,"SRI"
"ENSG00000075142","patient3","XGBoost","all",1.68813504838383e-05,"SRI"
"ENSG00000075142","patient5","XGBoost","all",3.55355187632109e-05,"SRI"
"ENSG00000075142","patient6","XGBoost","all",1.99097469595223e-05,"SRI"
"ENSG00000075142","patient1","XGBoost","all",8.92702815058291e-06,"SRI"
"ENSG00000075142","patient4","XGBoost","all",1.82406262323624e-05,"SRI"
"ENSG00000075239","patient1","XGBoost","all",8.57220166192902e-06,"ACAT1"
"ENSG00000075239","patient5","XGBoost","all",8.20850131608132e-06,"ACAT1"
"ENSG00000075239","patient6","XGBoost","all",1.35865810148489e-05,"ACAT1"
"ENSG00000075239","patient3","XGBoost","all",5.88964072914347e-06,"ACAT1"
"ENSG00000075239","patient4","XGBoost","all",4.21402629856072e-06,"ACAT1"
"ENSG00000075239","patient2","XGBoost","all",2.67672636827291e-06,"ACAT1"
"ENSG00000075292","patient3","XGBoost","all",4.36684724978212e-06,"ZNF638"
"ENSG00000075292","patient6","XGBoost","all",2.36538202148809e-06,"ZNF638"
"ENSG00000075292","patient4","XGBoost","all",1.55679122685422e-06,"ZNF638"
"ENSG00000075292","patient5","XGBoost","all",2.30503906259056e-05,"ZNF638"
"ENSG00000075292","patient2","XGBoost","all",9.46735259664242e-06,"ZNF638"
"ENSG00000075292","patient1","XGBoost","all",2.97470381089788e-06,"ZNF638"
"ENSG00000075420","patient6","XGBoost","all",9.13457221252365e-06,"FNDC3B"
"ENSG00000075420","patient2","XGBoost","all",8.65529359119993e-06,"FNDC3B"
"ENSG00000075420","patient4","XGBoost","all",1.1314074956528e-05,"FNDC3B"
"ENSG00000075420","patient3","XGBoost","all",6.9321871521953e-06,"FNDC3B"
"ENSG00000075539","patient4","XGBoost","all",1.31994481578642e-05,"FRYL"
"ENSG00000075785","patient1","XGBoost","all",5.60589808742009e-06,"RAB7A"
"ENSG00000075785","patient2","XGBoost","all",1.23922273131273e-05,"RAB7A"
"ENSG00000075785","patient3","XGBoost","all",1.27242268610004e-05,"RAB7A"
"ENSG00000075785","patient4","XGBoost","all",1.17529532929595e-05,"RAB7A"
"ENSG00000075785","patient5","XGBoost","all",1.0037450555692e-05,"RAB7A"
"ENSG00000075785","patient6","XGBoost","all",1.845490538335e-05,"RAB7A"
"ENSG00000075790","patient2","XGBoost","all",1.40704199130293e-05,"BCAP29"
"ENSG00000075790","patient3","XGBoost","all",1.41813746990922e-05,"BCAP29"
"ENSG00000075790","patient1","XGBoost","all",1.0842773782868e-05,"BCAP29"
"ENSG00000075790","patient6","XGBoost","all",6.50871352198197e-06,"BCAP29"
"ENSG00000075790","patient4","XGBoost","all",1.35723772494078e-05,"BCAP29"
"ENSG00000075790","patient5","XGBoost","all",2.03094757540397e-05,"BCAP29"
"ENSG00000076043","patient2","XGBoost","all",1.98442543864138e-05,"REXO2"
"ENSG00000076043","patient6","XGBoost","all",8.92495028018055e-06,"REXO2"
"ENSG00000076043","patient3","XGBoost","all",8.89123660448146e-06,"REXO2"
"ENSG00000076043","patient5","XGBoost","all",1.29489525566842e-05,"REXO2"
"ENSG00000076043","patient4","XGBoost","all",1.95079396576052e-05,"REXO2"
"ENSG00000076043","patient1","XGBoost","all",5.57295772644147e-06,"REXO2"
"ENSG00000076706","patient4","XGBoost","all",0.00189536869472184,"MCAM"
"ENSG00000076706","patient3","XGBoost","all",0.0016046179048917,"MCAM"
"ENSG00000076706","patient2","XGBoost","all",0.00135772792409456,"MCAM"
"ENSG00000076706","patient5","XGBoost","all",0.00110415745439415,"MCAM"
"ENSG00000076706","patient6","XGBoost","all",0.00206760324782268,"MCAM"
"ENSG00000076706","patient1","XGBoost","all",0.00076750055239164,"MCAM"
"ENSG00000077147","patient2","XGBoost","all",1.67897368460913e-05,"TM9SF3"
"ENSG00000077147","patient6","XGBoost","all",1.2506382407957e-05,"TM9SF3"
"ENSG00000077147","patient4","XGBoost","all",2.47955537291762e-05,"TM9SF3"
"ENSG00000077147","patient3","XGBoost","all",2.07373319244241e-05,"TM9SF3"
"ENSG00000077147","patient5","XGBoost","all",1.31607979033221e-05,"TM9SF3"
"ENSG00000077147","patient1","XGBoost","all",8.94284515215174e-06,"TM9SF3"
"ENSG00000077157","patient5","XGBoost","all",1.10979296514704e-05,"PPP1R12B"
"ENSG00000077157","patient4","XGBoost","all",1.08434307561595e-05,"PPP1R12B"
"ENSG00000077157","patient6","XGBoost","all",1.67997900961901e-05,"PPP1R12B"
"ENSG00000077157","patient3","XGBoost","all",1.75348878627379e-05,"PPP1R12B"
"ENSG00000077157","patient2","XGBoost","all",1.40387107161408e-05,"PPP1R12B"
"ENSG00000077157","patient1","XGBoost","all",4.54938970004191e-06,"PPP1R12B"
"ENSG00000077232","patient1","XGBoost","all",3.98790021509633e-06,"DNAJC10"
"ENSG00000077232","patient4","XGBoost","all",4.84594666849373e-06,"DNAJC10"
"ENSG00000077232","patient2","XGBoost","all",1.58163613476975e-05,"DNAJC10"
"ENSG00000077232","patient6","XGBoost","all",1.57490451791963e-05,"DNAJC10"
"ENSG00000077232","patient5","XGBoost","all",9.85906405955265e-06,"DNAJC10"
"ENSG00000077232","patient3","XGBoost","all",7.21341269403309e-06,"DNAJC10"
"ENSG00000077380","patient2","XGBoost","all",1.8837269613104e-05,"DYNC1I2"
"ENSG00000077380","patient1","XGBoost","all",1.47486171000885e-05,"DYNC1I2"
"ENSG00000077380","patient6","XGBoost","all",2.98890041967596e-05,"DYNC1I2"
"ENSG00000077380","patient5","XGBoost","all",2.12980408730724e-05,"DYNC1I2"
"ENSG00000077782","patient4","XGBoost","all",1.96662556521406e-05,"FGFR1"
"ENSG00000077782","patient3","XGBoost","all",1.36068181213114e-05,"FGFR1"
"ENSG00000077782","patient6","XGBoost","all",8.99841593394047e-06,"FGFR1"
"ENSG00000077782","patient1","XGBoost","all",1.31338195823054e-05,"FGFR1"
"ENSG00000077782","patient2","XGBoost","all",1.11187237003714e-05,"FGFR1"
"ENSG00000077782","patient5","XGBoost","all",2.30385210804792e-05,"FGFR1"
"ENSG00000077942","patient2","XGBoost","all",0.0413767263528307,"FBLN1"
"ENSG00000077942","patient1","XGBoost","all",0.027645754667105,"FBLN1"
"ENSG00000077942","patient5","XGBoost","all",0.0287744066365143,"FBLN1"
"ENSG00000077942","patient3","XGBoost","all",0.0172804330529338,"FBLN1"
"ENSG00000077942","patient4","XGBoost","all",0.0289818233016613,"FBLN1"
"ENSG00000077942","patient6","XGBoost","all",0.015725336672989,"FBLN1"
"ENSG00000077943","patient1","XGBoost","all",0.0689597127618829,"ITGA8"
"ENSG00000077943","patient3","XGBoost","all",0.0841343186066145,"ITGA8"
"ENSG00000077943","patient2","XGBoost","all",0.0904794403766245,"ITGA8"
"ENSG00000077943","patient4","XGBoost","all",0.104164240236479,"ITGA8"
"ENSG00000077943","patient6","XGBoost","all",0.0928884752370951,"ITGA8"
"ENSG00000077943","patient5","XGBoost","all",0.11436540322264,"ITGA8"
"ENSG00000078140","patient5","XGBoost","all",1.3521698422301e-05,"UBE2K"
"ENSG00000078140","patient1","XGBoost","all",3.89148263804078e-06,"UBE2K"
"ENSG00000078140","patient4","XGBoost","all",3.84538673122313e-06,"UBE2K"
"ENSG00000078140","patient6","XGBoost","all",1.11968518662886e-05,"UBE2K"
"ENSG00000078140","patient2","XGBoost","all",7.47971176280158e-06,"UBE2K"
"ENSG00000078140","patient3","XGBoost","all",9.19150641436727e-06,"UBE2K"
"ENSG00000078369","patient4","XGBoost","all",4.37831234606563e-06,"GNB1"
"ENSG00000078369","patient5","XGBoost","all",8.84089637482425e-06,"GNB1"
"ENSG00000078369","patient1","XGBoost","all",2.2819098110559e-06,"GNB1"
"ENSG00000078369","patient6","XGBoost","all",6.37224215079736e-06,"GNB1"
"ENSG00000078369","patient2","XGBoost","all",8.47406772803031e-06,"GNB1"
"ENSG00000078369","patient3","XGBoost","all",5.92103854848257e-06,"GNB1"
"ENSG00000078596","patient5","XGBoost","all",0.00135574514522666,"ITM2A"
"ENSG00000078596","patient1","XGBoost","all",0.00102672517337681,"ITM2A"
"ENSG00000078596","patient3","XGBoost","all",0.00172609282268944,"ITM2A"
"ENSG00000078596","patient4","XGBoost","all",0.0015618748186229,"ITM2A"
"ENSG00000078596","patient2","XGBoost","all",0.00188093484138765,"ITM2A"
"ENSG00000078596","patient6","XGBoost","all",0.00113792563131019,"ITM2A"
"ENSG00000078618","patient5","XGBoost","all",1.30472250460337e-05,"NRDC"
"ENSG00000078618","patient6","XGBoost","all",5.20795222790486e-06,"NRDC"
"ENSG00000078618","patient1","XGBoost","all",6.02148798925509e-06,"NRDC"
"ENSG00000078618","patient4","XGBoost","all",9.49309635819818e-06,"NRDC"
"ENSG00000078618","patient2","XGBoost","all",6.1434509676322e-06,"NRDC"
"ENSG00000078618","patient3","XGBoost","all",5.84516756520331e-06,"NRDC"
"ENSG00000078668","patient4","XGBoost","all",6.36214375549075e-06,"VDAC3"
"ENSG00000078668","patient3","XGBoost","all",1.46556044721822e-06,"VDAC3"
"ENSG00000078668","patient5","XGBoost","all",5.99662594045327e-06,"VDAC3"
"ENSG00000078668","patient1","XGBoost","all",1.78337766508727e-06,"VDAC3"
"ENSG00000078668","patient6","XGBoost","all",4.82884106060606e-06,"VDAC3"
"ENSG00000078668","patient2","XGBoost","all",9.48385590593677e-06,"VDAC3"
"ENSG00000078674","patient4","XGBoost","all",5.85740091356122e-06,"PCM1"
"ENSG00000078674","patient2","XGBoost","all",1.37159803578185e-05,"PCM1"
"ENSG00000078674","patient1","XGBoost","all",1.12995221029158e-05,"PCM1"
"ENSG00000078674","patient6","XGBoost","all",2.66494564324005e-06,"PCM1"
"ENSG00000078674","patient3","XGBoost","all",8.82029831799496e-06,"PCM1"
"ENSG00000078674","patient5","XGBoost","all",1.53812553725811e-05,"PCM1"
"ENSG00000078808","patient4","XGBoost","all",1.44492327514526e-05,"SDF4"
"ENSG00000078808","patient2","XGBoost","all",2.64564259180444e-05,"SDF4"
"ENSG00000078808","patient5","XGBoost","all",2.30673967178901e-05,"SDF4"
"ENSG00000078808","patient3","XGBoost","all",4.10225473877199e-05,"SDF4"
"ENSG00000078808","patient6","XGBoost","all",1.28599461800913e-05,"SDF4"
"ENSG00000078808","patient1","XGBoost","all",1.29794871779165e-05,"SDF4"
"ENSG00000079308","patient4","XGBoost","all",5.09431146444599e-05,"TNS1"
"ENSG00000079308","patient3","XGBoost","all",5.20033092485104e-05,"TNS1"
"ENSG00000079308","patient5","XGBoost","all",7.49222446810187e-05,"TNS1"
"ENSG00000079308","patient2","XGBoost","all",3.5204572006482e-05,"TNS1"
"ENSG00000079308","patient6","XGBoost","all",3.43478419021689e-05,"TNS1"
"ENSG00000079308","patient1","XGBoost","all",5.6080739434136e-05,"TNS1"
"ENSG00000079332","patient2","XGBoost","all",7.77058752352763e-06,"SAR1A"
"ENSG00000079332","patient4","XGBoost","all",5.5357122643663e-06,"SAR1A"
"ENSG00000079332","patient1","XGBoost","all",9.29266986027394e-06,"SAR1A"
"ENSG00000079332","patient6","XGBoost","all",6.92675178405098e-06,"SAR1A"
"ENSG00000079332","patient5","XGBoost","all",1.03189678710501e-05,"SAR1A"
"ENSG00000079332","patient3","XGBoost","all",1.83616571532082e-05,"SAR1A"
"ENSG00000079785","patient5","XGBoost","all",1.95567918886309e-05,"DDX1"
"ENSG00000079785","patient3","XGBoost","all",7.28181503198006e-06,"DDX1"
"ENSG00000079785","patient2","XGBoost","all",1.14209663752531e-05,"DDX1"
"ENSG00000079785","patient4","XGBoost","all",1.856971980054e-05,"DDX1"
"ENSG00000079785","patient6","XGBoost","all",5.51756200468081e-06,"DDX1"
"ENSG00000079785","patient1","XGBoost","all",7.91739349697185e-06,"DDX1"
"ENSG00000079819","patient2","XGBoost","all",5.15212769273165e-06,"EPB41L2"
"ENSG00000079819","patient5","XGBoost","all",7.26610311792467e-06,"EPB41L2"
"ENSG00000079819","patient6","XGBoost","all",1.37481289204708e-05,"EPB41L2"
"ENSG00000079819","patient4","XGBoost","all",1.01702308961846e-05,"EPB41L2"
"ENSG00000079819","patient3","XGBoost","all",2.60976944773503e-05,"EPB41L2"
"ENSG00000079819","patient1","XGBoost","all",3.10934109347667e-05,"EPB41L2"
"ENSG00000079950","patient2","XGBoost","all",1.57430807068179e-06,"STX7"
"ENSG00000079950","patient4","XGBoost","all",6.7961654656462e-06,"STX7"
"ENSG00000079950","patient5","XGBoost","all",4.88902088994763e-06,"STX7"
"ENSG00000079950","patient3","XGBoost","all",6.08441454877613e-06,"STX7"
"ENSG00000079950","patient6","XGBoost","all",5.90566184635989e-06,"STX7"
"ENSG00000079950","patient1","XGBoost","all",2.15913383555068e-06,"STX7"
"ENSG00000080345","patient4","XGBoost","all",1.78616504964778e-05,"RIF1"
"ENSG00000080371","patient2","XGBoost","all",6.30018635140568e-06,"RAB21"
"ENSG00000080371","patient5","XGBoost","all",2.77167292804408e-06,"RAB21"
"ENSG00000080371","patient1","XGBoost","all",6.02552962639629e-06,"RAB21"
"ENSG00000080371","patient3","XGBoost","all",7.08570648262701e-06,"RAB21"
"ENSG00000080371","patient4","XGBoost","all",5.15232030259195e-06,"RAB21"
"ENSG00000080371","patient6","XGBoost","all",6.95819347354499e-06,"RAB21"
"ENSG00000080503","patient4","XGBoost","all",3.12115318486246e-06,"SMARCA2"
"ENSG00000080503","patient3","XGBoost","all",1.16432626761073e-05,"SMARCA2"
"ENSG00000080503","patient6","XGBoost","all",9.1776524127108e-06,"SMARCA2"
"ENSG00000080503","patient2","XGBoost","all",7.4277431813213e-06,"SMARCA2"
"ENSG00000080503","patient1","XGBoost","all",4.20915790931937e-06,"SMARCA2"
"ENSG00000080822","patient2","XGBoost","all",6.16735326497965e-06,"CLDND1"
"ENSG00000080822","patient5","XGBoost","all",9.56658547163576e-06,"CLDND1"
"ENSG00000080822","patient4","XGBoost","all",1.70426117023087e-05,"CLDND1"
"ENSG00000080822","patient3","XGBoost","all",3.12104811663598e-06,"CLDND1"
"ENSG00000080822","patient6","XGBoost","all",7.9465038229085e-06,"CLDND1"
"ENSG00000080822","patient1","XGBoost","all",5.206978689088e-06,"CLDND1"
"ENSG00000081041","patient5","XGBoost","all",6.45423039563837e-05,"CXCL2"
"ENSG00000081041","patient3","XGBoost","all",4.51630390417487e-05,"CXCL2"
"ENSG00000081041","patient4","XGBoost","all",6.36301103055294e-05,"CXCL2"
"ENSG00000081041","patient1","XGBoost","all",0.00014042168994772,"CXCL2"
"ENSG00000081041","patient6","XGBoost","all",2.73427060324419e-05,"CXCL2"
"ENSG00000081154","patient3","XGBoost","all",1.1260246450819e-05,"PCNP"
"ENSG00000081154","patient6","XGBoost","all",1.71842329432637e-05,"PCNP"
"ENSG00000081154","patient1","XGBoost","all",5.02878562911109e-06,"PCNP"
"ENSG00000081154","patient2","XGBoost","all",1.28680797489464e-05,"PCNP"
"ENSG00000081154","patient5","XGBoost","all",1.29068077656568e-05,"PCNP"
"ENSG00000081154","patient4","XGBoost","all",9.23410426500697e-06,"PCNP"
"ENSG00000081189","patient2","XGBoost","all",0.000945062472549476,"MEF2C"
"ENSG00000081189","patient4","XGBoost","all",0.000125637265744587,"MEF2C"
"ENSG00000081189","patient1","XGBoost","all",0.0038424856195559,"MEF2C"
"ENSG00000081189","patient6","XGBoost","all",0.00277344654577492,"MEF2C"
"ENSG00000081189","patient3","XGBoost","all",0.00266439093003221,"MEF2C"
"ENSG00000081189","patient5","XGBoost","all",0.0027089359667575,"MEF2C"
"ENSG00000081237","patient4","XGBoost","all",0.00200772968382971,"PTPRC"
"ENSG00000081237","patient1","XGBoost","all",0.00103052976137174,"PTPRC"
"ENSG00000081237","patient5","XGBoost","all",0.000432803168662926,"PTPRC"
"ENSG00000081237","patient3","XGBoost","all",0.000254545014623945,"PTPRC"
"ENSG00000081237","patient6","XGBoost","all",0.000971226617445968,"PTPRC"
"ENSG00000081237","patient2","XGBoost","all",0.000667682281814205,"PTPRC"
"ENSG00000082074","patient6","XGBoost","all",2.84542474623005e-05,"FYB1"
"ENSG00000082153","patient4","XGBoost","all",1.07786923067832e-05,"BZW1"
"ENSG00000082153","patient5","XGBoost","all",2.08759481820601e-05,"BZW1"
"ENSG00000082153","patient2","XGBoost","all",2.62964167156196e-05,"BZW1"
"ENSG00000082153","patient3","XGBoost","all",2.13068515000205e-05,"BZW1"
"ENSG00000082153","patient6","XGBoost","all",1.3346279874431e-05,"BZW1"
"ENSG00000082153","patient1","XGBoost","all",7.54928644416711e-06,"BZW1"
"ENSG00000082641","patient4","XGBoost","all",5.43446091562234e-06,"NFE2L1"
"ENSG00000082641","patient5","XGBoost","all",1.45253910894352e-05,"NFE2L1"
"ENSG00000082641","patient3","XGBoost","all",1.07528557179791e-05,"NFE2L1"
"ENSG00000082641","patient2","XGBoost","all",1.51644569453876e-05,"NFE2L1"
"ENSG00000082641","patient1","XGBoost","all",6.95511801792424e-06,"NFE2L1"
"ENSG00000082641","patient6","XGBoost","all",1.1227950723652e-05,"NFE2L1"
"ENSG00000082781","patient6","XGBoost","all",2.77829963758551e-05,"ITGB5"
"ENSG00000082781","patient5","XGBoost","all",1.97373304954812e-05,"ITGB5"
"ENSG00000082781","patient4","XGBoost","all",1.94694647154437e-05,"ITGB5"
"ENSG00000082781","patient1","XGBoost","all",3.63711558575335e-05,"ITGB5"
"ENSG00000082781","patient3","XGBoost","all",4.11768283371566e-05,"ITGB5"
"ENSG00000082781","patient2","XGBoost","all",2.32304302832696e-05,"ITGB5"
"ENSG00000082996","patient4","XGBoost","all",6.77793671922444e-06,"RNF13"
"ENSG00000082996","patient3","XGBoost","all",1.25826537218939e-05,"RNF13"
"ENSG00000082996","patient2","XGBoost","all",1.13992733791578e-05,"RNF13"
"ENSG00000082996","patient1","XGBoost","all",1.71308480098438e-05,"RNF13"
"ENSG00000082996","patient5","XGBoost","all",1.38748987713036e-05,"RNF13"
"ENSG00000082996","patient6","XGBoost","all",1.08683162622329e-05,"RNF13"
"ENSG00000083896","patient5","XGBoost","all",1.37060669647413e-05,"YTHDC1"
"ENSG00000083896","patient4","XGBoost","all",5.66657473362189e-06,"YTHDC1"
"ENSG00000083896","patient2","XGBoost","all",1.33512522222081e-05,"YTHDC1"
"ENSG00000083896","patient6","XGBoost","all",7.34588042300032e-06,"YTHDC1"
"ENSG00000083896","patient1","XGBoost","all",2.34497468016806e-05,"YTHDC1"
"ENSG00000083896","patient3","XGBoost","all",2.11810478189575e-05,"YTHDC1"
"ENSG00000083937","patient5","XGBoost","all",1.24292817555795e-05,"CHMP2B"
"ENSG00000083937","patient2","XGBoost","all",5.18786797621104e-06,"CHMP2B"
"ENSG00000083937","patient6","XGBoost","all",1.05883497288049e-05,"CHMP2B"
"ENSG00000083937","patient3","XGBoost","all",1.13509193173999e-05,"CHMP2B"
"ENSG00000083937","patient1","XGBoost","all",6.97830512903577e-06,"CHMP2B"
"ENSG00000083937","patient4","XGBoost","all",1.29796749209003e-05,"CHMP2B"
"ENSG00000084070","patient3","XGBoost","all",3.0787352880378e-05,"SMAP2"
"ENSG00000084070","patient2","XGBoost","all",3.56566274124344e-05,"SMAP2"
"ENSG00000084070","patient5","XGBoost","all",2.57732779862993e-05,"SMAP2"
"ENSG00000084070","patient4","XGBoost","all",2.58253165712443e-05,"SMAP2"
"ENSG00000084070","patient1","XGBoost","all",1.59565374711381e-05,"SMAP2"
"ENSG00000084070","patient6","XGBoost","all",1.66839740052431e-05,"SMAP2"
"ENSG00000084234","patient5","XGBoost","all",0.000310743397300332,"APLP2"
"ENSG00000084234","patient1","XGBoost","all",3.1051871125234e-05,"APLP2"
"ENSG00000084623","patient6","XGBoost","all",1.48922578957622e-05,"EIF3I"
"ENSG00000084623","patient5","XGBoost","all",8.57962455468144e-06,"EIF3I"
"ENSG00000084623","patient3","XGBoost","all",7.45420794890988e-06,"EIF3I"
"ENSG00000084623","patient2","XGBoost","all",8.80653203871308e-06,"EIF3I"
"ENSG00000084623","patient1","XGBoost","all",5.89062337036635e-06,"EIF3I"
"ENSG00000084623","patient4","XGBoost","all",1.25417678282439e-05,"EIF3I"
"ENSG00000084733","patient1","XGBoost","all",5.05673902087141e-06,"RAB10"
"ENSG00000084733","patient5","XGBoost","all",6.13263863990623e-06,"RAB10"
"ENSG00000084733","patient6","XGBoost","all",8.57590876258311e-06,"RAB10"
"ENSG00000084733","patient3","XGBoost","all",4.99636480380728e-06,"RAB10"
"ENSG00000084733","patient4","XGBoost","all",1.14628585845165e-05,"RAB10"
"ENSG00000084733","patient2","XGBoost","all",9.89584914040329e-06,"RAB10"
"ENSG00000084754","patient3","XGBoost","all",1.07446918298002e-05,"HADHA"
"ENSG00000084754","patient4","XGBoost","all",1.14078887942163e-05,"HADHA"
"ENSG00000084754","patient1","XGBoost","all",7.84752482888444e-06,"HADHA"
"ENSG00000084754","patient2","XGBoost","all",4.20741258181515e-06,"HADHA"
"ENSG00000084754","patient6","XGBoost","all",1.00458136144053e-05,"HADHA"
"ENSG00000084754","patient5","XGBoost","all",8.49650286273887e-06,"HADHA"
"ENSG00000085063","patient2","XGBoost","all",2.25804456966398e-05,"CD59"
"ENSG00000085063","patient4","XGBoost","all",3.90230495712675e-05,"CD59"
"ENSG00000085063","patient6","XGBoost","all",3.17476892199974e-05,"CD59"
"ENSG00000085063","patient3","XGBoost","all",3.13434591619044e-05,"CD59"
"ENSG00000085063","patient1","XGBoost","all",3.49566250703548e-05,"CD59"
"ENSG00000085063","patient5","XGBoost","all",5.24020498168104e-05,"CD59"
"ENSG00000085224","patient5","XGBoost","all",1.29536365167623e-05,"ATRX"
"ENSG00000085224","patient1","XGBoost","all",9.99560664752517e-06,"ATRX"
"ENSG00000085224","patient6","XGBoost","all",1.71336559574807e-05,"ATRX"
"ENSG00000085224","patient4","XGBoost","all",4.9984369929431e-05,"ATRX"
"ENSG00000085224","patient3","XGBoost","all",3.08943497303935e-05,"ATRX"
"ENSG00000085224","patient2","XGBoost","all",7.11251642061109e-06,"ATRX"
"ENSG00000085662","patient4","XGBoost","all",1.42526275895717e-05,"AKR1B1"
"ENSG00000085662","patient1","XGBoost","all",5.04726718595871e-06,"AKR1B1"
"ENSG00000085662","patient5","XGBoost","all",1.76021824778108e-05,"AKR1B1"
"ENSG00000085662","patient3","XGBoost","all",1.82081484429619e-05,"AKR1B1"
"ENSG00000085662","patient2","XGBoost","all",2.24856154866075e-05,"AKR1B1"
"ENSG00000085662","patient6","XGBoost","all",1.12745218369041e-05,"AKR1B1"
"ENSG00000085719","patient3","XGBoost","all",1.99491032865109e-05,"CPNE3"
"ENSG00000085719","patient6","XGBoost","all",2.07605339693999e-05,"CPNE3"
"ENSG00000085719","patient5","XGBoost","all",1.03597797018964e-05,"CPNE3"
"ENSG00000085719","patient1","XGBoost","all",2.78438650600646e-05,"CPNE3"
"ENSG00000085719","patient2","XGBoost","all",2.28502751983554e-05,"CPNE3"
"ENSG00000085719","patient4","XGBoost","all",8.96292192171672e-06,"CPNE3"
"ENSG00000085733","patient3","XGBoost","all",3.44842849083146e-05,"CTTN"
"ENSG00000085733","patient5","XGBoost","all",1.02268316483946e-05,"CTTN"
"ENSG00000085733","patient4","XGBoost","all",1.37471929808931e-05,"CTTN"
"ENSG00000085733","patient6","XGBoost","all",1.31638860682166e-05,"CTTN"
"ENSG00000085733","patient1","XGBoost","all",1.22222254554146e-05,"CTTN"
"ENSG00000085733","patient2","XGBoost","all",1.45095484723458e-05,"CTTN"
"ENSG00000085832","patient5","XGBoost","all",8.97683893887234e-06,"EPS15"
"ENSG00000085832","patient6","XGBoost","all",3.91587518465632e-06,"EPS15"
"ENSG00000085832","patient4","XGBoost","all",6.84912554724589e-06,"EPS15"
"ENSG00000085832","patient1","XGBoost","all",4.00293777129802e-06,"EPS15"
"ENSG00000085832","patient3","XGBoost","all",4.25563627229906e-07,"EPS15"
"ENSG00000085832","patient2","XGBoost","all",1.4840780495582e-06,"EPS15"
"ENSG00000085871","patient4","XGBoost","all",2.93496831981697e-05,"MGST2"
"ENSG00000085871","patient6","XGBoost","all",6.54868661038571e-05,"MGST2"
"ENSG00000085871","patient5","XGBoost","all",6.67880814692682e-05,"MGST2"
"ENSG00000085871","patient2","XGBoost","all",6.06192788301002e-05,"MGST2"
"ENSG00000085871","patient3","XGBoost","all",3.34644194082012e-05,"MGST2"
"ENSG00000085871","patient1","XGBoost","all",4.1488891199489e-05,"MGST2"
"ENSG00000086061","patient6","XGBoost","all",1.21206521622184e-05,"DNAJA1"
"ENSG00000086061","patient1","XGBoost","all",1.4526296323847e-05,"DNAJA1"
"ENSG00000086061","patient2","XGBoost","all",1.36238120992056e-05,"DNAJA1"
"ENSG00000086061","patient3","XGBoost","all",1.86482337512823e-05,"DNAJA1"
"ENSG00000086061","patient4","XGBoost","all",1.39597372960683e-05,"DNAJA1"
"ENSG00000086061","patient5","XGBoost","all",2.09512914313647e-05,"DNAJA1"
"ENSG00000086062","patient1","XGBoost","all",7.93714216167996e-06,"B4GALT1"
"ENSG00000086062","patient6","XGBoost","all",1.48943604098249e-05,"B4GALT1"
"ENSG00000086062","patient3","XGBoost","all",1.67296396192511e-05,"B4GALT1"
"ENSG00000086062","patient5","XGBoost","all",2.22842020139181e-05,"B4GALT1"
"ENSG00000086062","patient4","XGBoost","all",1.43032284124881e-05,"B4GALT1"
"ENSG00000086062","patient2","XGBoost","all",1.13118211036825e-05,"B4GALT1"
"ENSG00000086065","patient2","XGBoost","all",3.40372859134884e-06,"CHMP5"
"ENSG00000086065","patient1","XGBoost","all",7.42368724718841e-06,"CHMP5"
"ENSG00000086065","patient6","XGBoost","all",1.19265814367319e-05,"CHMP5"
"ENSG00000086065","patient3","XGBoost","all",9.66715644759888e-06,"CHMP5"
"ENSG00000086065","patient5","XGBoost","all",2.7340631465444e-05,"CHMP5"
"ENSG00000086065","patient4","XGBoost","all",1.65969004377754e-05,"CHMP5"
"ENSG00000086598","patient2","XGBoost","all",1.75722360850178e-05,"TMED2"
"ENSG00000086598","patient5","XGBoost","all",2.40624778422731e-05,"TMED2"
"ENSG00000086598","patient6","XGBoost","all",1.86719024741223e-05,"TMED2"
"ENSG00000086598","patient4","XGBoost","all",3.03403746631406e-05,"TMED2"
"ENSG00000086598","patient3","XGBoost","all",1.86085719105882e-05,"TMED2"
"ENSG00000086598","patient1","XGBoost","all",6.91231924675346e-06,"TMED2"
"ENSG00000087074","patient4","XGBoost","all",1.68030941875291e-05,"PPP1R15A"
"ENSG00000087074","patient3","XGBoost","all",1.78783340360768e-05,"PPP1R15A"
"ENSG00000087074","patient2","XGBoost","all",2.72822414094554e-05,"PPP1R15A"
"ENSG00000087074","patient5","XGBoost","all",1.08733088114691e-05,"PPP1R15A"
"ENSG00000087074","patient1","XGBoost","all",1.79803923609857e-05,"PPP1R15A"
"ENSG00000087074","patient6","XGBoost","all",2.20184689866729e-05,"PPP1R15A"
"ENSG00000087077","patient2","XGBoost","all",2.07228904679774e-06,"TRIP6"
"ENSG00000087077","patient4","XGBoost","all",5.1397043185395e-06,"TRIP6"
"ENSG00000087077","patient3","XGBoost","all",5.48481253965208e-06,"TRIP6"
"ENSG00000087088","patient1","XGBoost","all",1.07795546539269e-05,"BAX"
"ENSG00000087088","patient3","XGBoost","all",1.25028179958561e-05,"BAX"
"ENSG00000087088","patient2","XGBoost","all",1.28976822803764e-05,"BAX"
"ENSG00000087088","patient6","XGBoost","all",2.11257611466766e-05,"BAX"
"ENSG00000087088","patient4","XGBoost","all",6.80233514506268e-06,"BAX"
"ENSG00000087088","patient5","XGBoost","all",1.82040310490554e-05,"BAX"
"ENSG00000087191","patient3","XGBoost","all",1.85722372222407e-05,"PSMC5"
"ENSG00000087191","patient1","XGBoost","all",2.32575551991363e-05,"PSMC5"
"ENSG00000087191","patient6","XGBoost","all",7.52569800934483e-06,"PSMC5"
"ENSG00000087191","patient5","XGBoost","all",1.90462774390026e-05,"PSMC5"
"ENSG00000087191","patient4","XGBoost","all",8.00854535926994e-06,"PSMC5"
"ENSG00000087191","patient2","XGBoost","all",9.08231310062155e-06,"PSMC5"
"ENSG00000087245","patient3","XGBoost","all",8.57840918402934e-05,"MMP2"
"ENSG00000087245","patient2","XGBoost","all",7.05345123191615e-05,"MMP2"
"ENSG00000087245","patient4","XGBoost","all",0.000121490654519396,"MMP2"
"ENSG00000087245","patient1","XGBoost","all",9.22278623276e-05,"MMP2"
"ENSG00000087245","patient6","XGBoost","all",4.3223114241822e-05,"MMP2"
"ENSG00000087245","patient5","XGBoost","all",0.000110420015871846,"MMP2"
"ENSG00000087274","patient4","XGBoost","all",1.21948561737641e-05,"ADD1"
"ENSG00000087274","patient5","XGBoost","all",5.5803463507888e-06,"ADD1"
"ENSG00000087274","patient2","XGBoost","all",6.12751215520336e-06,"ADD1"
"ENSG00000087274","patient1","XGBoost","all",8.6739005830565e-06,"ADD1"
"ENSG00000087274","patient3","XGBoost","all",6.7933471936416e-06,"ADD1"
"ENSG00000087274","patient6","XGBoost","all",8.1069499713304e-06,"ADD1"
"ENSG00000087302","patient1","XGBoost","all",1.4811055672814e-05,"RTRAF"
"ENSG00000087365","patient3","XGBoost","all",1.22875301503844e-05,"SF3B2"
"ENSG00000087365","patient5","XGBoost","all",1.33084108437462e-05,"SF3B2"
"ENSG00000087365","patient4","XGBoost","all",2.29996588050192e-05,"SF3B2"
"ENSG00000087365","patient2","XGBoost","all",5.42834561468523e-06,"SF3B2"
"ENSG00000087365","patient6","XGBoost","all",1.5143175451911e-05,"SF3B2"
"ENSG00000087365","patient1","XGBoost","all",1.22163327743825e-05,"SF3B2"
"ENSG00000087502","patient1","XGBoost","all",4.32716186479185e-06,"ERGIC2"
"ENSG00000087502","patient2","XGBoost","all",5.04707831304481e-06,"ERGIC2"
"ENSG00000087502","patient5","XGBoost","all",1.29351571937869e-05,"ERGIC2"
"ENSG00000087502","patient4","XGBoost","all",1.70924759443755e-05,"ERGIC2"
"ENSG00000087502","patient6","XGBoost","all",1.547416066978e-05,"ERGIC2"
"ENSG00000087502","patient3","XGBoost","all",8.2939255210497e-06,"ERGIC2"
"ENSG00000087884","patient1","XGBoost","all",9.85948771521145e-06,"AAMDC"
"ENSG00000087884","patient3","XGBoost","all",8.70075827052185e-06,"AAMDC"
"ENSG00000087884","patient6","XGBoost","all",1.16880869220649e-05,"AAMDC"
"ENSG00000087884","patient5","XGBoost","all",4.60969598409664e-06,"AAMDC"
"ENSG00000087884","patient4","XGBoost","all",2.23857088893295e-05,"AAMDC"
"ENSG00000087884","patient2","XGBoost","all",4.17021368580565e-06,"AAMDC"
"ENSG00000088205","patient3","XGBoost","all",3.71811512545135e-06,"DDX18"
"ENSG00000088205","patient2","XGBoost","all",1.6738712382329e-05,"DDX18"
"ENSG00000088205","patient5","XGBoost","all",1.28952978094886e-05,"DDX18"
"ENSG00000088205","patient4","XGBoost","all",6.61456813857412e-06,"DDX18"
"ENSG00000088205","patient6","XGBoost","all",6.53231701628937e-06,"DDX18"
"ENSG00000088205","patient1","XGBoost","all",6.44181788165761e-06,"DDX18"
"ENSG00000088448","patient1","XGBoost","all",1.8816644298926e-06,"ANKRD10"
"ENSG00000088448","patient6","XGBoost","all",6.23090569294521e-06,"ANKRD10"
"ENSG00000088832","patient6","XGBoost","all",8.35658581897412e-05,"FKBP1A"
"ENSG00000088832","patient5","XGBoost","all",5.97478941776603e-05,"FKBP1A"
"ENSG00000088832","patient2","XGBoost","all",4.55774506047236e-05,"FKBP1A"
"ENSG00000088832","patient3","XGBoost","all",5.72954325591928e-05,"FKBP1A"
"ENSG00000088832","patient4","XGBoost","all",3.99224278253502e-05,"FKBP1A"
"ENSG00000088832","patient1","XGBoost","all",5.09472567037845e-05,"FKBP1A"
"ENSG00000088930","patient5","XGBoost","all",1.18692772843447e-05,"XRN2"
"ENSG00000088930","patient4","XGBoost","all",8.12768242286746e-06,"XRN2"
"ENSG00000088930","patient3","XGBoost","all",3.86834295701588e-06,"XRN2"
"ENSG00000088930","patient1","XGBoost","all",5.90105942178071e-06,"XRN2"
"ENSG00000088930","patient2","XGBoost","all",1.15878929670065e-05,"XRN2"
"ENSG00000088930","patient6","XGBoost","all",1.56134984589866e-05,"XRN2"
"ENSG00000089006","patient6","XGBoost","all",2.2676030259801e-06,"SNX5"
"ENSG00000089006","patient5","XGBoost","all",6.10839658907827e-06,"SNX5"
"ENSG00000089006","patient3","XGBoost","all",1.40743915036007e-05,"SNX5"
"ENSG00000089006","patient2","XGBoost","all",1.35027321270052e-05,"SNX5"
"ENSG00000089006","patient1","XGBoost","all",2.33995590365425e-06,"SNX5"
"ENSG00000089048","patient1","XGBoost","all",1.30135813402081e-05,"ESF1"
"ENSG00000089048","patient3","XGBoost","all",9.13289512870852e-06,"ESF1"
"ENSG00000089048","patient5","XGBoost","all",1.14385730505812e-05,"ESF1"
"ENSG00000089048","patient6","XGBoost","all",1.00430467741807e-05,"ESF1"
"ENSG00000089048","patient4","XGBoost","all",5.55966173439914e-06,"ESF1"
"ENSG00000089048","patient2","XGBoost","all",8.36470665812418e-06,"ESF1"
"ENSG00000089053","patient4","XGBoost","all",1.34093280710727e-05,"ANAPC5"
"ENSG00000089053","patient5","XGBoost","all",8.7692319406241e-06,"ANAPC5"
"ENSG00000089053","patient1","XGBoost","all",1.28730975138385e-05,"ANAPC5"
"ENSG00000089053","patient2","XGBoost","all",9.05084009764301e-06,"ANAPC5"
"ENSG00000089053","patient6","XGBoost","all",6.40264751992959e-06,"ANAPC5"
"ENSG00000089053","patient3","XGBoost","all",9.41489821982929e-06,"ANAPC5"
"ENSG00000089063","patient1","XGBoost","all",5.07688907217238e-06,"TMEM230"
"ENSG00000089248","patient6","XGBoost","all",6.23193490060719e-06,"ERP29"
"ENSG00000089248","patient3","XGBoost","all",1.84619071512014e-05,"ERP29"
"ENSG00000089248","patient4","XGBoost","all",1.73928591554586e-05,"ERP29"
"ENSG00000089248","patient1","XGBoost","all",7.34621000741273e-06,"ERP29"
"ENSG00000089248","patient2","XGBoost","all",1.77257397571324e-05,"ERP29"
"ENSG00000089248","patient5","XGBoost","all",1.95773582242619e-05,"ERP29"
"ENSG00000089280","patient2","XGBoost","all",1.26322898029743e-05,"FUS"
"ENSG00000089280","patient3","XGBoost","all",1.40757872993867e-05,"FUS"
"ENSG00000089280","patient4","XGBoost","all",1.0268984062534e-05,"FUS"
"ENSG00000089280","patient1","XGBoost","all",1.76092815738255e-06,"FUS"
"ENSG00000089280","patient5","XGBoost","all",2.07061569541582e-05,"FUS"
"ENSG00000089280","patient6","XGBoost","all",1.39160313120997e-05,"FUS"
"ENSG00000089289","patient5","XGBoost","all",1.11310909108588e-05,"IGBP1"
"ENSG00000089289","patient3","XGBoost","all",1.3291770323541e-05,"IGBP1"
"ENSG00000089289","patient2","XGBoost","all",3.53002654098565e-06,"IGBP1"
"ENSG00000089289","patient4","XGBoost","all",6.51878981368654e-06,"IGBP1"
"ENSG00000089289","patient1","XGBoost","all",1.17907852265557e-05,"IGBP1"
"ENSG00000089289","patient6","XGBoost","all",1.27411640933251e-05,"IGBP1"
"ENSG00000089327","patient3","XGBoost","all",4.69929971070281e-05,"FXYD5"
"ENSG00000089327","patient1","XGBoost","all",2.89612542402825e-05,"FXYD5"
"ENSG00000089327","patient6","XGBoost","all",3.84629484316562e-05,"FXYD5"
"ENSG00000089327","patient5","XGBoost","all",9.64438849746049e-05,"FXYD5"
"ENSG00000089327","patient2","XGBoost","all",4.09917728182346e-05,"FXYD5"
"ENSG00000089327","patient4","XGBoost","all",1.76664093128514e-05,"FXYD5"
"ENSG00000089693","patient5","XGBoost","all",9.5524622935312e-06,"MLF2"
"ENSG00000089693","patient1","XGBoost","all",1.03628901913054e-05,"MLF2"
"ENSG00000089693","patient2","XGBoost","all",9.94372018519543e-06,"MLF2"
"ENSG00000089693","patient6","XGBoost","all",7.73963806174037e-06,"MLF2"
"ENSG00000089693","patient3","XGBoost","all",1.78657066357212e-05,"MLF2"
"ENSG00000089693","patient4","XGBoost","all",1.59497261628826e-05,"MLF2"
"ENSG00000090006","patient2","XGBoost","all",3.69408169903298e-05,"LTBP4"
"ENSG00000090006","patient3","XGBoost","all",4.11900489507213e-05,"LTBP4"
"ENSG00000090006","patient1","XGBoost","all",1.9129012676617e-05,"LTBP4"
"ENSG00000090006","patient4","XGBoost","all",5.37810400669574e-05,"LTBP4"
"ENSG00000090006","patient5","XGBoost","all",5.33460832161194e-05,"LTBP4"
"ENSG00000090006","patient6","XGBoost","all",2.38371678341393e-05,"LTBP4"
"ENSG00000090013","patient2","XGBoost","all",1.80268929135882e-05,"BLVRB"
"ENSG00000090013","patient4","XGBoost","all",2.74195447845855e-05,"BLVRB"
"ENSG00000090013","patient3","XGBoost","all",2.0439954597871e-05,"BLVRB"
"ENSG00000090013","patient6","XGBoost","all",2.41601711802856e-05,"BLVRB"
"ENSG00000090013","patient1","XGBoost","all",2.57865736302399e-05,"BLVRB"
"ENSG00000090013","patient5","XGBoost","all",3.23478126881405e-05,"BLVRB"
"ENSG00000090060","patient1","XGBoost","all",6.1338551291343e-06,"PAPOLA"
"ENSG00000090060","patient5","XGBoost","all",9.335037888554e-06,"PAPOLA"
"ENSG00000090060","patient4","XGBoost","all",8.95505989891037e-06,"PAPOLA"
"ENSG00000090060","patient6","XGBoost","all",8.54723177950384e-06,"PAPOLA"
"ENSG00000090060","patient2","XGBoost","all",6.38037451278762e-06,"PAPOLA"
"ENSG00000090060","patient3","XGBoost","all",9.21533886882913e-06,"PAPOLA"
"ENSG00000090104","patient1","XGBoost","all",5.6229022157571e-06,"RGS1"
"ENSG00000090104","patient5","XGBoost","all",6.48963071814024e-05,"RGS1"
"ENSG00000090104","patient6","XGBoost","all",1.57985211190494e-05,"RGS1"
"ENSG00000090104","patient3","XGBoost","all",6.39570985577768e-05,"RGS1"
"ENSG00000090238","patient5","XGBoost","all",7.70709129448048e-06,"YPEL3"
"ENSG00000090238","patient2","XGBoost","all",9.85792192501136e-06,"YPEL3"
"ENSG00000090238","patient4","XGBoost","all",1.3856656717228e-05,"YPEL3"
"ENSG00000090238","patient6","XGBoost","all",7.68319950004689e-06,"YPEL3"
"ENSG00000090238","patient1","XGBoost","all",9.01493699837893e-06,"YPEL3"
"ENSG00000090238","patient3","XGBoost","all",1.31107553332937e-05,"YPEL3"
"ENSG00000090273","patient5","XGBoost","all",1.69023721829334e-05,"NUDC"
"ENSG00000090273","patient1","XGBoost","all",1.7690129127963e-05,"NUDC"
"ENSG00000090273","patient4","XGBoost","all",1.89647471323708e-05,"NUDC"
"ENSG00000090273","patient2","XGBoost","all",8.77160823613125e-06,"NUDC"
"ENSG00000090273","patient6","XGBoost","all",1.24773384095677e-05,"NUDC"
"ENSG00000090273","patient3","XGBoost","all",2.16657515601817e-05,"NUDC"
"ENSG00000090382","patient1","XGBoost","all",0.000746965009999337,"LYZ"
"ENSG00000090382","patient3","XGBoost","all",0.000237765048980761,"LYZ"
"ENSG00000090382","patient5","XGBoost","all",0.00039255984843378,"LYZ"
"ENSG00000090382","patient2","XGBoost","all",0.000444439977432112,"LYZ"
"ENSG00000090382","patient6","XGBoost","all",0.000465566693503628,"LYZ"
"ENSG00000090382","patient4","XGBoost","all",0.000478392287806062,"LYZ"
"ENSG00000090621","patient4","XGBoost","all",5.21627100156421e-05,"PABPC4"
"ENSG00000090621","patient3","XGBoost","all",0.000112815060895266,"PABPC4"
"ENSG00000090621","patient6","XGBoost","all",8.64118599181796e-05,"PABPC4"
"ENSG00000090621","patient2","XGBoost","all",1.31160873019029e-05,"PABPC4"
"ENSG00000090621","patient5","XGBoost","all",5.89641011915605e-05,"PABPC4"
"ENSG00000090621","patient1","XGBoost","all",0.000100736304247649,"PABPC4"
"ENSG00000090863","patient1","XGBoost","all",7.00064651415274e-06,"GLG1"
"ENSG00000090863","patient3","XGBoost","all",1.26348375196749e-05,"GLG1"
"ENSG00000090863","patient2","XGBoost","all",6.68250270928393e-06,"GLG1"
"ENSG00000090863","patient4","XGBoost","all",1.32916291326958e-05,"GLG1"
"ENSG00000090863","patient6","XGBoost","all",1.16292727186361e-05,"GLG1"
"ENSG00000090863","patient5","XGBoost","all",4.71711320026979e-06,"GLG1"
"ENSG00000091039","patient2","XGBoost","all",1.4081775642515e-05,"OSBPL8"
"ENSG00000091039","patient1","XGBoost","all",2.85244419480571e-05,"OSBPL8"
"ENSG00000091039","patient6","XGBoost","all",1.65745351609426e-05,"OSBPL8"
"ENSG00000091039","patient3","XGBoost","all",2.29927619230118e-05,"OSBPL8"
"ENSG00000091039","patient5","XGBoost","all",1.65434370052447e-05,"OSBPL8"
"ENSG00000091039","patient4","XGBoost","all",2.07658356033583e-05,"OSBPL8"
"ENSG00000091136","patient4","XGBoost","all",6.52679923414297e-05,"LAMB1"
"ENSG00000091164","patient2","XGBoost","all",1.42151732258066e-05,"TXNL1"
"ENSG00000091164","patient1","XGBoost","all",1.08624750513732e-05,"TXNL1"
"ENSG00000091164","patient5","XGBoost","all",1.2998193810722e-05,"TXNL1"
"ENSG00000091164","patient6","XGBoost","all",1.24459301497628e-05,"TXNL1"
"ENSG00000091164","patient3","XGBoost","all",1.66736393820138e-05,"TXNL1"
"ENSG00000091164","patient4","XGBoost","all",3.3159696530377e-06,"TXNL1"
"ENSG00000091317","patient3","XGBoost","all",8.64097042004563e-06,"CMTM6"
"ENSG00000091317","patient4","XGBoost","all",7.12579558082537e-06,"CMTM6"
"ENSG00000091317","patient5","XGBoost","all",6.86659247732882e-06,"CMTM6"
"ENSG00000091317","patient2","XGBoost","all",1.67927396009797e-05,"CMTM6"
"ENSG00000091317","patient1","XGBoost","all",3.32632698274842e-06,"CMTM6"
"ENSG00000091317","patient6","XGBoost","all",8.49590084754131e-06,"CMTM6"
"ENSG00000091436","patient4","XGBoost","all",3.85283247177724e-05,"MAP3K20"
"ENSG00000091436","patient2","XGBoost","all",2.07264603514183e-05,"MAP3K20"
"ENSG00000091436","patient1","XGBoost","all",2.20734321653099e-05,"MAP3K20"
"ENSG00000091436","patient5","XGBoost","all",1.70147577756884e-05,"MAP3K20"
"ENSG00000091436","patient6","XGBoost","all",2.3821165682115e-05,"MAP3K20"
"ENSG00000091436","patient3","XGBoost","all",4.96743875674493e-05,"MAP3K20"
"ENSG00000091527","patient6","XGBoost","all",1.14144891000435e-05,"CDV3"
"ENSG00000091527","patient1","XGBoost","all",1.55010184901016e-05,"CDV3"
"ENSG00000091527","patient2","XGBoost","all",1.74779361599198e-05,"CDV3"
"ENSG00000091527","patient5","XGBoost","all",1.83170629725029e-05,"CDV3"
"ENSG00000091527","patient4","XGBoost","all",2.07813706149477e-05,"CDV3"
"ENSG00000091527","patient3","XGBoost","all",2.38927042903957e-05,"CDV3"
"ENSG00000091986","patient5","XGBoost","all",0.000179918848564045,"CCDC80"
"ENSG00000091986","patient2","XGBoost","all",8.77525772810445e-05,"CCDC80"
"ENSG00000091986","patient6","XGBoost","all",3.82658270692228e-05,"CCDC80"
"ENSG00000091986","patient3","XGBoost","all",8.1667647320187e-05,"CCDC80"
"ENSG00000091986","patient4","XGBoost","all",6.83881227463017e-05,"CCDC80"
"ENSG00000091986","patient1","XGBoost","all",4.99505797276924e-05,"CCDC80"
"ENSG00000092010","patient4","XGBoost","all",1.07717004923256e-05,"PSME1"
"ENSG00000092010","patient5","XGBoost","all",2.76073350983247e-05,"PSME1"
"ENSG00000092010","patient6","XGBoost","all",3.53461093199914e-05,"PSME1"
"ENSG00000092010","patient2","XGBoost","all",2.50767587351101e-05,"PSME1"
"ENSG00000092010","patient3","XGBoost","all",3.44549094756959e-05,"PSME1"
"ENSG00000092010","patient1","XGBoost","all",1.63288761161783e-05,"PSME1"
"ENSG00000092199","patient2","XGBoost","all",9.09590050069917e-06,"HNRNPC"
"ENSG00000092199","patient1","XGBoost","all",1.34708791599828e-05,"HNRNPC"
"ENSG00000092199","patient5","XGBoost","all",1.77238321438243e-05,"HNRNPC"
"ENSG00000092201","patient5","XGBoost","all",5.37899031580832e-06,"SUPT16H"
"ENSG00000092201","patient4","XGBoost","all",5.05516537002157e-06,"SUPT16H"
"ENSG00000092201","patient1","XGBoost","all",7.19532567678085e-06,"SUPT16H"
"ENSG00000092201","patient6","XGBoost","all",4.53283965673462e-06,"SUPT16H"
"ENSG00000092201","patient2","XGBoost","all",7.39503394336572e-06,"SUPT16H"
"ENSG00000092201","patient3","XGBoost","all",4.58375201847008e-06,"SUPT16H"
"ENSG00000092531","patient4","XGBoost","all",1.22292799212533e-05,"SNAP23"
"ENSG00000092531","patient1","XGBoost","all",4.44612300139214e-06,"SNAP23"
"ENSG00000092531","patient3","XGBoost","all",7.62625115830851e-06,"SNAP23"
"ENSG00000092531","patient2","XGBoost","all",1.35367848411838e-05,"SNAP23"
"ENSG00000092531","patient5","XGBoost","all",7.62708500947274e-06,"SNAP23"
"ENSG00000092531","patient6","XGBoost","all",1.37946473997443e-05,"SNAP23"
"ENSG00000092964","patient5","XGBoost","all",3.43694296972723e-05,"DPYSL2"
"ENSG00000092964","patient3","XGBoost","all",2.22760860251649e-05,"DPYSL2"
"ENSG00000092964","patient2","XGBoost","all",2.38451897391539e-05,"DPYSL2"
"ENSG00000092964","patient6","XGBoost","all",1.27662847265012e-05,"DPYSL2"
"ENSG00000092964","patient4","XGBoost","all",2.53755997409409e-05,"DPYSL2"
"ENSG00000092964","patient1","XGBoost","all",2.99258143644205e-05,"DPYSL2"
"ENSG00000093010","patient2","XGBoost","all",1.76843025291792e-05,"COMT"
"ENSG00000093010","patient6","XGBoost","all",1.82828790483734e-05,"COMT"
"ENSG00000093010","patient4","XGBoost","all",1.16894207502836e-05,"COMT"
"ENSG00000093010","patient5","XGBoost","all",1.87868771879513e-05,"COMT"
"ENSG00000093010","patient1","XGBoost","all",1.07795553944925e-05,"COMT"
"ENSG00000093010","patient3","XGBoost","all",2.58304936488235e-05,"COMT"
"ENSG00000093167","patient4","XGBoost","all",2.40246864262831e-06,"LRRFIP2"
"ENSG00000093167","patient1","XGBoost","all",1.88368891426326e-05,"LRRFIP2"
"ENSG00000093167","patient5","XGBoost","all",3.57751555546473e-06,"LRRFIP2"
"ENSG00000093167","patient3","XGBoost","all",2.21575177246493e-05,"LRRFIP2"
"ENSG00000093167","patient6","XGBoost","all",1.55174258001621e-05,"LRRFIP2"
"ENSG00000093167","patient2","XGBoost","all",1.21224201807513e-05,"LRRFIP2"
"ENSG00000094916","patient1","XGBoost","all",9.69651290945959e-06,"CBX5"
"ENSG00000094916","patient3","XGBoost","all",1.1712222573784e-05,"CBX5"
"ENSG00000094916","patient2","XGBoost","all",1.46855122773215e-05,"CBX5"
"ENSG00000094916","patient4","XGBoost","all",5.76019587067862e-06,"CBX5"
"ENSG00000094963","patient4","XGBoost","all",0.000179271615409443,"FMO2"
"ENSG00000094963","patient3","XGBoost","all",9.86685188868818e-05,"FMO2"
"ENSG00000094963","patient2","XGBoost","all",0.000100101963361194,"FMO2"
"ENSG00000094963","patient6","XGBoost","all",4.36888452899025e-05,"FMO2"
"ENSG00000094963","patient5","XGBoost","all",0.000128624420459743,"FMO2"
"ENSG00000094963","patient1","XGBoost","all",8.1810994526343e-05,"FMO2"
"ENSG00000095139","patient3","XGBoost","all",1.08279730473924e-05,"ARCN1"
"ENSG00000095380","patient5","XGBoost","all",1.25130288538396e-05,"NANS"
"ENSG00000095637","patient1","XGBoost","all",4.31042959811211e-05,"SORBS1"
"ENSG00000095637","patient3","XGBoost","all",2.28649753016311e-05,"SORBS1"
"ENSG00000095637","patient6","XGBoost","all",6.62213803874601e-05,"SORBS1"
"ENSG00000095637","patient5","XGBoost","all",4.27692456732956e-05,"SORBS1"
"ENSG00000095637","patient2","XGBoost","all",3.66761508585449e-05,"SORBS1"
"ENSG00000095637","patient4","XGBoost","all",2.7711579536173e-05,"SORBS1"
"ENSG00000095787","patient6","XGBoost","all",7.88568454940429e-06,"WAC"
"ENSG00000095787","patient2","XGBoost","all",1.01166575500996e-05,"WAC"
"ENSG00000095787","patient5","XGBoost","all",6.44423668167615e-06,"WAC"
"ENSG00000095787","patient1","XGBoost","all",2.0388746724732e-06,"WAC"
"ENSG00000095787","patient3","XGBoost","all",6.75493777623169e-06,"WAC"
"ENSG00000095787","patient4","XGBoost","all",6.81606781501585e-06,"WAC"
"ENSG00000095794","patient5","XGBoost","all",8.41955153647171e-06,"CREM"
"ENSG00000095794","patient1","XGBoost","all",7.2838891846287e-06,"CREM"
"ENSG00000095794","patient2","XGBoost","all",3.63026914433281e-06,"CREM"
"ENSG00000095794","patient4","XGBoost","all",1.44780278479368e-05,"CREM"
"ENSG00000095794","patient3","XGBoost","all",1.63036655028936e-05,"CREM"
"ENSG00000095794","patient6","XGBoost","all",1.25957051146652e-05,"CREM"
"ENSG00000096060","patient5","XGBoost","all",1.24085728242082e-05,"FKBP5"
"ENSG00000096060","patient3","XGBoost","all",1.92182084776784e-05,"FKBP5"
"ENSG00000096060","patient4","XGBoost","all",1.4852427656774e-05,"FKBP5"
"ENSG00000096060","patient1","XGBoost","all",1.47588857836616e-05,"FKBP5"
"ENSG00000096060","patient6","XGBoost","all",1.11376094783315e-05,"FKBP5"
"ENSG00000096060","patient2","XGBoost","all",9.25290036901803e-06,"FKBP5"
"ENSG00000096401","patient1","XGBoost","all",7.65220359582089e-06,"CDC5L"
"ENSG00000096401","patient4","XGBoost","all",9.64086963192412e-07,"CDC5L"
"ENSG00000096401","patient6","XGBoost","all",1.11359081205378e-05,"CDC5L"
"ENSG00000096401","patient2","XGBoost","all",1.15679960973015e-05,"CDC5L"
"ENSG00000096401","patient3","XGBoost","all",1.67251290748251e-05,"CDC5L"
"ENSG00000096401","patient5","XGBoost","all",1.52656055773361e-05,"CDC5L"
"ENSG00000096746","patient3","XGBoost","all",1.20265004081182e-05,"HNRNPH3"
"ENSG00000096746","patient5","XGBoost","all",1.67235695242259e-05,"HNRNPH3"
"ENSG00000096746","patient2","XGBoost","all",1.16661303903858e-05,"HNRNPH3"
"ENSG00000096746","patient6","XGBoost","all",1.18204130118023e-05,"HNRNPH3"
"ENSG00000096746","patient4","XGBoost","all",1.70750897030404e-05,"HNRNPH3"
"ENSG00000096746","patient1","XGBoost","all",1.20376713066197e-05,"HNRNPH3"
"ENSG00000097033","patient1","XGBoost","all",1.31026432487515e-05,"SH3GLB1"
"ENSG00000097033","patient3","XGBoost","all",2.68167902602828e-05,"SH3GLB1"
"ENSG00000097033","patient6","XGBoost","all",1.92085841253113e-05,"SH3GLB1"
"ENSG00000097033","patient4","XGBoost","all",1.56786823359025e-05,"SH3GLB1"
"ENSG00000097033","patient5","XGBoost","all",1.56943522195779e-05,"SH3GLB1"
"ENSG00000097033","patient2","XGBoost","all",1.8112230628544e-05,"SH3GLB1"
"ENSG00000099204","patient3","XGBoost","all",3.18576399860926e-05,"ABLIM1"
"ENSG00000099204","patient2","XGBoost","all",1.82773610939072e-05,"ABLIM1"
"ENSG00000099204","patient4","XGBoost","all",1.10987399451032e-05,"ABLIM1"
"ENSG00000099204","patient6","XGBoost","all",2.10375906973371e-05,"ABLIM1"
"ENSG00000099204","patient1","XGBoost","all",1.43117070531948e-05,"ABLIM1"
"ENSG00000099250","patient3","XGBoost","all",3.17797545812319e-05,"NRP1"
"ENSG00000099250","patient4","XGBoost","all",5.9467339930552e-05,"NRP1"
"ENSG00000099250","patient1","XGBoost","all",1.64449716339205e-05,"NRP1"
"ENSG00000099250","patient5","XGBoost","all",4.18302806225821e-05,"NRP1"
"ENSG00000099250","patient6","XGBoost","all",4.58736276837024e-05,"NRP1"
"ENSG00000099250","patient2","XGBoost","all",4.04039434156128e-05,"NRP1"
"ENSG00000099260","patient6","XGBoost","all",0.000112961087385624,"PALMD"
"ENSG00000099260","patient1","XGBoost","all",0.000106014511283394,"PALMD"
"ENSG00000099260","patient5","XGBoost","all",0.000158792372065907,"PALMD"
"ENSG00000099260","patient2","XGBoost","all",6.97305161448226e-05,"PALMD"
"ENSG00000099260","patient3","XGBoost","all",0.000182773717212347,"PALMD"
"ENSG00000099260","patient4","XGBoost","all",0.000139960947312478,"PALMD"
"ENSG00000099385","patient3","XGBoost","all",1.0630378430678e-05,"BCL7C"
"ENSG00000099385","patient6","XGBoost","all",1.14704212375108e-05,"BCL7C"
"ENSG00000099385","patient4","XGBoost","all",2.74111555849986e-05,"BCL7C"
"ENSG00000099385","patient1","XGBoost","all",9.0356039645172e-06,"BCL7C"
"ENSG00000099385","patient2","XGBoost","all",1.3367622631308e-05,"BCL7C"
"ENSG00000099385","patient5","XGBoost","all",6.678211104762e-06,"BCL7C"
"ENSG00000099624","patient6","XGBoost","all",2.15421499736606e-05,"ATP5F1D"
"ENSG00000099624","patient3","XGBoost","all",3.72862357125852e-05,"ATP5F1D"
"ENSG00000099624","patient5","XGBoost","all",1.75407748622133e-05,"ATP5F1D"
"ENSG00000099624","patient4","XGBoost","all",3.07020814891529e-05,"ATP5F1D"
"ENSG00000099783","patient6","XGBoost","all",5.62453594286347e-06,"HNRNPM"
"ENSG00000099783","patient2","XGBoost","all",8.08430040628032e-06,"HNRNPM"
"ENSG00000099783","patient4","XGBoost","all",7.06187845168829e-06,"HNRNPM"
"ENSG00000099783","patient3","XGBoost","all",2.04222295085577e-05,"HNRNPM"
"ENSG00000099783","patient5","XGBoost","all",2.4963495376576e-05,"HNRNPM"
"ENSG00000099783","patient1","XGBoost","all",1.94378552211557e-05,"HNRNPM"
"ENSG00000099785","patient4","XGBoost","all",8.23636557905433e-06,"MARCHF2"
"ENSG00000099785","patient6","XGBoost","all",5.28559730407099e-06,"MARCHF2"
"ENSG00000099797","patient6","XGBoost","all",2.8686075954709e-05,"TECR"
"ENSG00000099797","patient4","XGBoost","all",9.35095173547715e-06,"TECR"
"ENSG00000099797","patient5","XGBoost","all",1.23898129596133e-05,"TECR"
"ENSG00000099797","patient1","XGBoost","all",2.24784653035264e-05,"TECR"
"ENSG00000099797","patient3","XGBoost","all",6.19403496386008e-06,"TECR"
"ENSG00000099797","patient2","XGBoost","all",7.54255250127791e-06,"TECR"
"ENSG00000099800","patient2","XGBoost","all",1.50829943895668e-05,"TIMM13"
"ENSG00000099800","patient4","XGBoost","all",9.18592992192455e-06,"TIMM13"
"ENSG00000099800","patient6","XGBoost","all",1.12326643098136e-05,"TIMM13"
"ENSG00000099800","patient5","XGBoost","all",7.34894349327088e-06,"TIMM13"
"ENSG00000099800","patient3","XGBoost","all",9.56601890554608e-06,"TIMM13"
"ENSG00000099800","patient1","XGBoost","all",8.0636433676441e-06,"TIMM13"
"ENSG00000099817","patient6","XGBoost","all",7.55322415759544e-06,"POLR2E"
"ENSG00000099817","patient1","XGBoost","all",1.14607669472638e-05,"POLR2E"
"ENSG00000099817","patient5","XGBoost","all",1.38656749968414e-05,"POLR2E"
"ENSG00000099817","patient4","XGBoost","all",5.01620236156716e-06,"POLR2E"
"ENSG00000099817","patient3","XGBoost","all",9.31553045580302e-06,"POLR2E"
"ENSG00000099817","patient2","XGBoost","all",1.67818733652794e-05,"POLR2E"
"ENSG00000099860","patient1","XGBoost","all",1.7853484584469e-05,"GADD45B"
"ENSG00000099860","patient6","XGBoost","all",3.31253622708906e-05,"GADD45B"
"ENSG00000099860","patient4","XGBoost","all",5.71478468354406e-05,"GADD45B"
"ENSG00000099860","patient2","XGBoost","all",5.4077062802801e-05,"GADD45B"
"ENSG00000099860","patient3","XGBoost","all",3.86892835680288e-05,"GADD45B"
"ENSG00000099860","patient5","XGBoost","all",5.89327053294351e-05,"GADD45B"
"ENSG00000099875","patient6","XGBoost","all",1.91203994505721e-05,"MKNK2"
"ENSG00000099901","patient6","XGBoost","all",3.22690814116826e-06,"RANBP1"
"ENSG00000099901","patient4","XGBoost","all",1.17795427209043e-05,"RANBP1"
"ENSG00000099901","patient5","XGBoost","all",1.3794505772848e-05,"RANBP1"
"ENSG00000099901","patient1","XGBoost","all",5.55815604040551e-06,"RANBP1"
"ENSG00000099901","patient2","XGBoost","all",9.5032119639594e-06,"RANBP1"
"ENSG00000099901","patient3","XGBoost","all",8.81787312281673e-06,"RANBP1"
"ENSG00000099977","patient3","XGBoost","all",9.72581552409161e-06,"DDT"
"ENSG00000099977","patient2","XGBoost","all",8.70318371572296e-06,"DDT"
"ENSG00000099977","patient5","XGBoost","all",1.21230326040246e-05,"DDT"
"ENSG00000099977","patient1","XGBoost","all",1.02694907896359e-05,"DDT"
"ENSG00000099977","patient6","XGBoost","all",1.48469528430756e-05,"DDT"
"ENSG00000099977","patient4","XGBoost","all",1.02211454178034e-05,"DDT"
"ENSG00000099998","patient5","XGBoost","all",0.000437089472620069,"GGT5"
"ENSG00000099998","patient2","XGBoost","all",0.000298443287279218,"GGT5"
"ENSG00000099998","patient4","XGBoost","all",0.000152407794802156,"GGT5"
"ENSG00000099998","patient1","XGBoost","all",0.000766722970287733,"GGT5"
"ENSG00000099998","patient3","XGBoost","all",0.000300521678201066,"GGT5"
"ENSG00000099998","patient6","XGBoost","all",0.000159081653781203,"GGT5"
"ENSG00000100028","patient6","XGBoost","all",6.81224300732846e-06,"SNRPD3"
"ENSG00000100028","patient3","XGBoost","all",2.74306358343941e-06,"SNRPD3"
"ENSG00000100028","patient5","XGBoost","all",1.80285034425138e-05,"SNRPD3"
"ENSG00000100028","patient1","XGBoost","all",8.01468901462857e-06,"SNRPD3"
"ENSG00000100028","patient2","XGBoost","all",8.20749822860908e-06,"SNRPD3"
"ENSG00000100028","patient4","XGBoost","all",7.3298138097072e-06,"SNRPD3"
"ENSG00000100097","patient3","XGBoost","all",0.000316357721772252,"LGALS1"
"ENSG00000100097","patient4","XGBoost","all",0.000426209667293032,"LGALS1"
"ENSG00000100097","patient6","XGBoost","all",0.000275293415683128,"LGALS1"
"ENSG00000100097","patient1","XGBoost","all",0.000155849627936426,"LGALS1"
"ENSG00000100097","patient2","XGBoost","all",0.000341698474098141,"LGALS1"
"ENSG00000100097","patient5","XGBoost","all",0.000255161487274076,"LGALS1"
"ENSG00000100100","patient5","XGBoost","all",2.97100952835024e-05,"PIK3IP1"
"ENSG00000100106","patient1","XGBoost","all",5.02887338614292e-06,"TRIOBP"
"ENSG00000100106","patient3","XGBoost","all",9.47122085554974e-06,"TRIOBP"
"ENSG00000100106","patient6","XGBoost","all",6.90072997180942e-06,"TRIOBP"
"ENSG00000100106","patient2","XGBoost","all",6.71376715106624e-06,"TRIOBP"
"ENSG00000100106","patient4","XGBoost","all",6.93569579671275e-06,"TRIOBP"
"ENSG00000100129","patient4","XGBoost","all",6.96052199350895e-06,"EIF3L"
"ENSG00000100129","patient1","XGBoost","all",2.48447433179125e-06,"EIF3L"
"ENSG00000100129","patient5","XGBoost","all",1.39121038598925e-05,"EIF3L"
"ENSG00000100129","patient6","XGBoost","all",7.33823427070848e-06,"EIF3L"
"ENSG00000100129","patient2","XGBoost","all",4.96214324620287e-06,"EIF3L"
"ENSG00000100129","patient3","XGBoost","all",5.97739607909767e-06,"EIF3L"
"ENSG00000100138","patient1","XGBoost","all",6.60988185469016e-06,"SNU13"
"ENSG00000100142","patient5","XGBoost","all",1.1425348845622e-05,"POLR2F"
"ENSG00000100142","patient6","XGBoost","all",1.48293375307351e-05,"POLR2F"
"ENSG00000100142","patient3","XGBoost","all",8.70618366805539e-06,"POLR2F"
"ENSG00000100142","patient2","XGBoost","all",1.55041880018508e-05,"POLR2F"
"ENSG00000100142","patient1","XGBoost","all",1.27137973949386e-05,"POLR2F"
"ENSG00000100142","patient4","XGBoost","all",1.59358875686922e-05,"POLR2F"
"ENSG00000100201","patient2","XGBoost","all",8.58364657003723e-06,"DDX17"
"ENSG00000100201","patient3","XGBoost","all",9.93367075700267e-06,"DDX17"
"ENSG00000100201","patient4","XGBoost","all",1.56272422671068e-05,"DDX17"
"ENSG00000100201","patient1","XGBoost","all",7.65090760589929e-06,"DDX17"
"ENSG00000100201","patient5","XGBoost","all",7.31777082447819e-06,"DDX17"
"ENSG00000100201","patient6","XGBoost","all",6.82049729545373e-06,"DDX17"
"ENSG00000100216","patient5","XGBoost","all",5.92987873436295e-06,"TOMM22"
"ENSG00000100216","patient6","XGBoost","all",1.19364986740719e-05,"TOMM22"
"ENSG00000100216","patient1","XGBoost","all",2.68069979553725e-06,"TOMM22"
"ENSG00000100216","patient2","XGBoost","all",2.49611319473733e-06,"TOMM22"
"ENSG00000100216","patient3","XGBoost","all",1.30846615379416e-05,"TOMM22"
"ENSG00000100219","patient3","XGBoost","all",0.000388219527437558,"XBP1"
"ENSG00000100219","patient5","XGBoost","all",0.00540611510072165,"XBP1"
"ENSG00000100219","patient2","XGBoost","all",0.00478452287846287,"XBP1"
"ENSG00000100219","patient6","XGBoost","all",0.00434165095737856,"XBP1"
"ENSG00000100219","patient1","XGBoost","all",0.00114018239333662,"XBP1"
"ENSG00000100219","patient4","XGBoost","all",0.00288966638131105,"XBP1"
"ENSG00000100234","patient5","XGBoost","all",0.00105652095421819,"TIMP3"
"ENSG00000100234","patient4","XGBoost","all",0.00080364840012602,"TIMP3"
"ENSG00000100234","patient2","XGBoost","all",0.0009416978712228,"TIMP3"
"ENSG00000100234","patient1","XGBoost","all",0.00156631918853085,"TIMP3"
"ENSG00000100234","patient3","XGBoost","all",0.00113380991758523,"TIMP3"
"ENSG00000100234","patient6","XGBoost","all",0.00100557424312206,"TIMP3"
"ENSG00000100242","patient1","XGBoost","all",5.55446706063611e-05,"SUN2"
"ENSG00000100242","patient6","XGBoost","all",5.13231648943402e-05,"SUN2"
"ENSG00000100242","patient5","XGBoost","all",5.14747311181905e-05,"SUN2"
"ENSG00000100242","patient3","XGBoost","all",2.82662968750307e-05,"SUN2"
"ENSG00000100242","patient2","XGBoost","all",2.28538095540216e-05,"SUN2"
"ENSG00000100242","patient4","XGBoost","all",3.07470520314607e-05,"SUN2"
"ENSG00000100243","patient5","XGBoost","all",3.19349577211737e-05,"CYB5R3"
"ENSG00000100243","patient3","XGBoost","all",4.52613910609068e-05,"CYB5R3"
"ENSG00000100243","patient6","XGBoost","all",1.65358335387562e-05,"CYB5R3"
"ENSG00000100243","patient2","XGBoost","all",3.29479082829968e-05,"CYB5R3"
"ENSG00000100243","patient4","XGBoost","all",1.58675468804489e-05,"CYB5R3"
"ENSG00000100243","patient1","XGBoost","all",2.81311186342065e-05,"CYB5R3"
"ENSG00000100292","patient6","XGBoost","all",3.65425223290193e-05,"HMOX1"
"ENSG00000100292","patient5","XGBoost","all",2.9138670753414e-05,"HMOX1"
"ENSG00000100345","patient4","XGBoost","all",3.58807174462766e-05,"MYH9"
"ENSG00000100345","patient2","XGBoost","all",2.21702867480253e-05,"MYH9"
"ENSG00000100345","patient3","XGBoost","all",2.96675544706619e-05,"MYH9"
"ENSG00000100345","patient1","XGBoost","all",2.44021409130003e-05,"MYH9"
"ENSG00000100345","patient5","XGBoost","all",2.87332927630908e-05,"MYH9"
"ENSG00000100345","patient6","XGBoost","all",2.19539169683103e-05,"MYH9"
"ENSG00000100348","patient6","XGBoost","all",9.33886531017182e-06,"TXN2"
"ENSG00000100348","patient4","XGBoost","all",5.32487210720733e-06,"TXN2"
"ENSG00000100348","patient2","XGBoost","all",3.70243723952522e-06,"TXN2"
"ENSG00000100348","patient1","XGBoost","all",6.47885505191981e-06,"TXN2"
"ENSG00000100348","patient3","XGBoost","all",9.42601603669891e-06,"TXN2"
"ENSG00000100348","patient5","XGBoost","all",6.80672474073116e-06,"TXN2"
"ENSG00000100353","patient4","XGBoost","all",1.63803277423789e-05,"EIF3D"
"ENSG00000100353","patient3","XGBoost","all",3.1745712335746e-05,"EIF3D"
"ENSG00000100353","patient5","XGBoost","all",1.01733582457818e-05,"EIF3D"
"ENSG00000100353","patient1","XGBoost","all",1.54158223343529e-05,"EIF3D"
"ENSG00000100353","patient2","XGBoost","all",2.59286095061973e-05,"EIF3D"
"ENSG00000100353","patient6","XGBoost","all",2.29944949922009e-05,"EIF3D"
"ENSG00000100354","patient2","XGBoost","all",6.90756129351549e-06,"TNRC6B"
"ENSG00000100354","patient4","XGBoost","all",5.9808678340551e-06,"TNRC6B"
"ENSG00000100354","patient1","XGBoost","all",5.96664243633882e-06,"TNRC6B"
"ENSG00000100354","patient3","XGBoost","all",1.69094757689269e-05,"TNRC6B"
"ENSG00000100354","patient6","XGBoost","all",2.01588009883219e-05,"TNRC6B"
"ENSG00000100354","patient5","XGBoost","all",4.40997088789585e-06,"TNRC6B"
"ENSG00000100442","patient2","XGBoost","all",1.01799042262986e-05,"FKBP3"
"ENSG00000100442","patient6","XGBoost","all",6.38247163565887e-06,"FKBP3"
"ENSG00000100442","patient5","XGBoost","all",1.23767259255565e-05,"FKBP3"
"ENSG00000100442","patient4","XGBoost","all",1.22781973635998e-05,"FKBP3"
"ENSG00000100442","patient3","XGBoost","all",9.23679391894673e-06,"FKBP3"
"ENSG00000100442","patient1","XGBoost","all",5.92153384084492e-06,"FKBP3"
"ENSG00000100519","patient6","XGBoost","all",6.59794660867262e-06,"PSMC6"
"ENSG00000100519","patient4","XGBoost","all",9.17690599171621e-06,"PSMC6"
"ENSG00000100519","patient1","XGBoost","all",1.86945564940691e-06,"PSMC6"
"ENSG00000100519","patient5","XGBoost","all",1.49479503165108e-05,"PSMC6"
"ENSG00000100519","patient3","XGBoost","all",3.33599668511565e-06,"PSMC6"
"ENSG00000100519","patient2","XGBoost","all",9.26289617423686e-06,"PSMC6"
"ENSG00000100528","patient6","XGBoost","all",8.59208019686285e-06,"CNIH1"
"ENSG00000100528","patient5","XGBoost","all",4.89868523874883e-06,"CNIH1"
"ENSG00000100528","patient1","XGBoost","all",1.19123631519491e-05,"CNIH1"
"ENSG00000100528","patient3","XGBoost","all",5.68830856577812e-06,"CNIH1"
"ENSG00000100528","patient2","XGBoost","all",7.77680093657881e-06,"CNIH1"
"ENSG00000100528","patient4","XGBoost","all",5.85267832218537e-06,"CNIH1"
"ENSG00000100567","patient6","XGBoost","all",6.33443530624665e-06,"PSMA3"
"ENSG00000100567","patient5","XGBoost","all",8.42565060427696e-06,"PSMA3"
"ENSG00000100567","patient1","XGBoost","all",2.21272468508142e-06,"PSMA3"
"ENSG00000100567","patient3","XGBoost","all",1.35468322802373e-05,"PSMA3"
"ENSG00000100567","patient4","XGBoost","all",1.78213781014911e-05,"PSMA3"
"ENSG00000100567","patient2","XGBoost","all",6.52897600990801e-06,"PSMA3"
"ENSG00000100568","patient5","XGBoost","all",1.75796151519546e-05,"VTI1B"
"ENSG00000100568","patient3","XGBoost","all",1.67305484036813e-05,"VTI1B"
"ENSG00000100568","patient1","XGBoost","all",5.6809040595567e-06,"VTI1B"
"ENSG00000100568","patient4","XGBoost","all",5.0502867440963e-06,"VTI1B"
"ENSG00000100568","patient2","XGBoost","all",8.84158676772409e-06,"VTI1B"
"ENSG00000100568","patient6","XGBoost","all",1.39926123283748e-05,"VTI1B"
"ENSG00000100592","patient5","XGBoost","all",2.81499645885946e-06,"DAAM1"
"ENSG00000100592","patient6","XGBoost","all",1.69521939149409e-05,"DAAM1"
"ENSG00000100592","patient3","XGBoost","all",1.0594426827587e-05,"DAAM1"
"ENSG00000100592","patient1","XGBoost","all",1.55572896319316e-05,"DAAM1"
"ENSG00000100592","patient2","XGBoost","all",4.94941673674126e-06,"DAAM1"
"ENSG00000100592","patient4","XGBoost","all",1.86622715102018e-05,"DAAM1"
"ENSG00000100600","patient3","XGBoost","all",2.05006095106208e-05,"LGMN"
"ENSG00000100600","patient4","XGBoost","all",1.90429746259547e-05,"LGMN"
"ENSG00000100600","patient1","XGBoost","all",2.39797370664404e-05,"LGMN"
"ENSG00000100600","patient6","XGBoost","all",2.34503678383498e-05,"LGMN"
"ENSG00000100600","patient5","XGBoost","all",1.14950866873744e-05,"LGMN"
"ENSG00000100600","patient2","XGBoost","all",5.12730035739712e-06,"LGMN"
"ENSG00000100603","patient3","XGBoost","all",2.25829426257084e-05,"SNW1"
"ENSG00000100603","patient5","XGBoost","all",4.35771156401545e-05,"SNW1"
"ENSG00000100603","patient6","XGBoost","all",1.3088206942277e-05,"SNW1"
"ENSG00000100603","patient1","XGBoost","all",1.69628121783067e-05,"SNW1"
"ENSG00000100603","patient2","XGBoost","all",2.97264970470086e-05,"SNW1"
"ENSG00000100603","patient4","XGBoost","all",1.43944112550844e-05,"SNW1"
"ENSG00000100612","patient3","XGBoost","all",1.37277213454299e-05,"DHRS7"
"ENSG00000100612","patient1","XGBoost","all",1.97591466745984e-05,"DHRS7"
"ENSG00000100612","patient4","XGBoost","all",2.87672889275462e-05,"DHRS7"
"ENSG00000100612","patient5","XGBoost","all",7.16372480122671e-06,"DHRS7"
"ENSG00000100612","patient6","XGBoost","all",1.03771480658348e-05,"DHRS7"
"ENSG00000100612","patient2","XGBoost","all",6.53905997664197e-06,"DHRS7"
"ENSG00000100644","patient1","XGBoost","all",1.19054633016065e-05,"HIF1A"
"ENSG00000100644","patient6","XGBoost","all",4.6223692007532e-05,"HIF1A"
"ENSG00000100644","patient5","XGBoost","all",4.89692309638852e-05,"HIF1A"
"ENSG00000100644","patient2","XGBoost","all",4.73034951696868e-05,"HIF1A"
"ENSG00000100644","patient3","XGBoost","all",5.36233912113276e-05,"HIF1A"
"ENSG00000100644","patient4","XGBoost","all",5.03550493531367e-05,"HIF1A"
"ENSG00000100664","patient1","XGBoost","all",2.1689847290013e-05,"EIF5"
"ENSG00000100711","patient5","XGBoost","all",6.71623301895022e-06,"ZFYVE21"
"ENSG00000100711","patient4","XGBoost","all",8.70665371102541e-06,"ZFYVE21"
"ENSG00000100711","patient2","XGBoost","all",9.00067093216178e-06,"ZFYVE21"
"ENSG00000100711","patient1","XGBoost","all",6.0363541045043e-06,"ZFYVE21"
"ENSG00000100711","patient6","XGBoost","all",3.14717193125906e-06,"ZFYVE21"
"ENSG00000100711","patient3","XGBoost","all",6.50950756904367e-06,"ZFYVE21"
"ENSG00000100764","patient4","XGBoost","all",1.80719231441659e-05,"PSMC1"
"ENSG00000100764","patient2","XGBoost","all",4.15758323292021e-06,"PSMC1"
"ENSG00000100764","patient5","XGBoost","all",1.43241141020933e-05,"PSMC1"
"ENSG00000100764","patient6","XGBoost","all",8.92673699037191e-06,"PSMC1"
"ENSG00000100764","patient3","XGBoost","all",9.6593847476924e-06,"PSMC1"
"ENSG00000100764","patient1","XGBoost","all",5.51038585189548e-06,"PSMC1"
"ENSG00000100804","patient2","XGBoost","all",8.33048946350688e-06,"PSMB5"
"ENSG00000100804","patient6","XGBoost","all",7.14815163600343e-06,"PSMB5"
"ENSG00000100804","patient1","XGBoost","all",1.5252939358744e-05,"PSMB5"
"ENSG00000100804","patient5","XGBoost","all",1.8017701815186e-05,"PSMB5"
"ENSG00000100804","patient3","XGBoost","all",9.68917285036956e-06,"PSMB5"
"ENSG00000100804","patient4","XGBoost","all",2.50925025505684e-06,"PSMB5"
"ENSG00000100811","patient1","XGBoost","all",1.80490472419408e-05,"YY1"
"ENSG00000100811","patient2","XGBoost","all",9.84467927593319e-06,"YY1"
"ENSG00000100811","patient5","XGBoost","all",1.66194219353806e-05,"YY1"
"ENSG00000100811","patient3","XGBoost","all",1.41110205227987e-05,"YY1"
"ENSG00000100811","patient4","XGBoost","all",1.04156272061291e-05,"YY1"
"ENSG00000100811","patient6","XGBoost","all",1.12811017954949e-05,"YY1"
"ENSG00000100815","patient4","XGBoost","all",1.37728315351085e-05,"TRIP11"
"ENSG00000100815","patient2","XGBoost","all",5.06642581808464e-06,"TRIP11"
"ENSG00000100815","patient1","XGBoost","all",1.05270543455225e-05,"TRIP11"
"ENSG00000100815","patient6","XGBoost","all",4.65540925614769e-06,"TRIP11"
"ENSG00000100815","patient5","XGBoost","all",5.48523499200823e-06,"TRIP11"
"ENSG00000100815","patient3","XGBoost","all",5.01510753445044e-06,"TRIP11"
"ENSG00000100823","patient3","XGBoost","all",2.88094192214084e-05,"APEX1"
"ENSG00000100823","patient4","XGBoost","all",2.16144125932758e-05,"APEX1"
"ENSG00000100823","patient5","XGBoost","all",1.12291580313432e-05,"APEX1"
"ENSG00000100823","patient2","XGBoost","all",1.68401297049691e-05,"APEX1"
"ENSG00000100823","patient6","XGBoost","all",1.04945481550287e-05,"APEX1"
"ENSG00000100823","patient1","XGBoost","all",7.93845000065227e-06,"APEX1"
"ENSG00000100852","patient3","XGBoost","all",6.76487675252985e-06,"ARHGAP5"
"ENSG00000100852","patient1","XGBoost","all",9.89599389988863e-06,"ARHGAP5"
"ENSG00000100852","patient6","XGBoost","all",3.37594160711587e-06,"ARHGAP5"
"ENSG00000100852","patient2","XGBoost","all",8.49996747582497e-06,"ARHGAP5"
"ENSG00000100852","patient4","XGBoost","all",6.51120889750971e-06,"ARHGAP5"
"ENSG00000100852","patient5","XGBoost","all",1.88124545238909e-06,"ARHGAP5"
"ENSG00000100906","patient2","XGBoost","all",1.86376258883339e-05,"NFKBIA"
"ENSG00000100906","patient4","XGBoost","all",4.21124912802148e-05,"NFKBIA"
"ENSG00000100906","patient5","XGBoost","all",4.20287831928029e-05,"NFKBIA"
"ENSG00000100906","patient6","XGBoost","all",2.81465975899562e-05,"NFKBIA"
"ENSG00000100906","patient3","XGBoost","all",3.5676206513766e-05,"NFKBIA"
"ENSG00000100906","patient1","XGBoost","all",4.04147214317422e-05,"NFKBIA"
"ENSG00000100911","patient3","XGBoost","all",1.43245287286432e-05,"PSME2"
"ENSG00000100911","patient4","XGBoost","all",7.0320542604995e-06,"PSME2"
"ENSG00000100911","patient1","XGBoost","all",8.1125547678508e-06,"PSME2"
"ENSG00000100911","patient2","XGBoost","all",1.39012182278482e-05,"PSME2"
"ENSG00000100911","patient6","XGBoost","all",8.46852406598663e-06,"PSME2"
"ENSG00000100911","patient5","XGBoost","all",9.52565894421576e-06,"PSME2"
"ENSG00000100941","patient5","XGBoost","all",1.11432115487843e-05,"PNN"
"ENSG00000100941","patient6","XGBoost","all",1.08344206913057e-05,"PNN"
"ENSG00000100941","patient1","XGBoost","all",1.9157663681238e-05,"PNN"
"ENSG00000100941","patient2","XGBoost","all",4.97503324922053e-06,"PNN"
"ENSG00000100941","patient4","XGBoost","all",3.90216130756506e-06,"PNN"
"ENSG00000100941","patient3","XGBoost","all",1.14319657445651e-05,"PNN"
"ENSG00000100979","patient3","XGBoost","all",0.000780667320843716,"PLTP"
"ENSG00000100979","patient1","XGBoost","all",0.000898155484554453,"PLTP"
"ENSG00000100979","patient6","XGBoost","all",0.000343436402881393,"PLTP"
"ENSG00000100979","patient4","XGBoost","all",3.58101002017352e-05,"PLTP"
"ENSG00000100979","patient5","XGBoost","all",1.6712701248889e-05,"PLTP"
"ENSG00000100979","patient2","XGBoost","all",3.51436616104339e-05,"PLTP"
"ENSG00000101000","patient3","XGBoost","all",8.24951478862757e-05,"PROCR"
"ENSG00000101000","patient4","XGBoost","all",5.76641900109481e-05,"PROCR"
"ENSG00000101000","patient2","XGBoost","all",0.000134894613188759,"PROCR"
"ENSG00000101000","patient6","XGBoost","all",3.61579414955694e-05,"PROCR"
"ENSG00000101000","patient1","XGBoost","all",6.88662028500418e-05,"PROCR"
"ENSG00000101000","patient5","XGBoost","all",9.61011654125143e-05,"PROCR"
"ENSG00000101150","patient5","XGBoost","all",5.761830041907e-06,"TPD52L2"
"ENSG00000101150","patient6","XGBoost","all",2.5856553996087e-06,"TPD52L2"
"ENSG00000101150","patient3","XGBoost","all",6.43855031794052e-06,"TPD52L2"
"ENSG00000101150","patient2","XGBoost","all",8.3339731591979e-06,"TPD52L2"
"ENSG00000101150","patient4","XGBoost","all",1.14925320373678e-05,"TPD52L2"
"ENSG00000101160","patient6","XGBoost","all",0.000117626233216536,"CTSZ"
"ENSG00000101160","patient3","XGBoost","all",0.000252322713534905,"CTSZ"
"ENSG00000101160","patient5","XGBoost","all",5.97638525009444e-05,"CTSZ"
"ENSG00000101160","patient2","XGBoost","all",8.05335860932651e-05,"CTSZ"
"ENSG00000101160","patient1","XGBoost","all",0.000120074156443061,"CTSZ"
"ENSG00000101160","patient4","XGBoost","all",8.86551969679255e-05,"CTSZ"
"ENSG00000101161","patient1","XGBoost","all",1.86004842884888e-05,"PRPF6"
"ENSG00000101161","patient4","XGBoost","all",5.85404881885448e-06,"PRPF6"
"ENSG00000101161","patient5","XGBoost","all",8.06582807809567e-06,"PRPF6"
"ENSG00000101161","patient3","XGBoost","all",8.52164201769442e-06,"PRPF6"
"ENSG00000101161","patient2","XGBoost","all",9.47375680700246e-06,"PRPF6"
"ENSG00000101161","patient6","XGBoost","all",1.6975073336408e-06,"PRPF6"
"ENSG00000101266","patient4","XGBoost","all",1.09875203108361e-05,"CSNK2A1"
"ENSG00000101266","patient2","XGBoost","all",3.508278279463e-06,"CSNK2A1"
"ENSG00000101266","patient5","XGBoost","all",1.4744253851445e-05,"CSNK2A1"
"ENSG00000101266","patient3","XGBoost","all",1.01552320976649e-05,"CSNK2A1"
"ENSG00000101294","patient1","XGBoost","all",8.03160427508524e-06,"HM13"
"ENSG00000101294","patient5","XGBoost","all",1.35953537720274e-05,"HM13"
"ENSG00000101294","patient2","XGBoost","all",1.26313726600483e-05,"HM13"
"ENSG00000101294","patient3","XGBoost","all",8.79384722926496e-06,"HM13"
"ENSG00000101294","patient6","XGBoost","all",1.63793868614355e-05,"HM13"
"ENSG00000101294","patient4","XGBoost","all",1.26168037430806e-05,"HM13"
"ENSG00000101335","patient2","XGBoost","all",0.0024711930174323,"MYL9"
"ENSG00000101335","patient1","XGBoost","all",0.00173477970189452,"MYL9"
"ENSG00000101335","patient4","XGBoost","all",0.00508693946345701,"MYL9"
"ENSG00000101335","patient6","XGBoost","all",0.00192313819214354,"MYL9"
"ENSG00000101335","patient5","XGBoost","all",0.00339684856904948,"MYL9"
"ENSG00000101335","patient3","XGBoost","all",0.00659799571785421,"MYL9"
"ENSG00000101347","patient3","XGBoost","all",2.10700077126705e-05,"SAMHD1"
"ENSG00000101347","patient2","XGBoost","all",6.25000244847714e-05,"SAMHD1"
"ENSG00000101347","patient1","XGBoost","all",1.97880435470216e-05,"SAMHD1"
"ENSG00000101347","patient5","XGBoost","all",0.000181718047217382,"SAMHD1"
"ENSG00000101347","patient4","XGBoost","all",2.44491114005475e-05,"SAMHD1"
"ENSG00000101347","patient6","XGBoost","all",1.93816332665201e-05,"SAMHD1"
"ENSG00000101361","patient6","XGBoost","all",4.49750163028669e-06,"NOP56"
"ENSG00000101361","patient5","XGBoost","all",1.13058737646481e-05,"NOP56"
"ENSG00000101361","patient1","XGBoost","all",2.12785419308588e-06,"NOP56"
"ENSG00000101361","patient2","XGBoost","all",4.04377921740474e-06,"NOP56"
"ENSG00000101361","patient3","XGBoost","all",8.30992407166244e-06,"NOP56"
"ENSG00000101361","patient4","XGBoost","all",6.95814929059548e-06,"NOP56"
"ENSG00000101367","patient3","XGBoost","all",4.73663717212074e-06,"MAPRE1"
"ENSG00000101367","patient4","XGBoost","all",3.47669705357332e-06,"MAPRE1"
"ENSG00000101367","patient5","XGBoost","all",7.72648741506877e-06,"MAPRE1"
"ENSG00000101384","patient6","XGBoost","all",3.16961363718009e-05,"JAG1"
"ENSG00000101384","patient1","XGBoost","all",2.17876671281637e-05,"JAG1"
"ENSG00000101384","patient2","XGBoost","all",2.26567514617474e-05,"JAG1"
"ENSG00000101384","patient4","XGBoost","all",3.4259437812356e-05,"JAG1"
"ENSG00000101384","patient5","XGBoost","all",2.07278888549707e-05,"JAG1"
"ENSG00000101384","patient3","XGBoost","all",3.54169435151876e-05,"JAG1"
"ENSG00000101421","patient1","XGBoost","all",1.21132415897964e-05,"CHMP4B"
"ENSG00000101421","patient5","XGBoost","all",1.01613918282493e-05,"CHMP4B"
"ENSG00000101421","patient4","XGBoost","all",4.50756272991109e-06,"CHMP4B"
"ENSG00000101421","patient2","XGBoost","all",5.29543982790532e-06,"CHMP4B"
"ENSG00000101421","patient3","XGBoost","all",1.18699027411105e-05,"CHMP4B"
"ENSG00000101421","patient6","XGBoost","all",1.58454066136329e-05,"CHMP4B"
"ENSG00000101460","patient6","XGBoost","all",5.8126654302017e-06,"MAP1LC3A"
"ENSG00000101460","patient1","XGBoost","all",8.07141930717367e-06,"MAP1LC3A"
"ENSG00000101460","patient4","XGBoost","all",3.06478417612876e-05,"MAP1LC3A"
"ENSG00000101460","patient5","XGBoost","all",1.28930550264863e-05,"MAP1LC3A"
"ENSG00000101460","patient2","XGBoost","all",2.18612872167231e-05,"MAP1LC3A"
"ENSG00000101460","patient3","XGBoost","all",7.74829756951916e-06,"MAP1LC3A"
"ENSG00000101596","patient4","XGBoost","all",5.46411888723889e-06,"SMCHD1"
"ENSG00000101596","patient5","XGBoost","all",2.5475645414845e-06,"SMCHD1"
"ENSG00000101596","patient1","XGBoost","all",6.9518039865533e-06,"SMCHD1"
"ENSG00000101596","patient6","XGBoost","all",5.00359120397353e-06,"SMCHD1"
"ENSG00000101596","patient2","XGBoost","all",7.01536769431531e-06,"SMCHD1"
"ENSG00000101596","patient3","XGBoost","all",1.71218278917399e-05,"SMCHD1"
"ENSG00000101654","patient1","XGBoost","all",6.05681815564913e-06,"RNMT"
"ENSG00000101654","patient6","XGBoost","all",5.22117722628981e-06,"RNMT"
"ENSG00000101654","patient3","XGBoost","all",1.83107090898487e-05,"RNMT"
"ENSG00000101654","patient5","XGBoost","all",1.42063579197715e-05,"RNMT"
"ENSG00000101654","patient2","XGBoost","all",5.32426601166479e-06,"RNMT"
"ENSG00000101654","patient4","XGBoost","all",1.12350285871102e-05,"RNMT"
"ENSG00000101745","patient3","XGBoost","all",2.09710624803034e-05,"ANKRD12"
"ENSG00000101745","patient2","XGBoost","all",1.32378015106749e-05,"ANKRD12"
"ENSG00000101745","patient4","XGBoost","all",1.71311350317493e-05,"ANKRD12"
"ENSG00000101745","patient1","XGBoost","all",6.25194647135578e-06,"ANKRD12"
"ENSG00000101745","patient6","XGBoost","all",6.85610844957423e-06,"ANKRD12"
"ENSG00000101745","patient5","XGBoost","all",2.10305576134812e-05,"ANKRD12"
"ENSG00000101782","patient6","XGBoost","all",9.23555263421448e-06,"RIOK3"
"ENSG00000101782","patient4","XGBoost","all",1.09882658545057e-05,"RIOK3"
"ENSG00000101782","patient1","XGBoost","all",3.1939416122574e-06,"RIOK3"
"ENSG00000101782","patient5","XGBoost","all",6.70321263290244e-06,"RIOK3"
"ENSG00000101782","patient2","XGBoost","all",7.01561178328629e-06,"RIOK3"
"ENSG00000101782","patient3","XGBoost","all",1.00813080219317e-05,"RIOK3"
"ENSG00000101856","patient4","XGBoost","all",1.78920654189895e-05,"PGRMC1"
"ENSG00000101856","patient3","XGBoost","all",5.19438953802746e-06,"PGRMC1"
"ENSG00000101856","patient5","XGBoost","all",1.47535721730829e-05,"PGRMC1"
"ENSG00000101856","patient1","XGBoost","all",1.49180822233677e-05,"PGRMC1"
"ENSG00000101856","patient2","XGBoost","all",1.09689813669284e-05,"PGRMC1"
"ENSG00000101856","patient6","XGBoost","all",1.44968003217684e-05,"PGRMC1"
"ENSG00000101940","patient5","XGBoost","all",8.74572379287257e-06,"WDR13"
"ENSG00000101940","patient4","XGBoost","all",3.58404108296133e-06,"WDR13"
"ENSG00000101955","patient4","XGBoost","all",9.82692148057173e-06,"SRPX"
"ENSG00000101955","patient1","XGBoost","all",2.0678484896695e-05,"SRPX"
"ENSG00000101955","patient3","XGBoost","all",1.91735976306213e-05,"SRPX"
"ENSG00000101955","patient5","XGBoost","all",1.48287914260915e-05,"SRPX"
"ENSG00000101955","patient2","XGBoost","all",1.96331772973909e-05,"SRPX"
"ENSG00000101955","patient6","XGBoost","all",2.14320468031981e-05,"SRPX"
"ENSG00000101972","patient2","XGBoost","all",1.20156657968372e-05,"STAG2"
"ENSG00000101972","patient1","XGBoost","all",1.80313151375507e-05,"STAG2"
"ENSG00000101972","patient5","XGBoost","all",1.08889214950783e-05,"STAG2"
"ENSG00000101972","patient3","XGBoost","all",6.43508434460009e-06,"STAG2"
"ENSG00000101972","patient4","XGBoost","all",6.40149827622192e-06,"STAG2"
"ENSG00000101972","patient6","XGBoost","all",6.22803856365327e-06,"STAG2"
"ENSG00000102007","patient4","XGBoost","all",4.6020075501324e-05,"PLP2"
"ENSG00000102007","patient6","XGBoost","all",3.70886382652315e-05,"PLP2"
"ENSG00000102007","patient1","XGBoost","all",4.84585383752829e-05,"PLP2"
"ENSG00000102007","patient2","XGBoost","all",2.81138124003764e-05,"PLP2"
"ENSG00000102007","patient5","XGBoost","all",3.41770308447179e-05,"PLP2"
"ENSG00000102007","patient3","XGBoost","all",2.36246796389212e-05,"PLP2"
"ENSG00000102024","patient3","XGBoost","all",6.79310808775478e-05,"PLS3"
"ENSG00000102024","patient5","XGBoost","all",0.000658064660326307,"PLS3"
"ENSG00000102024","patient6","XGBoost","all",7.22683018745143e-05,"PLS3"
"ENSG00000102024","patient1","XGBoost","all",7.13060408820949e-05,"PLS3"
"ENSG00000102024","patient4","XGBoost","all",5.03861747828395e-05,"PLS3"
"ENSG00000102024","patient2","XGBoost","all",3.32458915724386e-05,"PLS3"
"ENSG00000102030","patient6","XGBoost","all",1.42105056193227e-05,"NAA10"
"ENSG00000102030","patient2","XGBoost","all",1.83428901006732e-05,"NAA10"
"ENSG00000102030","patient1","XGBoost","all",5.64899604712134e-06,"NAA10"
"ENSG00000102030","patient4","XGBoost","all",6.99274088726048e-06,"NAA10"
"ENSG00000102030","patient5","XGBoost","all",1.00971718216651e-05,"NAA10"
"ENSG00000102030","patient3","XGBoost","all",7.4144012185446e-06,"NAA10"
"ENSG00000102054","patient5","XGBoost","all",2.79525217992155e-06,"RBBP7"
"ENSG00000102054","patient2","XGBoost","all",1.14081250584452e-05,"RBBP7"
"ENSG00000102054","patient3","XGBoost","all",1.24134969271506e-05,"RBBP7"
"ENSG00000102054","patient1","XGBoost","all",1.12210791655072e-05,"RBBP7"
"ENSG00000102054","patient4","XGBoost","all",1.37697271401564e-05,"RBBP7"
"ENSG00000102054","patient6","XGBoost","all",1.71077600400257e-05,"RBBP7"
"ENSG00000102119","patient1","XGBoost","all",8.36405605316703e-06,"EMD"
"ENSG00000102119","patient5","XGBoost","all",1.45612601179356e-05,"EMD"
"ENSG00000102119","patient2","XGBoost","all",3.83934022992568e-06,"EMD"
"ENSG00000102119","patient6","XGBoost","all",9.46290937225475e-06,"EMD"
"ENSG00000102144","patient5","XGBoost","all",2.27847626608919e-05,"PGK1"
"ENSG00000102144","patient1","XGBoost","all",3.33448690557762e-06,"PGK1"
"ENSG00000102144","patient6","XGBoost","all",1.28438145769305e-05,"PGK1"
"ENSG00000102144","patient4","XGBoost","all",2.07753264150122e-05,"PGK1"
"ENSG00000102144","patient2","XGBoost","all",2.25059110568958e-05,"PGK1"
"ENSG00000102144","patient3","XGBoost","all",1.99486344811871e-05,"PGK1"
"ENSG00000102172","patient4","XGBoost","all",4.09704943756079e-05,"SMS"
"ENSG00000102172","patient1","XGBoost","all",1.54766183324234e-05,"SMS"
"ENSG00000102172","patient5","XGBoost","all",2.46199682886083e-05,"SMS"
"ENSG00000102172","patient6","XGBoost","all",4.30717190039037e-05,"SMS"
"ENSG00000102172","patient2","XGBoost","all",4.28171819899634e-05,"SMS"
"ENSG00000102172","patient3","XGBoost","all",3.03560337764616e-05,"SMS"
"ENSG00000102189","patient3","XGBoost","all",1.27906250182589e-05,"EEA1"
"ENSG00000102189","patient5","XGBoost","all",1.762887423046e-05,"EEA1"
"ENSG00000102189","patient4","XGBoost","all",1.06356456984422e-05,"EEA1"
"ENSG00000102189","patient1","XGBoost","all",1.56598698262057e-05,"EEA1"
"ENSG00000102189","patient6","XGBoost","all",7.80142893003813e-06,"EEA1"
"ENSG00000102189","patient2","XGBoost","all",8.99924389987588e-06,"EEA1"
"ENSG00000102265","patient6","XGBoost","all",0.000178651718113533,"TIMP1"
"ENSG00000102265","patient1","XGBoost","all",0.000165336759973587,"TIMP1"
"ENSG00000102309","patient2","XGBoost","all",2.73270004843479e-06,"PIN4"
"ENSG00000102309","patient5","XGBoost","all",9.62444524321647e-06,"PIN4"
"ENSG00000102309","patient3","XGBoost","all",8.90647277750455e-06,"PIN4"
"ENSG00000102309","patient1","XGBoost","all",6.75815272907443e-06,"PIN4"
"ENSG00000102316","patient6","XGBoost","all",2.5278000236773e-05,"MAGED2"
"ENSG00000102316","patient2","XGBoost","all",1.94029283684367e-05,"MAGED2"
"ENSG00000102316","patient1","XGBoost","all",2.40355268405852e-05,"MAGED2"
"ENSG00000102316","patient4","XGBoost","all",1.39455972252028e-05,"MAGED2"
"ENSG00000102316","patient5","XGBoost","all",4.09863618325938e-05,"MAGED2"
"ENSG00000102316","patient3","XGBoost","all",3.74515131053449e-05,"MAGED2"
"ENSG00000102317","patient1","XGBoost","all",6.16124643155148e-06,"RBM3"
"ENSG00000102317","patient2","XGBoost","all",1.54752091802442e-05,"RBM3"
"ENSG00000102317","patient3","XGBoost","all",2.53129477430555e-05,"RBM3"
"ENSG00000102317","patient6","XGBoost","all",1.08706805236485e-05,"RBM3"
"ENSG00000102317","patient5","XGBoost","all",7.84776199228712e-06,"RBM3"
"ENSG00000102401","patient6","XGBoost","all",6.9131167385222e-06,"ARMCX3"
"ENSG00000102401","patient5","XGBoost","all",7.66826107943827e-06,"ARMCX3"
"ENSG00000102401","patient1","XGBoost","all",7.75561100194785e-06,"ARMCX3"
"ENSG00000102401","patient2","XGBoost","all",8.66699275584162e-06,"ARMCX3"
"ENSG00000102401","patient3","XGBoost","all",5.08182809019218e-06,"ARMCX3"
"ENSG00000102401","patient4","XGBoost","all",1.10208587422947e-05,"ARMCX3"
"ENSG00000102409","patient2","XGBoost","all",1.17713899760733e-05,"BEX4"
"ENSG00000102409","patient4","XGBoost","all",1.1741694361346e-05,"BEX4"
"ENSG00000102409","patient1","XGBoost","all",4.86201394317179e-06,"BEX4"
"ENSG00000102409","patient6","XGBoost","all",3.93944133728973e-06,"BEX4"
"ENSG00000102409","patient3","XGBoost","all",2.59848534910655e-05,"BEX4"
"ENSG00000102409","patient5","XGBoost","all",2.25336027386809e-06,"BEX4"
"ENSG00000102531","patient3","XGBoost","all",8.66203328189074e-06,"FNDC3A"
"ENSG00000102531","patient4","XGBoost","all",3.80350184342541e-06,"FNDC3A"
"ENSG00000102531","patient2","XGBoost","all",1.3173977837097e-05,"FNDC3A"
"ENSG00000102531","patient1","XGBoost","all",3.87452294364394e-06,"FNDC3A"
"ENSG00000102531","patient5","XGBoost","all",3.65045676402436e-06,"FNDC3A"
"ENSG00000102531","patient6","XGBoost","all",4.00203380685567e-06,"FNDC3A"
"ENSG00000102580","patient1","XGBoost","all",6.06723310094191e-06,"DNAJC3"
"ENSG00000102580","patient2","XGBoost","all",6.10452239532964e-06,"DNAJC3"
"ENSG00000102580","patient3","XGBoost","all",8.68721753422799e-06,"DNAJC3"
"ENSG00000102580","patient4","XGBoost","all",1.14243461614712e-05,"DNAJC3"
"ENSG00000102580","patient5","XGBoost","all",1.03810349919465e-05,"DNAJC3"
"ENSG00000102580","patient6","XGBoost","all",2.19392392009899e-05,"DNAJC3"
"ENSG00000102760","patient1","XGBoost","all",2.94870914127678e-05,"RGCC"
"ENSG00000102760","patient5","XGBoost","all",8.00161985115955e-05,"RGCC"
"ENSG00000102760","patient6","XGBoost","all",2.96068120995622e-05,"RGCC"
"ENSG00000102760","patient4","XGBoost","all",4.031311878187e-05,"RGCC"
"ENSG00000102786","patient4","XGBoost","all",1.54179522704192e-05,"INTS6"
"ENSG00000102786","patient5","XGBoost","all",8.51385071951404e-06,"INTS6"
"ENSG00000102786","patient2","XGBoost","all",3.93159434732754e-06,"INTS6"
"ENSG00000102786","patient3","XGBoost","all",1.40564039439928e-05,"INTS6"
"ENSG00000102786","patient1","XGBoost","all",1.15037293834475e-05,"INTS6"
"ENSG00000102786","patient6","XGBoost","all",1.00618868934277e-05,"INTS6"
"ENSG00000102802","patient6","XGBoost","all",8.24701951509304e-05,"MEDAG"
"ENSG00000102802","patient3","XGBoost","all",8.20392688452025e-05,"MEDAG"
"ENSG00000102802","patient4","XGBoost","all",8.94136927273135e-05,"MEDAG"
"ENSG00000102802","patient2","XGBoost","all",0.000111704660883524,"MEDAG"
"ENSG00000102802","patient1","XGBoost","all",0.000128635770978179,"MEDAG"
"ENSG00000102804","patient1","XGBoost","all",6.64323248904968e-05,"TSC22D1"
"ENSG00000102804","patient3","XGBoost","all",9.59492477425631e-05,"TSC22D1"
"ENSG00000102804","patient4","XGBoost","all",7.05201788296637e-05,"TSC22D1"
"ENSG00000102804","patient6","XGBoost","all",8.4574803192513e-05,"TSC22D1"
"ENSG00000102804","patient2","XGBoost","all",7.4107822216544e-05,"TSC22D1"
"ENSG00000102804","patient5","XGBoost","all",8.22557204113513e-05,"TSC22D1"
"ENSG00000102879","patient4","XGBoost","all",0.000294312963562955,"CORO1A"
"ENSG00000102879","patient5","XGBoost","all",0.000556706516953164,"CORO1A"
"ENSG00000102879","patient6","XGBoost","all",0.000126155225188657,"CORO1A"
"ENSG00000102898","patient2","XGBoost","all",6.7180791702464e-06,"NUTF2"
"ENSG00000102898","patient5","XGBoost","all",1.26416478866603e-05,"NUTF2"
"ENSG00000102898","patient4","XGBoost","all",2.81433100235975e-06,"NUTF2"
"ENSG00000102898","patient6","XGBoost","all",7.65671180596801e-06,"NUTF2"
"ENSG00000102898","patient3","XGBoost","all",6.30987501462321e-06,"NUTF2"
"ENSG00000102898","patient1","XGBoost","all",1.37668758524186e-05,"NUTF2"
"ENSG00000102908","patient4","XGBoost","all",6.72611206396744e-06,"NFAT5"
"ENSG00000102931","patient1","XGBoost","all",1.26060747126555e-05,"ARL2BP"
"ENSG00000102931","patient6","XGBoost","all",3.56189780902826e-06,"ARL2BP"
"ENSG00000102931","patient2","XGBoost","all",4.05637677420245e-06,"ARL2BP"
"ENSG00000102931","patient3","XGBoost","all",2.99674169205819e-06,"ARL2BP"
"ENSG00000102931","patient4","XGBoost","all",7.47379825494836e-06,"ARL2BP"
"ENSG00000102931","patient5","XGBoost","all",9.37362708579603e-06,"ARL2BP"
"ENSG00000103024","patient5","XGBoost","all",1.03331088736222e-05,"NME3"
"ENSG00000103024","patient2","XGBoost","all",1.2116746263539e-05,"NME3"
"ENSG00000103024","patient1","XGBoost","all",1.5416919852675e-05,"NME3"
"ENSG00000103024","patient4","XGBoost","all",3.76385847544739e-06,"NME3"
"ENSG00000103024","patient6","XGBoost","all",1.31999944000536e-05,"NME3"
"ENSG00000103024","patient3","XGBoost","all",1.23607730170872e-05,"NME3"
"ENSG00000103035","patient3","XGBoost","all",6.02340992849514e-06,"PSMD7"
"ENSG00000103035","patient1","XGBoost","all",1.71994954851423e-05,"PSMD7"
"ENSG00000103035","patient4","XGBoost","all",1.81248037825876e-05,"PSMD7"
"ENSG00000103035","patient5","XGBoost","all",7.51149953730628e-06,"PSMD7"
"ENSG00000103035","patient2","XGBoost","all",1.46184476811801e-05,"PSMD7"
"ENSG00000103035","patient6","XGBoost","all",1.27984540451854e-05,"PSMD7"
"ENSG00000103145","patient2","XGBoost","all",4.22705911229248e-05,"HCFC1R1"
"ENSG00000103145","patient1","XGBoost","all",1.90678404711864e-05,"HCFC1R1"
"ENSG00000103145","patient5","XGBoost","all",4.56150164628472e-05,"HCFC1R1"
"ENSG00000103145","patient6","XGBoost","all",3.63696012164071e-05,"HCFC1R1"
"ENSG00000103145","patient4","XGBoost","all",3.81954586171465e-05,"HCFC1R1"
"ENSG00000103145","patient3","XGBoost","all",1.57539768476443e-05,"HCFC1R1"
"ENSG00000103152","patient6","XGBoost","all",1.31445039612443e-05,"MPG"
"ENSG00000103152","patient2","XGBoost","all",4.2367234565313e-05,"MPG"
"ENSG00000103152","patient3","XGBoost","all",3.70356994720081e-05,"MPG"
"ENSG00000103152","patient5","XGBoost","all",6.49422664084827e-05,"MPG"
"ENSG00000103152","patient1","XGBoost","all",5.69060791369364e-05,"MPG"
"ENSG00000103152","patient4","XGBoost","all",1.97191444385807e-05,"MPG"
"ENSG00000103187","patient3","XGBoost","all",1.17223944355747e-05,"COTL1"
"ENSG00000103187","patient4","XGBoost","all",2.66645119329524e-05,"COTL1"
"ENSG00000103187","patient6","XGBoost","all",1.14107734256647e-05,"COTL1"
"ENSG00000103187","patient2","XGBoost","all",2.76315399640752e-05,"COTL1"
"ENSG00000103187","patient5","XGBoost","all",2.34071295192028e-05,"COTL1"
"ENSG00000103187","patient1","XGBoost","all",2.39181590310228e-05,"COTL1"
"ENSG00000103196","patient4","XGBoost","all",0.000150710764672198,"CRISPLD2"
"ENSG00000103202","patient5","XGBoost","all",9.20082894771816e-06,"NME4"
"ENSG00000103202","patient2","XGBoost","all",1.16836903220182e-05,"NME4"
"ENSG00000103202","patient3","XGBoost","all",1.45503260060822e-05,"NME4"
"ENSG00000103202","patient4","XGBoost","all",7.06755110199172e-06,"NME4"
"ENSG00000103202","patient1","XGBoost","all",7.10451455212613e-06,"NME4"
"ENSG00000103202","patient6","XGBoost","all",1.07032198306776e-05,"NME4"
"ENSG00000103266","patient2","XGBoost","all",1.20506501282205e-05,"STUB1"
"ENSG00000103266","patient6","XGBoost","all",9.51094001150713e-06,"STUB1"
"ENSG00000103266","patient4","XGBoost","all",3.38362366704323e-06,"STUB1"
"ENSG00000103266","patient3","XGBoost","all",5.4246408453347e-06,"STUB1"
"ENSG00000103266","patient5","XGBoost","all",9.95773411202594e-06,"STUB1"
"ENSG00000103266","patient1","XGBoost","all",4.41026147913025e-06,"STUB1"
"ENSG00000103275","patient6","XGBoost","all",1.30817443432329e-05,"UBE2I"
"ENSG00000103275","patient2","XGBoost","all",6.35097791086684e-06,"UBE2I"
"ENSG00000103275","patient5","XGBoost","all",1.69555867432784e-05,"UBE2I"
"ENSG00000103275","patient4","XGBoost","all",5.19996665409198e-06,"UBE2I"
"ENSG00000103275","patient3","XGBoost","all",6.27687392659185e-06,"UBE2I"
"ENSG00000103275","patient1","XGBoost","all",5.6584312240334e-06,"UBE2I"
"ENSG00000103342","patient3","XGBoost","all",1.06955234060678e-05,"GSPT1"
"ENSG00000103342","patient4","XGBoost","all",4.8542486842854e-06,"GSPT1"
"ENSG00000103490","patient3","XGBoost","all",1.28481682167075e-05,"PYCARD"
"ENSG00000103490","patient1","XGBoost","all",2.12120787540025e-05,"PYCARD"
"ENSG00000103490","patient2","XGBoost","all",1.80884967591658e-05,"PYCARD"
"ENSG00000103490","patient4","XGBoost","all",1.0567523377088e-05,"PYCARD"
"ENSG00000103490","patient5","XGBoost","all",3.33244881123487e-05,"PYCARD"
"ENSG00000103490","patient6","XGBoost","all",3.38785801099045e-05,"PYCARD"
"ENSG00000103502","patient5","XGBoost","all",1.78251355676321e-05,"CDIPT"
"ENSG00000103769","patient3","XGBoost","all",3.10561603912281e-06,"RAB11A"
"ENSG00000103769","patient2","XGBoost","all",8.58635062844896e-06,"RAB11A"
"ENSG00000103769","patient5","XGBoost","all",1.40616123936904e-05,"RAB11A"
"ENSG00000103769","patient6","XGBoost","all",2.73097390244745e-06,"RAB11A"
"ENSG00000103769","patient1","XGBoost","all",4.79391670816578e-06,"RAB11A"
"ENSG00000103769","patient4","XGBoost","all",5.2691506622238e-06,"RAB11A"
"ENSG00000103811","patient2","XGBoost","all",0.00012749698308615,"CTSH"
"ENSG00000103811","patient4","XGBoost","all",2.5372262312667e-05,"CTSH"
"ENSG00000103811","patient6","XGBoost","all",8.23317649422191e-05,"CTSH"
"ENSG00000103811","patient1","XGBoost","all",8.32111731508471e-05,"CTSH"
"ENSG00000103811","patient3","XGBoost","all",5.13917322218437e-05,"CTSH"
"ENSG00000103811","patient5","XGBoost","all",7.29363200056657e-05,"CTSH"
"ENSG00000103966","patient4","XGBoost","all",1.14182243516619e-06,"EHD4"
"ENSG00000103978","patient6","XGBoost","all",3.37458201454788e-06,"TMEM87A"
"ENSG00000103978","patient5","XGBoost","all",1.12818882311573e-05,"TMEM87A"
"ENSG00000103978","patient3","XGBoost","all",1.91232063684068e-05,"TMEM87A"
"ENSG00000103978","patient2","XGBoost","all",1.10024195821882e-05,"TMEM87A"
"ENSG00000103978","patient1","XGBoost","all",1.12116917550808e-05,"TMEM87A"
"ENSG00000103978","patient4","XGBoost","all",2.0232834619347e-05,"TMEM87A"
"ENSG00000103994","patient1","XGBoost","all",1.07182787693025e-05,"ZNF106"
"ENSG00000103994","patient4","XGBoost","all",8.10378021134045e-06,"ZNF106"
"ENSG00000103994","patient3","XGBoost","all",1.19271940894499e-05,"ZNF106"
"ENSG00000103994","patient6","XGBoost","all",7.5990185640287e-06,"ZNF106"
"ENSG00000103994","patient2","XGBoost","all",1.37425472382724e-05,"ZNF106"
"ENSG00000103994","patient5","XGBoost","all",1.97263273741726e-05,"ZNF106"
"ENSG00000104047","patient1","XGBoost","all",1.50147926941456e-05,"DTWD1"
"ENSG00000104047","patient3","XGBoost","all",1.45448596449766e-05,"DTWD1"
"ENSG00000104047","patient2","XGBoost","all",2.07920156750545e-05,"DTWD1"
"ENSG00000104067","patient4","XGBoost","all",1.15679663902967e-05,"TJP1"
"ENSG00000104067","patient6","XGBoost","all",8.03979897245856e-06,"TJP1"
"ENSG00000104067","patient3","XGBoost","all",8.57498569143022e-06,"TJP1"
"ENSG00000104067","patient1","XGBoost","all",1.67765924973211e-05,"TJP1"
"ENSG00000104067","patient2","XGBoost","all",1.12923347771524e-05,"TJP1"
"ENSG00000104067","patient5","XGBoost","all",7.55473007089973e-06,"TJP1"
"ENSG00000104131","patient2","XGBoost","all",6.63565539074207e-06,"EIF3J"
"ENSG00000104131","patient4","XGBoost","all",6.05008810086812e-06,"EIF3J"
"ENSG00000104131","patient3","XGBoost","all",3.59898130006705e-06,"EIF3J"
"ENSG00000104131","patient1","XGBoost","all",8.30980813674603e-06,"EIF3J"
"ENSG00000104131","patient6","XGBoost","all",7.21151298841843e-06,"EIF3J"
"ENSG00000104131","patient5","XGBoost","all",9.53780515637735e-06,"EIF3J"
"ENSG00000104231","patient5","XGBoost","all",1.11607725241931e-05,"ZFAND1"
"ENSG00000104231","patient6","XGBoost","all",2.9060186894044e-06,"ZFAND1"
"ENSG00000104324","patient6","XGBoost","all",1.89718194192372e-05,"CPQ"
"ENSG00000104324","patient2","XGBoost","all",3.17434877703256e-06,"CPQ"
"ENSG00000104324","patient5","XGBoost","all",1.93423154955891e-05,"CPQ"
"ENSG00000104324","patient4","XGBoost","all",1.31135167130279e-05,"CPQ"
"ENSG00000104324","patient3","XGBoost","all",1.60211503671231e-05,"CPQ"
"ENSG00000104324","patient1","XGBoost","all",7.95010206089592e-06,"CPQ"
"ENSG00000104325","patient5","XGBoost","all",1.85981160767282e-05,"DECR1"
"ENSG00000104325","patient4","XGBoost","all",1.55890606536022e-05,"DECR1"
"ENSG00000104325","patient2","XGBoost","all",1.316139179393e-05,"DECR1"
"ENSG00000104325","patient6","XGBoost","all",2.15650841629162e-05,"DECR1"
"ENSG00000104332","patient2","XGBoost","all",2.29895546021338e-05,"SFRP1"
"ENSG00000104332","patient3","XGBoost","all",2.69425787696524e-05,"SFRP1"
"ENSG00000104332","patient4","XGBoost","all",5.11911696527584e-05,"SFRP1"
"ENSG00000104332","patient6","XGBoost","all",2.65011939831119e-05,"SFRP1"
"ENSG00000104332","patient1","XGBoost","all",2.92713942558741e-05,"SFRP1"
"ENSG00000104332","patient5","XGBoost","all",3.15357206474058e-05,"SFRP1"
"ENSG00000104368","patient5","XGBoost","all",3.33008544183476e-05,"PLAT"
"ENSG00000104368","patient6","XGBoost","all",2.67624519822392e-05,"PLAT"
"ENSG00000104368","patient3","XGBoost","all",8.4894044451297e-06,"PLAT"
"ENSG00000104368","patient4","XGBoost","all",2.47003930240718e-05,"PLAT"
"ENSG00000104368","patient2","XGBoost","all",1.86510488079729e-05,"PLAT"
"ENSG00000104368","patient1","XGBoost","all",1.79685314612232e-05,"PLAT"
"ENSG00000104412","patient5","XGBoost","all",1.88482243553546e-05,"EMC2"
"ENSG00000104412","patient2","XGBoost","all",4.34019829787484e-06,"EMC2"
"ENSG00000104419","patient3","XGBoost","all",4.97299402397334e-05,"NDRG1"
"ENSG00000104419","patient5","XGBoost","all",1.53569892974708e-05,"NDRG1"
"ENSG00000104419","patient2","XGBoost","all",3.40010620575194e-05,"NDRG1"
"ENSG00000104419","patient1","XGBoost","all",1.47307961278181e-05,"NDRG1"
"ENSG00000104419","patient4","XGBoost","all",5.15624455113997e-05,"NDRG1"
"ENSG00000104419","patient6","XGBoost","all",3.61066731553652e-05,"NDRG1"
"ENSG00000104671","patient3","XGBoost","all",1.03799241172449e-05,"DCTN6"
"ENSG00000104671","patient5","XGBoost","all",1.03271710010016e-05,"DCTN6"
"ENSG00000104671","patient2","XGBoost","all",1.76597659952602e-05,"DCTN6"
"ENSG00000104695","patient1","XGBoost","all",1.9730471971876e-05,"PPP2CB"
"ENSG00000104695","patient6","XGBoost","all",8.15480990578742e-06,"PPP2CB"
"ENSG00000104695","patient2","XGBoost","all",6.66671258717165e-06,"PPP2CB"
"ENSG00000104695","patient4","XGBoost","all",7.57156469628816e-06,"PPP2CB"
"ENSG00000104763","patient6","XGBoost","all",1.3329015929461e-05,"ASAH1"
"ENSG00000104763","patient3","XGBoost","all",3.01686057114453e-05,"ASAH1"
"ENSG00000104763","patient5","XGBoost","all",2.11498947485759e-05,"ASAH1"
"ENSG00000104763","patient2","XGBoost","all",1.73102450630874e-05,"ASAH1"
"ENSG00000104763","patient4","XGBoost","all",2.36058827698073e-05,"ASAH1"
"ENSG00000104763","patient1","XGBoost","all",8.19551885867168e-06,"ASAH1"
"ENSG00000104765","patient1","XGBoost","all",1.37059613638409e-05,"BNIP3L"
"ENSG00000104765","patient6","XGBoost","all",1.56549754566374e-05,"BNIP3L"
"ENSG00000104765","patient3","XGBoost","all",2.23147601886233e-05,"BNIP3L"
"ENSG00000104765","patient2","XGBoost","all",1.33486047450672e-05,"BNIP3L"
"ENSG00000104765","patient4","XGBoost","all",1.0355846825856e-05,"BNIP3L"
"ENSG00000104765","patient5","XGBoost","all",1.09494688863729e-05,"BNIP3L"
"ENSG00000104805","patient2","XGBoost","all",1.14183267931733e-05,"NUCB1"
"ENSG00000104805","patient5","XGBoost","all",1.71602813785264e-05,"NUCB1"
"ENSG00000104805","patient1","XGBoost","all",2.26383904598513e-05,"NUCB1"
"ENSG00000104805","patient4","XGBoost","all",1.41595332218947e-05,"NUCB1"
"ENSG00000104805","patient3","XGBoost","all",1.05991558443968e-05,"NUCB1"
"ENSG00000104823","patient1","XGBoost","all",1.57043156154255e-05,"ECH1"
"ENSG00000104823","patient6","XGBoost","all",3.42267666809852e-05,"ECH1"
"ENSG00000104823","patient4","XGBoost","all",1.43076413791705e-05,"ECH1"
"ENSG00000104823","patient3","XGBoost","all",3.17739863034292e-05,"ECH1"
"ENSG00000104823","patient2","XGBoost","all",2.21283429203211e-05,"ECH1"
"ENSG00000104823","patient5","XGBoost","all",2.64571516572444e-05,"ECH1"
"ENSG00000104852","patient6","XGBoost","all",1.55515311957336e-05,"SNRNP70"
"ENSG00000104852","patient5","XGBoost","all",1.03747739539797e-05,"SNRNP70"
"ENSG00000104852","patient4","XGBoost","all",1.66624756886257e-05,"SNRNP70"
"ENSG00000104852","patient3","XGBoost","all",1.2983050639057e-05,"SNRNP70"
"ENSG00000104852","patient1","XGBoost","all",1.13484105455868e-05,"SNRNP70"
"ENSG00000104852","patient2","XGBoost","all",1.09179397972005e-05,"SNRNP70"
"ENSG00000104870","patient3","XGBoost","all",3.60238840723737e-05,"FCGRT"
"ENSG00000104870","patient2","XGBoost","all",0.000157876251676341,"FCGRT"
"ENSG00000104870","patient4","XGBoost","all",0.000180475866432663,"FCGRT"
"ENSG00000104870","patient1","XGBoost","all",4.57039806695381e-05,"FCGRT"
"ENSG00000104870","patient5","XGBoost","all",9.84825638740544e-05,"FCGRT"
"ENSG00000104870","patient6","XGBoost","all",0.000220539761531222,"FCGRT"
"ENSG00000104894","patient6","XGBoost","all",0.000225933759936692,"CD37"
"ENSG00000104894","patient1","XGBoost","all",0.000163596786121822,"CD37"
"ENSG00000104894","patient2","XGBoost","all",0.000199588596190421,"CD37"
"ENSG00000104894","patient4","XGBoost","all",0.000466530963426014,"CD37"
"ENSG00000104894","patient3","XGBoost","all",0.000162601166743694,"CD37"
"ENSG00000104894","patient5","XGBoost","all",0.000239140223470182,"CD37"
"ENSG00000104964","patient2","XGBoost","all",1.65655723775244e-05,"TLE5"
"ENSG00000104964","patient6","XGBoost","all",6.13050993517846e-06,"TLE5"
"ENSG00000104964","patient5","XGBoost","all",1.80352472910578e-05,"TLE5"
"ENSG00000104964","patient3","XGBoost","all",2.19188229907136e-05,"TLE5"
"ENSG00000104964","patient1","XGBoost","all",2.1561015523887e-05,"TLE5"
"ENSG00000104964","patient4","XGBoost","all",1.34677078070093e-05,"TLE5"
"ENSG00000105176","patient1","XGBoost","all",3.34708022478719e-06,"URI1"
"ENSG00000105176","patient3","XGBoost","all",8.0084655596045e-06,"URI1"
"ENSG00000105176","patient4","XGBoost","all",2.2383624626262e-05,"URI1"
"ENSG00000105176","patient2","XGBoost","all",4.82865388282656e-06,"URI1"
"ENSG00000105185","patient2","XGBoost","all",1.37525897559358e-05,"PDCD5"
"ENSG00000105185","patient6","XGBoost","all",2.71035685297124e-05,"PDCD5"
"ENSG00000105185","patient4","XGBoost","all",1.06642118356137e-05,"PDCD5"
"ENSG00000105185","patient3","XGBoost","all",1.6637143873717e-05,"PDCD5"
"ENSG00000105185","patient5","XGBoost","all",1.21183726682288e-05,"PDCD5"
"ENSG00000105185","patient1","XGBoost","all",1.44419962525583e-05,"PDCD5"
"ENSG00000105202","patient6","XGBoost","all",5.4556004315877e-06,"FBL"
"ENSG00000105202","patient3","XGBoost","all",8.61873478630638e-06,"FBL"
"ENSG00000105202","patient5","XGBoost","all",1.55234651744108e-05,"FBL"
"ENSG00000105202","patient1","XGBoost","all",8.9042898222671e-06,"FBL"
"ENSG00000105202","patient2","XGBoost","all",6.93855467153487e-06,"FBL"
"ENSG00000105202","patient4","XGBoost","all",6.43398931378289e-06,"FBL"
"ENSG00000105223","patient5","XGBoost","all",1.34088602430659e-05,"PLD3"
"ENSG00000105223","patient2","XGBoost","all",1.36748944600824e-05,"PLD3"
"ENSG00000105223","patient1","XGBoost","all",5.63683743995977e-06,"PLD3"
"ENSG00000105223","patient4","XGBoost","all",6.73175089999515e-06,"PLD3"
"ENSG00000105223","patient6","XGBoost","all",1.51226866088488e-05,"PLD3"
"ENSG00000105223","patient3","XGBoost","all",1.75356692049442e-05,"PLD3"
"ENSG00000105254","patient3","XGBoost","all",8.99073939657833e-06,"TBCB"
"ENSG00000105254","patient1","XGBoost","all",9.35316296698568e-06,"TBCB"
"ENSG00000105254","patient2","XGBoost","all",1.61277675567783e-05,"TBCB"
"ENSG00000105254","patient4","XGBoost","all",1.22472756343532e-05,"TBCB"
"ENSG00000105254","patient5","XGBoost","all",9.62207536401082e-06,"TBCB"
"ENSG00000105254","patient6","XGBoost","all",1.6898931173711e-05,"TBCB"
"ENSG00000105258","patient3","XGBoost","all",1.42502754271649e-05,"POLR2I"
"ENSG00000105258","patient4","XGBoost","all",1.35130091588579e-05,"POLR2I"
"ENSG00000105258","patient5","XGBoost","all",1.45971647953711e-05,"POLR2I"
"ENSG00000105258","patient6","XGBoost","all",1.02826394896978e-05,"POLR2I"
"ENSG00000105258","patient2","XGBoost","all",1.58516338488093e-05,"POLR2I"
"ENSG00000105258","patient1","XGBoost","all",1.81976447057853e-05,"POLR2I"
"ENSG00000105323","patient4","XGBoost","all",2.1787597091508e-06,"HNRNPUL1"
"ENSG00000105329","patient5","XGBoost","all",8.74126302612708e-06,"TGFB1"
"ENSG00000105329","patient6","XGBoost","all",6.32567743897508e-06,"TGFB1"
"ENSG00000105329","patient3","XGBoost","all",1.82085247009564e-05,"TGFB1"
"ENSG00000105329","patient4","XGBoost","all",8.78714472407833e-06,"TGFB1"
"ENSG00000105329","patient1","XGBoost","all",5.87968743712509e-06,"TGFB1"
"ENSG00000105329","patient2","XGBoost","all",3.44141895490909e-05,"TGFB1"
"ENSG00000105355","patient6","XGBoost","all",5.34422408785989e-06,"PLIN3"
"ENSG00000105355","patient1","XGBoost","all",6.84479298787863e-06,"PLIN3"
"ENSG00000105355","patient4","XGBoost","all",2.60230135675702e-05,"PLIN3"
"ENSG00000105355","patient3","XGBoost","all",1.40902034423855e-05,"PLIN3"
"ENSG00000105355","patient5","XGBoost","all",1.21584374213922e-05,"PLIN3"
"ENSG00000105355","patient2","XGBoost","all",7.82409827360088e-06,"PLIN3"
"ENSG00000105373","patient3","XGBoost","all",3.61993538087101e-05,"NOP53"
"ENSG00000105373","patient2","XGBoost","all",4.97231313751799e-05,"NOP53"
"ENSG00000105373","patient5","XGBoost","all",2.39144061155541e-05,"NOP53"
"ENSG00000105373","patient1","XGBoost","all",5.31382705954165e-05,"NOP53"
"ENSG00000105373","patient6","XGBoost","all",2.11396878128975e-05,"NOP53"
"ENSG00000105373","patient4","XGBoost","all",4.31612520416271e-05,"NOP53"
"ENSG00000105379","patient6","XGBoost","all",6.06511292807888e-06,"ETFB"
"ENSG00000105379","patient5","XGBoost","all",7.06732000608439e-06,"ETFB"
"ENSG00000105379","patient3","XGBoost","all",1.35514004770979e-05,"ETFB"
"ENSG00000105379","patient1","XGBoost","all",1.35405575026931e-05,"ETFB"
"ENSG00000105379","patient2","XGBoost","all",4.20962747540228e-06,"ETFB"
"ENSG00000105379","patient4","XGBoost","all",8.47091198790147e-06,"ETFB"
"ENSG00000105401","patient6","XGBoost","all",1.58127664342215e-05,"CDC37"
"ENSG00000105401","patient2","XGBoost","all",4.82749528261657e-06,"CDC37"
"ENSG00000105401","patient3","XGBoost","all",2.40501667439229e-05,"CDC37"
"ENSG00000105401","patient5","XGBoost","all",2.04801101567539e-05,"CDC37"
"ENSG00000105401","patient1","XGBoost","all",4.6575785684139e-06,"CDC37"
"ENSG00000105401","patient4","XGBoost","all",2.49045216586008e-06,"CDC37"
"ENSG00000105402","patient3","XGBoost","all",1.48087940079303e-05,"NAPA"
"ENSG00000105402","patient6","XGBoost","all",4.30280214213733e-06,"NAPA"
"ENSG00000105402","patient5","XGBoost","all",9.35151312139668e-06,"NAPA"
"ENSG00000105402","patient4","XGBoost","all",3.52773786947497e-06,"NAPA"
"ENSG00000105402","patient2","XGBoost","all",1.44565515591629e-05,"NAPA"
"ENSG00000105402","patient1","XGBoost","all",9.86560700933839e-06,"NAPA"
"ENSG00000105518","patient6","XGBoost","all",2.24608703793886e-05,"TMEM205"
"ENSG00000105518","patient3","XGBoost","all",5.35632157240869e-06,"TMEM205"
"ENSG00000105518","patient5","XGBoost","all",8.0855334144469e-06,"TMEM205"
"ENSG00000105518","patient4","XGBoost","all",1.03317229882326e-05,"TMEM205"
"ENSG00000105518","patient1","XGBoost","all",8.96016550202961e-06,"TMEM205"
"ENSG00000105518","patient2","XGBoost","all",2.53835292275074e-06,"TMEM205"
"ENSG00000105568","patient6","XGBoost","all",1.10706042898057e-05,"PPP2R1A"
"ENSG00000105568","patient3","XGBoost","all",2.5114107530319e-05,"PPP2R1A"
"ENSG00000105568","patient2","XGBoost","all",1.47999998735401e-05,"PPP2R1A"
"ENSG00000105568","patient4","XGBoost","all",4.80470099272747e-06,"PPP2R1A"
"ENSG00000105568","patient1","XGBoost","all",1.2288240219758e-05,"PPP2R1A"
"ENSG00000105568","patient5","XGBoost","all",6.96423026063863e-06,"PPP2R1A"
"ENSG00000105655","patient3","XGBoost","all",0.0010066027699281,"ISYNA1"
"ENSG00000105655","patient5","XGBoost","all",0.00202197625120036,"ISYNA1"
"ENSG00000105655","patient2","XGBoost","all",0.00142736354160549,"ISYNA1"
"ENSG00000105655","patient1","XGBoost","all",0.00494612629883678,"ISYNA1"
"ENSG00000105655","patient6","XGBoost","all",0.00125648771373613,"ISYNA1"
"ENSG00000105655","patient4","XGBoost","all",0.00268932035344002,"ISYNA1"
"ENSG00000105664","patient5","XGBoost","all",0.000345635310189696,"COMP"
"ENSG00000105664","patient1","XGBoost","all",0.000397672057650456,"COMP"
"ENSG00000105664","patient3","XGBoost","all",0.000211340207280212,"COMP"
"ENSG00000105669","patient6","XGBoost","all",8.05898761399616e-06,"COPE"
"ENSG00000105669","patient2","XGBoost","all",8.41358169151396e-06,"COPE"
"ENSG00000105669","patient3","XGBoost","all",1.1356532085346e-05,"COPE"
"ENSG00000105669","patient5","XGBoost","all",1.89438936974667e-05,"COPE"
"ENSG00000105669","patient1","XGBoost","all",9.03366886642284e-06,"COPE"
"ENSG00000105669","patient4","XGBoost","all",1.28887731849335e-05,"COPE"
"ENSG00000105677","patient1","XGBoost","all",3.14370163723965e-06,"TMEM147"
"ENSG00000105677","patient5","XGBoost","all",8.63222688331541e-06,"TMEM147"
"ENSG00000105677","patient2","XGBoost","all",1.16281683051409e-05,"TMEM147"
"ENSG00000105677","patient3","XGBoost","all",8.07231411379954e-06,"TMEM147"
"ENSG00000105677","patient6","XGBoost","all",1.2302963461115e-05,"TMEM147"
"ENSG00000105677","patient4","XGBoost","all",9.66321394236234e-06,"TMEM147"
"ENSG00000105698","patient2","XGBoost","all",9.39497528233202e-06,"USF2"
"ENSG00000105698","patient6","XGBoost","all",2.77228769920119e-05,"USF2"
"ENSG00000105698","patient1","XGBoost","all",6.28575847812739e-06,"USF2"
"ENSG00000105698","patient3","XGBoost","all",1.40806983765165e-05,"USF2"
"ENSG00000105698","patient5","XGBoost","all",1.43800503811337e-05,"USF2"
"ENSG00000105698","patient4","XGBoost","all",5.9235990804065e-06,"USF2"
"ENSG00000105700","patient6","XGBoost","all",4.11312564259122e-06,"KXD1"
"ENSG00000105700","patient1","XGBoost","all",1.23727720881012e-05,"KXD1"
"ENSG00000105700","patient5","XGBoost","all",1.75851112877709e-05,"KXD1"
"ENSG00000105700","patient2","XGBoost","all",6.6956828557954e-06,"KXD1"
"ENSG00000105701","patient2","XGBoost","all",1.16081490619895e-05,"FKBP8"
"ENSG00000105701","patient6","XGBoost","all",7.85078537653441e-06,"FKBP8"
"ENSG00000105701","patient5","XGBoost","all",1.61173020349856e-05,"FKBP8"
"ENSG00000105701","patient1","XGBoost","all",1.39881879782183e-05,"FKBP8"
"ENSG00000105701","patient3","XGBoost","all",1.78655579531266e-05,"FKBP8"
"ENSG00000105835","patient3","XGBoost","all",9.6092756789738e-06,"NAMPT"
"ENSG00000105835","patient5","XGBoost","all",1.76529899600615e-05,"NAMPT"
"ENSG00000105835","patient4","XGBoost","all",1.20933986801585e-05,"NAMPT"
"ENSG00000105835","patient2","XGBoost","all",7.5052549170052e-06,"NAMPT"
"ENSG00000105835","patient6","XGBoost","all",2.22978145814078e-05,"NAMPT"
"ENSG00000105835","patient1","XGBoost","all",1.18543028034616e-05,"NAMPT"
"ENSG00000105856","patient6","XGBoost","all",1.27112950217583e-05,"HBP1"
"ENSG00000105856","patient3","XGBoost","all",3.27797823337364e-06,"HBP1"
"ENSG00000105856","patient5","XGBoost","all",1.48958253736161e-05,"HBP1"
"ENSG00000105856","patient4","XGBoost","all",7.36881511384736e-06,"HBP1"
"ENSG00000105856","patient2","XGBoost","all",1.74770098060892e-05,"HBP1"
"ENSG00000105856","patient1","XGBoost","all",1.7260768407504e-05,"HBP1"
"ENSG00000105887","patient4","XGBoost","all",6.60877530500155e-06,"MTPN"
"ENSG00000105887","patient3","XGBoost","all",6.69306305933842e-06,"MTPN"
"ENSG00000105887","patient6","XGBoost","all",8.8953358432668e-06,"MTPN"
"ENSG00000105887","patient5","XGBoost","all",5.9145915410305e-06,"MTPN"
"ENSG00000105887","patient2","XGBoost","all",5.20108529530165e-06,"MTPN"
"ENSG00000105887","patient1","XGBoost","all",1.65031356616017e-05,"MTPN"
"ENSG00000105968","patient1","XGBoost","all",1.43355369753074e-05,"H2AZ2"
"ENSG00000105968","patient6","XGBoost","all",1.6125516112327e-05,"H2AZ2"
"ENSG00000105968","patient5","XGBoost","all",1.0405166221085e-05,"H2AZ2"
"ENSG00000105968","patient3","XGBoost","all",1.28406142306003e-05,"H2AZ2"
"ENSG00000105968","patient2","XGBoost","all",1.03699666365553e-05,"H2AZ2"
"ENSG00000105968","patient4","XGBoost","all",7.07213925106649e-06,"H2AZ2"
"ENSG00000105971","patient1","XGBoost","all",3.56034588241829e-05,"CAV2"
"ENSG00000105971","patient5","XGBoost","all",2.39072825283539e-05,"CAV2"
"ENSG00000105971","patient3","XGBoost","all",1.18685539775738e-05,"CAV2"
"ENSG00000105971","patient2","XGBoost","all",3.33707677531636e-05,"CAV2"
"ENSG00000105971","patient4","XGBoost","all",1.47052092630907e-05,"CAV2"
"ENSG00000105971","patient6","XGBoost","all",2.54148713416867e-05,"CAV2"
"ENSG00000105974","patient4","XGBoost","all",0.000277194355294459,"CAV1"
"ENSG00000105974","patient5","XGBoost","all",0.000736630548562378,"CAV1"
"ENSG00000105974","patient1","XGBoost","all",0.000729128681359167,"CAV1"
"ENSG00000105974","patient6","XGBoost","all",0.000328003323743155,"CAV1"
"ENSG00000105974","patient2","XGBoost","all",0.000288322513770621,"CAV1"
"ENSG00000105974","patient3","XGBoost","all",0.000278650237925781,"CAV1"
"ENSG00000105993","patient2","XGBoost","all",1.8371691283406e-05,"DNAJB6"
"ENSG00000105993","patient4","XGBoost","all",1.18982935684369e-05,"DNAJB6"
"ENSG00000105993","patient5","XGBoost","all",1.28940586215064e-05,"DNAJB6"
"ENSG00000105993","patient1","XGBoost","all",9.46379162895578e-06,"DNAJB6"
"ENSG00000105993","patient6","XGBoost","all",5.31975035473118e-06,"DNAJB6"
"ENSG00000105993","patient3","XGBoost","all",1.96560028603065e-05,"DNAJB6"
"ENSG00000106028","patient1","XGBoost","all",9.18440360278949e-06,"SSBP1"
"ENSG00000106034","patient1","XGBoost","all",1.49937487800815e-05,"CPED1"
"ENSG00000106034","patient5","XGBoost","all",1.77892913383908e-05,"CPED1"
"ENSG00000106034","patient2","XGBoost","all",8.30936820141644e-06,"CPED1"
"ENSG00000106034","patient3","XGBoost","all",1.16104409933495e-05,"CPED1"
"ENSG00000106034","patient4","XGBoost","all",1.40363498524358e-05,"CPED1"
"ENSG00000106034","patient6","XGBoost","all",1.14343676734623e-05,"CPED1"
"ENSG00000106052","patient5","XGBoost","all",1.50959057967024e-05,"TAX1BP1"
"ENSG00000106052","patient1","XGBoost","all",8.52725525031674e-06,"TAX1BP1"
"ENSG00000106052","patient3","XGBoost","all",1.83694933328113e-05,"TAX1BP1"
"ENSG00000106052","patient6","XGBoost","all",2.1958043756738e-05,"TAX1BP1"
"ENSG00000106052","patient4","XGBoost","all",9.94724652522964e-06,"TAX1BP1"
"ENSG00000106052","patient2","XGBoost","all",1.65343276733947e-05,"TAX1BP1"
"ENSG00000106066","patient2","XGBoost","all",5.28007867077709e-06,"CPVL"
"ENSG00000106066","patient1","XGBoost","all",8.36817878224904e-06,"CPVL"
"ENSG00000106066","patient6","XGBoost","all",2.40429652677965e-05,"CPVL"
"ENSG00000106066","patient3","XGBoost","all",3.13064220241559e-05,"CPVL"
"ENSG00000106066","patient5","XGBoost","all",2.6897853092366e-05,"CPVL"
"ENSG00000106066","patient4","XGBoost","all",2.7696010302907e-05,"CPVL"
"ENSG00000106211","patient6","XGBoost","all",0.000110768395669639,"HSPB1"
"ENSG00000106211","patient5","XGBoost","all",0.000126925324016097,"HSPB1"
"ENSG00000106244","patient4","XGBoost","all",7.7755438146824e-06,"PDAP1"
"ENSG00000106244","patient3","XGBoost","all",5.25473039672543e-06,"PDAP1"
"ENSG00000106244","patient5","XGBoost","all",1.24875034413489e-05,"PDAP1"
"ENSG00000106244","patient2","XGBoost","all",5.01248347134032e-06,"PDAP1"
"ENSG00000106244","patient6","XGBoost","all",1.54072415449219e-05,"PDAP1"
"ENSG00000106244","patient1","XGBoost","all",7.70395728706706e-06,"PDAP1"
"ENSG00000106245","patient2","XGBoost","all",7.43330459391359e-06,"BUD31"
"ENSG00000106245","patient3","XGBoost","all",1.70152315744282e-05,"BUD31"
"ENSG00000106245","patient1","XGBoost","all",3.3156387687236e-06,"BUD31"
"ENSG00000106245","patient4","XGBoost","all",7.3366247381597e-06,"BUD31"
"ENSG00000106245","patient6","XGBoost","all",5.76178757721683e-06,"BUD31"
"ENSG00000106245","patient5","XGBoost","all",3.24326900901355e-06,"BUD31"
"ENSG00000106299","patient5","XGBoost","all",1.34749952174451e-05,"WASL"
"ENSG00000106299","patient2","XGBoost","all",8.27155678025333e-06,"WASL"
"ENSG00000106299","patient3","XGBoost","all",1.48469022672277e-05,"WASL"
"ENSG00000106299","patient4","XGBoost","all",1.13062194521363e-05,"WASL"
"ENSG00000106299","patient6","XGBoost","all",1.59639838546447e-05,"WASL"
"ENSG00000106299","patient1","XGBoost","all",3.38686008000632e-06,"WASL"
"ENSG00000106333","patient5","XGBoost","all",0.00043470289111336,"PCOLCE"
"ENSG00000106333","patient2","XGBoost","all",0.000368128169971137,"PCOLCE"
"ENSG00000106333","patient1","XGBoost","all",0.000131455335538391,"PCOLCE"
"ENSG00000106333","patient3","XGBoost","all",0.000269288380704405,"PCOLCE"
"ENSG00000106333","patient4","XGBoost","all",0.000188131666156388,"PCOLCE"
"ENSG00000106333","patient6","XGBoost","all",0.00026828942069045,"PCOLCE"
"ENSG00000106355","patient5","XGBoost","all",1.09774571752912e-05,"LSM5"
"ENSG00000106355","patient4","XGBoost","all",1.77816972526292e-05,"LSM5"
"ENSG00000106355","patient6","XGBoost","all",7.43490581885662e-06,"LSM5"
"ENSG00000106355","patient1","XGBoost","all",6.76989217606708e-06,"LSM5"
"ENSG00000106355","patient2","XGBoost","all",2.04083525513444e-05,"LSM5"
"ENSG00000106355","patient3","XGBoost","all",6.92003159150215e-06,"LSM5"
"ENSG00000106366","patient4","XGBoost","all",6.45533329202095e-05,"SERPINE1"
"ENSG00000106366","patient5","XGBoost","all",0.000162373843878188,"SERPINE1"
"ENSG00000106366","patient2","XGBoost","all",0.00014530500911714,"SERPINE1"
"ENSG00000106366","patient1","XGBoost","all",6.42252851577771e-05,"SERPINE1"
"ENSG00000106366","patient6","XGBoost","all",5.45052445337089e-05,"SERPINE1"
"ENSG00000106366","patient3","XGBoost","all",6.03865376322335e-05,"SERPINE1"
"ENSG00000106400","patient3","XGBoost","all",7.72759351822122e-06,"ZNHIT1"
"ENSG00000106400","patient2","XGBoost","all",1.10998637153518e-05,"ZNHIT1"
"ENSG00000106400","patient6","XGBoost","all",3.17820819686411e-06,"ZNHIT1"
"ENSG00000106400","patient5","XGBoost","all",7.92729631639354e-06,"ZNHIT1"
"ENSG00000106400","patient1","XGBoost","all",2.00644437609944e-06,"ZNHIT1"
"ENSG00000106400","patient4","XGBoost","all",5.45663045106917e-06,"ZNHIT1"
"ENSG00000106443","patient2","XGBoost","all",1.51388006286421e-05,"PHF14"
"ENSG00000106443","patient3","XGBoost","all",1.64608336255703e-05,"PHF14"
"ENSG00000106443","patient5","XGBoost","all",8.5689159245756e-06,"PHF14"
"ENSG00000106443","patient4","XGBoost","all",1.51261358857208e-05,"PHF14"
"ENSG00000106443","patient6","XGBoost","all",2.35851634574601e-05,"PHF14"
"ENSG00000106443","patient1","XGBoost","all",1.23644111016927e-05,"PHF14"
"ENSG00000106460","patient5","XGBoost","all",3.09869262162984e-06,"TMEM106B"
"ENSG00000106460","patient1","XGBoost","all",7.76522502546909e-06,"TMEM106B"
"ENSG00000106460","patient2","XGBoost","all",8.74030497696542e-06,"TMEM106B"
"ENSG00000106460","patient6","XGBoost","all",4.63611996990784e-06,"TMEM106B"
"ENSG00000106460","patient3","XGBoost","all",1.0619304611719e-05,"TMEM106B"
"ENSG00000106483","patient2","XGBoost","all",4.01471039210215e-05,"SFRP4"
"ENSG00000106483","patient6","XGBoost","all",3.4560221428227e-05,"SFRP4"
"ENSG00000106483","patient3","XGBoost","all",3.42984984205162e-05,"SFRP4"
"ENSG00000106483","patient1","XGBoost","all",6.02100210411934e-05,"SFRP4"
"ENSG00000106483","patient5","XGBoost","all",6.4390755683518e-05,"SFRP4"
"ENSG00000106483","patient4","XGBoost","all",2.79232129029083e-05,"SFRP4"
"ENSG00000106538","patient1","XGBoost","all",4.20869631473758e-05,"RARRES2"
"ENSG00000106538","patient5","XGBoost","all",5.10167445994186e-05,"RARRES2"
"ENSG00000106538","patient6","XGBoost","all",3.42014255541151e-05,"RARRES2"
"ENSG00000106538","patient2","XGBoost","all",5.58157184119579e-05,"RARRES2"
"ENSG00000106538","patient4","XGBoost","all",3.56411428953693e-05,"RARRES2"
"ENSG00000106538","patient3","XGBoost","all",2.87678882280966e-05,"RARRES2"
"ENSG00000106565","patient3","XGBoost","all",0.00040169730727279,"TMEM176B"
"ENSG00000106565","patient5","XGBoost","all",0.000512193235478676,"TMEM176B"
"ENSG00000106565","patient6","XGBoost","all",0.000374460838644121,"TMEM176B"
"ENSG00000106565","patient4","XGBoost","all",0.00061034142566316,"TMEM176B"
"ENSG00000106565","patient1","XGBoost","all",0.000429745068116976,"TMEM176B"
"ENSG00000106565","patient2","XGBoost","all",0.00044998209975856,"TMEM176B"
"ENSG00000106588","patient4","XGBoost","all",6.21316050105517e-06,"PSMA2"
"ENSG00000106588","patient5","XGBoost","all",9.03544113827483e-06,"PSMA2"
"ENSG00000106588","patient6","XGBoost","all",6.486048904049e-06,"PSMA2"
"ENSG00000106588","patient3","XGBoost","all",5.15994296691442e-06,"PSMA2"
"ENSG00000106588","patient2","XGBoost","all",1.51610502265418e-05,"PSMA2"
"ENSG00000106588","patient1","XGBoost","all",1.47635987435822e-05,"PSMA2"
"ENSG00000106591","patient5","XGBoost","all",1.34606829449893e-05,"MRPL32"
"ENSG00000106591","patient3","XGBoost","all",8.57001165177315e-06,"MRPL32"
"ENSG00000106591","patient4","XGBoost","all",1.17365293325794e-05,"MRPL32"
"ENSG00000106591","patient6","XGBoost","all",1.57994443474842e-05,"MRPL32"
"ENSG00000106591","patient2","XGBoost","all",5.30250360482442e-06,"MRPL32"
"ENSG00000106615","patient4","XGBoost","all",1.41064472534131e-05,"RHEB"
"ENSG00000106615","patient1","XGBoost","all",7.00825730753802e-06,"RHEB"
"ENSG00000106615","patient5","XGBoost","all",2.52394351835485e-05,"RHEB"
"ENSG00000106615","patient6","XGBoost","all",2.50507011116012e-05,"RHEB"
"ENSG00000106615","patient3","XGBoost","all",1.24857301176625e-05,"RHEB"
"ENSG00000106615","patient2","XGBoost","all",1.8906813258417e-05,"RHEB"
"ENSG00000106624","patient2","XGBoost","all",0.000411923568447765,"AEBP1"
"ENSG00000106624","patient6","XGBoost","all",0.000430936835899217,"AEBP1"
"ENSG00000106624","patient5","XGBoost","all",0.000416887252112041,"AEBP1"
"ENSG00000106624","patient4","XGBoost","all",0.000214482513608515,"AEBP1"
"ENSG00000106624","patient1","XGBoost","all",0.000182603267765029,"AEBP1"
"ENSG00000106624","patient3","XGBoost","all",0.000194074868824128,"AEBP1"
"ENSG00000106682","patient6","XGBoost","all",1.71995992199254e-05,"EIF4H"
"ENSG00000106682","patient4","XGBoost","all",1.98616206856444e-05,"EIF4H"
"ENSG00000106682","patient2","XGBoost","all",1.25438282755273e-05,"EIF4H"
"ENSG00000106682","patient5","XGBoost","all",2.12099492545943e-05,"EIF4H"
"ENSG00000106682","patient3","XGBoost","all",8.33718001872341e-06,"EIF4H"
"ENSG00000106682","patient1","XGBoost","all",1.72991608129413e-05,"EIF4H"
"ENSG00000106772","patient3","XGBoost","all",1.43434569332373e-05,"PRUNE2"
"ENSG00000106772","patient4","XGBoost","all",6.30027846030858e-05,"PRUNE2"
"ENSG00000106809","patient1","XGBoost","all",0.00182766829691244,"OGN"
"ENSG00000106809","patient2","XGBoost","all",0.00141924009222312,"OGN"
"ENSG00000106809","patient4","XGBoost","all",0.00244014921004681,"OGN"
"ENSG00000106809","patient5","XGBoost","all",0.00131215548736117,"OGN"
"ENSG00000106809","patient6","XGBoost","all",0.00114182935409159,"OGN"
"ENSG00000106809","patient3","XGBoost","all",0.00197047952687915,"OGN"
"ENSG00000106819","patient3","XGBoost","all",0.000228615983861305,"ASPN"
"ENSG00000106819","patient6","XGBoost","all",0.000140111264014627,"ASPN"
"ENSG00000106819","patient4","XGBoost","all",0.000129015694846297,"ASPN"
"ENSG00000106819","patient2","XGBoost","all",0.000195436762535715,"ASPN"
"ENSG00000106819","patient5","XGBoost","all",4.68660522912088e-05,"ASPN"
"ENSG00000106819","patient1","XGBoost","all",0.000123330109691935,"ASPN"
"ENSG00000106991","patient5","XGBoost","all",7.8893331454505e-05,"ENG"
"ENSG00000106991","patient1","XGBoost","all",9.47003148717372e-05,"ENG"
"ENSG00000106991","patient2","XGBoost","all",4.95738462973564e-05,"ENG"
"ENSG00000106991","patient4","XGBoost","all",0.000184144795199323,"ENG"
"ENSG00000106991","patient6","XGBoost","all",7.5285861922282e-05,"ENG"
"ENSG00000106991","patient3","XGBoost","all",0.00010395615137634,"ENG"
"ENSG00000107262","patient2","XGBoost","all",1.84049676499141e-05,"BAG1"
"ENSG00000107262","patient3","XGBoost","all",8.14026205953139e-06,"BAG1"
"ENSG00000107262","patient1","XGBoost","all",1.02428474585449e-05,"BAG1"
"ENSG00000107262","patient6","XGBoost","all",1.4188639757578e-05,"BAG1"
"ENSG00000107262","patient4","XGBoost","all",8.17520573929197e-06,"BAG1"
"ENSG00000107262","patient5","XGBoost","all",1.13834962208669e-05,"BAG1"
"ENSG00000107281","patient1","XGBoost","all",6.29955788258627e-05,"NPDC1"
"ENSG00000107281","patient4","XGBoost","all",8.29285220443142e-05,"NPDC1"
"ENSG00000107281","patient2","XGBoost","all",3.0175186525264e-05,"NPDC1"
"ENSG00000107281","patient5","XGBoost","all",7.14548742602373e-05,"NPDC1"
"ENSG00000107281","patient3","XGBoost","all",3.82902741022204e-05,"NPDC1"
"ENSG00000107281","patient6","XGBoost","all",3.01199051931134e-05,"NPDC1"
"ENSG00000107290","patient6","XGBoost","all",3.00792802968994e-06,"SETX"
"ENSG00000107290","patient2","XGBoost","all",9.28795970348133e-06,"SETX"
"ENSG00000107290","patient1","XGBoost","all",7.18780671353859e-06,"SETX"
"ENSG00000107290","patient3","XGBoost","all",8.7994167578851e-06,"SETX"
"ENSG00000107290","patient4","XGBoost","all",9.03464974114519e-06,"SETX"
"ENSG00000107317","patient3","XGBoost","all",0.000118935528318186,"PTGDS"
"ENSG00000107317","patient2","XGBoost","all",0.000114077137257642,"PTGDS"
"ENSG00000107317","patient5","XGBoost","all",0.000156272692935164,"PTGDS"
"ENSG00000107317","patient6","XGBoost","all",6.61207271499604e-05,"PTGDS"
"ENSG00000107317","patient4","XGBoost","all",0.000107766862646908,"PTGDS"
"ENSG00000107317","patient1","XGBoost","all",0.00011228147420483,"PTGDS"
"ENSG00000107341","patient6","XGBoost","all",8.34154317015366e-06,"UBE2R2"
"ENSG00000107341","patient2","XGBoost","all",1.72145786345049e-06,"UBE2R2"
"ENSG00000107341","patient5","XGBoost","all",4.8689191529379e-06,"UBE2R2"
"ENSG00000107341","patient4","XGBoost","all",4.51474520799566e-06,"UBE2R2"
"ENSG00000107341","patient1","XGBoost","all",9.55230329720676e-06,"UBE2R2"
"ENSG00000107372","patient4","XGBoost","all",2.71460777369789e-05,"ZFAND5"
"ENSG00000107372","patient6","XGBoost","all",2.34339616849765e-05,"ZFAND5"
"ENSG00000107372","patient2","XGBoost","all",2.22310629280355e-05,"ZFAND5"
"ENSG00000107372","patient5","XGBoost","all",1.10858159883364e-05,"ZFAND5"
"ENSG00000107372","patient1","XGBoost","all",3.26663724167493e-05,"ZFAND5"
"ENSG00000107372","patient3","XGBoost","all",2.9093193607725e-05,"ZFAND5"
"ENSG00000107438","patient3","XGBoost","all",7.57282995721981e-05,"PDLIM1"
"ENSG00000107438","patient2","XGBoost","all",7.7393909792704e-05,"PDLIM1"
"ENSG00000107438","patient4","XGBoost","all",4.1680199801734e-05,"PDLIM1"
"ENSG00000107438","patient6","XGBoost","all",8.1003675944216e-05,"PDLIM1"
"ENSG00000107438","patient5","XGBoost","all",0.000146044201286357,"PDLIM1"
"ENSG00000107438","patient1","XGBoost","all",8.04494023354816e-05,"PDLIM1"
"ENSG00000107551","patient5","XGBoost","all",4.53609418527053e-05,"RASSF4"
"ENSG00000107551","patient4","XGBoost","all",4.57153493965153e-05,"RASSF4"
"ENSG00000107551","patient1","XGBoost","all",2.10328337204921e-05,"RASSF4"
"ENSG00000107551","patient6","XGBoost","all",2.54311451988437e-05,"RASSF4"
"ENSG00000107551","patient2","XGBoost","all",1.62135381842487e-05,"RASSF4"
"ENSG00000107551","patient3","XGBoost","all",2.18377667019477e-05,"RASSF4"
"ENSG00000107562","patient1","XGBoost","all",0.000160535133606519,"CXCL12"
"ENSG00000107562","patient4","XGBoost","all",0.000189158916149629,"CXCL12"
"ENSG00000107562","patient3","XGBoost","all",0.00026065906138625,"CXCL12"
"ENSG00000107562","patient5","XGBoost","all",0.000244231784172248,"CXCL12"
"ENSG00000107562","patient6","XGBoost","all",0.000224111725233017,"CXCL12"
"ENSG00000107562","patient2","XGBoost","all",0.000274647804844474,"CXCL12"
"ENSG00000107581","patient6","XGBoost","all",1.90556269385155e-05,"EIF3A"
"ENSG00000107581","patient4","XGBoost","all",3.14544760124778e-05,"EIF3A"
"ENSG00000107581","patient1","XGBoost","all",3.39398024863557e-06,"EIF3A"
"ENSG00000107581","patient3","XGBoost","all",1.62984252000187e-05,"EIF3A"
"ENSG00000107581","patient2","XGBoost","all",1.52633767970469e-05,"EIF3A"
"ENSG00000107581","patient5","XGBoost","all",2.12295003705524e-05,"EIF3A"
"ENSG00000107738","patient6","XGBoost","all",1.21318816926727e-05,"VSIR"
"ENSG00000107738","patient5","XGBoost","all",9.93255898907122e-06,"VSIR"
"ENSG00000107738","patient4","XGBoost","all",1.61740590308573e-05,"VSIR"
"ENSG00000107738","patient1","XGBoost","all",1.29958388678986e-05,"VSIR"
"ENSG00000107738","patient2","XGBoost","all",6.63252894656384e-06,"VSIR"
"ENSG00000107738","patient3","XGBoost","all",9.88956512733334e-06,"VSIR"
"ENSG00000107771","patient1","XGBoost","all",1.06840061306844e-05,"CCSER2"
"ENSG00000107771","patient2","XGBoost","all",1.02390158642694e-05,"CCSER2"
"ENSG00000107771","patient6","XGBoost","all",5.62999458432986e-06,"CCSER2"
"ENSG00000107771","patient4","XGBoost","all",5.17953223913081e-06,"CCSER2"
"ENSG00000107771","patient3","XGBoost","all",4.91224421228176e-06,"CCSER2"
"ENSG00000107771","patient5","XGBoost","all",6.65476263022788e-06,"CCSER2"
"ENSG00000107796","patient3","XGBoost","all",0.0024376094102291,"ACTA2"
"ENSG00000107796","patient6","XGBoost","all",0.0016040997607576,"ACTA2"
"ENSG00000107796","patient2","XGBoost","all",0.00277527742057686,"ACTA2"
"ENSG00000107796","patient1","XGBoost","all",0.00353439248007856,"ACTA2"
"ENSG00000107796","patient4","XGBoost","all",0.00360898062846896,"ACTA2"
"ENSG00000107796","patient5","XGBoost","all",0.001166760605078,"ACTA2"
"ENSG00000107798","patient6","XGBoost","all",6.54987756084129e-06,"LIPA"
"ENSG00000107798","patient4","XGBoost","all",3.50293733893625e-06,"LIPA"
"ENSG00000107798","patient1","XGBoost","all",2.78381671478036e-06,"LIPA"
"ENSG00000107798","patient3","XGBoost","all",6.5916152561571e-06,"LIPA"
"ENSG00000107798","patient2","XGBoost","all",2.15506530788215e-06,"LIPA"
"ENSG00000107798","patient5","XGBoost","all",6.26227637979554e-06,"LIPA"
"ENSG00000107863","patient2","XGBoost","all",7.16534687959e-06,"ARHGAP21"
"ENSG00000107863","patient1","XGBoost","all",9.94896434052977e-06,"ARHGAP21"
"ENSG00000107863","patient4","XGBoost","all",1.01290345159287e-05,"ARHGAP21"
"ENSG00000107863","patient6","XGBoost","all",5.18564253369223e-06,"ARHGAP21"
"ENSG00000107863","patient3","XGBoost","all",7.07476920890797e-06,"ARHGAP21"
"ENSG00000107874","patient2","XGBoost","all",1.27806353685321e-05,"CUEDC2"
"ENSG00000107874","patient3","XGBoost","all",6.66663169380974e-06,"CUEDC2"
"ENSG00000107874","patient1","XGBoost","all",6.96387520696588e-06,"CUEDC2"
"ENSG00000107874","patient4","XGBoost","all",8.00986289382045e-06,"CUEDC2"
"ENSG00000107874","patient5","XGBoost","all",1.30483813114931e-05,"CUEDC2"
"ENSG00000107874","patient6","XGBoost","all",9.48267841009655e-06,"CUEDC2"
"ENSG00000108055","patient6","XGBoost","all",1.05311614885519e-05,"SMC3"
"ENSG00000108055","patient1","XGBoost","all",1.22891570400568e-05,"SMC3"
"ENSG00000108055","patient2","XGBoost","all",1.7326222034978e-05,"SMC3"
"ENSG00000108055","patient4","XGBoost","all",4.71756323378972e-06,"SMC3"
"ENSG00000108055","patient3","XGBoost","all",1.8708231729711e-05,"SMC3"
"ENSG00000108055","patient5","XGBoost","all",1.67212926422421e-05,"SMC3"
"ENSG00000108256","patient4","XGBoost","all",1.96339422413774e-05,"NUFIP2"
"ENSG00000108256","patient1","XGBoost","all",7.87806723822527e-06,"NUFIP2"
"ENSG00000108256","patient2","XGBoost","all",1.67744835881308e-05,"NUFIP2"
"ENSG00000108256","patient3","XGBoost","all",7.75944952269877e-06,"NUFIP2"
"ENSG00000108256","patient6","XGBoost","all",4.24819830135891e-06,"NUFIP2"
"ENSG00000108256","patient5","XGBoost","all",1.06975835858308e-05,"NUFIP2"
"ENSG00000108424","patient1","XGBoost","all",9.62979090490181e-06,"KPNB1"
"ENSG00000108424","patient3","XGBoost","all",2.14730797786594e-06,"KPNB1"
"ENSG00000108424","patient2","XGBoost","all",7.96038742300422e-06,"KPNB1"
"ENSG00000108424","patient6","XGBoost","all",1.32668495106135e-05,"KPNB1"
"ENSG00000108424","patient4","XGBoost","all",1.49593133601356e-05,"KPNB1"
"ENSG00000108424","patient5","XGBoost","all",7.3158062581648e-06,"KPNB1"
"ENSG00000108468","patient6","XGBoost","all",9.19777921935285e-06,"CBX1"
"ENSG00000108468","patient4","XGBoost","all",1.27986634363402e-05,"CBX1"
"ENSG00000108468","patient1","XGBoost","all",2.01413866826395e-05,"CBX1"
"ENSG00000108468","patient2","XGBoost","all",7.50379433070982e-06,"CBX1"
"ENSG00000108468","patient3","XGBoost","all",1.70912311378084e-05,"CBX1"
"ENSG00000108468","patient5","XGBoost","all",9.77183654026164e-06,"CBX1"
"ENSG00000108561","patient1","XGBoost","all",6.22310069796374e-06,"C1QBP"
"ENSG00000108561","patient4","XGBoost","all",7.52568076113491e-06,"C1QBP"
"ENSG00000108561","patient5","XGBoost","all",1.1479938214898e-05,"C1QBP"
"ENSG00000108561","patient3","XGBoost","all",1.47293975024143e-05,"C1QBP"
"ENSG00000108561","patient2","XGBoost","all",2.97215363169783e-06,"C1QBP"
"ENSG00000108561","patient6","XGBoost","all",1.37052066222193e-05,"C1QBP"
"ENSG00000108588","patient6","XGBoost","all",1.03490272958804e-05,"CCDC47"
"ENSG00000108588","patient3","XGBoost","all",7.38065785541723e-06,"CCDC47"
"ENSG00000108588","patient1","XGBoost","all",5.28601185733526e-06,"CCDC47"
"ENSG00000108588","patient2","XGBoost","all",1.52773050005935e-05,"CCDC47"
"ENSG00000108588","patient5","XGBoost","all",1.47364141856358e-05,"CCDC47"
"ENSG00000108588","patient4","XGBoost","all",1.23841493040703e-05,"CCDC47"
"ENSG00000108639","patient6","XGBoost","all",7.45777528254401e-06,"SYNGR2"
"ENSG00000108639","patient2","XGBoost","all",3.13752654122761e-06,"SYNGR2"
"ENSG00000108639","patient4","XGBoost","all",1.64591076716e-05,"SYNGR2"
"ENSG00000108639","patient5","XGBoost","all",8.9397710211858e-06,"SYNGR2"
"ENSG00000108639","patient1","XGBoost","all",8.08364826807385e-06,"SYNGR2"
"ENSG00000108639","patient3","XGBoost","all",7.59452107888557e-06,"SYNGR2"
"ENSG00000108679","patient4","XGBoost","all",1.82610533141071e-05,"LGALS3BP"
"ENSG00000108679","patient5","XGBoost","all",3.37131111031865e-05,"LGALS3BP"
"ENSG00000108679","patient1","XGBoost","all",4.57532312488215e-05,"LGALS3BP"
"ENSG00000108679","patient6","XGBoost","all",3.73110950643751e-05,"LGALS3BP"
"ENSG00000108679","patient2","XGBoost","all",2.14919325753338e-05,"LGALS3BP"
"ENSG00000108679","patient3","XGBoost","all",3.45204178131409e-05,"LGALS3BP"
"ENSG00000108691","patient6","XGBoost","all",9.409272503015e-06,"CCL2"
"ENSG00000108691","patient5","XGBoost","all",1.7694840259886e-05,"CCL2"
"ENSG00000108691","patient1","XGBoost","all",3.0487382349327e-05,"CCL2"
"ENSG00000108691","patient4","XGBoost","all",1.93976888227076e-05,"CCL2"
"ENSG00000108691","patient2","XGBoost","all",2.7519287985979e-05,"CCL2"
"ENSG00000108691","patient3","XGBoost","all",2.92757636965382e-05,"CCL2"
"ENSG00000108774","patient1","XGBoost","all",1.15810066704924e-05,"RAB5C"
"ENSG00000108774","patient4","XGBoost","all",1.12613703153004e-05,"RAB5C"
"ENSG00000108774","patient3","XGBoost","all",1.5596628181817e-05,"RAB5C"
"ENSG00000108774","patient6","XGBoost","all",1.17570616171671e-05,"RAB5C"
"ENSG00000108774","patient5","XGBoost","all",2.46704797297024e-05,"RAB5C"
"ENSG00000108774","patient2","XGBoost","all",2.08577894287131e-05,"RAB5C"
"ENSG00000108821","patient3","XGBoost","all",0.000175189472679936,"COL1A1"
"ENSG00000108821","patient4","XGBoost","all",0.000267066903123673,"COL1A1"
"ENSG00000108821","patient1","XGBoost","all",9.04844048549263e-05,"COL1A1"
"ENSG00000108821","patient2","XGBoost","all",0.000161290718208648,"COL1A1"
"ENSG00000108821","patient5","XGBoost","all",0.000147716440132308,"COL1A1"
"ENSG00000108821","patient6","XGBoost","all",0.000155800411726214,"COL1A1"
"ENSG00000108823","patient3","XGBoost","all",6.03533358985579e-05,"SGCA"
"ENSG00000108823","patient5","XGBoost","all",7.22213883625015e-05,"SGCA"
"ENSG00000108823","patient6","XGBoost","all",6.81729060587304e-05,"SGCA"
"ENSG00000108823","patient1","XGBoost","all",0.000157647164476548,"SGCA"
"ENSG00000108823","patient2","XGBoost","all",0.000335249535585533,"SGCA"
"ENSG00000108823","patient4","XGBoost","all",0.000128030123595992,"SGCA"
"ENSG00000108828","patient3","XGBoost","all",5.35593317705953e-06,"VAT1"
"ENSG00000108828","patient1","XGBoost","all",9.90333290567321e-06,"VAT1"
"ENSG00000108828","patient4","XGBoost","all",1.83757101898716e-06,"VAT1"
"ENSG00000108828","patient6","XGBoost","all",1.32732527186141e-06,"VAT1"
"ENSG00000108828","patient2","XGBoost","all",8.58290706598497e-06,"VAT1"
"ENSG00000108848","patient3","XGBoost","all",7.76136419039657e-06,"LUC7L3"
"ENSG00000108848","patient1","XGBoost","all",4.41050956862952e-06,"LUC7L3"
"ENSG00000108848","patient2","XGBoost","all",1.49824113117116e-05,"LUC7L3"
"ENSG00000108848","patient6","XGBoost","all",9.35848284750774e-06,"LUC7L3"
"ENSG00000108848","patient5","XGBoost","all",1.40977976127454e-05,"LUC7L3"
"ENSG00000108848","patient4","XGBoost","all",3.54563906556321e-06,"LUC7L3"
"ENSG00000108946","patient6","XGBoost","all",4.95368743522715e-06,"PRKAR1A"
"ENSG00000108946","patient4","XGBoost","all",1.01004667491536e-05,"PRKAR1A"
"ENSG00000108946","patient1","XGBoost","all",9.77384499836405e-06,"PRKAR1A"
"ENSG00000108946","patient5","XGBoost","all",9.31423131009969e-06,"PRKAR1A"
"ENSG00000108946","patient3","XGBoost","all",1.44658909812125e-05,"PRKAR1A"
"ENSG00000108946","patient2","XGBoost","all",6.24987836443421e-06,"PRKAR1A"
"ENSG00000109046","patient3","XGBoost","all",1.76137093610768e-05,"WSB1"
"ENSG00000109046","patient1","XGBoost","all",1.98810037932492e-06,"WSB1"
"ENSG00000109046","patient2","XGBoost","all",6.62465230731683e-06,"WSB1"
"ENSG00000109046","patient4","XGBoost","all",1.01456320290974e-05,"WSB1"
"ENSG00000109046","patient6","XGBoost","all",7.53230499619496e-06,"WSB1"
"ENSG00000109046","patient5","XGBoost","all",6.81432958855491e-06,"WSB1"
"ENSG00000109099","patient1","XGBoost","all",0.00150294183921558,"PMP22"
"ENSG00000109099","patient6","XGBoost","all",0.00259358323330589,"PMP22"
"ENSG00000109099","patient3","XGBoost","all",0.00188205569391095,"PMP22"
"ENSG00000109099","patient5","XGBoost","all",0.000947035498428643,"PMP22"
"ENSG00000109099","patient2","XGBoost","all",0.00137578938158546,"PMP22"
"ENSG00000109099","patient4","XGBoost","all",0.00167524704849776,"PMP22"
"ENSG00000109113","patient1","XGBoost","all",1.76008672666888e-05,"RAB34"
"ENSG00000109113","patient5","XGBoost","all",2.25523874025349e-05,"RAB34"
"ENSG00000109113","patient6","XGBoost","all",1.35835211313922e-05,"RAB34"
"ENSG00000109113","patient3","XGBoost","all",4.21684987623922e-05,"RAB34"
"ENSG00000109113","patient2","XGBoost","all",1.81903469943205e-05,"RAB34"
"ENSG00000109113","patient4","XGBoost","all",2.29087204029702e-05,"RAB34"
"ENSG00000109180","patient1","XGBoost","all",9.25156254109225e-06,"OCIAD1"
"ENSG00000109381","patient1","XGBoost","all",2.29719871524581e-05,"ELF2"
"ENSG00000109381","patient4","XGBoost","all",7.09650589963357e-06,"ELF2"
"ENSG00000109381","patient3","XGBoost","all",1.98156697608741e-05,"ELF2"
"ENSG00000109381","patient2","XGBoost","all",1.26996478322183e-05,"ELF2"
"ENSG00000109381","patient5","XGBoost","all",2.136361786412e-05,"ELF2"
"ENSG00000109381","patient6","XGBoost","all",2.50831947693965e-05,"ELF2"
"ENSG00000109390","patient5","XGBoost","all",1.10141399294836e-05,"NDUFC1"
"ENSG00000109390","patient1","XGBoost","all",9.22233759807743e-06,"NDUFC1"
"ENSG00000109390","patient6","XGBoost","all",1.58455915438279e-05,"NDUFC1"
"ENSG00000109472","patient4","XGBoost","all",0.000309524309793897,"CPE"
"ENSG00000109472","patient6","XGBoost","all",0.000303351457315415,"CPE"
"ENSG00000109472","patient1","XGBoost","all",0.000533662901725979,"CPE"
"ENSG00000109472","patient3","XGBoost","all",0.00038207659377116,"CPE"
"ENSG00000109472","patient5","XGBoost","all",0.000307665412447609,"CPE"
"ENSG00000109472","patient2","XGBoost","all",0.000349576923945818,"CPE"
"ENSG00000109536","patient4","XGBoost","all",1.04339195070932e-05,"FRG1"
"ENSG00000109536","patient3","XGBoost","all",1.32217514416701e-05,"FRG1"
"ENSG00000109536","patient6","XGBoost","all",7.2143644697708e-06,"FRG1"
"ENSG00000109536","patient2","XGBoost","all",1.34249855132549e-05,"FRG1"
"ENSG00000109536","patient5","XGBoost","all",2.37024049985694e-05,"FRG1"
"ENSG00000109536","patient1","XGBoost","all",1.63537161698641e-05,"FRG1"
"ENSG00000109610","patient2","XGBoost","all",0.000176636158901999,"SOD3"
"ENSG00000109610","patient1","XGBoost","all",0.000257561654113983,"SOD3"
"ENSG00000109610","patient6","XGBoost","all",0.000367924734115185,"SOD3"
"ENSG00000109610","patient3","XGBoost","all",0.000118827433037574,"SOD3"
"ENSG00000109610","patient4","XGBoost","all",0.000670882426698886,"SOD3"
"ENSG00000109610","patient5","XGBoost","all",0.000158569377127335,"SOD3"
"ENSG00000109686","patient4","XGBoost","all",2.30139830210971e-05,"SH3D19"
"ENSG00000109775","patient5","XGBoost","all",1.49996722714438e-05,"UFSP2"
"ENSG00000109775","patient1","XGBoost","all",5.53838812098999e-06,"UFSP2"
"ENSG00000109775","patient3","XGBoost","all",9.98207452739138e-06,"UFSP2"
"ENSG00000109775","patient2","XGBoost","all",6.26285652896699e-06,"UFSP2"
"ENSG00000109787","patient4","XGBoost","all",6.56078592193333e-06,"KLF3"
"ENSG00000109787","patient3","XGBoost","all",3.2974632391128e-06,"KLF3"
"ENSG00000109787","patient6","XGBoost","all",1.42591692888578e-05,"KLF3"
"ENSG00000109787","patient2","XGBoost","all",4.0073270625868e-06,"KLF3"
"ENSG00000109787","patient5","XGBoost","all",9.00800385789654e-06,"KLF3"
"ENSG00000109787","patient1","XGBoost","all",1.32831753853955e-05,"KLF3"
"ENSG00000109846","patient5","XGBoost","all",0.00042136847824636,"CRYAB"
"ENSG00000109846","patient6","XGBoost","all",0.00115998970408294,"CRYAB"
"ENSG00000109846","patient4","XGBoost","all",0.0013373149142677,"CRYAB"
"ENSG00000109846","patient1","XGBoost","all",0.000558410686853898,"CRYAB"
"ENSG00000109846","patient2","XGBoost","all",0.00197110730225277,"CRYAB"
"ENSG00000109846","patient3","XGBoost","all",0.000822258879555306,"CRYAB"
"ENSG00000109861","patient3","XGBoost","all",1.9589434021498e-05,"CTSC"
"ENSG00000109861","patient4","XGBoost","all",1.89501361060506e-05,"CTSC"
"ENSG00000109861","patient1","XGBoost","all",1.81838361183121e-05,"CTSC"
"ENSG00000109861","patient5","XGBoost","all",1.18086523953651e-05,"CTSC"
"ENSG00000109861","patient2","XGBoost","all",3.14282853527203e-05,"CTSC"
"ENSG00000109861","patient6","XGBoost","all",2.88437559741762e-05,"CTSC"
"ENSG00000109906","patient5","XGBoost","all",2.24861485812579e-05,"ZBTB16"
"ENSG00000109906","patient6","XGBoost","all",2.86416244259992e-05,"ZBTB16"
"ENSG00000109906","patient3","XGBoost","all",1.2760331698194e-05,"ZBTB16"
"ENSG00000109906","patient4","XGBoost","all",3.31730462434726e-05,"ZBTB16"
"ENSG00000109906","patient1","XGBoost","all",1.71320018111569e-05,"ZBTB16"
"ENSG00000109906","patient2","XGBoost","all",8.2733456695043e-06,"ZBTB16"
"ENSG00000109920","patient4","XGBoost","all",1.0153190945625e-05,"FNBP4"
"ENSG00000109920","patient3","XGBoost","all",1.42501555707876e-05,"FNBP4"
"ENSG00000109920","patient1","XGBoost","all",1.31466580287516e-05,"FNBP4"
"ENSG00000109920","patient6","XGBoost","all",4.44418981142809e-06,"FNBP4"
"ENSG00000109920","patient2","XGBoost","all",4.56238340884284e-06,"FNBP4"
"ENSG00000110077","patient3","XGBoost","all",0.000381228775273369,"MS4A6A"
"ENSG00000110077","patient1","XGBoost","all",0.00036151899245806,"MS4A6A"
"ENSG00000110077","patient2","XGBoost","all",0.000516963713544856,"MS4A6A"
"ENSG00000110077","patient6","XGBoost","all",0.000598531025710268,"MS4A6A"
"ENSG00000110077","patient5","XGBoost","all",4.74978816168516e-05,"MS4A6A"
"ENSG00000110077","patient4","XGBoost","all",0.000380514407650306,"MS4A6A"
"ENSG00000110079","patient5","XGBoost","all",1.0958250924031e-05,"MS4A4A"
"ENSG00000110079","patient3","XGBoost","all",1.56451942893243e-05,"MS4A4A"
"ENSG00000110079","patient2","XGBoost","all",2.54403420868674e-05,"MS4A4A"
"ENSG00000110079","patient4","XGBoost","all",1.38117546182735e-05,"MS4A4A"
"ENSG00000110079","patient1","XGBoost","all",1.12632788190513e-05,"MS4A4A"
"ENSG00000110079","patient6","XGBoost","all",6.9793469272771e-05,"MS4A4A"
"ENSG00000110092","patient5","XGBoost","all",6.31507245264187e-05,"CCND1"
"ENSG00000110092","patient2","XGBoost","all",8.0527670060847e-05,"CCND1"
"ENSG00000110092","patient3","XGBoost","all",0.000101987338939398,"CCND1"
"ENSG00000110092","patient4","XGBoost","all",6.32302642357074e-05,"CCND1"
"ENSG00000110092","patient6","XGBoost","all",9.57606332191817e-05,"CCND1"
"ENSG00000110092","patient1","XGBoost","all",4.69873098804485e-05,"CCND1"
"ENSG00000110108","patient1","XGBoost","all",8.18707270721122e-06,"TMEM109"
"ENSG00000110108","patient5","XGBoost","all",9.68568468883768e-06,"TMEM109"
"ENSG00000110108","patient6","XGBoost","all",8.34332276764521e-06,"TMEM109"
"ENSG00000110108","patient4","XGBoost","all",1.46980944135576e-05,"TMEM109"
"ENSG00000110108","patient3","XGBoost","all",1.05316228444775e-05,"TMEM109"
"ENSG00000110108","patient2","XGBoost","all",7.71135877548448e-06,"TMEM109"
"ENSG00000110321","patient5","XGBoost","all",1.04979193253127e-05,"EIF4G2"
"ENSG00000110321","patient1","XGBoost","all",1.53615299839917e-05,"EIF4G2"
"ENSG00000110367","patient3","XGBoost","all",9.01764715327746e-06,"DDX6"
"ENSG00000110367","patient2","XGBoost","all",1.17889933305415e-05,"DDX6"
"ENSG00000110367","patient1","XGBoost","all",7.49151343515938e-06,"DDX6"
"ENSG00000110367","patient4","XGBoost","all",9.8695478380299e-06,"DDX6"
"ENSG00000110367","patient5","XGBoost","all",1.6136687305898e-05,"DDX6"
"ENSG00000110367","patient6","XGBoost","all",6.16532162184072e-06,"DDX6"
"ENSG00000110422","patient4","XGBoost","all",1.83380325312956e-05,"HIPK3"
"ENSG00000110422","patient3","XGBoost","all",1.97643924717694e-05,"HIPK3"
"ENSG00000110422","patient1","XGBoost","all",1.99618543096493e-05,"HIPK3"
"ENSG00000110422","patient2","XGBoost","all",1.08488034054536e-05,"HIPK3"
"ENSG00000110422","patient5","XGBoost","all",1.69376615287504e-05,"HIPK3"
"ENSG00000110422","patient6","XGBoost","all",8.09010069675911e-06,"HIPK3"
"ENSG00000110711","patient1","XGBoost","all",7.38053152336493e-06,"AIP"
"ENSG00000110711","patient4","XGBoost","all",1.91315020294045e-06,"AIP"
"ENSG00000110711","patient3","XGBoost","all",1.3376945727045e-05,"AIP"
"ENSG00000110711","patient5","XGBoost","all",1.00444408468741e-05,"AIP"
"ENSG00000110711","patient2","XGBoost","all",6.00059707496067e-06,"AIP"
"ENSG00000110711","patient6","XGBoost","all",1.19863515870147e-05,"AIP"
"ENSG00000110717","patient3","XGBoost","all",6.68651571508339e-06,"NDUFS8"
"ENSG00000110717","patient2","XGBoost","all",1.18171734351378e-05,"NDUFS8"
"ENSG00000110717","patient6","XGBoost","all",6.826474808371e-06,"NDUFS8"
"ENSG00000110717","patient5","XGBoost","all",7.92522325332123e-06,"NDUFS8"
"ENSG00000110717","patient1","XGBoost","all",6.53673470238395e-06,"NDUFS8"
"ENSG00000110717","patient4","XGBoost","all",7.517338005252e-06,"NDUFS8"
"ENSG00000110799","patient4","XGBoost","all",0.0431980295625537,"VWF"
"ENSG00000110799","patient2","XGBoost","all",0.00385601013816675,"VWF"
"ENSG00000110799","patient5","XGBoost","all",0.00587694669337833,"VWF"
"ENSG00000110799","patient6","XGBoost","all",0.00248262238504997,"VWF"
"ENSG00000110799","patient1","XGBoost","all",0.00372052646872942,"VWF"
"ENSG00000110799","patient3","XGBoost","all",0.00731257557951267,"VWF"
"ENSG00000110841","patient1","XGBoost","all",1.76711765713496e-05,"PPFIBP1"
"ENSG00000110841","patient3","XGBoost","all",5.28474683338715e-05,"PPFIBP1"
"ENSG00000110841","patient6","XGBoost","all",4.89195218824187e-05,"PPFIBP1"
"ENSG00000110841","patient5","XGBoost","all",2.86299232510024e-05,"PPFIBP1"
"ENSG00000110841","patient2","XGBoost","all",2.91994675095801e-05,"PPFIBP1"
"ENSG00000110841","patient4","XGBoost","all",4.24429031977447e-05,"PPFIBP1"
"ENSG00000110852","patient4","XGBoost","all",1.35478924545761e-05,"CLEC2B"
"ENSG00000110852","patient1","XGBoost","all",4.11369477329865e-05,"CLEC2B"
"ENSG00000110852","patient2","XGBoost","all",1.66178613668992e-05,"CLEC2B"
"ENSG00000110852","patient5","XGBoost","all",1.30684237627738e-05,"CLEC2B"
"ENSG00000110852","patient3","XGBoost","all",1.59800365953777e-05,"CLEC2B"
"ENSG00000110852","patient6","XGBoost","all",1.39068274785502e-05,"CLEC2B"
"ENSG00000110917","patient4","XGBoost","all",1.17126116398177e-05,"MLEC"
"ENSG00000110917","patient3","XGBoost","all",8.33703209471348e-06,"MLEC"
"ENSG00000110917","patient2","XGBoost","all",1.30059512001698e-05,"MLEC"
"ENSG00000110917","patient1","XGBoost","all",7.64610429696702e-06,"MLEC"
"ENSG00000110917","patient6","XGBoost","all",1.01034673808607e-06,"MLEC"
"ENSG00000110917","patient5","XGBoost","all",9.68770040362312e-06,"MLEC"
"ENSG00000110955","patient3","XGBoost","all",2.77334093529711e-05,"ATP5F1B"
"ENSG00000110955","patient2","XGBoost","all",1.01442231557771e-05,"ATP5F1B"
"ENSG00000110955","patient1","XGBoost","all",4.94786105614396e-06,"ATP5F1B"
"ENSG00000111011","patient4","XGBoost","all",1.20342122904155e-05,"RSRC2"
"ENSG00000111011","patient1","XGBoost","all",5.04461262831645e-06,"RSRC2"
"ENSG00000111011","patient6","XGBoost","all",1.14111816946335e-05,"RSRC2"
"ENSG00000111011","patient5","XGBoost","all",1.9331901356686e-05,"RSRC2"
"ENSG00000111011","patient3","XGBoost","all",1.30869797726818e-05,"RSRC2"
"ENSG00000111011","patient2","XGBoost","all",1.46839187908316e-05,"RSRC2"
"ENSG00000111077","patient1","XGBoost","all",1.0901242923605e-05,"TNS2"
"ENSG00000111077","patient6","XGBoost","all",2.04831159163125e-05,"TNS2"
"ENSG00000111077","patient4","XGBoost","all",1.14484748879054e-05,"TNS2"
"ENSG00000111077","patient2","XGBoost","all",1.04824390184393e-05,"TNS2"
"ENSG00000111077","patient3","XGBoost","all",2.16280847971601e-05,"TNS2"
"ENSG00000111077","patient5","XGBoost","all",1.37902093011946e-05,"TNS2"
"ENSG00000111142","patient6","XGBoost","all",6.68481472267766e-06,"METAP2"
"ENSG00000111142","patient3","XGBoost","all",6.58302656056499e-06,"METAP2"
"ENSG00000111142","patient2","XGBoost","all",9.54301162466515e-06,"METAP2"
"ENSG00000111142","patient4","XGBoost","all",9.89854582016847e-06,"METAP2"
"ENSG00000111142","patient1","XGBoost","all",8.86135848984148e-06,"METAP2"
"ENSG00000111142","patient5","XGBoost","all",2.52694880107937e-06,"METAP2"
"ENSG00000111145","patient2","XGBoost","all",1.07956328009276e-05,"ELK3"
"ENSG00000111145","patient1","XGBoost","all",9.00949235957689e-06,"ELK3"
"ENSG00000111145","patient5","XGBoost","all",2.03490418096005e-06,"ELK3"
"ENSG00000111145","patient3","XGBoost","all",1.95663942880125e-05,"ELK3"
"ENSG00000111145","patient6","XGBoost","all",1.31575116666502e-05,"ELK3"
"ENSG00000111145","patient4","XGBoost","all",2.5214441717641e-05,"ELK3"
"ENSG00000111237","patient1","XGBoost","all",4.19001576789456e-06,"VPS29"
"ENSG00000111237","patient2","XGBoost","all",1.44461971865878e-05,"VPS29"
"ENSG00000111237","patient3","XGBoost","all",8.22000068673189e-06,"VPS29"
"ENSG00000111237","patient5","XGBoost","all",1.71230468408172e-05,"VPS29"
"ENSG00000111237","patient4","XGBoost","all",1.73348631911815e-05,"VPS29"
"ENSG00000111237","patient6","XGBoost","all",9.74753259024596e-06,"VPS29"
"ENSG00000111275","patient4","XGBoost","all",3.8676331839622e-05,"ALDH2"
"ENSG00000111275","patient1","XGBoost","all",3.41189386567127e-05,"ALDH2"
"ENSG00000111275","patient3","XGBoost","all",2.14988614164214e-05,"ALDH2"
"ENSG00000111275","patient5","XGBoost","all",1.73990021473267e-05,"ALDH2"
"ENSG00000111275","patient6","XGBoost","all",4.54281109284715e-05,"ALDH2"
"ENSG00000111275","patient2","XGBoost","all",2.47055750712428e-05,"ALDH2"
"ENSG00000111276","patient6","XGBoost","all",6.22649866414519e-06,"CDKN1B"
"ENSG00000111276","patient3","XGBoost","all",7.60107904332593e-06,"CDKN1B"
"ENSG00000111276","patient5","XGBoost","all",8.29838313108173e-06,"CDKN1B"
"ENSG00000111276","patient1","XGBoost","all",7.64089737974488e-06,"CDKN1B"
"ENSG00000111276","patient4","XGBoost","all",9.39361801822473e-06,"CDKN1B"
"ENSG00000111276","patient2","XGBoost","all",9.50067830728214e-06,"CDKN1B"
"ENSG00000111341","patient4","XGBoost","all",0.00273037802183324,"MGP"
"ENSG00000111341","patient3","XGBoost","all",0.00268840813323804,"MGP"
"ENSG00000111341","patient6","XGBoost","all",0.00375152948718527,"MGP"
"ENSG00000111341","patient1","XGBoost","all",0.0031272026013496,"MGP"
"ENSG00000111341","patient2","XGBoost","all",0.00301550505404765,"MGP"
"ENSG00000111341","patient5","XGBoost","all",0.00456339183342,"MGP"
"ENSG00000111348","patient3","XGBoost","all",5.21517855080804e-05,"ARHGDIB"
"ENSG00000111348","patient6","XGBoost","all",6.35466467801991e-05,"ARHGDIB"
"ENSG00000111348","patient4","XGBoost","all",0.000203356440321401,"ARHGDIB"
"ENSG00000111348","patient5","XGBoost","all",0.000269315862846693,"ARHGDIB"
"ENSG00000111348","patient2","XGBoost","all",0.000673537511735392,"ARHGDIB"
"ENSG00000111348","patient1","XGBoost","all",3.16260109529457e-05,"ARHGDIB"
"ENSG00000111404","patient6","XGBoost","all",0.00684222402140991,"RERGL"
"ENSG00000111404","patient1","XGBoost","all",0.00461764407123393,"RERGL"
"ENSG00000111404","patient3","XGBoost","all",0.00608833246562039,"RERGL"
"ENSG00000111404","patient2","XGBoost","all",0.00541952461823674,"RERGL"
"ENSG00000111404","patient5","XGBoost","all",0.00454081577822448,"RERGL"
"ENSG00000111481","patient2","XGBoost","all",2.34869760157974e-06,"COPZ1"
"ENSG00000111481","patient6","XGBoost","all",9.21766632801143e-06,"COPZ1"
"ENSG00000111481","patient5","XGBoost","all",4.44501611600529e-06,"COPZ1"
"ENSG00000111481","patient1","XGBoost","all",4.14257809337013e-06,"COPZ1"
"ENSG00000111481","patient3","XGBoost","all",6.32398051720115e-06,"COPZ1"
"ENSG00000111615","patient4","XGBoost","all",1.37154678570473e-05,"KRR1"
"ENSG00000111615","patient5","XGBoost","all",1.3300453381456e-05,"KRR1"
"ENSG00000111615","patient1","XGBoost","all",9.20490246052079e-06,"KRR1"
"ENSG00000111615","patient3","XGBoost","all",6.11565913401263e-06,"KRR1"
"ENSG00000111615","patient2","XGBoost","all",8.59913075853358e-06,"KRR1"
"ENSG00000111615","patient6","XGBoost","all",1.03359257028371e-05,"KRR1"
"ENSG00000111639","patient2","XGBoost","all",5.42546852285203e-06,"MRPL51"
"ENSG00000111639","patient3","XGBoost","all",1.11715314912619e-05,"MRPL51"
"ENSG00000111639","patient4","XGBoost","all",2.42443337763651e-05,"MRPL51"
"ENSG00000111639","patient6","XGBoost","all",4.54477476700969e-06,"MRPL51"
"ENSG00000111639","patient1","XGBoost","all",2.23608693997378e-05,"MRPL51"
"ENSG00000111639","patient5","XGBoost","all",1.58275149416669e-05,"MRPL51"
"ENSG00000111642","patient3","XGBoost","all",3.83565023365137e-06,"CHD4"
"ENSG00000111642","patient4","XGBoost","all",1.85495599737937e-05,"CHD4"
"ENSG00000111642","patient6","XGBoost","all",5.70058243974813e-06,"CHD4"
"ENSG00000111642","patient1","XGBoost","all",1.69719344662234e-05,"CHD4"
"ENSG00000111642","patient2","XGBoost","all",1.3418181286468e-05,"CHD4"
"ENSG00000111642","patient5","XGBoost","all",3.73224433332058e-06,"CHD4"
"ENSG00000111666","patient6","XGBoost","all",1.29274499688735e-05,"CHPT1"
"ENSG00000111666","patient4","XGBoost","all",1.56593096077189e-05,"CHPT1"
"ENSG00000111666","patient5","XGBoost","all",1.29645729900619e-05,"CHPT1"
"ENSG00000111666","patient1","XGBoost","all",2.53946573911612e-05,"CHPT1"
"ENSG00000111678","patient6","XGBoost","all",2.67904674842365e-05,"C12orf57"
"ENSG00000111678","patient3","XGBoost","all",6.42686462458969e-05,"C12orf57"
"ENSG00000111678","patient2","XGBoost","all",1.82189455371528e-05,"C12orf57"
"ENSG00000111678","patient5","XGBoost","all",4.96550234775097e-05,"C12orf57"
"ENSG00000111678","patient4","XGBoost","all",4.55139336446615e-05,"C12orf57"
"ENSG00000111678","patient1","XGBoost","all",4.80417095070828e-05,"C12orf57"
"ENSG00000111716","patient6","XGBoost","all",4.57221726991057e-05,"LDHB"
"ENSG00000111716","patient5","XGBoost","all",8.50843549128075e-05,"LDHB"
"ENSG00000111716","patient3","XGBoost","all",0.000112379463373831,"LDHB"
"ENSG00000111716","patient2","XGBoost","all",2.41670898002218e-05,"LDHB"
"ENSG00000111716","patient4","XGBoost","all",4.89020328144272e-05,"LDHB"
"ENSG00000111716","patient1","XGBoost","all",4.57592268684816e-05,"LDHB"
"ENSG00000111786","patient5","XGBoost","all",7.19049405156077e-06,"SRSF9"
"ENSG00000111786","patient4","XGBoost","all",1.47211027874829e-05,"SRSF9"
"ENSG00000111786","patient6","XGBoost","all",1.16706046172108e-05,"SRSF9"
"ENSG00000111786","patient3","XGBoost","all",1.36476694227622e-05,"SRSF9"
"ENSG00000111786","patient1","XGBoost","all",1.97702596030346e-05,"SRSF9"
"ENSG00000111786","patient2","XGBoost","all",1.10380703883089e-05,"SRSF9"
"ENSG00000111790","patient2","XGBoost","all",1.87608033150883e-05,"FGFR1OP2"
"ENSG00000111790","patient4","XGBoost","all",1.86887248662419e-05,"FGFR1OP2"
"ENSG00000111790","patient5","XGBoost","all",1.10383068075571e-05,"FGFR1OP2"
"ENSG00000111790","patient1","XGBoost","all",6.69690868877383e-06,"FGFR1OP2"
"ENSG00000111790","patient6","XGBoost","all",1.06514728057764e-05,"FGFR1OP2"
"ENSG00000111790","patient3","XGBoost","all",1.43635730814189e-05,"FGFR1OP2"
"ENSG00000111817","patient3","XGBoost","all",3.09235370340149e-05,"DSE"
"ENSG00000111817","patient6","XGBoost","all",2.24726034889892e-05,"DSE"
"ENSG00000111817","patient2","XGBoost","all",2.03252030841446e-05,"DSE"
"ENSG00000111817","patient4","XGBoost","all",3.3871712734478e-05,"DSE"
"ENSG00000111817","patient1","XGBoost","all",1.9345558521768e-05,"DSE"
"ENSG00000111817","patient5","XGBoost","all",6.03167271851642e-05,"DSE"
"ENSG00000111832","patient1","XGBoost","all",9.6392360794504e-06,"RWDD1"
"ENSG00000111832","patient2","XGBoost","all",1.35586370543437e-05,"RWDD1"
"ENSG00000111832","patient3","XGBoost","all",1.3452606961664e-05,"RWDD1"
"ENSG00000111832","patient5","XGBoost","all",1.72055570760255e-05,"RWDD1"
"ENSG00000111832","patient6","XGBoost","all",1.45005074609075e-05,"RWDD1"
"ENSG00000111885","patient6","XGBoost","all",2.28206919048126e-05,"MAN1A1"
"ENSG00000111885","patient1","XGBoost","all",9.41039610362036e-06,"MAN1A1"
"ENSG00000111885","patient5","XGBoost","all",8.16111380666737e-06,"MAN1A1"
"ENSG00000111885","patient4","XGBoost","all",2.56257960484347e-05,"MAN1A1"
"ENSG00000111885","patient3","XGBoost","all",8.03020128604864e-06,"MAN1A1"
"ENSG00000111885","patient2","XGBoost","all",1.82110544236272e-05,"MAN1A1"
"ENSG00000111897","patient6","XGBoost","all",8.46932637852479e-06,"SERINC1"
"ENSG00000111897","patient5","XGBoost","all",4.12081346326733e-06,"SERINC1"
"ENSG00000111897","patient2","XGBoost","all",7.05249158724478e-06,"SERINC1"
"ENSG00000111897","patient1","XGBoost","all",1.63922270658085e-05,"SERINC1"
"ENSG00000111897","patient3","XGBoost","all",1.26364039970109e-05,"SERINC1"
"ENSG00000111897","patient4","XGBoost","all",1.07455632793935e-05,"SERINC1"
"ENSG00000111906","patient6","XGBoost","all",1.48093750274586e-05,"HDDC2"
"ENSG00000111906","patient5","XGBoost","all",9.15876785419055e-06,"HDDC2"
"ENSG00000111906","patient3","XGBoost","all",9.72791073493999e-06,"HDDC2"
"ENSG00000111906","patient1","XGBoost","all",1.74967748373176e-05,"HDDC2"
"ENSG00000111906","patient2","XGBoost","all",1.78493395696532e-05,"HDDC2"
"ENSG00000111906","patient4","XGBoost","all",3.26123106275519e-06,"HDDC2"
"ENSG00000111912","patient3","XGBoost","all",1.46353512098223e-05,"NCOA7"
"ENSG00000111912","patient5","XGBoost","all",1.9681481013848e-05,"NCOA7"
"ENSG00000111912","patient6","XGBoost","all",1.48653974962134e-05,"NCOA7"
"ENSG00000111912","patient4","XGBoost","all",1.94429624712942e-05,"NCOA7"
"ENSG00000111912","patient2","XGBoost","all",4.9336016136023e-06,"NCOA7"
"ENSG00000111912","patient1","XGBoost","all",2.80439240619987e-06,"NCOA7"
"ENSG00000111961","patient4","XGBoost","all",2.90854918545352e-05,"SASH1"
"ENSG00000111961","patient2","XGBoost","all",1.32438912344362e-05,"SASH1"
"ENSG00000111961","patient3","XGBoost","all",1.70822297721578e-05,"SASH1"
"ENSG00000111961","patient1","XGBoost","all",2.11338409532842e-05,"SASH1"
"ENSG00000112110","patient4","XGBoost","all",1.00000367206489e-05,"MRPL18"
"ENSG00000112110","patient5","XGBoost","all",1.22760262087145e-05,"MRPL18"
"ENSG00000112110","patient3","XGBoost","all",1.11058099915257e-05,"MRPL18"
"ENSG00000112110","patient1","XGBoost","all",5.99917363478505e-06,"MRPL18"
"ENSG00000112110","patient6","XGBoost","all",1.06962764131267e-05,"MRPL18"
"ENSG00000112110","patient2","XGBoost","all",1.55022431851439e-05,"MRPL18"
"ENSG00000112146","patient2","XGBoost","all",1.27431532372072e-06,"FBXO9"
"ENSG00000112146","patient4","XGBoost","all",4.27680840875602e-06,"FBXO9"
"ENSG00000112146","patient3","XGBoost","all",9.0503391180573e-06,"FBXO9"
"ENSG00000112149","patient6","XGBoost","all",9.35443956217582e-05,"CD83"
"ENSG00000112149","patient1","XGBoost","all",5.57151014272733e-05,"CD83"
"ENSG00000112149","patient3","XGBoost","all",8.38527474171907e-05,"CD83"
"ENSG00000112149","patient5","XGBoost","all",0.000147668825554677,"CD83"
"ENSG00000112308","patient4","XGBoost","all",3.99211632529183e-05,"C6orf62"
"ENSG00000112308","patient3","XGBoost","all",3.10682355419466e-05,"C6orf62"
"ENSG00000112308","patient6","XGBoost","all",2.05196481650579e-05,"C6orf62"
"ENSG00000112308","patient5","XGBoost","all",1.19033630911145e-05,"C6orf62"
"ENSG00000112308","patient1","XGBoost","all",1.68411890784075e-05,"C6orf62"
"ENSG00000112308","patient2","XGBoost","all",1.82457663754041e-05,"C6orf62"
"ENSG00000112378","patient2","XGBoost","all",1.08102709020474e-05,"PERP"
"ENSG00000112378","patient6","XGBoost","all",1.03418512930458e-05,"PERP"
"ENSG00000112378","patient5","XGBoost","all",1.87190217649662e-05,"PERP"
"ENSG00000112419","patient3","XGBoost","all",1.25648489811907e-05,"PHACTR2"
"ENSG00000112419","patient2","XGBoost","all",2.06359040011044e-05,"PHACTR2"
"ENSG00000112419","patient4","XGBoost","all",1.17015262609929e-05,"PHACTR2"
"ENSG00000112419","patient5","XGBoost","all",8.62833649953112e-06,"PHACTR2"
"ENSG00000112419","patient6","XGBoost","all",1.2607502238564e-05,"PHACTR2"
"ENSG00000112419","patient1","XGBoost","all",5.87272797124612e-06,"PHACTR2"
"ENSG00000112514","patient4","XGBoost","all",4.51788610606944e-05,"CUTA"
"ENSG00000112514","patient1","XGBoost","all",7.15889547414136e-05,"CUTA"
"ENSG00000112514","patient6","XGBoost","all",6.72055333637868e-05,"CUTA"
"ENSG00000112514","patient3","XGBoost","all",8.42586691064785e-05,"CUTA"
"ENSG00000112514","patient2","XGBoost","all",1.28127551085955e-05,"CUTA"
"ENSG00000112514","patient5","XGBoost","all",2.91334908081522e-05,"CUTA"
"ENSG00000112531","patient4","XGBoost","all",0.00010145047327308,"QKI"
"ENSG00000112531","patient5","XGBoost","all",6.0163070975268e-05,"QKI"
"ENSG00000112531","patient2","XGBoost","all",0.000717847583978895,"QKI"
"ENSG00000112531","patient6","XGBoost","all",5.14277784830921e-05,"QKI"
"ENSG00000112531","patient3","XGBoost","all",0.000140996299188831,"QKI"
"ENSG00000112531","patient1","XGBoost","all",3.18793495816879e-05,"QKI"
"ENSG00000112562","patient2","XGBoost","all",6.17958903060446e-05,"SMOC2"
"ENSG00000112562","patient5","XGBoost","all",6.57043042444645e-05,"SMOC2"
"ENSG00000112562","patient3","XGBoost","all",6.97589604208414e-05,"SMOC2"
"ENSG00000112562","patient1","XGBoost","all",6.48372412308353e-05,"SMOC2"
"ENSG00000112562","patient4","XGBoost","all",0.000114295902260148,"SMOC2"
"ENSG00000112562","patient6","XGBoost","all",6.76534399861527e-05,"SMOC2"
"ENSG00000112576","patient5","XGBoost","all",1.15380862778667e-05,"CCND3"
"ENSG00000112576","patient4","XGBoost","all",2.42490384421008e-05,"CCND3"
"ENSG00000112697","patient3","XGBoost","all",6.50323483243785e-06,"CDC50A"
"ENSG00000112697","patient1","XGBoost","all",7.84670206042564e-06,"CDC50A"
"ENSG00000112697","patient5","XGBoost","all",1.04296740889723e-05,"CDC50A"
"ENSG00000112697","patient6","XGBoost","all",1.52849230238119e-05,"CDC50A"
"ENSG00000112697","patient4","XGBoost","all",6.45665873014916e-06,"CDC50A"
"ENSG00000112697","patient2","XGBoost","all",1.0823429337141e-05,"CDC50A"
"ENSG00000112699","patient4","XGBoost","all",1.47428042192815e-05,"GMDS"
"ENSG00000112699","patient5","XGBoost","all",7.35619557163276e-05,"GMDS"
"ENSG00000112699","patient3","XGBoost","all",9.52415732103667e-05,"GMDS"
"ENSG00000112699","patient6","XGBoost","all",3.83766543125256e-05,"GMDS"
"ENSG00000112699","patient2","XGBoost","all",4.67006493609362e-05,"GMDS"
"ENSG00000112699","patient1","XGBoost","all",0.000116197158899232,"GMDS"
"ENSG00000112701","patient2","XGBoost","all",4.37668696735017e-06,"SENP6"
"ENSG00000112701","patient4","XGBoost","all",8.18677266599514e-06,"SENP6"
"ENSG00000112701","patient1","XGBoost","all",5.74973408429266e-06,"SENP6"
"ENSG00000112701","patient6","XGBoost","all",9.8734679192074e-06,"SENP6"
"ENSG00000112701","patient5","XGBoost","all",8.05367644109614e-06,"SENP6"
"ENSG00000112701","patient3","XGBoost","all",1.46269840209527e-05,"SENP6"
"ENSG00000112739","patient4","XGBoost","all",1.09240472486935e-05,"PRP4K"
"ENSG00000112739","patient6","XGBoost","all",1.50701194896599e-05,"PRP4K"
"ENSG00000112739","patient2","XGBoost","all",5.24141425405904e-06,"PRP4K"
"ENSG00000112739","patient1","XGBoost","all",4.58223119550365e-06,"PRP4K"
"ENSG00000112739","patient5","XGBoost","all",7.05936021886358e-06,"PRP4K"
"ENSG00000112739","patient3","XGBoost","all",1.40990728143042e-05,"PRP4K"
"ENSG00000112759","patient2","XGBoost","all",5.63291881820225e-06,"SLC29A1"
"ENSG00000112759","patient6","XGBoost","all",1.75712313833778e-06,"SLC29A1"
"ENSG00000112759","patient3","XGBoost","all",8.84022709576393e-06,"SLC29A1"
"ENSG00000112759","patient1","XGBoost","all",1.0324121578508e-05,"SLC29A1"
"ENSG00000112759","patient5","XGBoost","all",7.31361229870398e-06,"SLC29A1"
"ENSG00000112773","patient1","XGBoost","all",9.08731470295455e-06,"TENT5A"
"ENSG00000112773","patient2","XGBoost","all",1.29879899362671e-05,"TENT5A"
"ENSG00000112773","patient5","XGBoost","all",1.20406734893019e-05,"TENT5A"
"ENSG00000112773","patient3","XGBoost","all",1.46152350616407e-05,"TENT5A"
"ENSG00000112773","patient6","XGBoost","all",1.0530384070463e-05,"TENT5A"
"ENSG00000112773","patient4","XGBoost","all",1.11661256856079e-05,"TENT5A"
"ENSG00000112936","patient6","XGBoost","all",8.97136434502094e-05,"C7"
"ENSG00000112936","patient2","XGBoost","all",6.5392690641756e-05,"C7"
"ENSG00000112936","patient5","XGBoost","all",0.000112563428242639,"C7"
"ENSG00000112936","patient1","XGBoost","all",4.33520477824528e-05,"C7"
"ENSG00000112936","patient4","XGBoost","all",6.80515183349042e-05,"C7"
"ENSG00000112936","patient3","XGBoost","all",5.73766375305533e-05,"C7"
"ENSG00000112977","patient5","XGBoost","all",8.01375505864988e-06,"DAP"
"ENSG00000112977","patient6","XGBoost","all",1.53905864470553e-05,"DAP"
"ENSG00000112977","patient3","XGBoost","all",1.52833736781977e-05,"DAP"
"ENSG00000112977","patient4","XGBoost","all",1.38715480353758e-05,"DAP"
"ENSG00000112977","patient1","XGBoost","all",1.58794253302375e-05,"DAP"
"ENSG00000112977","patient2","XGBoost","all",7.4937708927773e-06,"DAP"
"ENSG00000113013","patient4","XGBoost","all",1.65660031525835e-05,"HSPA9"
"ENSG00000113013","patient5","XGBoost","all",1.8744670398776e-05,"HSPA9"
"ENSG00000113013","patient3","XGBoost","all",3.84177102574853e-05,"HSPA9"
"ENSG00000113013","patient1","XGBoost","all",1.08023855529514e-05,"HSPA9"
"ENSG00000113013","patient2","XGBoost","all",4.26374167130891e-05,"HSPA9"
"ENSG00000113013","patient6","XGBoost","all",2.44287097389347e-05,"HSPA9"
"ENSG00000113068","patient5","XGBoost","all",9.36484659809165e-06,"PFDN1"
"ENSG00000113068","patient3","XGBoost","all",5.71894135248122e-06,"PFDN1"
"ENSG00000113068","patient4","XGBoost","all",8.38380478403215e-06,"PFDN1"
"ENSG00000113068","patient2","XGBoost","all",8.90084578016796e-06,"PFDN1"
"ENSG00000113068","patient1","XGBoost","all",8.21980793149939e-06,"PFDN1"
"ENSG00000113068","patient6","XGBoost","all",9.77868052523797e-06,"PFDN1"
"ENSG00000113140","patient2","XGBoost","all",0.000167519142402584,"SPARC"
"ENSG00000113140","patient4","XGBoost","all",5.44943012882464e-05,"SPARC"
"ENSG00000113140","patient1","XGBoost","all",0.000143878366115651,"SPARC"
"ENSG00000113140","patient6","XGBoost","all",0.000192016970403428,"SPARC"
"ENSG00000113140","patient5","XGBoost","all",0.000149648178426347,"SPARC"
"ENSG00000113140","patient3","XGBoost","all",0.00021033839002648,"SPARC"
"ENSG00000113141","patient2","XGBoost","all",6.08911913120911e-06,"IK"
"ENSG00000113141","patient6","XGBoost","all",2.57217388170524e-05,"IK"
"ENSG00000113141","patient3","XGBoost","all",1.30119603006905e-05,"IK"
"ENSG00000113141","patient1","XGBoost","all",9.83811869281851e-06,"IK"
"ENSG00000113141","patient5","XGBoost","all",5.53898312391413e-06,"IK"
"ENSG00000113141","patient4","XGBoost","all",2.39601569735748e-05,"IK"
"ENSG00000113269","patient4","XGBoost","all",5.602294202871e-06,"RNF130"
"ENSG00000113269","patient1","XGBoost","all",8.67907269369217e-06,"RNF130"
"ENSG00000113269","patient5","XGBoost","all",6.97981117019703e-06,"RNF130"
"ENSG00000113269","patient3","XGBoost","all",1.05749858197585e-05,"RNF130"
"ENSG00000113269","patient2","XGBoost","all",1.72975669108748e-05,"RNF130"
"ENSG00000113269","patient6","XGBoost","all",5.86672514944493e-06,"RNF130"
"ENSG00000113282","patient2","XGBoost","all",1.05934166020967e-05,"CLINT1"
"ENSG00000113282","patient4","XGBoost","all",1.68246978431087e-05,"CLINT1"
"ENSG00000113282","patient5","XGBoost","all",3.24921443765839e-05,"CLINT1"
"ENSG00000113282","patient1","XGBoost","all",1.71161181586778e-05,"CLINT1"
"ENSG00000113282","patient3","XGBoost","all",1.96009554054102e-05,"CLINT1"
"ENSG00000113282","patient6","XGBoost","all",1.84926382558227e-05,"CLINT1"
"ENSG00000113312","patient4","XGBoost","all",1.7284969616249e-06,"TTC1"
"ENSG00000113312","patient1","XGBoost","all",1.16139433286427e-05,"TTC1"
"ENSG00000113312","patient3","XGBoost","all",7.88581759075346e-06,"TTC1"
"ENSG00000113312","patient6","XGBoost","all",9.07351750865584e-06,"TTC1"
"ENSG00000113312","patient5","XGBoost","all",7.34588155973866e-06,"TTC1"
"ENSG00000113312","patient2","XGBoost","all",9.00433160880481e-06,"TTC1"
"ENSG00000113580","patient2","XGBoost","all",1.49078964096203e-05,"NR3C1"
"ENSG00000113580","patient1","XGBoost","all",1.01006507037817e-05,"NR3C1"
"ENSG00000113580","patient6","XGBoost","all",7.41561119809191e-06,"NR3C1"
"ENSG00000113580","patient4","XGBoost","all",7.57349007299988e-06,"NR3C1"
"ENSG00000113580","patient5","XGBoost","all",1.07168657848222e-05,"NR3C1"
"ENSG00000113580","patient3","XGBoost","all",8.87117507439589e-06,"NR3C1"
"ENSG00000113594","patient1","XGBoost","all",1.4642954671498e-05,"LIFR"
"ENSG00000113594","patient5","XGBoost","all",1.64165624453121e-05,"LIFR"
"ENSG00000113594","patient6","XGBoost","all",2.54195543432392e-05,"LIFR"
"ENSG00000113594","patient3","XGBoost","all",9.38889090312909e-06,"LIFR"
"ENSG00000113594","patient4","XGBoost","all",3.07460612324419e-05,"LIFR"
"ENSG00000113594","patient2","XGBoost","all",2.21461120710714e-05,"LIFR"
"ENSG00000113621","patient6","XGBoost","all",6.14130559094455e-06,"TXNDC15"
"ENSG00000113621","patient5","XGBoost","all",2.19896116140864e-06,"TXNDC15"
"ENSG00000113621","patient4","XGBoost","all",8.3746187082607e-06,"TXNDC15"
"ENSG00000113621","patient3","XGBoost","all",9.98323061042286e-06,"TXNDC15"
"ENSG00000113621","patient2","XGBoost","all",3.97908873191513e-06,"TXNDC15"
"ENSG00000113621","patient1","XGBoost","all",4.92439845460339e-06,"TXNDC15"
"ENSG00000113648","patient3","XGBoost","all",4.65703289026464e-05,"MACROH2A1"
"ENSG00000113648","patient5","XGBoost","all",9.27685960148817e-06,"MACROH2A1"
"ENSG00000113648","patient2","XGBoost","all",1.17649054992592e-05,"MACROH2A1"
"ENSG00000113648","patient6","XGBoost","all",1.56569200687644e-05,"MACROH2A1"
"ENSG00000113648","patient4","XGBoost","all",1.45484006519309e-05,"MACROH2A1"
"ENSG00000113648","patient1","XGBoost","all",3.11332000470567e-05,"MACROH2A1"
"ENSG00000113657","patient4","XGBoost","all",1.46317842114614e-05,"DPYSL3"
"ENSG00000113657","patient1","XGBoost","all",1.56043851651167e-05,"DPYSL3"
"ENSG00000113657","patient3","XGBoost","all",3.1849450306035e-05,"DPYSL3"
"ENSG00000113657","patient6","XGBoost","all",1.41231389050612e-05,"DPYSL3"
"ENSG00000113657","patient5","XGBoost","all",1.02905440451424e-05,"DPYSL3"
"ENSG00000113657","patient2","XGBoost","all",2.39314274910701e-05,"DPYSL3"
"ENSG00000113658","patient2","XGBoost","all",7.83181569578325e-06,"SMAD5"
"ENSG00000113658","patient3","XGBoost","all",6.93209688062001e-06,"SMAD5"
"ENSG00000113721","patient1","XGBoost","all",5.50339646716347e-05,"PDGFRB"
"ENSG00000113721","patient5","XGBoost","all",6.45090419500048e-05,"PDGFRB"
"ENSG00000113721","patient6","XGBoost","all",8.97777658615037e-05,"PDGFRB"
"ENSG00000113721","patient2","XGBoost","all",9.14156487592612e-05,"PDGFRB"
"ENSG00000113721","patient4","XGBoost","all",0.000144674986528376,"PDGFRB"
"ENSG00000113721","patient3","XGBoost","all",0.000269069641298702,"PDGFRB"
"ENSG00000113742","patient4","XGBoost","all",1.98118851822658e-05,"CPEB4"
"ENSG00000113811","patient4","XGBoost","all",2.74652258340844e-05,"SELENOK"
"ENSG00000113811","patient2","XGBoost","all",4.14982699335431e-05,"SELENOK"
"ENSG00000113811","patient3","XGBoost","all",4.722969979763e-05,"SELENOK"
"ENSG00000113811","patient5","XGBoost","all",3.14296511159738e-05,"SELENOK"
"ENSG00000113811","patient6","XGBoost","all",5.36537974652893e-05,"SELENOK"
"ENSG00000113811","patient1","XGBoost","all",1.54112486007781e-05,"SELENOK"
"ENSG00000113845","patient1","XGBoost","all",4.47497877242073e-06,"TIMMDC1"
"ENSG00000113845","patient6","XGBoost","all",1.29792574517231e-05,"TIMMDC1"
"ENSG00000113845","patient5","XGBoost","all",6.61604711175938e-06,"TIMMDC1"
"ENSG00000113845","patient4","XGBoost","all",9.86105434380943e-06,"TIMMDC1"
"ENSG00000113845","patient2","XGBoost","all",1.15810308431052e-05,"TIMMDC1"
"ENSG00000113845","patient3","XGBoost","all",7.22832267564966e-06,"TIMMDC1"
"ENSG00000113851","patient1","XGBoost","all",1.3998354463729e-05,"CRBN"
"ENSG00000113851","patient5","XGBoost","all",6.80583894219222e-06,"CRBN"
"ENSG00000113851","patient2","XGBoost","all",4.00023203438435e-06,"CRBN"
"ENSG00000113851","patient3","XGBoost","all",6.30470905304555e-06,"CRBN"
"ENSG00000113851","patient4","XGBoost","all",2.785275780393e-06,"CRBN"
"ENSG00000113851","patient6","XGBoost","all",7.67239317523109e-06,"CRBN"
"ENSG00000114023","patient6","XGBoost","all",9.53552932600769e-06,"FAM162A"
"ENSG00000114023","patient2","XGBoost","all",1.36323006056845e-05,"FAM162A"
"ENSG00000114023","patient1","XGBoost","all",3.36241178555967e-06,"FAM162A"
"ENSG00000114023","patient5","XGBoost","all",9.89647529198349e-06,"FAM162A"
"ENSG00000114023","patient3","XGBoost","all",1.00855007193825e-05,"FAM162A"
"ENSG00000114023","patient4","XGBoost","all",7.16741239882277e-06,"FAM162A"
"ENSG00000114062","patient1","XGBoost","all",8.04678068734996e-06,"UBE3A"
"ENSG00000114062","patient5","XGBoost","all",7.61225117759722e-06,"UBE3A"
"ENSG00000114062","patient2","XGBoost","all",6.35350762001358e-06,"UBE3A"
"ENSG00000114062","patient6","XGBoost","all",1.21739234386881e-05,"UBE3A"
"ENSG00000114062","patient3","XGBoost","all",3.58839828538718e-06,"UBE3A"
"ENSG00000114062","patient4","XGBoost","all",3.47203394273067e-06,"UBE3A"
"ENSG00000114115","patient1","XGBoost","all",8.9657969114935e-05,"RBP1"
"ENSG00000114115","patient2","XGBoost","all",6.06569803783302e-05,"RBP1"
"ENSG00000114115","patient4","XGBoost","all",3.05414188653624e-05,"RBP1"
"ENSG00000114115","patient3","XGBoost","all",3.87930549160431e-05,"RBP1"
"ENSG00000114125","patient2","XGBoost","all",1.85998664429894e-05,"RNF7"
"ENSG00000114125","patient4","XGBoost","all",1.36910710608127e-05,"RNF7"
"ENSG00000114125","patient3","XGBoost","all",2.08423094220578e-05,"RNF7"
"ENSG00000114125","patient6","XGBoost","all",3.1432218222946e-05,"RNF7"
"ENSG00000114125","patient1","XGBoost","all",9.84182596455994e-06,"RNF7"
"ENSG00000114125","patient5","XGBoost","all",1.90129704839665e-05,"RNF7"
"ENSG00000114209","patient4","XGBoost","all",1.03452739573789e-05,"PDCD10"
"ENSG00000114209","patient2","XGBoost","all",9.68118308820863e-06,"PDCD10"
"ENSG00000114209","patient3","XGBoost","all",2.112111507881e-05,"PDCD10"
"ENSG00000114209","patient5","XGBoost","all",6.24308911546817e-06,"PDCD10"
"ENSG00000114209","patient1","XGBoost","all",7.83136790767332e-06,"PDCD10"
"ENSG00000114209","patient6","XGBoost","all",9.31837148821976e-06,"PDCD10"
"ENSG00000114315","patient5","XGBoost","all",2.76712396893312e-05,"HES1"
"ENSG00000114315","patient3","XGBoost","all",2.38020701116328e-05,"HES1"
"ENSG00000114315","patient4","XGBoost","all",4.21378870234864e-05,"HES1"
"ENSG00000114315","patient2","XGBoost","all",1.75319107448301e-05,"HES1"
"ENSG00000114315","patient1","XGBoost","all",1.23505595614107e-05,"HES1"
"ENSG00000114315","patient6","XGBoost","all",2.74668823907413e-05,"HES1"
"ENSG00000114331","patient3","XGBoost","all",2.01383959526371e-05,"ACAP2"
"ENSG00000114331","patient2","XGBoost","all",7.57008915839822e-06,"ACAP2"
"ENSG00000114331","patient4","XGBoost","all",1.41586597543386e-05,"ACAP2"
"ENSG00000114331","patient6","XGBoost","all",1.94590962575712e-05,"ACAP2"
"ENSG00000114331","patient1","XGBoost","all",1.84633344887632e-05,"ACAP2"
"ENSG00000114331","patient5","XGBoost","all",8.03876356158197e-06,"ACAP2"
"ENSG00000114354","patient2","XGBoost","all",1.33469467822455e-05,"TFG"
"ENSG00000114354","patient4","XGBoost","all",7.95110101582812e-06,"TFG"
"ENSG00000114354","patient1","XGBoost","all",1.13523081427053e-05,"TFG"
"ENSG00000114354","patient6","XGBoost","all",1.26645788094301e-05,"TFG"
"ENSG00000114354","patient3","XGBoost","all",1.79056172921857e-05,"TFG"
"ENSG00000114354","patient5","XGBoost","all",1.25239614522549e-05,"TFG"
"ENSG00000114416","patient3","XGBoost","all",8.91757162975751e-06,"FXR1"
"ENSG00000114416","patient1","XGBoost","all",1.25454949597605e-05,"FXR1"
"ENSG00000114416","patient6","XGBoost","all",1.44443370479967e-05,"FXR1"
"ENSG00000114416","patient5","XGBoost","all",9.93218855013717e-06,"FXR1"
"ENSG00000114416","patient4","XGBoost","all",2.46732552344989e-05,"FXR1"
"ENSG00000114416","patient2","XGBoost","all",1.15361553160621e-05,"FXR1"
"ENSG00000114439","patient6","XGBoost","all",1.73717180199995e-05,"BBX"
"ENSG00000114439","patient4","XGBoost","all",1.16031218298244e-05,"BBX"
"ENSG00000114439","patient2","XGBoost","all",1.09012364796927e-05,"BBX"
"ENSG00000114439","patient1","XGBoost","all",1.29336461629754e-05,"BBX"
"ENSG00000114439","patient5","XGBoost","all",1.33489607324174e-05,"BBX"
"ENSG00000114439","patient3","XGBoost","all",1.72043952811611e-05,"BBX"
"ENSG00000114446","patient4","XGBoost","all",2.6957066528104e-06,"IFT57"
"ENSG00000114446","patient3","XGBoost","all",1.89712527567264e-05,"IFT57"
"ENSG00000114450","patient4","XGBoost","all",1.17847690635082e-06,"GNB4"
"ENSG00000114450","patient5","XGBoost","all",1.97901560174478e-05,"GNB4"
"ENSG00000114450","patient1","XGBoost","all",5.93685207143535e-06,"GNB4"
"ENSG00000114450","patient6","XGBoost","all",4.10841988039934e-06,"GNB4"
"ENSG00000114450","patient2","XGBoost","all",8.40587611192317e-06,"GNB4"
"ENSG00000114450","patient3","XGBoost","all",4.85852048762813e-06,"GNB4"
"ENSG00000114541","patient1","XGBoost","all",2.88792084508918e-05,"FRMD4B"
"ENSG00000114541","patient3","XGBoost","all",1.83433919516125e-05,"FRMD4B"
"ENSG00000114541","patient6","XGBoost","all",2.34227463799218e-05,"FRMD4B"
"ENSG00000114541","patient5","XGBoost","all",2.94162829604276e-05,"FRMD4B"
"ENSG00000114541","patient4","XGBoost","all",1.4439210689009e-05,"FRMD4B"
"ENSG00000114541","patient2","XGBoost","all",5.27474292534665e-05,"FRMD4B"
"ENSG00000114626","patient5","XGBoost","all",1.85620843030894e-05,"ABTB1"
"ENSG00000114626","patient6","XGBoost","all",1.13585903922653e-05,"ABTB1"
"ENSG00000114698","patient1","XGBoost","all",1.62680875237644e-05,"PLSCR4"
"ENSG00000114698","patient3","XGBoost","all",1.21179341351194e-05,"PLSCR4"
"ENSG00000114698","patient2","XGBoost","all",1.08002757547503e-05,"PLSCR4"
"ENSG00000114698","patient5","XGBoost","all",2.74606908789624e-05,"PLSCR4"
"ENSG00000114698","patient4","XGBoost","all",1.72678098898212e-05,"PLSCR4"
"ENSG00000114698","patient6","XGBoost","all",2.05134288203472e-05,"PLSCR4"
"ENSG00000114784","patient6","XGBoost","all",1.17325462747445e-05,"EIF1B"
"ENSG00000114784","patient2","XGBoost","all",1.23868784092618e-05,"EIF1B"
"ENSG00000114784","patient3","XGBoost","all",2.28568007932668e-05,"EIF1B"
"ENSG00000114784","patient5","XGBoost","all",1.07132667923333e-05,"EIF1B"
"ENSG00000114784","patient4","XGBoost","all",4.9905356966888e-06,"EIF1B"
"ENSG00000114784","patient1","XGBoost","all",1.17569976584511e-05,"EIF1B"
"ENSG00000114850","patient6","XGBoost","all",3.19693095656439e-05,"SSR3"
"ENSG00000114850","patient1","XGBoost","all",2.43274785633343e-05,"SSR3"
"ENSG00000114850","patient4","XGBoost","all",2.10050940111576e-05,"SSR3"
"ENSG00000114850","patient5","XGBoost","all",2.02571183180902e-05,"SSR3"
"ENSG00000114850","patient3","XGBoost","all",3.6196009967501e-05,"SSR3"
"ENSG00000114850","patient2","XGBoost","all",2.20958021103347e-05,"SSR3"
"ENSG00000114857","patient5","XGBoost","all",8.29539327039651e-06,"NKTR"
"ENSG00000114857","patient1","XGBoost","all",1.29837350625966e-05,"NKTR"
"ENSG00000114857","patient6","XGBoost","all",8.07050520879259e-06,"NKTR"
"ENSG00000114857","patient2","XGBoost","all",1.15621761214596e-05,"NKTR"
"ENSG00000114857","patient4","XGBoost","all",1.07540942544979e-05,"NKTR"
"ENSG00000114857","patient3","XGBoost","all",1.00325097875165e-05,"NKTR"
"ENSG00000114861","patient5","XGBoost","all",3.13696958069922e-05,"FOXP1"
"ENSG00000114861","patient3","XGBoost","all",3.87042519606647e-05,"FOXP1"
"ENSG00000114861","patient1","XGBoost","all",7.13765856866385e-06,"FOXP1"
"ENSG00000114861","patient4","XGBoost","all",2.20961185432161e-05,"FOXP1"
"ENSG00000114861","patient6","XGBoost","all",1.42352834203681e-05,"FOXP1"
"ENSG00000114861","patient2","XGBoost","all",2.94378746682923e-05,"FOXP1"
"ENSG00000114956","patient2","XGBoost","all",5.22520371994552e-06,"DGUOK"
"ENSG00000114956","patient6","XGBoost","all",3.85728325309647e-06,"DGUOK"
"ENSG00000114956","patient1","XGBoost","all",6.06033695342768e-06,"DGUOK"
"ENSG00000114956","patient3","XGBoost","all",8.79840556452489e-06,"DGUOK"
"ENSG00000114956","patient5","XGBoost","all",1.11857746335662e-06,"DGUOK"
"ENSG00000114956","patient4","XGBoost","all",6.41938317627366e-06,"DGUOK"
"ENSG00000114978","patient2","XGBoost","all",1.70105011750301e-05,"MOB1A"
"ENSG00000114978","patient1","XGBoost","all",2.26585797611328e-05,"MOB1A"
"ENSG00000114978","patient6","XGBoost","all",8.33536792418178e-06,"MOB1A"
"ENSG00000114978","patient4","XGBoost","all",9.33632930193143e-06,"MOB1A"
"ENSG00000114978","patient3","XGBoost","all",1.00973391916851e-05,"MOB1A"
"ENSG00000114978","patient5","XGBoost","all",9.08582703311934e-06,"MOB1A"
"ENSG00000115091","patient2","XGBoost","all",1.15754279814424e-05,"ACTR3"
"ENSG00000115091","patient3","XGBoost","all",1.32736538045399e-05,"ACTR3"
"ENSG00000115091","patient6","XGBoost","all",1.95674198305421e-05,"ACTR3"
"ENSG00000115091","patient4","XGBoost","all",1.21693031737403e-05,"ACTR3"
"ENSG00000115091","patient1","XGBoost","all",1.63729471791692e-05,"ACTR3"
"ENSG00000115091","patient5","XGBoost","all",7.74630124817893e-06,"ACTR3"
"ENSG00000115234","patient2","XGBoost","all",3.57921967954382e-06,"SNX17"
"ENSG00000115234","patient3","XGBoost","all",5.85196675956756e-06,"SNX17"
"ENSG00000115234","patient1","XGBoost","all",4.45996121149211e-06,"SNX17"
"ENSG00000115234","patient5","XGBoost","all",8.33989321606938e-06,"SNX17"
"ENSG00000115234","patient4","XGBoost","all",4.31953539423955e-06,"SNX17"
"ENSG00000115234","patient6","XGBoost","all",4.31175489738359e-06,"SNX17"
"ENSG00000115241","patient5","XGBoost","all",2.13484407175002e-05,"PPM1G"
"ENSG00000115241","patient1","XGBoost","all",9.2979804566898e-06,"PPM1G"
"ENSG00000115241","patient6","XGBoost","all",1.27742466826645e-05,"PPM1G"
"ENSG00000115241","patient2","XGBoost","all",1.18775009125113e-05,"PPM1G"
"ENSG00000115241","patient3","XGBoost","all",1.26275095917982e-05,"PPM1G"
"ENSG00000115241","patient4","XGBoost","all",1.45839683811818e-05,"PPM1G"
"ENSG00000115286","patient6","XGBoost","all",6.11036961440678e-06,"NDUFS7"
"ENSG00000115286","patient4","XGBoost","all",1.62906221354907e-06,"NDUFS7"
"ENSG00000115286","patient5","XGBoost","all",5.60060928298321e-06,"NDUFS7"
"ENSG00000115286","patient3","XGBoost","all",1.09403945363567e-05,"NDUFS7"
"ENSG00000115286","patient2","XGBoost","all",5.14868347234591e-06,"NDUFS7"
"ENSG00000115286","patient1","XGBoost","all",8.87907356122119e-06,"NDUFS7"
"ENSG00000115306","patient2","XGBoost","all",3.06725858985488e-05,"SPTBN1"
"ENSG00000115306","patient4","XGBoost","all",4.66260273223026e-05,"SPTBN1"
"ENSG00000115306","patient5","XGBoost","all",4.78688103362625e-05,"SPTBN1"
"ENSG00000115306","patient1","XGBoost","all",1.79716714596618e-05,"SPTBN1"
"ENSG00000115306","patient6","XGBoost","all",2.71799532354728e-05,"SPTBN1"
"ENSG00000115306","patient3","XGBoost","all",3.88818578714215e-05,"SPTBN1"
"ENSG00000115307","patient3","XGBoost","all",3.69924419399957e-06,"AUP1"
"ENSG00000115307","patient6","XGBoost","all",5.83379406061147e-06,"AUP1"
"ENSG00000115307","patient5","XGBoost","all",7.22676296811551e-06,"AUP1"
"ENSG00000115307","patient1","XGBoost","all",2.69139041640049e-06,"AUP1"
"ENSG00000115307","patient2","XGBoost","all",3.12881006486075e-06,"AUP1"
"ENSG00000115350","patient2","XGBoost","all",1.67782429530371e-05,"POLE4"
"ENSG00000115350","patient1","XGBoost","all",7.81420381715171e-06,"POLE4"
"ENSG00000115350","patient3","XGBoost","all",7.20993382475333e-06,"POLE4"
"ENSG00000115350","patient5","XGBoost","all",1.05970396393355e-05,"POLE4"
"ENSG00000115350","patient6","XGBoost","all",3.66362968745363e-06,"POLE4"
"ENSG00000115350","patient4","XGBoost","all",1.12579872581243e-05,"POLE4"
"ENSG00000115355","patient5","XGBoost","all",1.59018522710209e-05,"CCDC88A"
"ENSG00000115355","patient1","XGBoost","all",5.72165146382302e-06,"CCDC88A"
"ENSG00000115355","patient6","XGBoost","all",4.5295052230654e-06,"CCDC88A"
"ENSG00000115355","patient3","XGBoost","all",9.7769904042664e-06,"CCDC88A"
"ENSG00000115355","patient2","XGBoost","all",1.29178646881229e-05,"CCDC88A"
"ENSG00000115355","patient4","XGBoost","all",2.4225850811774e-06,"CCDC88A"
"ENSG00000115380","patient2","XGBoost","all",0.000483376397425358,"EFEMP1"
"ENSG00000115380","patient3","XGBoost","all",0.000728047421841064,"EFEMP1"
"ENSG00000115380","patient5","XGBoost","all",0.000421769531865864,"EFEMP1"
"ENSG00000115380","patient4","XGBoost","all",0.000614628352280975,"EFEMP1"
"ENSG00000115380","patient1","XGBoost","all",0.000449462978613966,"EFEMP1"
"ENSG00000115380","patient6","XGBoost","all",0.000435521283883206,"EFEMP1"
"ENSG00000115414","patient5","XGBoost","all",0.0103754624744119,"FN1"
"ENSG00000115414","patient1","XGBoost","all",0.0086978447774142,"FN1"
"ENSG00000115414","patient3","XGBoost","all",0.00889224083100009,"FN1"
"ENSG00000115414","patient2","XGBoost","all",0.00834686234639258,"FN1"
"ENSG00000115414","patient6","XGBoost","all",0.00996292763927453,"FN1"
"ENSG00000115414","patient4","XGBoost","all",0.0102723489137781,"FN1"
"ENSG00000115419","patient6","XGBoost","all",9.95517719204289e-06,"GLS"
"ENSG00000115419","patient5","XGBoost","all",5.58200441375822e-06,"GLS"
"ENSG00000115419","patient4","XGBoost","all",1.18879952881748e-05,"GLS"
"ENSG00000115419","patient1","XGBoost","all",4.21128518420496e-06,"GLS"
"ENSG00000115419","patient3","XGBoost","all",5.7555157535833e-06,"GLS"
"ENSG00000115419","patient2","XGBoost","all",5.25873503113357e-06,"GLS"
"ENSG00000115457","patient2","XGBoost","all",0.00909378042942701,"IGFBP2"
"ENSG00000115457","patient6","XGBoost","all",0.00725744873273209,"IGFBP2"
"ENSG00000115457","patient5","XGBoost","all",0.00684203069585202,"IGFBP2"
"ENSG00000115457","patient1","XGBoost","all",0.0088051088303404,"IGFBP2"
"ENSG00000115457","patient3","XGBoost","all",0.0082700703211852,"IGFBP2"
"ENSG00000115457","patient4","XGBoost","all",0.00761251286183456,"IGFBP2"
"ENSG00000115461","patient5","XGBoost","all",0.000770826197450928,"IGFBP5"
"ENSG00000115461","patient3","XGBoost","all",0.0007419538202188,"IGFBP5"
"ENSG00000115461","patient4","XGBoost","all",0.000586587905691531,"IGFBP5"
"ENSG00000115461","patient6","XGBoost","all",0.000652294250639539,"IGFBP5"
"ENSG00000115461","patient1","XGBoost","all",0.00132347298898628,"IGFBP5"
"ENSG00000115461","patient2","XGBoost","all",0.00061492883126084,"IGFBP5"
"ENSG00000115464","patient4","XGBoost","all",1.86772459381358e-05,"USP34"
"ENSG00000115464","patient2","XGBoost","all",6.70374371313372e-06,"USP34"
"ENSG00000115464","patient3","XGBoost","all",9.51498436353456e-06,"USP34"
"ENSG00000115464","patient1","XGBoost","all",3.65235620506161e-06,"USP34"
"ENSG00000115464","patient6","XGBoost","all",1.33225447951772e-05,"USP34"
"ENSG00000115464","patient5","XGBoost","all",2.36057444610668e-06,"USP34"
"ENSG00000115468","patient3","XGBoost","all",3.19568173453676e-05,"EFHD1"
"ENSG00000115468","patient6","XGBoost","all",1.51505968428889e-05,"EFHD1"
"ENSG00000115468","patient1","XGBoost","all",5.61130636444776e-05,"EFHD1"
"ENSG00000115468","patient4","XGBoost","all",3.05013892813195e-05,"EFHD1"
"ENSG00000115468","patient5","XGBoost","all",9.21169412314759e-05,"EFHD1"
"ENSG00000115468","patient2","XGBoost","all",3.34952070738434e-05,"EFHD1"
"ENSG00000115484","patient4","XGBoost","all",1.24190619326543e-05,"CCT4"
"ENSG00000115484","patient2","XGBoost","all",8.53294646169997e-06,"CCT4"
"ENSG00000115484","patient6","XGBoost","all",1.64751337586088e-05,"CCT4"
"ENSG00000115484","patient5","XGBoost","all",1.66823609052327e-05,"CCT4"
"ENSG00000115484","patient3","XGBoost","all",4.09586563527836e-05,"CCT4"
"ENSG00000115484","patient1","XGBoost","all",6.30460735554708e-06,"CCT4"
"ENSG00000115524","patient6","XGBoost","all",1.25308956165696e-05,"SF3B1"
"ENSG00000115524","patient1","XGBoost","all",9.66089688471712e-06,"SF3B1"
"ENSG00000115524","patient5","XGBoost","all",6.78763241106785e-06,"SF3B1"
"ENSG00000115524","patient2","XGBoost","all",7.70562827700123e-06,"SF3B1"
"ENSG00000115541","patient5","XGBoost","all",7.89904066046222e-06,"HSPE1"
"ENSG00000115541","patient3","XGBoost","all",1.4539570792683e-05,"HSPE1"
"ENSG00000115541","patient1","XGBoost","all",2.9498843079094e-06,"HSPE1"
"ENSG00000115541","patient2","XGBoost","all",9.5013349131933e-06,"HSPE1"
"ENSG00000115541","patient4","XGBoost","all",9.30568379050336e-06,"HSPE1"
"ENSG00000115541","patient6","XGBoost","all",1.06152883680515e-05,"HSPE1"
"ENSG00000115561","patient4","XGBoost","all",1.5726382464323e-05,"CHMP3"
"ENSG00000115561","patient1","XGBoost","all",8.85829699136383e-06,"CHMP3"
"ENSG00000115561","patient3","XGBoost","all",1.52972284685434e-05,"CHMP3"
"ENSG00000115561","patient2","XGBoost","all",9.33460569796626e-06,"CHMP3"
"ENSG00000115561","patient6","XGBoost","all",9.65948163426312e-06,"CHMP3"
"ENSG00000115561","patient5","XGBoost","all",1.99471554774726e-05,"CHMP3"
"ENSG00000115594","patient3","XGBoost","all",2.35656936124373e-05,"IL1R1"
"ENSG00000115594","patient5","XGBoost","all",8.63565150601317e-06,"IL1R1"
"ENSG00000115594","patient1","XGBoost","all",2.22139308029929e-05,"IL1R1"
"ENSG00000115594","patient4","XGBoost","all",8.85136984830514e-06,"IL1R1"
"ENSG00000115594","patient6","XGBoost","all",8.2902428228003e-06,"IL1R1"
"ENSG00000115594","patient2","XGBoost","all",1.73193717536683e-05,"IL1R1"
"ENSG00000115641","patient5","XGBoost","all",0.000285118347586076,"FHL2"
"ENSG00000115641","patient3","XGBoost","all",9.17886050454581e-05,"FHL2"
"ENSG00000115641","patient1","XGBoost","all",6.58315720948865e-05,"FHL2"
"ENSG00000115641","patient4","XGBoost","all",0.000130473225387115,"FHL2"
"ENSG00000115641","patient2","XGBoost","all",0.000108577879849355,"FHL2"
"ENSG00000115641","patient6","XGBoost","all",0.000100467726908472,"FHL2"
"ENSG00000115677","patient6","XGBoost","all",1.19063052633939e-05,"HDLBP"
"ENSG00000115677","patient5","XGBoost","all",1.68539423296569e-05,"HDLBP"
"ENSG00000115677","patient2","XGBoost","all",1.81031302548333e-05,"HDLBP"
"ENSG00000115677","patient4","XGBoost","all",1.1609328175323e-05,"HDLBP"
"ENSG00000115677","patient3","XGBoost","all",2.54226830837164e-05,"HDLBP"
"ENSG00000115677","patient1","XGBoost","all",1.86266484735917e-05,"HDLBP"
"ENSG00000115685","patient3","XGBoost","all",2.19637630635159e-05,"PPP1R7"
"ENSG00000115685","patient2","XGBoost","all",8.27111794644296e-06,"PPP1R7"
"ENSG00000115685","patient1","XGBoost","all",1.23218826369913e-05,"PPP1R7"
"ENSG00000115685","patient6","XGBoost","all",1.39283192122851e-05,"PPP1R7"
"ENSG00000115685","patient5","XGBoost","all",7.39384565192861e-06,"PPP1R7"
"ENSG00000115738","patient3","XGBoost","all",2.16296398957261e-05,"ID2"
"ENSG00000115738","patient1","XGBoost","all",1.31775707209272e-05,"ID2"
"ENSG00000115738","patient2","XGBoost","all",9.44225617131022e-06,"ID2"
"ENSG00000115738","patient5","XGBoost","all",2.18858422139437e-05,"ID2"
"ENSG00000115738","patient4","XGBoost","all",1.41980749778057e-05,"ID2"
"ENSG00000115738","patient6","XGBoost","all",2.76898683747505e-05,"ID2"
"ENSG00000115816","patient3","XGBoost","all",1.79834613541821e-06,"CEBPZ"
"ENSG00000115816","patient2","XGBoost","all",8.40440894641024e-06,"CEBPZ"
"ENSG00000115816","patient6","XGBoost","all",8.71776017990125e-06,"CEBPZ"
"ENSG00000115816","patient1","XGBoost","all",8.73227196912517e-06,"CEBPZ"
"ENSG00000115816","patient4","XGBoost","all",2.0567763798193e-05,"CEBPZ"
"ENSG00000115816","patient5","XGBoost","all",6.61650124819317e-06,"CEBPZ"
"ENSG00000115866","patient5","XGBoost","all",1.08304347672264e-05,"DARS1"
"ENSG00000115866","patient6","XGBoost","all",3.50274006219881e-06,"DARS1"
"ENSG00000115866","patient2","XGBoost","all",1.56897429901662e-05,"DARS1"
"ENSG00000115875","patient6","XGBoost","all",2.57943168058764e-05,"SRSF7"
"ENSG00000115875","patient3","XGBoost","all",4.16800218210377e-05,"SRSF7"
"ENSG00000115875","patient2","XGBoost","all",2.54030537134993e-05,"SRSF7"
"ENSG00000115875","patient4","XGBoost","all",1.84733548183386e-05,"SRSF7"
"ENSG00000115875","patient5","XGBoost","all",3.4296916663422e-05,"SRSF7"
"ENSG00000115875","patient1","XGBoost","all",7.38471868166019e-06,"SRSF7"
"ENSG00000115944","patient1","XGBoost","all",8.97607211204445e-06,"COX7A2L"
"ENSG00000115944","patient5","XGBoost","all",1.78613362862241e-05,"COX7A2L"
"ENSG00000115944","patient2","XGBoost","all",8.8489147002277e-06,"COX7A2L"
"ENSG00000115944","patient4","XGBoost","all",1.51440533778455e-05,"COX7A2L"
"ENSG00000115944","patient6","XGBoost","all",1.80163462710697e-05,"COX7A2L"
"ENSG00000115944","patient3","XGBoost","all",5.08035264301618e-06,"COX7A2L"
"ENSG00000115956","patient5","XGBoost","all",0.000154649829414246,"PLEK"
"ENSG00000115956","patient6","XGBoost","all",9.92568039918393e-05,"PLEK"
"ENSG00000115956","patient3","XGBoost","all",0.000167934684502448,"PLEK"
"ENSG00000115977","patient2","XGBoost","all",7.9794118884625e-06,"AAK1"
"ENSG00000115977","patient5","XGBoost","all",1.01758412716075e-05,"AAK1"
"ENSG00000115977","patient1","XGBoost","all",1.19492218458849e-05,"AAK1"
"ENSG00000115977","patient6","XGBoost","all",1.7609644941222e-05,"AAK1"
"ENSG00000115977","patient4","XGBoost","all",2.57992152095925e-05,"AAK1"
"ENSG00000115977","patient3","XGBoost","all",1.09356806912402e-05,"AAK1"
"ENSG00000116005","patient1","XGBoost","all",1.78933921872661e-05,"PCYOX1"
"ENSG00000116005","patient2","XGBoost","all",3.59076423257316e-06,"PCYOX1"
"ENSG00000116005","patient4","XGBoost","all",1.95889195517529e-05,"PCYOX1"
"ENSG00000116005","patient6","XGBoost","all",5.24761370893008e-06,"PCYOX1"
"ENSG00000116005","patient5","XGBoost","all",1.81129433700773e-05,"PCYOX1"
"ENSG00000116005","patient3","XGBoost","all",5.97258058363586e-06,"PCYOX1"
"ENSG00000116016","patient5","XGBoost","all",0.000306590414160556,"EPAS1"
"ENSG00000116016","patient3","XGBoost","all",0.000261777688541241,"EPAS1"
"ENSG00000116016","patient1","XGBoost","all",0.000173364183755468,"EPAS1"
"ENSG00000116016","patient4","XGBoost","all",0.000191034042403218,"EPAS1"
"ENSG00000116016","patient2","XGBoost","all",0.000171501126977102,"EPAS1"
"ENSG00000116016","patient6","XGBoost","all",0.000275042593437157,"EPAS1"
"ENSG00000116030","patient3","XGBoost","all",2.35889245092588e-05,"SUMO1"
"ENSG00000116030","patient4","XGBoost","all",8.62536989579708e-06,"SUMO1"
"ENSG00000116030","patient6","XGBoost","all",9.48886788146804e-06,"SUMO1"
"ENSG00000116030","patient1","XGBoost","all",7.48261331694353e-06,"SUMO1"
"ENSG00000116030","patient5","XGBoost","all",1.24521396977543e-05,"SUMO1"
"ENSG00000116030","patient2","XGBoost","all",1.14944917630254e-05,"SUMO1"
"ENSG00000116044","patient3","XGBoost","all",4.40689930642849e-05,"NFE2L2"
"ENSG00000116044","patient4","XGBoost","all",7.45793846335168e-05,"NFE2L2"
"ENSG00000116044","patient1","XGBoost","all",5.41624610672613e-05,"NFE2L2"
"ENSG00000116044","patient2","XGBoost","all",4.24858710161165e-05,"NFE2L2"
"ENSG00000116044","patient6","XGBoost","all",4.02421447669381e-05,"NFE2L2"
"ENSG00000116044","patient5","XGBoost","all",5.75483300842628e-05,"NFE2L2"
"ENSG00000116132","patient6","XGBoost","all",0.000156698853824794,"PRRX1"
"ENSG00000116132","patient4","XGBoost","all",0.000181915901548701,"PRRX1"
"ENSG00000116132","patient2","XGBoost","all",0.000100266401692871,"PRRX1"
"ENSG00000116132","patient1","XGBoost","all",6.94887993706391e-05,"PRRX1"
"ENSG00000116132","patient3","XGBoost","all",9.5435746610236e-05,"PRRX1"
"ENSG00000116132","patient5","XGBoost","all",9.27856222562643e-05,"PRRX1"
"ENSG00000116161","patient6","XGBoost","all",4.49377706503309e-06,"CACYBP"
"ENSG00000116161","patient3","XGBoost","all",9.57060606702334e-06,"CACYBP"
"ENSG00000116161","patient4","XGBoost","all",8.99812624935387e-06,"CACYBP"
"ENSG00000116161","patient2","XGBoost","all",2.31118027144097e-06,"CACYBP"
"ENSG00000116161","patient1","XGBoost","all",1.04743275509866e-05,"CACYBP"
"ENSG00000116161","patient5","XGBoost","all",6.16540388612457e-06,"CACYBP"
"ENSG00000116171","patient2","XGBoost","all",8.20099993543813e-06,"SCP2"
"ENSG00000116171","patient1","XGBoost","all",1.74612424964958e-05,"SCP2"
"ENSG00000116171","patient5","XGBoost","all",1.52813903058059e-05,"SCP2"
"ENSG00000116194","patient4","XGBoost","all",0.000354333612598197,"ANGPTL1"
"ENSG00000116194","patient2","XGBoost","all",0.000287254364643466,"ANGPTL1"
"ENSG00000116194","patient6","XGBoost","all",0.000389489711587604,"ANGPTL1"
"ENSG00000116194","patient1","XGBoost","all",0.000385204368001062,"ANGPTL1"
"ENSG00000116194","patient5","XGBoost","all",0.000426881799949347,"ANGPTL1"
"ENSG00000116194","patient3","XGBoost","all",0.000294899971093237,"ANGPTL1"
"ENSG00000116285","patient6","XGBoost","all",1.71105681339092e-05,"ERRFI1"
"ENSG00000116285","patient4","XGBoost","all",1.89985353344366e-05,"ERRFI1"
"ENSG00000116285","patient2","XGBoost","all",2.20005455670053e-05,"ERRFI1"
"ENSG00000116285","patient3","XGBoost","all",1.50956239732828e-05,"ERRFI1"
"ENSG00000116285","patient5","XGBoost","all",1.07986072429959e-05,"ERRFI1"
"ENSG00000116350","patient5","XGBoost","all",9.9140602916746e-06,"SRSF4"
"ENSG00000116350","patient2","XGBoost","all",1.68944470671136e-06,"SRSF4"
"ENSG00000116350","patient3","XGBoost","all",1.5664818874642e-05,"SRSF4"
"ENSG00000116350","patient1","XGBoost","all",8.22293978371563e-06,"SRSF4"
"ENSG00000116350","patient6","XGBoost","all",9.19409057323328e-06,"SRSF4"
"ENSG00000116350","patient4","XGBoost","all",1.43405805577351e-05,"SRSF4"
"ENSG00000116459","patient6","XGBoost","all",1.01824727608648e-05,"ATP5PB"
"ENSG00000116459","patient5","XGBoost","all",1.26061399973717e-05,"ATP5PB"
"ENSG00000116459","patient1","XGBoost","all",2.81839039334303e-06,"ATP5PB"
"ENSG00000116459","patient4","XGBoost","all",7.33491039512057e-06,"ATP5PB"
"ENSG00000116459","patient3","XGBoost","all",1.39681775129609e-05,"ATP5PB"
"ENSG00000116459","patient2","XGBoost","all",8.58514465787263e-06,"ATP5PB"
"ENSG00000116473","patient3","XGBoost","all",1.65782610147477e-05,"RAP1A"
"ENSG00000116473","patient2","XGBoost","all",2.43833039423052e-05,"RAP1A"
"ENSG00000116473","patient1","XGBoost","all",1.95321336742749e-05,"RAP1A"
"ENSG00000116473","patient5","XGBoost","all",3.37163815054912e-05,"RAP1A"
"ENSG00000116473","patient6","XGBoost","all",3.82334842006633e-05,"RAP1A"
"ENSG00000116473","patient4","XGBoost","all",1.05386085047355e-05,"RAP1A"
"ENSG00000116489","patient2","XGBoost","all",1.26442955591537e-05,"CAPZA1"
"ENSG00000116489","patient6","XGBoost","all",7.43015026776609e-06,"CAPZA1"
"ENSG00000116489","patient5","XGBoost","all",8.9459444867686e-06,"CAPZA1"
"ENSG00000116489","patient4","XGBoost","all",2.75883220197481e-06,"CAPZA1"
"ENSG00000116489","patient1","XGBoost","all",5.8272461306548e-06,"CAPZA1"
"ENSG00000116489","patient3","XGBoost","all",9.63995587721855e-06,"CAPZA1"
"ENSG00000116539","patient4","XGBoost","all",1.22152335525976e-05,"ASH1L"
"ENSG00000116539","patient1","XGBoost","all",2.19155124608179e-05,"ASH1L"
"ENSG00000116539","patient2","XGBoost","all",6.07091443625717e-06,"ASH1L"
"ENSG00000116539","patient5","XGBoost","all",1.35685457728509e-05,"ASH1L"
"ENSG00000116539","patient6","XGBoost","all",1.24169757713911e-05,"ASH1L"
"ENSG00000116539","patient3","XGBoost","all",9.55549050896219e-06,"ASH1L"
"ENSG00000116560","patient2","XGBoost","all",7.56929899437085e-06,"SFPQ"
"ENSG00000116560","patient3","XGBoost","all",1.00860635892049e-05,"SFPQ"
"ENSG00000116560","patient5","XGBoost","all",9.89870335042569e-06,"SFPQ"
"ENSG00000116560","patient6","XGBoost","all",1.0714408107473e-05,"SFPQ"
"ENSG00000116560","patient1","XGBoost","all",4.69260695429763e-06,"SFPQ"
"ENSG00000116560","patient4","XGBoost","all",1.33359022046416e-05,"SFPQ"
"ENSG00000116586","patient2","XGBoost","all",7.86693753281324e-06,"LAMTOR2"
"ENSG00000116586","patient3","XGBoost","all",6.54049575266295e-06,"LAMTOR2"
"ENSG00000116586","patient4","XGBoost","all",1.0710611540322e-05,"LAMTOR2"
"ENSG00000116586","patient1","XGBoost","all",6.08351925086235e-06,"LAMTOR2"
"ENSG00000116586","patient5","XGBoost","all",1.11656130295948e-05,"LAMTOR2"
"ENSG00000116586","patient6","XGBoost","all",4.29906512965907e-06,"LAMTOR2"
"ENSG00000116649","patient6","XGBoost","all",6.75476670273323e-06,"SRM"
"ENSG00000116649","patient5","XGBoost","all",1.2173774213243e-05,"SRM"
"ENSG00000116649","patient2","XGBoost","all",2.13031050842106e-05,"SRM"
"ENSG00000116649","patient1","XGBoost","all",1.96022993091958e-05,"SRM"
"ENSG00000116649","patient4","XGBoost","all",2.16319389805246e-05,"SRM"
"ENSG00000116649","patient3","XGBoost","all",7.79203149270199e-06,"SRM"
"ENSG00000116717","patient5","XGBoost","all",3.60563218054926e-05,"GADD45A"
"ENSG00000116717","patient1","XGBoost","all",4.34823340195536e-05,"GADD45A"
"ENSG00000116717","patient6","XGBoost","all",3.769145095414e-05,"GADD45A"
"ENSG00000116717","patient4","XGBoost","all",2.66137546680857e-05,"GADD45A"
"ENSG00000116717","patient2","XGBoost","all",5.69492281179099e-05,"GADD45A"
"ENSG00000116717","patient3","XGBoost","all",4.49399210853512e-05,"GADD45A"
"ENSG00000116741","patient3","XGBoost","all",3.84481507429755e-05,"RGS2"
"ENSG00000116741","patient4","XGBoost","all",1.98247020149681e-05,"RGS2"
"ENSG00000116741","patient6","XGBoost","all",3.53049324782724e-05,"RGS2"
"ENSG00000116741","patient2","XGBoost","all",2.15616038574672e-05,"RGS2"
"ENSG00000116741","patient5","XGBoost","all",6.69458171573e-05,"RGS2"
"ENSG00000116741","patient1","XGBoost","all",3.315155253398e-05,"RGS2"
"ENSG00000116747","patient6","XGBoost","all",1.29451492110717e-05,"RO60"
"ENSG00000116747","patient4","XGBoost","all",2.41778182442091e-05,"RO60"
"ENSG00000116747","patient2","XGBoost","all",8.82357681761153e-06,"RO60"
"ENSG00000116747","patient5","XGBoost","all",1.16655513701585e-05,"RO60"
"ENSG00000116747","patient1","XGBoost","all",3.09880891663841e-06,"RO60"
"ENSG00000116747","patient3","XGBoost","all",4.43697347138332e-06,"RO60"
"ENSG00000116754","patient5","XGBoost","all",1.10915546919067e-05,"SRSF11"
"ENSG00000116754","patient3","XGBoost","all",2.55483304963381e-05,"SRSF11"
"ENSG00000116754","patient1","XGBoost","all",1.70174096417237e-05,"SRSF11"
"ENSG00000116754","patient2","XGBoost","all",1.03496105374656e-05,"SRSF11"
"ENSG00000116754","patient6","XGBoost","all",2.77565086817763e-05,"SRSF11"
"ENSG00000116774","patient4","XGBoost","all",2.37122421111901e-05,"OLFML3"
"ENSG00000116774","patient1","XGBoost","all",8.50156724893937e-06,"OLFML3"
"ENSG00000116774","patient6","XGBoost","all",2.17239335102316e-05,"OLFML3"
"ENSG00000116774","patient2","XGBoost","all",1.9632632538178e-05,"OLFML3"
"ENSG00000116774","patient3","XGBoost","all",2.8615609942179e-05,"OLFML3"
"ENSG00000116774","patient5","XGBoost","all",3.76275439690699e-05,"OLFML3"
"ENSG00000116898","patient5","XGBoost","all",1.39637188680203e-05,"MRPS15"
"ENSG00000116962","patient4","XGBoost","all",1.273925949451e-05,"NID1"
"ENSG00000117020","patient4","XGBoost","all",8.39580192609875e-06,"AKT3"
"ENSG00000117118","patient4","XGBoost","all",1.25062432834896e-05,"SDHB"
"ENSG00000117118","patient3","XGBoost","all",1.44204198991437e-05,"SDHB"
"ENSG00000117118","patient1","XGBoost","all",5.43384135458052e-06,"SDHB"
"ENSG00000117118","patient2","XGBoost","all",1.11793604009696e-05,"SDHB"
"ENSG00000117118","patient5","XGBoost","all",2.06126559972708e-05,"SDHB"
"ENSG00000117118","patient6","XGBoost","all",1.51708054455788e-05,"SDHB"
"ENSG00000117151","patient3","XGBoost","all",1.57454215297775e-05,"CTBS"
"ENSG00000117151","patient1","XGBoost","all",7.71688978535325e-06,"CTBS"
"ENSG00000117151","patient5","XGBoost","all",9.25746658080727e-06,"CTBS"
"ENSG00000117151","patient6","XGBoost","all",1.36651834604089e-05,"CTBS"
"ENSG00000117151","patient4","XGBoost","all",1.82376750201534e-05,"CTBS"
"ENSG00000117151","patient2","XGBoost","all",2.98709338994219e-06,"CTBS"
"ENSG00000117298","patient6","XGBoost","all",2.58183748017015e-05,"ECE1"
"ENSG00000117298","patient4","XGBoost","all",1.67115202400569e-05,"ECE1"
"ENSG00000117298","patient3","XGBoost","all",1.09885244576809e-05,"ECE1"
"ENSG00000117318","patient4","XGBoost","all",3.46682108509691e-05,"ID3"
"ENSG00000117318","patient1","XGBoost","all",7.18123093473298e-05,"ID3"
"ENSG00000117318","patient3","XGBoost","all",5.37477262724765e-05,"ID3"
"ENSG00000117318","patient6","XGBoost","all",8.40426082323618e-05,"ID3"
"ENSG00000117318","patient5","XGBoost","all",5.12913839952378e-05,"ID3"
"ENSG00000117318","patient2","XGBoost","all",3.93946888122493e-05,"ID3"
"ENSG00000117335","patient6","XGBoost","all",1.28276602131303e-05,"CD46"
"ENSG00000117335","patient2","XGBoost","all",3.54197341316797e-06,"CD46"
"ENSG00000117335","patient4","XGBoost","all",1.27649673068805e-05,"CD46"
"ENSG00000117335","patient5","XGBoost","all",4.98543963467324e-06,"CD46"
"ENSG00000117335","patient3","XGBoost","all",6.91990035635487e-06,"CD46"
"ENSG00000117335","patient1","XGBoost","all",4.5081957346769e-06,"CD46"
"ENSG00000117362","patient6","XGBoost","all",2.75846686995346e-05,"APH1A"
"ENSG00000117362","patient2","XGBoost","all",1.88096776905563e-05,"APH1A"
"ENSG00000117362","patient1","XGBoost","all",7.0744816519659e-06,"APH1A"
"ENSG00000117362","patient5","XGBoost","all",1.19368630153861e-05,"APH1A"
"ENSG00000117362","patient3","XGBoost","all",1.62703939794287e-05,"APH1A"
"ENSG00000117362","patient4","XGBoost","all",7.43095678980847e-06,"APH1A"
"ENSG00000117410","patient2","XGBoost","all",2.02852593385746e-05,"ATP6V0B"
"ENSG00000117410","patient5","XGBoost","all",1.1839298854877e-05,"ATP6V0B"
"ENSG00000117410","patient3","XGBoost","all",1.46675667834317e-05,"ATP6V0B"
"ENSG00000117410","patient4","XGBoost","all",1.90549131022899e-05,"ATP6V0B"
"ENSG00000117410","patient1","XGBoost","all",1.21922436542856e-05,"ATP6V0B"
"ENSG00000117410","patient6","XGBoost","all",1.28654414519617e-05,"ATP6V0B"
"ENSG00000117448","patient5","XGBoost","all",1.0008034759417e-05,"AKR1A1"
"ENSG00000117448","patient2","XGBoost","all",3.16533656483698e-05,"AKR1A1"
"ENSG00000117448","patient4","XGBoost","all",1.27721783030289e-05,"AKR1A1"
"ENSG00000117448","patient3","XGBoost","all",1.89273185671917e-05,"AKR1A1"
"ENSG00000117448","patient6","XGBoost","all",2.55826826907581e-05,"AKR1A1"
"ENSG00000117448","patient1","XGBoost","all",1.55180129910849e-05,"AKR1A1"
"ENSG00000117519","patient2","XGBoost","all",2.22293023294199e-05,"CNN3"
"ENSG00000117519","patient5","XGBoost","all",7.14604788928126e-05,"CNN3"
"ENSG00000117519","patient4","XGBoost","all",3.37559913201295e-05,"CNN3"
"ENSG00000117519","patient1","XGBoost","all",3.31285772246499e-05,"CNN3"
"ENSG00000117519","patient3","XGBoost","all",9.70716799582407e-06,"CNN3"
"ENSG00000117519","patient6","XGBoost","all",2.92938362376029e-05,"CNN3"
"ENSG00000117614","patient3","XGBoost","all",1.33570389482314e-05,"SYF2"
"ENSG00000117614","patient4","XGBoost","all",1.51383334690362e-05,"SYF2"
"ENSG00000117614","patient5","XGBoost","all",1.83563651484465e-05,"SYF2"
"ENSG00000117614","patient6","XGBoost","all",1.56858104328379e-05,"SYF2"
"ENSG00000117614","patient1","XGBoost","all",9.4432801816081e-06,"SYF2"
"ENSG00000117614","patient2","XGBoost","all",2.26787234166666e-05,"SYF2"
"ENSG00000117616","patient2","XGBoost","all",5.15761772081357e-06,"RSRP1"
"ENSG00000117616","patient5","XGBoost","all",1.48268198849865e-05,"RSRP1"
"ENSG00000117616","patient6","XGBoost","all",4.16140771578176e-06,"RSRP1"
"ENSG00000117616","patient4","XGBoost","all",8.94718158006753e-06,"RSRP1"
"ENSG00000117616","patient3","XGBoost","all",3.11409436064596e-06,"RSRP1"
"ENSG00000117616","patient1","XGBoost","all",1.48818581942106e-05,"RSRP1"
"ENSG00000117632","patient2","XGBoost","all",0.000525410039344179,"STMN1"
"ENSG00000117632","patient1","XGBoost","all",0.0018001766034131,"STMN1"
"ENSG00000117632","patient6","XGBoost","all",0.0011159960283949,"STMN1"
"ENSG00000117632","patient4","XGBoost","all",0.00233464246425644,"STMN1"
"ENSG00000117632","patient3","XGBoost","all",0.00311668935438157,"STMN1"
"ENSG00000117632","patient5","XGBoost","all",0.00207440545620597,"STMN1"
"ENSG00000117691","patient5","XGBoost","all",4.62070925760201e-05,"NENF"
"ENSG00000117691","patient4","XGBoost","all",3.64655496039595e-05,"NENF"
"ENSG00000117691","patient6","XGBoost","all",2.60360376411756e-05,"NENF"
"ENSG00000117691","patient2","XGBoost","all",1.27370717374679e-05,"NENF"
"ENSG00000117691","patient1","XGBoost","all",1.34782981468596e-05,"NENF"
"ENSG00000117691","patient3","XGBoost","all",4.26333897893013e-05,"NENF"
"ENSG00000117758","patient4","XGBoost","all",2.78408046611619e-06,"STX12"
"ENSG00000117758","patient3","XGBoost","all",1.01569874625827e-05,"STX12"
"ENSG00000117758","patient2","XGBoost","all",7.75411118902522e-06,"STX12"
"ENSG00000117758","patient6","XGBoost","all",1.04125195219719e-05,"STX12"
"ENSG00000117758","patient5","XGBoost","all",5.63049006536786e-06,"STX12"
"ENSG00000117758","patient1","XGBoost","all",1.45048539854527e-05,"STX12"
"ENSG00000117862","patient1","XGBoost","all",9.0277946995325e-06,"TXNDC12"
"ENSG00000117862","patient5","XGBoost","all",1.39917978292299e-05,"TXNDC12"
"ENSG00000117862","patient2","XGBoost","all",9.68291605411046e-06,"TXNDC12"
"ENSG00000117862","patient6","XGBoost","all",9.68497212782915e-06,"TXNDC12"
"ENSG00000117862","patient3","XGBoost","all",1.44747876621791e-05,"TXNDC12"
"ENSG00000117899","patient1","XGBoost","all",1.06126629963491e-05,"MESD"
"ENSG00000117899","patient5","XGBoost","all",1.62213798759145e-05,"MESD"
"ENSG00000117899","patient3","XGBoost","all",1.18505785553206e-05,"MESD"
"ENSG00000117899","patient4","XGBoost","all",7.58715755880707e-06,"MESD"
"ENSG00000117899","patient6","XGBoost","all",1.25069087477427e-05,"MESD"
"ENSG00000117899","patient2","XGBoost","all",2.53161399469801e-06,"MESD"
"ENSG00000117906","patient1","XGBoost","all",2.18486067959741e-05,"RCN2"
"ENSG00000117906","patient4","XGBoost","all",3.01231028677786e-05,"RCN2"
"ENSG00000117906","patient5","XGBoost","all",1.93967498694952e-05,"RCN2"
"ENSG00000117906","patient2","XGBoost","all",1.73870995349384e-05,"RCN2"
"ENSG00000117906","patient6","XGBoost","all",3.1025347610843e-06,"RCN2"
"ENSG00000117906","patient3","XGBoost","all",2.73077917714068e-05,"RCN2"
"ENSG00000117984","patient2","XGBoost","all",3.41452285040915e-05,"CTSD"
"ENSG00000117984","patient1","XGBoost","all",2.43381752938643e-05,"CTSD"
"ENSG00000117984","patient6","XGBoost","all",4.01445812862342e-05,"CTSD"
"ENSG00000117984","patient3","XGBoost","all",6.68893195896256e-05,"CTSD"
"ENSG00000117984","patient5","XGBoost","all",5.62857440009368e-05,"CTSD"
"ENSG00000117984","patient4","XGBoost","all",8.02476741175787e-05,"CTSD"
"ENSG00000118058","patient6","XGBoost","all",1.32419436809715e-05,"KMT2A"
"ENSG00000118058","patient5","XGBoost","all",5.79631147435846e-06,"KMT2A"
"ENSG00000118058","patient3","XGBoost","all",9.16767092556675e-06,"KMT2A"
"ENSG00000118058","patient2","XGBoost","all",1.46498700241835e-05,"KMT2A"
"ENSG00000118058","patient1","XGBoost","all",1.38870518869996e-05,"KMT2A"
"ENSG00000118058","patient4","XGBoost","all",8.10644542810898e-06,"KMT2A"
"ENSG00000118257","patient6","XGBoost","all",2.32102032617683e-05,"NRP2"
"ENSG00000118257","patient3","XGBoost","all",2.43829654228853e-05,"NRP2"
"ENSG00000118257","patient1","XGBoost","all",3.5654054270722e-05,"NRP2"
"ENSG00000118257","patient4","XGBoost","all",4.03533048078633e-05,"NRP2"
"ENSG00000118292","patient4","XGBoost","all",2.43102023558723e-05,"C1orf54"
"ENSG00000118292","patient5","XGBoost","all",2.47748784110469e-05,"C1orf54"
"ENSG00000118292","patient1","XGBoost","all",1.45963612418368e-05,"C1orf54"
"ENSG00000118292","patient3","XGBoost","all",2.27193664920998e-05,"C1orf54"
"ENSG00000118292","patient2","XGBoost","all",2.53630941778071e-05,"C1orf54"
"ENSG00000118292","patient6","XGBoost","all",1.25772547713675e-05,"C1orf54"
"ENSG00000118407","patient4","XGBoost","all",2.66712764177009e-05,"FILIP1"
"ENSG00000118407","patient1","XGBoost","all",4.2912507246301e-05,"FILIP1"
"ENSG00000118407","patient6","XGBoost","all",3.43242192035721e-05,"FILIP1"
"ENSG00000118407","patient3","XGBoost","all",3.98331989014567e-05,"FILIP1"
"ENSG00000118407","patient2","XGBoost","all",2.8520473836943e-05,"FILIP1"
"ENSG00000118407","patient5","XGBoost","all",4.16002829931992e-05,"FILIP1"
"ENSG00000118418","patient5","XGBoost","all",1.10713014469229e-05,"HMGN3"
"ENSG00000118418","patient2","XGBoost","all",1.230976866377e-05,"HMGN3"
"ENSG00000118418","patient4","XGBoost","all",2.10067236148069e-05,"HMGN3"
"ENSG00000118418","patient6","XGBoost","all",1.8294280706163e-05,"HMGN3"
"ENSG00000118418","patient1","XGBoost","all",2.36852081751615e-05,"HMGN3"
"ENSG00000118418","patient3","XGBoost","all",3.41075626600028e-05,"HMGN3"
"ENSG00000118482","patient2","XGBoost","all",1.58780362488246e-05,"PHF3"
"ENSG00000118482","patient3","XGBoost","all",8.312375817304e-06,"PHF3"
"ENSG00000118482","patient6","XGBoost","all",1.45701991161501e-05,"PHF3"
"ENSG00000118482","patient1","XGBoost","all",8.0773060636804e-06,"PHF3"
"ENSG00000118482","patient5","XGBoost","all",1.15497264301456e-05,"PHF3"
"ENSG00000118482","patient4","XGBoost","all",1.49899368719144e-05,"PHF3"
"ENSG00000118503","patient3","XGBoost","all",5.09179968563099e-06,"TNFAIP3"
"ENSG00000118503","patient5","XGBoost","all",6.4241705936015e-06,"TNFAIP3"
"ENSG00000118503","patient4","XGBoost","all",2.64841539194556e-05,"TNFAIP3"
"ENSG00000118508","patient3","XGBoost","all",4.77602417759014e-05,"RAB32"
"ENSG00000118508","patient1","XGBoost","all",2.4884253607228e-05,"RAB32"
"ENSG00000118508","patient6","XGBoost","all",2.73187305439347e-05,"RAB32"
"ENSG00000118508","patient4","XGBoost","all",2.59778523616355e-05,"RAB32"
"ENSG00000118508","patient5","XGBoost","all",2.21357489985892e-05,"RAB32"
"ENSG00000118508","patient2","XGBoost","all",4.86107856962324e-05,"RAB32"
"ENSG00000118515","patient5","XGBoost","all",1.87763654019652e-05,"SGK1"
"ENSG00000118515","patient6","XGBoost","all",1.5119042061468e-05,"SGK1"
"ENSG00000118515","patient4","XGBoost","all",2.41837646679256e-05,"SGK1"
"ENSG00000118515","patient2","XGBoost","all",1.12781289306254e-05,"SGK1"
"ENSG00000118515","patient1","XGBoost","all",9.62608215202904e-06,"SGK1"
"ENSG00000118515","patient3","XGBoost","all",2.80707064390048e-05,"SGK1"
"ENSG00000118523","patient6","XGBoost","all",0.000141999190769309,"CCN2"
"ENSG00000118523","patient1","XGBoost","all",0.000114894877131708,"CCN2"
"ENSG00000118523","patient4","XGBoost","all",0.000159626795563706,"CCN2"
"ENSG00000118523","patient3","XGBoost","all",0.000122790667729792,"CCN2"
"ENSG00000118523","patient5","XGBoost","all",0.000114228202511576,"CCN2"
"ENSG00000118523","patient2","XGBoost","all",0.000144485249137559,"CCN2"
"ENSG00000118640","patient1","XGBoost","all",0.000133521170133779,"VAMP8"
"ENSG00000118640","patient6","XGBoost","all",0.000110034899924648,"VAMP8"
"ENSG00000118640","patient4","XGBoost","all",3.85163927598518e-05,"VAMP8"
"ENSG00000118640","patient3","XGBoost","all",3.07917162593787e-05,"VAMP8"
"ENSG00000118640","patient5","XGBoost","all",7.21115772428404e-05,"VAMP8"
"ENSG00000118640","patient2","XGBoost","all",0.00011253965306757,"VAMP8"
"ENSG00000118689","patient1","XGBoost","all",7.58968207974042e-06,"FOXO3"
"ENSG00000118689","patient4","XGBoost","all",1.19878924362861e-05,"FOXO3"
"ENSG00000118689","patient5","XGBoost","all",5.93115124634976e-06,"FOXO3"
"ENSG00000118689","patient3","XGBoost","all",1.54541690158202e-05,"FOXO3"
"ENSG00000118689","patient2","XGBoost","all",7.68434977161143e-06,"FOXO3"
"ENSG00000118689","patient6","XGBoost","all",6.92872413570729e-06,"FOXO3"
"ENSG00000118705","patient4","XGBoost","all",1.04835303457926e-05,"RPN2"
"ENSG00000118705","patient1","XGBoost","all",1.55420295357462e-05,"RPN2"
"ENSG00000118705","patient2","XGBoost","all",1.96186938078834e-05,"RPN2"
"ENSG00000118705","patient5","XGBoost","all",1.83025662555569e-05,"RPN2"
"ENSG00000118705","patient3","XGBoost","all",1.51428655919628e-05,"RPN2"
"ENSG00000118705","patient6","XGBoost","all",9.70335347793872e-06,"RPN2"
"ENSG00000118762","patient1","XGBoost","all",9.60535001611186e-06,"PKD2"
"ENSG00000118762","patient3","XGBoost","all",1.17939646230883e-05,"PKD2"
"ENSG00000118762","patient4","XGBoost","all",6.95887935303039e-06,"PKD2"
"ENSG00000118762","patient2","XGBoost","all",5.91523238521292e-06,"PKD2"
"ENSG00000118762","patient6","XGBoost","all",1.95182070605819e-05,"PKD2"
"ENSG00000118762","patient5","XGBoost","all",1.90529623893061e-05,"PKD2"
"ENSG00000118785","patient4","XGBoost","all",0.000103843963410702,"SPP1"
"ENSG00000118785","patient2","XGBoost","all",0.000186189688063835,"SPP1"
"ENSG00000118785","patient5","XGBoost","all",8.91010537237457e-05,"SPP1"
"ENSG00000118785","patient1","XGBoost","all",0.000284560592990421,"SPP1"
"ENSG00000118785","patient3","XGBoost","all",0.000185707206597758,"SPP1"
"ENSG00000118785","patient6","XGBoost","all",1.51727970015245e-05,"SPP1"
"ENSG00000118849","patient5","XGBoost","all",8.23542788671582e-05,"RARRES1"
"ENSG00000118849","patient6","XGBoost","all",0.000134912654317918,"RARRES1"
"ENSG00000118849","patient3","XGBoost","all",0.000139977501775928,"RARRES1"
"ENSG00000118849","patient2","XGBoost","all",9.67809427715477e-05,"RARRES1"
"ENSG00000118849","patient1","XGBoost","all",5.83211283200838e-05,"RARRES1"
"ENSG00000118849","patient4","XGBoost","all",0.000136008467510829,"RARRES1"
"ENSG00000118855","patient1","XGBoost","all",2.20876169601432e-05,"MFSD1"
"ENSG00000118855","patient2","XGBoost","all",4.27471159547771e-05,"MFSD1"
"ENSG00000118855","patient3","XGBoost","all",1.69813182883356e-05,"MFSD1"
"ENSG00000118855","patient4","XGBoost","all",2.61032422144356e-05,"MFSD1"
"ENSG00000118855","patient6","XGBoost","all",4.57820872371946e-05,"MFSD1"
"ENSG00000118855","patient5","XGBoost","all",2.72879299397733e-05,"MFSD1"
"ENSG00000118971","patient3","XGBoost","all",2.79326865104754e-05,"CCND2"
"ENSG00000118971","patient5","XGBoost","all",1.88056595268748e-05,"CCND2"
"ENSG00000118971","patient2","XGBoost","all",4.88593057702358e-06,"CCND2"
"ENSG00000118971","patient1","XGBoost","all",1.70822313547736e-05,"CCND2"
"ENSG00000118971","patient4","XGBoost","all",1.22402096729295e-05,"CCND2"
"ENSG00000118971","patient6","XGBoost","all",4.9414834648994e-06,"CCND2"
"ENSG00000119013","patient3","XGBoost","all",3.51895289352401e-05,"NDUFB3"
"ENSG00000119013","patient6","XGBoost","all",3.66431499607998e-05,"NDUFB3"
"ENSG00000119013","patient1","XGBoost","all",4.03754062814807e-05,"NDUFB3"
"ENSG00000119013","patient5","XGBoost","all",5.12815076902683e-05,"NDUFB3"
"ENSG00000119013","patient4","XGBoost","all",1.87127827049174e-05,"NDUFB3"
"ENSG00000119013","patient2","XGBoost","all",8.96574976126697e-06,"NDUFB3"
"ENSG00000119138","patient3","XGBoost","all",8.51894221486698e-06,"KLF9"
"ENSG00000119138","patient4","XGBoost","all",3.87385224036926e-06,"KLF9"
"ENSG00000119138","patient6","XGBoost","all",8.79919845887411e-06,"KLF9"
"ENSG00000119138","patient2","XGBoost","all",8.85803152198227e-06,"KLF9"
"ENSG00000119138","patient5","XGBoost","all",6.83796638246345e-06,"KLF9"
"ENSG00000119138","patient1","XGBoost","all",1.13652162023244e-05,"KLF9"
"ENSG00000119147","patient6","XGBoost","all",0.000270730886194862,"ECRG4"
"ENSG00000119147","patient5","XGBoost","all",0.000202836401958139,"ECRG4"
"ENSG00000119147","patient2","XGBoost","all",0.000302619500882466,"ECRG4"
"ENSG00000119147","patient1","XGBoost","all",0.000248193818319388,"ECRG4"
"ENSG00000119147","patient3","XGBoost","all",0.000232340549611467,"ECRG4"
"ENSG00000119147","patient4","XGBoost","all",0.000312415722067374,"ECRG4"
"ENSG00000119185","patient2","XGBoost","all",9.29078284573065e-06,"ITGB1BP1"
"ENSG00000119185","patient6","XGBoost","all",6.1076177108517e-06,"ITGB1BP1"
"ENSG00000119185","patient3","XGBoost","all",1.0717984339453e-05,"ITGB1BP1"
"ENSG00000119185","patient4","XGBoost","all",1.47254831620924e-05,"ITGB1BP1"
"ENSG00000119185","patient5","XGBoost","all",4.27684110232288e-06,"ITGB1BP1"
"ENSG00000119185","patient1","XGBoost","all",1.19527972969372e-05,"ITGB1BP1"
"ENSG00000119326","patient4","XGBoost","all",0.000130365671546257,"CTNNAL1"
"ENSG00000119396","patient1","XGBoost","all",5.88030099578226e-06,"RAB14"
"ENSG00000119396","patient4","XGBoost","all",1.20815669428623e-05,"RAB14"
"ENSG00000119396","patient5","XGBoost","all",1.02863428956415e-05,"RAB14"
"ENSG00000119396","patient6","XGBoost","all",4.85760268481303e-06,"RAB14"
"ENSG00000119396","patient2","XGBoost","all",9.74795622501268e-06,"RAB14"
"ENSG00000119396","patient3","XGBoost","all",2.85780141068237e-06,"RAB14"
"ENSG00000119537","patient6","XGBoost","all",1.01245263068124e-05,"KDSR"
"ENSG00000119537","patient3","XGBoost","all",1.42069936204432e-05,"KDSR"
"ENSG00000119537","patient2","XGBoost","all",1.00613408048098e-05,"KDSR"
"ENSG00000119537","patient5","XGBoost","all",1.4695414810392e-05,"KDSR"
"ENSG00000119537","patient4","XGBoost","all",6.11306372649678e-06,"KDSR"
"ENSG00000119537","patient1","XGBoost","all",9.46517648675772e-06,"KDSR"
"ENSG00000119541","patient2","XGBoost","all",5.57613556532124e-06,"VPS4B"
"ENSG00000119541","patient6","XGBoost","all",7.72072894930516e-06,"VPS4B"
"ENSG00000119541","patient1","XGBoost","all",9.74282455388356e-07,"VPS4B"
"ENSG00000119541","patient3","XGBoost","all",2.26880870119687e-05,"VPS4B"
"ENSG00000119541","patient5","XGBoost","all",9.58994404885535e-06,"VPS4B"
"ENSG00000119541","patient4","XGBoost","all",1.0818382933267e-05,"VPS4B"
"ENSG00000119632","patient5","XGBoost","all",1.4030484673555e-05,"IFI27L2"
"ENSG00000119632","patient1","XGBoost","all",3.2708349160027e-06,"IFI27L2"
"ENSG00000119632","patient4","XGBoost","all",1.20504789940435e-05,"IFI27L2"
"ENSG00000119632","patient2","XGBoost","all",1.40620840443975e-05,"IFI27L2"
"ENSG00000119632","patient6","XGBoost","all",9.86186781709321e-06,"IFI27L2"
"ENSG00000119632","patient3","XGBoost","all",2.92195647101184e-05,"IFI27L2"
"ENSG00000119655","patient4","XGBoost","all",0.000360395712100164,"NPC2"
"ENSG00000119655","patient5","XGBoost","all",0.000684991943939508,"NPC2"
"ENSG00000119655","patient3","XGBoost","all",0.00040031068732688,"NPC2"
"ENSG00000119655","patient1","XGBoost","all",0.000356457765238948,"NPC2"
"ENSG00000119655","patient2","XGBoost","all",0.000649798347402848,"NPC2"
"ENSG00000119655","patient6","XGBoost","all",0.00049929072318198,"NPC2"
"ENSG00000119681","patient1","XGBoost","all",0.000602441000959454,"LTBP2"
"ENSG00000119681","patient4","XGBoost","all",0.00132025950854715,"LTBP2"
"ENSG00000119681","patient6","XGBoost","all",0.00113723716749021,"LTBP2"
"ENSG00000119681","patient3","XGBoost","all",0.0011747936861248,"LTBP2"
"ENSG00000119681","patient2","XGBoost","all",0.000945034008222682,"LTBP2"
"ENSG00000119681","patient5","XGBoost","all",0.00122189332612268,"LTBP2"
"ENSG00000119705","patient2","XGBoost","all",6.7231339830876e-06,"SLIRP"
"ENSG00000119705","patient1","XGBoost","all",7.86018331787292e-06,"SLIRP"
"ENSG00000119705","patient3","XGBoost","all",2.53525853090402e-05,"SLIRP"
"ENSG00000119705","patient5","XGBoost","all",1.18568001570684e-05,"SLIRP"
"ENSG00000119705","patient6","XGBoost","all",1.03668090453963e-05,"SLIRP"
"ENSG00000119705","patient4","XGBoost","all",1.48993944635523e-05,"SLIRP"
"ENSG00000119707","patient6","XGBoost","all",1.19001349963119e-05,"RBM25"
"ENSG00000119707","patient4","XGBoost","all",1.52609334403887e-05,"RBM25"
"ENSG00000119707","patient5","XGBoost","all",2.60266768166284e-05,"RBM25"
"ENSG00000119707","patient2","XGBoost","all",5.44565652293345e-06,"RBM25"
"ENSG00000119707","patient1","XGBoost","all",9.53981587888794e-06,"RBM25"
"ENSG00000119707","patient3","XGBoost","all",1.13799996605834e-05,"RBM25"
"ENSG00000119729","patient2","XGBoost","all",1.54408143467531e-05,"RHOQ"
"ENSG00000119729","patient5","XGBoost","all",1.12511882982428e-05,"RHOQ"
"ENSG00000119729","patient3","XGBoost","all",1.98188952628753e-05,"RHOQ"
"ENSG00000119729","patient6","XGBoost","all",1.71456081382353e-05,"RHOQ"
"ENSG00000119729","patient1","XGBoost","all",1.78181447907212e-05,"RHOQ"
"ENSG00000119729","patient4","XGBoost","all",2.30490146107474e-05,"RHOQ"
"ENSG00000119801","patient4","XGBoost","all",1.40887953866832e-05,"YPEL5"
"ENSG00000119801","patient2","XGBoost","all",1.04966599971667e-05,"YPEL5"
"ENSG00000119801","patient3","XGBoost","all",1.32789745173894e-05,"YPEL5"
"ENSG00000119801","patient5","XGBoost","all",5.97896189312352e-06,"YPEL5"
"ENSG00000119801","patient1","XGBoost","all",5.30180293910566e-06,"YPEL5"
"ENSG00000119801","patient6","XGBoost","all",1.10317276952041e-05,"YPEL5"
"ENSG00000119820","patient5","XGBoost","all",1.02563706659886e-05,"YIPF4"
"ENSG00000119820","patient6","XGBoost","all",1.03152931832388e-05,"YIPF4"
"ENSG00000119900","patient4","XGBoost","all",0.00031133283088713,"OGFRL1"
"ENSG00000119900","patient1","XGBoost","all",5.00421077199152e-05,"OGFRL1"
"ENSG00000119900","patient3","XGBoost","all",6.05424116094695e-05,"OGFRL1"
"ENSG00000119900","patient6","XGBoost","all",4.33986727435224e-05,"OGFRL1"
"ENSG00000119900","patient5","XGBoost","all",6.26222647128643e-05,"OGFRL1"
"ENSG00000119922","patient3","XGBoost","all",2.05280657240337e-05,"IFIT2"
"ENSG00000119922","patient1","XGBoost","all",1.51682112404984e-05,"IFIT2"
"ENSG00000119950","patient2","XGBoost","all",6.2610644816916e-05,"MXI1"
"ENSG00000119950","patient3","XGBoost","all",3.09278033141783e-05,"MXI1"
"ENSG00000119950","patient6","XGBoost","all",7.94374480665361e-05,"MXI1"
"ENSG00000119950","patient5","XGBoost","all",3.47797861388763e-05,"MXI1"
"ENSG00000119950","patient4","XGBoost","all",2.6689317759703e-05,"MXI1"
"ENSG00000119950","patient1","XGBoost","all",4.4006432343847e-05,"MXI1"
"ENSG00000120129","patient5","XGBoost","all",2.4970835957294e-05,"DUSP1"
"ENSG00000120129","patient2","XGBoost","all",1.99959408786419e-05,"DUSP1"
"ENSG00000120129","patient6","XGBoost","all",2.96388733052094e-05,"DUSP1"
"ENSG00000120129","patient4","XGBoost","all",4.0649739489304e-05,"DUSP1"
"ENSG00000120129","patient1","XGBoost","all",2.26367908380052e-05,"DUSP1"
"ENSG00000120129","patient3","XGBoost","all",3.07989137106928e-05,"DUSP1"
"ENSG00000120265","patient6","XGBoost","all",1.32354597438281e-05,"PCMT1"
"ENSG00000120265","patient3","XGBoost","all",8.6975426301213e-06,"PCMT1"
"ENSG00000120265","patient4","XGBoost","all",1.55137501505506e-05,"PCMT1"
"ENSG00000120265","patient5","XGBoost","all",2.09780668815135e-05,"PCMT1"
"ENSG00000120265","patient1","XGBoost","all",3.85747808419511e-06,"PCMT1"
"ENSG00000120265","patient2","XGBoost","all",9.29863185226396e-06,"PCMT1"
"ENSG00000120306","patient3","XGBoost","all",2.48566772722945e-05,"CYSTM1"
"ENSG00000120306","patient4","XGBoost","all",1.52030776220254e-05,"CYSTM1"
"ENSG00000120306","patient5","XGBoost","all",2.70782956020869e-05,"CYSTM1"
"ENSG00000120306","patient6","XGBoost","all",1.06723123049391e-05,"CYSTM1"
"ENSG00000120306","patient1","XGBoost","all",2.0403124807205e-05,"CYSTM1"
"ENSG00000120306","patient2","XGBoost","all",2.41949725241851e-05,"CYSTM1"
"ENSG00000120438","patient5","XGBoost","all",8.36539615423142e-06,"TCP1"
"ENSG00000120438","patient6","XGBoost","all",1.18413883635313e-05,"TCP1"
"ENSG00000120438","patient3","XGBoost","all",1.71528888994871e-05,"TCP1"
"ENSG00000120438","patient2","XGBoost","all",6.56068586471824e-06,"TCP1"
"ENSG00000120438","patient1","XGBoost","all",8.59218064256035e-06,"TCP1"
"ENSG00000120438","patient4","XGBoost","all",6.70826138559234e-06,"TCP1"
"ENSG00000120533","patient3","XGBoost","all",5.95434572542679e-06,"ENY2"
"ENSG00000120533","patient1","XGBoost","all",8.70915521175225e-06,"ENY2"
"ENSG00000120533","patient6","XGBoost","all",2.30571962860738e-05,"ENY2"
"ENSG00000120533","patient4","XGBoost","all",5.271705880746e-06,"ENY2"
"ENSG00000120533","patient2","XGBoost","all",1.20155250015817e-05,"ENY2"
"ENSG00000120533","patient5","XGBoost","all",1.80912145691721e-05,"ENY2"
"ENSG00000120594","patient5","XGBoost","all",0.000234919711947651,"PLXDC2"
"ENSG00000120594","patient6","XGBoost","all",0.000951099110914254,"PLXDC2"
"ENSG00000120594","patient2","XGBoost","all",0.000298516869248262,"PLXDC2"
"ENSG00000120594","patient3","XGBoost","all",0.000122763285857676,"PLXDC2"
"ENSG00000120594","patient4","XGBoost","all",0.000505520990708931,"PLXDC2"
"ENSG00000120594","patient1","XGBoost","all",0.000103812353359567,"PLXDC2"
"ENSG00000120616","patient5","XGBoost","all",3.61979557995231e-06,"EPC1"
"ENSG00000120616","patient2","XGBoost","all",1.8788258389911e-06,"EPC1"
"ENSG00000120616","patient3","XGBoost","all",1.69705372830578e-05,"EPC1"
"ENSG00000120616","patient4","XGBoost","all",6.45751345726325e-06,"EPC1"
"ENSG00000120616","patient6","XGBoost","all",1.04410030396164e-05,"EPC1"
"ENSG00000120616","patient1","XGBoost","all",8.60159397278515e-06,"EPC1"
"ENSG00000120675","patient6","XGBoost","all",1.63668471716768e-05,"DNAJC15"
"ENSG00000120675","patient2","XGBoost","all",9.34087174475781e-06,"DNAJC15"
"ENSG00000120675","patient1","XGBoost","all",1.8865476458606e-05,"DNAJC15"
"ENSG00000120675","patient5","XGBoost","all",1.74890141584378e-05,"DNAJC15"
"ENSG00000120675","patient3","XGBoost","all",1.52963363729758e-05,"DNAJC15"
"ENSG00000120675","patient4","XGBoost","all",2.06531338445721e-05,"DNAJC15"
"ENSG00000120686","patient2","XGBoost","all",4.99281983489738e-06,"UFM1"
"ENSG00000120686","patient5","XGBoost","all",1.4632557988086e-05,"UFM1"
"ENSG00000120686","patient1","XGBoost","all",4.53719480516253e-06,"UFM1"
"ENSG00000120686","patient4","XGBoost","all",8.64449492422599e-06,"UFM1"
"ENSG00000120686","patient3","XGBoost","all",2.43045463537119e-06,"UFM1"
"ENSG00000120686","patient6","XGBoost","all",4.94901047946948e-06,"UFM1"
"ENSG00000120690","patient5","XGBoost","all",1.78226354923157e-05,"ELF1"
"ENSG00000120690","patient6","XGBoost","all",2.25258121737006e-05,"ELF1"
"ENSG00000120690","patient4","XGBoost","all",5.87381900736817e-05,"ELF1"
"ENSG00000120690","patient1","XGBoost","all",1.57907174120841e-05,"ELF1"
"ENSG00000120690","patient2","XGBoost","all",1.78677653263147e-05,"ELF1"
"ENSG00000120690","patient3","XGBoost","all",0.000268242189282032,"ELF1"
"ENSG00000120708","patient4","XGBoost","all",0.000399620636971514,"TGFBI"
"ENSG00000120708","patient6","XGBoost","all",0.00039872338433526,"TGFBI"
"ENSG00000120708","patient3","XGBoost","all",0.000997574811333457,"TGFBI"
"ENSG00000120708","patient1","XGBoost","all",0.000302400547440109,"TGFBI"
"ENSG00000120708","patient5","XGBoost","all",0.000127783415582709,"TGFBI"
"ENSG00000120708","patient2","XGBoost","all",0.000223387173489099,"TGFBI"
"ENSG00000120727","patient5","XGBoost","all",1.48024561627931e-05,"PAIP2"
"ENSG00000120727","patient4","XGBoost","all",3.41383346319555e-06,"PAIP2"
"ENSG00000120727","patient3","XGBoost","all",2.06980417902166e-05,"PAIP2"
"ENSG00000120727","patient6","XGBoost","all",1.35789803838358e-05,"PAIP2"
"ENSG00000120727","patient2","XGBoost","all",5.96649633249394e-06,"PAIP2"
"ENSG00000120727","patient1","XGBoost","all",5.53931679033952e-06,"PAIP2"
"ENSG00000120738","patient5","XGBoost","all",1.58531635754767e-05,"EGR1"
"ENSG00000120738","patient3","XGBoost","all",2.561914285777e-05,"EGR1"
"ENSG00000120738","patient1","XGBoost","all",2.60405461831952e-05,"EGR1"
"ENSG00000120738","patient6","XGBoost","all",2.56612581080589e-05,"EGR1"
"ENSG00000120738","patient4","XGBoost","all",1.28278023791944e-05,"EGR1"
"ENSG00000120738","patient2","XGBoost","all",1.63312390703171e-05,"EGR1"
"ENSG00000120742","patient2","XGBoost","all",1.82590458681005e-05,"SERP1"
"ENSG00000120742","patient3","XGBoost","all",3.0497743460808e-05,"SERP1"
"ENSG00000120742","patient5","XGBoost","all",1.5728189258779e-05,"SERP1"
"ENSG00000120742","patient4","XGBoost","all",1.09243764286306e-05,"SERP1"
"ENSG00000120742","patient1","XGBoost","all",2.07489808239044e-05,"SERP1"
"ENSG00000120742","patient6","XGBoost","all",1.26526380089952e-05,"SERP1"
"ENSG00000120805","patient2","XGBoost","all",8.98688812932302e-06,"ARL1"
"ENSG00000120805","patient5","XGBoost","all",2.52080997696174e-05,"ARL1"
"ENSG00000120805","patient1","XGBoost","all",1.47954252937939e-05,"ARL1"
"ENSG00000120805","patient6","XGBoost","all",2.42043125952839e-05,"ARL1"
"ENSG00000120805","patient3","XGBoost","all",1.02788237458408e-05,"ARL1"
"ENSG00000120805","patient4","XGBoost","all",1.05592058800616e-05,"ARL1"
"ENSG00000120837","patient1","XGBoost","all",1.6002492903475e-06,"NFYB"
"ENSG00000120837","patient4","XGBoost","all",4.83785650117647e-06,"NFYB"
"ENSG00000120837","patient2","XGBoost","all",7.42619640727605e-06,"NFYB"
"ENSG00000120837","patient3","XGBoost","all",1.04480169526481e-05,"NFYB"
"ENSG00000120837","patient5","XGBoost","all",1.21541541243452e-05,"NFYB"
"ENSG00000120860","patient1","XGBoost","all",8.91985651263964e-06,"WASHC3"
"ENSG00000120860","patient2","XGBoost","all",1.06228980759238e-05,"WASHC3"
"ENSG00000120860","patient4","XGBoost","all",1.2323077462905e-05,"WASHC3"
"ENSG00000120860","patient5","XGBoost","all",1.23817074767448e-05,"WASHC3"
"ENSG00000120860","patient6","XGBoost","all",2.1999290302915e-05,"WASHC3"
"ENSG00000120860","patient3","XGBoost","all",1.35419272717848e-05,"WASHC3"
"ENSG00000120885","patient3","XGBoost","all",0.00836110708386485,"CLU"
"ENSG00000120885","patient6","XGBoost","all",0.0066397497435251,"CLU"
"ENSG00000120885","patient2","XGBoost","all",0.00688220396799562,"CLU"
"ENSG00000120885","patient1","XGBoost","all",0.00524502192077446,"CLU"
"ENSG00000120885","patient4","XGBoost","all",0.00776872035783703,"CLU"
"ENSG00000120885","patient5","XGBoost","all",0.00837785556243704,"CLU"
"ENSG00000120896","patient4","XGBoost","all",8.87467155088736e-06,"SORBS3"
"ENSG00000120896","patient1","XGBoost","all",1.71738097054619e-05,"SORBS3"
"ENSG00000120896","patient5","XGBoost","all",2.0996798071965e-05,"SORBS3"
"ENSG00000120896","patient2","XGBoost","all",5.71971777737519e-06,"SORBS3"
"ENSG00000120896","patient3","XGBoost","all",2.23710240340322e-06,"SORBS3"
"ENSG00000120896","patient6","XGBoost","all",1.45693697753527e-05,"SORBS3"
"ENSG00000120913","patient6","XGBoost","all",9.1663830511376e-06,"PDLIM2"
"ENSG00000120913","patient2","XGBoost","all",2.13772673402414e-05,"PDLIM2"
"ENSG00000120913","patient3","XGBoost","all",1.94658484419994e-05,"PDLIM2"
"ENSG00000120913","patient4","XGBoost","all",1.15075349833656e-05,"PDLIM2"
"ENSG00000120913","patient1","XGBoost","all",4.32432068460088e-06,"PDLIM2"
"ENSG00000120913","patient5","XGBoost","all",8.73681698394173e-06,"PDLIM2"
"ENSG00000120963","patient1","XGBoost","all",1.91236628302207e-05,"ZNF706"
"ENSG00000120963","patient5","XGBoost","all",2.27716004540807e-05,"ZNF706"
"ENSG00000120963","patient4","XGBoost","all",2.62044194162135e-05,"ZNF706"
"ENSG00000120963","patient2","XGBoost","all",3.69698576565813e-05,"ZNF706"
"ENSG00000120963","patient6","XGBoost","all",3.05643550433734e-05,"ZNF706"
"ENSG00000120963","patient3","XGBoost","all",1.75429015511529e-05,"ZNF706"
"ENSG00000121064","patient4","XGBoost","all",2.77049829006004e-05,"SCPEP1"
"ENSG00000121064","patient1","XGBoost","all",1.29208299334994e-05,"SCPEP1"
"ENSG00000121064","patient3","XGBoost","all",2.16611181250398e-05,"SCPEP1"
"ENSG00000121064","patient5","XGBoost","all",9.73066744508775e-06,"SCPEP1"
"ENSG00000121064","patient2","XGBoost","all",4.1663355660227e-05,"SCPEP1"
"ENSG00000121064","patient6","XGBoost","all",6.20345138296265e-06,"SCPEP1"
"ENSG00000121067","patient4","XGBoost","all",5.88591857002413e-06,"SPOP"
"ENSG00000121067","patient5","XGBoost","all",1.19007529690855e-05,"SPOP"
"ENSG00000121067","patient6","XGBoost","all",9.46746719029067e-06,"SPOP"
"ENSG00000121067","patient2","XGBoost","all",5.96438506158318e-06,"SPOP"
"ENSG00000121067","patient3","XGBoost","all",2.74202906360071e-06,"SPOP"
"ENSG00000121067","patient1","XGBoost","all",1.2505839149291e-05,"SPOP"
"ENSG00000121691","patient6","XGBoost","all",1.33058512887317e-05,"CAT"
"ENSG00000121691","patient5","XGBoost","all",1.22395976469287e-05,"CAT"
"ENSG00000121691","patient3","XGBoost","all",8.4128958714384e-06,"CAT"
"ENSG00000121691","patient2","XGBoost","all",3.53673306639196e-06,"CAT"
"ENSG00000121691","patient4","XGBoost","all",1.09779439449906e-05,"CAT"
"ENSG00000121691","patient1","XGBoost","all",1.13805140673589e-05,"CAT"
"ENSG00000121774","patient1","XGBoost","all",8.20918970093034e-06,"KHDRBS1"
"ENSG00000121774","patient4","XGBoost","all",1.00655696018043e-05,"KHDRBS1"
"ENSG00000121774","patient2","XGBoost","all",1.11473525076045e-05,"KHDRBS1"
"ENSG00000121774","patient5","XGBoost","all",1.85114318162087e-05,"KHDRBS1"
"ENSG00000121774","patient3","XGBoost","all",6.1440290626561e-06,"KHDRBS1"
"ENSG00000121774","patient6","XGBoost","all",9.65252043496264e-06,"KHDRBS1"
"ENSG00000121851","patient4","XGBoost","all",6.50401745660508e-06,"POLR3GL"
"ENSG00000121851","patient5","XGBoost","all",7.31429350335466e-06,"POLR3GL"
"ENSG00000121851","patient6","XGBoost","all",8.41321642356237e-06,"POLR3GL"
"ENSG00000121851","patient1","XGBoost","all",5.91465287492691e-06,"POLR3GL"
"ENSG00000121851","patient2","XGBoost","all",4.86917528369719e-06,"POLR3GL"
"ENSG00000121851","patient3","XGBoost","all",8.08671811944367e-06,"POLR3GL"
"ENSG00000121858","patient4","XGBoost","all",3.29137958581029e-05,"TNFSF10"
"ENSG00000121858","patient6","XGBoost","all",2.44536553996956e-05,"TNFSF10"
"ENSG00000121858","patient5","XGBoost","all",6.93158885572084e-05,"TNFSF10"
"ENSG00000121858","patient2","XGBoost","all",1.97842058678643e-05,"TNFSF10"
"ENSG00000121858","patient3","XGBoost","all",3.16301009982598e-05,"TNFSF10"
"ENSG00000121858","patient1","XGBoost","all",2.20926927972418e-05,"TNFSF10"
"ENSG00000121898","patient5","XGBoost","all",1.34910155388772e-05,"CPXM2"
"ENSG00000121898","patient2","XGBoost","all",1.15704225127328e-05,"CPXM2"
"ENSG00000121898","patient1","XGBoost","all",1.94592175784576e-05,"CPXM2"
"ENSG00000121898","patient3","XGBoost","all",5.92308126527204e-05,"CPXM2"
"ENSG00000121898","patient4","XGBoost","all",9.10012395656924e-06,"CPXM2"
"ENSG00000121898","patient6","XGBoost","all",2.4844276337821e-05,"CPXM2"
"ENSG00000121966","patient1","XGBoost","all",5.01156488531576e-05,"CXCR4"
"ENSG00000121966","patient5","XGBoost","all",3.99187413251476e-05,"CXCR4"
"ENSG00000121966","patient6","XGBoost","all",2.90052199499404e-05,"CXCR4"
"ENSG00000122033","patient4","XGBoost","all",1.52211238528384e-05,"MTIF3"
"ENSG00000122033","patient6","XGBoost","all",4.85504531359765e-06,"MTIF3"
"ENSG00000122033","patient2","XGBoost","all",8.33908718499701e-06,"MTIF3"
"ENSG00000122033","patient1","XGBoost","all",4.02578237078741e-06,"MTIF3"
"ENSG00000122033","patient3","XGBoost","all",1.02349070037534e-05,"MTIF3"
"ENSG00000122033","patient5","XGBoost","all",8.41911909938971e-06,"MTIF3"
"ENSG00000122034","patient3","XGBoost","all",5.75165417833939e-06,"GTF3A"
"ENSG00000122034","patient2","XGBoost","all",6.10173478085507e-06,"GTF3A"
"ENSG00000122034","patient1","XGBoost","all",7.20236179120661e-06,"GTF3A"
"ENSG00000122034","patient6","XGBoost","all",3.93682279685602e-06,"GTF3A"
"ENSG00000122034","patient4","XGBoost","all",7.87949704627699e-06,"GTF3A"
"ENSG00000122034","patient5","XGBoost","all",1.51284005760003e-05,"GTF3A"
"ENSG00000122176","patient4","XGBoost","all",4.38510176374997e-05,"FMOD"
"ENSG00000122176","patient3","XGBoost","all",3.24096286700502e-05,"FMOD"
"ENSG00000122176","patient5","XGBoost","all",3.1625531164536e-05,"FMOD"
"ENSG00000122176","patient6","XGBoost","all",3.81998695813785e-05,"FMOD"
"ENSG00000122176","patient1","XGBoost","all",4.14106045214366e-05,"FMOD"
"ENSG00000122176","patient2","XGBoost","all",5.57883383402152e-05,"FMOD"
"ENSG00000122257","patient1","XGBoost","all",9.10389152490027e-06,"RBBP6"
"ENSG00000122257","patient3","XGBoost","all",1.52455734042748e-05,"RBBP6"
"ENSG00000122257","patient4","XGBoost","all",3.51347191172755e-06,"RBBP6"
"ENSG00000122359","patient1","XGBoost","all",1.79299568766312e-05,"ANXA11"
"ENSG00000122359","patient4","XGBoost","all",9.68907493747588e-06,"ANXA11"
"ENSG00000122359","patient5","XGBoost","all",2.33423399046343e-05,"ANXA11"
"ENSG00000122359","patient3","XGBoost","all",2.09357336752234e-05,"ANXA11"
"ENSG00000122359","patient6","XGBoost","all",1.44371973199311e-05,"ANXA11"
"ENSG00000122359","patient2","XGBoost","all",1.38276349429614e-05,"ANXA11"
"ENSG00000122378","patient3","XGBoost","all",5.39530356952474e-05,"PRXL2A"
"ENSG00000122378","patient2","XGBoost","all",1.79803410019142e-05,"PRXL2A"
"ENSG00000122378","patient1","XGBoost","all",3.25664049381571e-05,"PRXL2A"
"ENSG00000122378","patient5","XGBoost","all",5.58144216805394e-05,"PRXL2A"
"ENSG00000122378","patient4","XGBoost","all",2.99249430640162e-05,"PRXL2A"
"ENSG00000122378","patient6","XGBoost","all",3.84732590012955e-05,"PRXL2A"
"ENSG00000122565","patient4","XGBoost","all",1.19126365249568e-05,"CBX3"
"ENSG00000122565","patient2","XGBoost","all",1.1545628073486e-05,"CBX3"
"ENSG00000122565","patient6","XGBoost","all",1.68524098493575e-05,"CBX3"
"ENSG00000122565","patient5","XGBoost","all",2.60940533039205e-05,"CBX3"
"ENSG00000122565","patient3","XGBoost","all",1.01051154430996e-05,"CBX3"
"ENSG00000122565","patient1","XGBoost","all",6.03685324576553e-06,"CBX3"
"ENSG00000122642","patient2","XGBoost","all",1.38685392542933e-05,"FKBP9"
"ENSG00000122642","patient4","XGBoost","all",1.21915562263742e-05,"FKBP9"
"ENSG00000122642","patient6","XGBoost","all",1.93252238668958e-05,"FKBP9"
"ENSG00000122642","patient5","XGBoost","all",2.71676380332001e-05,"FKBP9"
"ENSG00000122642","patient3","XGBoost","all",9.09511457798699e-06,"FKBP9"
"ENSG00000122642","patient1","XGBoost","all",1.0279965350465e-05,"FKBP9"
"ENSG00000122644","patient1","XGBoost","all",8.94005470070913e-06,"ARL4A"
"ENSG00000122644","patient2","XGBoost","all",1.86707706704911e-05,"ARL4A"
"ENSG00000122644","patient6","XGBoost","all",1.35123301190303e-05,"ARL4A"
"ENSG00000122644","patient5","XGBoost","all",1.27862128431355e-05,"ARL4A"
"ENSG00000122644","patient4","XGBoost","all",3.1750676030993e-05,"ARL4A"
"ENSG00000122644","patient3","XGBoost","all",1.44857082470355e-05,"ARL4A"
"ENSG00000122679","patient2","XGBoost","all",6.62345620556683e-05,"RAMP3"
"ENSG00000122679","patient6","XGBoost","all",2.54937568726991e-05,"RAMP3"
"ENSG00000122679","patient4","XGBoost","all",0.0002199642916957,"RAMP3"
"ENSG00000122679","patient3","XGBoost","all",6.07819544410622e-05,"RAMP3"
"ENSG00000122679","patient5","XGBoost","all",8.75604493455369e-05,"RAMP3"
"ENSG00000122679","patient1","XGBoost","all",5.96882066214247e-05,"RAMP3"
"ENSG00000122694","patient3","XGBoost","all",1.44895375824311e-05,"GLIPR2"
"ENSG00000122694","patient4","XGBoost","all",5.54130180488361e-06,"GLIPR2"
"ENSG00000122694","patient6","XGBoost","all",6.85792858945468e-06,"GLIPR2"
"ENSG00000122786","patient6","XGBoost","all",0.00210927725018764,"CALD1"
"ENSG00000122786","patient4","XGBoost","all",0.000568200083879937,"CALD1"
"ENSG00000122786","patient3","XGBoost","all",0.00286824838533969,"CALD1"
"ENSG00000122786","patient5","XGBoost","all",0.00181227093803416,"CALD1"
"ENSG00000122786","patient1","XGBoost","all",0.00066939581566561,"CALD1"
"ENSG00000122786","patient2","XGBoost","all",0.00116303580266417,"CALD1"
"ENSG00000122862","patient1","XGBoost","all",0.000306387089457767,"SRGN"
"ENSG00000122862","patient4","XGBoost","all",0.000180093066017013,"SRGN"
"ENSG00000122862","patient3","XGBoost","all",0.000229223943956283,"SRGN"
"ENSG00000122862","patient6","XGBoost","all",0.000249557004788915,"SRGN"
"ENSG00000122862","patient2","XGBoost","all",0.000195628033548235,"SRGN"
"ENSG00000122862","patient5","XGBoost","all",0.000398063101637538,"SRGN"
"ENSG00000122873","patient3","XGBoost","all",9.4158305203842e-06,"CISD1"
"ENSG00000122873","patient5","XGBoost","all",6.12950463352702e-06,"CISD1"
"ENSG00000122873","patient2","XGBoost","all",1.40636814784179e-05,"CISD1"
"ENSG00000122873","patient4","XGBoost","all",2.2071984113169e-05,"CISD1"
"ENSG00000122873","patient6","XGBoost","all",8.4556948893459e-06,"CISD1"
"ENSG00000122884","patient4","XGBoost","all",1.70776530695809e-05,"P4HA1"
"ENSG00000122884","patient1","XGBoost","all",5.2219566297533e-06,"P4HA1"
"ENSG00000122884","patient3","XGBoost","all",1.33346424945429e-05,"P4HA1"
"ENSG00000122884","patient6","XGBoost","all",9.74030395343276e-06,"P4HA1"
"ENSG00000122884","patient5","XGBoost","all",1.17213125044309e-05,"P4HA1"
"ENSG00000122884","patient2","XGBoost","all",1.55293456139061e-05,"P4HA1"
"ENSG00000123066","patient4","XGBoost","all",1.85101443429257e-06,"MED13L"
"ENSG00000123066","patient2","XGBoost","all",6.27472214781261e-06,"MED13L"
"ENSG00000123066","patient1","XGBoost","all",5.43573275930038e-06,"MED13L"
"ENSG00000123091","patient3","XGBoost","all",5.72216837165176e-06,"RNF11"
"ENSG00000123091","patient1","XGBoost","all",6.51173468651353e-06,"RNF11"
"ENSG00000123091","patient5","XGBoost","all",1.09608835203886e-05,"RNF11"
"ENSG00000123091","patient2","XGBoost","all",9.20796233940824e-06,"RNF11"
"ENSG00000123091","patient6","XGBoost","all",6.46032440265935e-06,"RNF11"
"ENSG00000123096","patient6","XGBoost","all",1.65046984066239e-05,"SSPN"
"ENSG00000123096","patient3","XGBoost","all",1.558550429627e-05,"SSPN"
"ENSG00000123096","patient2","XGBoost","all",8.00215690144348e-06,"SSPN"
"ENSG00000123096","patient5","XGBoost","all",1.40643759611356e-05,"SSPN"
"ENSG00000123096","patient1","XGBoost","all",7.17652049273566e-06,"SSPN"
"ENSG00000123096","patient4","XGBoost","all",1.01654031953733e-05,"SSPN"
"ENSG00000123104","patient5","XGBoost","all",7.68403573320904e-06,"ITPR2"
"ENSG00000123104","patient4","XGBoost","all",1.01140389031473e-05,"ITPR2"
"ENSG00000123104","patient6","XGBoost","all",3.90920738422285e-06,"ITPR2"
"ENSG00000123104","patient3","XGBoost","all",1.60680126934698e-05,"ITPR2"
"ENSG00000123104","patient2","XGBoost","all",5.00874384408673e-06,"ITPR2"
"ENSG00000123104","patient1","XGBoost","all",7.59198301727551e-06,"ITPR2"
"ENSG00000123131","patient6","XGBoost","all",2.74559715092383e-05,"PRDX4"
"ENSG00000123131","patient5","XGBoost","all",6.77832261417528e-05,"PRDX4"
"ENSG00000123131","patient3","XGBoost","all",3.22817616386949e-05,"PRDX4"
"ENSG00000123131","patient1","XGBoost","all",2.99482742400446e-05,"PRDX4"
"ENSG00000123131","patient4","XGBoost","all",1.81256544356926e-05,"PRDX4"
"ENSG00000123131","patient2","XGBoost","all",2.20022719536896e-05,"PRDX4"
"ENSG00000123179","patient5","XGBoost","all",9.057818594803e-06,"EBPL"
"ENSG00000123179","patient1","XGBoost","all",9.61348142716278e-06,"EBPL"
"ENSG00000123179","patient4","XGBoost","all",7.40698206091906e-06,"EBPL"
"ENSG00000123179","patient2","XGBoost","all",6.95081767512032e-06,"EBPL"
"ENSG00000123200","patient4","XGBoost","all",1.02100168544819e-05,"ZC3H13"
"ENSG00000123200","patient5","XGBoost","all",1.14190188347156e-05,"ZC3H13"
"ENSG00000123200","patient3","XGBoost","all",9.40301802537001e-06,"ZC3H13"
"ENSG00000123200","patient2","XGBoost","all",9.97837226609258e-06,"ZC3H13"
"ENSG00000123200","patient6","XGBoost","all",9.18671825988398e-06,"ZC3H13"
"ENSG00000123200","patient1","XGBoost","all",5.12011403888595e-06,"ZC3H13"
"ENSG00000123240","patient2","XGBoost","all",2.12332851117606e-05,"OPTN"
"ENSG00000123240","patient6","XGBoost","all",2.79561735456604e-05,"OPTN"
"ENSG00000123240","patient5","XGBoost","all",3.47703779199239e-05,"OPTN"
"ENSG00000123240","patient1","XGBoost","all",1.09961871452611e-05,"OPTN"
"ENSG00000123240","patient3","XGBoost","all",1.82343711977073e-05,"OPTN"
"ENSG00000123240","patient4","XGBoost","all",1.21683058563069e-05,"OPTN"
"ENSG00000123358","patient5","XGBoost","all",0.000155004607616114,"NR4A1"
"ENSG00000123358","patient1","XGBoost","all",0.000157590360127436,"NR4A1"
"ENSG00000123358","patient3","XGBoost","all",0.000136443043411824,"NR4A1"
"ENSG00000123358","patient4","XGBoost","all",0.000148220104528172,"NR4A1"
"ENSG00000123358","patient6","XGBoost","all",0.000106184778448987,"NR4A1"
"ENSG00000123358","patient2","XGBoost","all",0.000187407506495118,"NR4A1"
"ENSG00000123384","patient3","XGBoost","all",0.000357582610999528,"LRP1"
"ENSG00000123384","patient2","XGBoost","all",0.000314405374348047,"LRP1"
"ENSG00000123384","patient6","XGBoost","all",0.000175283268668759,"LRP1"
"ENSG00000123384","patient1","XGBoost","all",0.000141577150127875,"LRP1"
"ENSG00000123384","patient4","XGBoost","all",0.000206604944383355,"LRP1"
"ENSG00000123384","patient5","XGBoost","all",0.000237621839228201,"LRP1"
"ENSG00000123416","patient2","XGBoost","all",3.21085896054927e-05,"TUBA1B"
"ENSG00000123416","patient5","XGBoost","all",6.70179706018921e-05,"TUBA1B"
"ENSG00000123416","patient3","XGBoost","all",4.44213222640664e-05,"TUBA1B"
"ENSG00000123416","patient4","XGBoost","all",6.24407082307626e-05,"TUBA1B"
"ENSG00000123416","patient1","XGBoost","all",5.28710981999684e-05,"TUBA1B"
"ENSG00000123416","patient6","XGBoost","all",5.00119984317163e-05,"TUBA1B"
"ENSG00000123505","patient5","XGBoost","all",4.51894309511744e-06,"AMD1"
"ENSG00000123505","patient6","XGBoost","all",2.23709587411365e-05,"AMD1"
"ENSG00000123505","patient3","XGBoost","all",1.08497778050412e-05,"AMD1"
"ENSG00000123505","patient4","XGBoost","all",1.2245310332352e-05,"AMD1"
"ENSG00000123505","patient1","XGBoost","all",3.17059416867844e-06,"AMD1"
"ENSG00000123505","patient2","XGBoost","all",5.29504606173514e-06,"AMD1"
"ENSG00000123562","patient5","XGBoost","all",1.51992892583741e-05,"MORF4L2"
"ENSG00000123562","patient2","XGBoost","all",9.88297624335126e-06,"MORF4L2"
"ENSG00000123562","patient6","XGBoost","all",7.61788784534498e-06,"MORF4L2"
"ENSG00000123562","patient4","XGBoost","all",8.10145639653646e-06,"MORF4L2"
"ENSG00000123562","patient3","XGBoost","all",2.13735781244395e-05,"MORF4L2"
"ENSG00000123562","patient1","XGBoost","all",1.12790032499115e-05,"MORF4L2"
"ENSG00000123636","patient3","XGBoost","all",1.04124969842322e-05,"BAZ2B"
"ENSG00000123636","patient6","XGBoost","all",3.93754900350625e-06,"BAZ2B"
"ENSG00000123636","patient4","XGBoost","all",2.07161033591871e-05,"BAZ2B"
"ENSG00000123636","patient5","XGBoost","all",9.24545443964063e-06,"BAZ2B"
"ENSG00000123636","patient1","XGBoost","all",5.38833988899896e-06,"BAZ2B"
"ENSG00000123636","patient2","XGBoost","all",1.55188293925794e-05,"BAZ2B"
"ENSG00000123933","patient3","XGBoost","all",8.20423426302704e-06,"MXD4"
"ENSG00000123933","patient5","XGBoost","all",9.21997862566832e-06,"MXD4"
"ENSG00000123933","patient6","XGBoost","all",6.42278997451121e-06,"MXD4"
"ENSG00000123933","patient4","XGBoost","all",6.15135167163944e-06,"MXD4"
"ENSG00000123933","patient1","XGBoost","all",7.12645529121591e-06,"MXD4"
"ENSG00000123933","patient2","XGBoost","all",6.07193289913341e-06,"MXD4"
"ENSG00000123983","patient1","XGBoost","all",9.51911854955722e-06,"ACSL3"
"ENSG00000123983","patient3","XGBoost","all",1.59760403713555e-05,"ACSL3"
"ENSG00000123983","patient4","XGBoost","all",1.98135310819517e-05,"ACSL3"
"ENSG00000123983","patient2","XGBoost","all",1.66367042459531e-05,"ACSL3"
"ENSG00000123983","patient6","XGBoost","all",1.96315408192964e-05,"ACSL3"
"ENSG00000124107","patient4","XGBoost","all",5.24657282958263e-05,"SLPI"
"ENSG00000124155","patient1","XGBoost","all",1.31736309115655e-05,"PIGT"
"ENSG00000124155","patient4","XGBoost","all",8.61776860957464e-06,"PIGT"
"ENSG00000124155","patient2","XGBoost","all",1.34988424935915e-05,"PIGT"
"ENSG00000124155","patient5","XGBoost","all",1.01753972098728e-05,"PIGT"
"ENSG00000124155","patient3","XGBoost","all",5.58631154729838e-06,"PIGT"
"ENSG00000124155","patient6","XGBoost","all",2.8148515173824e-05,"PIGT"
"ENSG00000124212","patient2","XGBoost","all",0.000462462991239035,"PTGIS"
"ENSG00000124212","patient6","XGBoost","all",0.000221693816990363,"PTGIS"
"ENSG00000124212","patient3","XGBoost","all",0.00022182173546908,"PTGIS"
"ENSG00000124212","patient4","XGBoost","all",0.000265958981231375,"PTGIS"
"ENSG00000124212","patient1","XGBoost","all",0.000210854592056443,"PTGIS"
"ENSG00000124212","patient5","XGBoost","all",0.000404999603226503,"PTGIS"
"ENSG00000124214","patient1","XGBoost","all",1.57957132680904e-05,"STAU1"
"ENSG00000124214","patient2","XGBoost","all",9.83703488306559e-06,"STAU1"
"ENSG00000124214","patient5","XGBoost","all",8.51298739530374e-06,"STAU1"
"ENSG00000124214","patient6","XGBoost","all",9.54372457872458e-06,"STAU1"
"ENSG00000124214","patient3","XGBoost","all",1.97745711608221e-05,"STAU1"
"ENSG00000124214","patient4","XGBoost","all",9.6650350244405e-06,"STAU1"
"ENSG00000124225","patient1","XGBoost","all",2.94125016385375e-05,"PMEPA1"
"ENSG00000124225","patient5","XGBoost","all",3.47657342586419e-05,"PMEPA1"
"ENSG00000124225","patient2","XGBoost","all",3.68235832287072e-05,"PMEPA1"
"ENSG00000124225","patient4","XGBoost","all",8.04991610711628e-05,"PMEPA1"
"ENSG00000124225","patient6","XGBoost","all",3.71964696393758e-05,"PMEPA1"
"ENSG00000124225","patient3","XGBoost","all",2.79902236402466e-05,"PMEPA1"
"ENSG00000124299","patient3","XGBoost","all",2.76075320891955e-06,"PEPD"
"ENSG00000124299","patient5","XGBoost","all",9.85791554386174e-06,"PEPD"
"ENSG00000124299","patient2","XGBoost","all",1.01169325613931e-05,"PEPD"
"ENSG00000124299","patient1","XGBoost","all",4.66204603081506e-06,"PEPD"
"ENSG00000124299","patient6","XGBoost","all",1.08282262410444e-05,"PEPD"
"ENSG00000124299","patient4","XGBoost","all",2.49533270656965e-05,"PEPD"
"ENSG00000124357","patient1","XGBoost","all",3.69022466028781e-06,"NAGK"
"ENSG00000124357","patient5","XGBoost","all",3.22232584088952e-06,"NAGK"
"ENSG00000124357","patient4","XGBoost","all",7.3551851089241e-06,"NAGK"
"ENSG00000124357","patient6","XGBoost","all",8.86045374087645e-06,"NAGK"
"ENSG00000124357","patient2","XGBoost","all",5.57292688092367e-06,"NAGK"
"ENSG00000124357","patient3","XGBoost","all",8.52641104984542e-07,"NAGK"
"ENSG00000124491","patient4","XGBoost","all",0.000131966933128949,"F13A1"
"ENSG00000124491","patient5","XGBoost","all",6.06043117942767e-05,"F13A1"
"ENSG00000124491","patient2","XGBoost","all",4.1257915326437e-05,"F13A1"
"ENSG00000124491","patient3","XGBoost","all",0.000134617900842007,"F13A1"
"ENSG00000124491","patient6","XGBoost","all",0.000209199864736588,"F13A1"
"ENSG00000124491","patient1","XGBoost","all",0.00019882541207579,"F13A1"
"ENSG00000124562","patient1","XGBoost","all",1.00980461343221e-05,"SNRPC"
"ENSG00000124562","patient3","XGBoost","all",5.71446646153459e-06,"SNRPC"
"ENSG00000124562","patient5","XGBoost","all",1.94842122067716e-05,"SNRPC"
"ENSG00000124562","patient6","XGBoost","all",4.95810122109198e-06,"SNRPC"
"ENSG00000124562","patient4","XGBoost","all",1.31403432483036e-05,"SNRPC"
"ENSG00000124562","patient2","XGBoost","all",6.13361964285204e-06,"SNRPC"
"ENSG00000124570","patient3","XGBoost","all",2.0537654234216e-05,"SERPINB6"
"ENSG00000124570","patient2","XGBoost","all",2.02584911340638e-05,"SERPINB6"
"ENSG00000124570","patient5","XGBoost","all",1.86788578147661e-05,"SERPINB6"
"ENSG00000124570","patient4","XGBoost","all",4.74417058737467e-06,"SERPINB6"
"ENSG00000124570","patient1","XGBoost","all",9.41216605557043e-06,"SERPINB6"
"ENSG00000124570","patient6","XGBoost","all",1.20266848625366e-05,"SERPINB6"
"ENSG00000124749","patient1","XGBoost","all",3.65716240219999e-05,"COL21A1"
"ENSG00000124749","patient3","XGBoost","all",1.19638921398525e-05,"COL21A1"
"ENSG00000124749","patient2","XGBoost","all",9.40551847845074e-06,"COL21A1"
"ENSG00000124762","patient4","XGBoost","all",3.15979919466697e-05,"CDKN1A"
"ENSG00000124762","patient5","XGBoost","all",3.46212289753841e-05,"CDKN1A"
"ENSG00000124762","patient3","XGBoost","all",3.11245801766224e-05,"CDKN1A"
"ENSG00000124762","patient6","XGBoost","all",2.17107110012915e-05,"CDKN1A"
"ENSG00000124762","patient2","XGBoost","all",1.66338107060761e-05,"CDKN1A"
"ENSG00000124762","patient1","XGBoost","all",4.72567158219559e-05,"CDKN1A"
"ENSG00000124766","patient4","XGBoost","all",3.47010571421256e-05,"SOX4"
"ENSG00000124766","patient1","XGBoost","all",2.35638072449631e-05,"SOX4"
"ENSG00000124766","patient2","XGBoost","all",1.65355277226752e-05,"SOX4"
"ENSG00000124766","patient6","XGBoost","all",4.02294813162028e-05,"SOX4"
"ENSG00000124766","patient3","XGBoost","all",2.5264818580316e-05,"SOX4"
"ENSG00000124766","patient5","XGBoost","all",2.35509915716756e-05,"SOX4"
"ENSG00000124767","patient6","XGBoost","all",1.10931415904121e-05,"GLO1"
"ENSG00000124767","patient2","XGBoost","all",1.42210958374422e-05,"GLO1"
"ENSG00000124767","patient1","XGBoost","all",1.12935590681452e-05,"GLO1"
"ENSG00000124767","patient3","XGBoost","all",1.97115949789933e-05,"GLO1"
"ENSG00000124767","patient4","XGBoost","all",2.17261724411526e-05,"GLO1"
"ENSG00000124767","patient5","XGBoost","all",1.62055951474447e-05,"GLO1"
"ENSG00000124783","patient5","XGBoost","all",1.12197684118351e-05,"SSR1"
"ENSG00000124783","patient3","XGBoost","all",1.13787267555133e-05,"SSR1"
"ENSG00000124783","patient4","XGBoost","all",1.56434698602471e-05,"SSR1"
"ENSG00000124783","patient6","XGBoost","all",1.0813107486336e-05,"SSR1"
"ENSG00000124783","patient2","XGBoost","all",5.51720979024611e-06,"SSR1"
"ENSG00000124783","patient1","XGBoost","all",7.66974685596528e-06,"SSR1"
"ENSG00000124831","patient4","XGBoost","all",3.368983593038e-05,"LRRFIP1"
"ENSG00000124831","patient2","XGBoost","all",3.08432086947201e-05,"LRRFIP1"
"ENSG00000124831","patient5","XGBoost","all",3.44262014013564e-05,"LRRFIP1"
"ENSG00000124831","patient1","XGBoost","all",1.76491284502377e-05,"LRRFIP1"
"ENSG00000124831","patient3","XGBoost","all",1.80706837984082e-05,"LRRFIP1"
"ENSG00000124831","patient6","XGBoost","all",1.99294036167072e-05,"LRRFIP1"
"ENSG00000125037","patient5","XGBoost","all",9.57023018775878e-06,"EMC3"
"ENSG00000125148","patient4","XGBoost","all",9.78002784299733e-05,"MT2A"
"ENSG00000125148","patient3","XGBoost","all",0.00012105290197618,"MT2A"
"ENSG00000125148","patient2","XGBoost","all",8.16400631101608e-05,"MT2A"
"ENSG00000125148","patient5","XGBoost","all",0.00016240078827329,"MT2A"
"ENSG00000125148","patient1","XGBoost","all",6.47029796372207e-05,"MT2A"
"ENSG00000125148","patient6","XGBoost","all",0.000150453118152753,"MT2A"
"ENSG00000125304","patient5","XGBoost","all",7.57822426906797e-06,"TM9SF2"
"ENSG00000125304","patient3","XGBoost","all",4.38008606937878e-06,"TM9SF2"
"ENSG00000125304","patient6","XGBoost","all",4.98499362778985e-06,"TM9SF2"
"ENSG00000125304","patient1","XGBoost","all",9.11290050626953e-06,"TM9SF2"
"ENSG00000125304","patient4","XGBoost","all",9.64116133097735e-06,"TM9SF2"
"ENSG00000125304","patient2","XGBoost","all",6.21149389342277e-06,"TM9SF2"
"ENSG00000125347","patient3","XGBoost","all",1.18715010790025e-05,"IRF1"
"ENSG00000125347","patient2","XGBoost","all",9.96583293537017e-06,"IRF1"
"ENSG00000125347","patient1","XGBoost","all",8.41314074574038e-06,"IRF1"
"ENSG00000125347","patient6","XGBoost","all",1.70149265046931e-05,"IRF1"
"ENSG00000125347","patient5","XGBoost","all",8.60606986469242e-06,"IRF1"
"ENSG00000125347","patient4","XGBoost","all",6.06359751512132e-06,"IRF1"
"ENSG00000125458","patient6","XGBoost","all",2.12001187329923e-05,"NT5C"
"ENSG00000125458","patient1","XGBoost","all",4.85846996616047e-06,"NT5C"
"ENSG00000125458","patient2","XGBoost","all",6.46120743748914e-06,"NT5C"
"ENSG00000125458","patient4","XGBoost","all",1.94723882243907e-05,"NT5C"
"ENSG00000125458","patient3","XGBoost","all",2.1401867263816e-05,"NT5C"
"ENSG00000125458","patient5","XGBoost","all",1.12109313508207e-05,"NT5C"
"ENSG00000125652","patient6","XGBoost","all",5.39266157354119e-06,"ALKBH7"
"ENSG00000125652","patient3","XGBoost","all",1.90234767594947e-05,"ALKBH7"
"ENSG00000125652","patient4","XGBoost","all",1.42517932325033e-05,"ALKBH7"
"ENSG00000125652","patient5","XGBoost","all",1.20979202541947e-05,"ALKBH7"
"ENSG00000125652","patient2","XGBoost","all",6.2299907056338e-06,"ALKBH7"
"ENSG00000125652","patient1","XGBoost","all",2.13045087552107e-05,"ALKBH7"
"ENSG00000125676","patient1","XGBoost","all",1.41242076747323e-05,"THOC2"
"ENSG00000125676","patient3","XGBoost","all",2.04688657766739e-05,"THOC2"
"ENSG00000125676","patient5","XGBoost","all",2.46247607454453e-05,"THOC2"
"ENSG00000125676","patient6","XGBoost","all",3.87921981507725e-05,"THOC2"
"ENSG00000125676","patient2","XGBoost","all",2.37129606248987e-05,"THOC2"
"ENSG00000125676","patient4","XGBoost","all",1.73347491189261e-05,"THOC2"
"ENSG00000125730","patient1","XGBoost","all",5.84972585343884e-05,"C3"
"ENSG00000125730","patient4","XGBoost","all",0.000101189834465402,"C3"
"ENSG00000125730","patient3","XGBoost","all",7.47610980539594e-05,"C3"
"ENSG00000125730","patient2","XGBoost","all",8.16022299775798e-05,"C3"
"ENSG00000125730","patient5","XGBoost","all",0.000239937147664019,"C3"
"ENSG00000125730","patient6","XGBoost","all",8.76089216054299e-05,"C3"
"ENSG00000125740","patient6","XGBoost","all",6.92727399847077e-05,"FOSB"
"ENSG00000125740","patient4","XGBoost","all",2.16770105582587e-05,"FOSB"
"ENSG00000125740","patient2","XGBoost","all",8.26674737222663e-05,"FOSB"
"ENSG00000125740","patient5","XGBoost","all",7.64088672718015e-05,"FOSB"
"ENSG00000125740","patient3","XGBoost","all",6.59196481197134e-05,"FOSB"
"ENSG00000125740","patient1","XGBoost","all",7.92038715963417e-05,"FOSB"
"ENSG00000125753","patient1","XGBoost","all",1.31927360247069e-05,"VASP"
"ENSG00000125753","patient5","XGBoost","all",2.31040345234252e-05,"VASP"
"ENSG00000125753","patient2","XGBoost","all",2.40027251557811e-05,"VASP"
"ENSG00000125753","patient4","XGBoost","all",2.74212069803079e-05,"VASP"
"ENSG00000125753","patient6","XGBoost","all",2.25249074382853e-05,"VASP"
"ENSG00000125753","patient3","XGBoost","all",3.23517881064125e-05,"VASP"
"ENSG00000125810","patient5","XGBoost","all",0.00149782049787267,"CD93"
"ENSG00000125810","patient2","XGBoost","all",0.000357446678699585,"CD93"
"ENSG00000125810","patient1","XGBoost","all",0.000890617118491648,"CD93"
"ENSG00000125810","patient4","XGBoost","all",0.000943445187685276,"CD93"
"ENSG00000125810","patient3","XGBoost","all",0.00127804567673312,"CD93"
"ENSG00000125810","patient6","XGBoost","all",0.00111708535259564,"CD93"
"ENSG00000125818","patient4","XGBoost","all",2.00107880852923e-05,"PSMF1"
"ENSG00000125818","patient6","XGBoost","all",1.70419771689616e-06,"PSMF1"
"ENSG00000125818","patient3","XGBoost","all",2.84988026959663e-06,"PSMF1"
"ENSG00000125818","patient2","XGBoost","all",6.35031604158163e-06,"PSMF1"
"ENSG00000125818","patient1","XGBoost","all",7.01536970022774e-06,"PSMF1"
"ENSG00000125818","patient5","XGBoost","all",3.68733248745223e-06,"PSMF1"
"ENSG00000125827","patient2","XGBoost","all",8.44108545254653e-06,"TMX4"
"ENSG00000125827","patient1","XGBoost","all",1.4233947657899e-05,"TMX4"
"ENSG00000125827","patient5","XGBoost","all",4.46692858642378e-06,"TMX4"
"ENSG00000125827","patient3","XGBoost","all",1.8464249660651e-05,"TMX4"
"ENSG00000125827","patient4","XGBoost","all",9.63330338218013e-06,"TMX4"
"ENSG00000125827","patient6","XGBoost","all",1.40599610603012e-05,"TMX4"
"ENSG00000125835","patient6","XGBoost","all",4.16385306197518e-06,"SNRPB"
"ENSG00000125835","patient1","XGBoost","all",7.3550027436065e-06,"SNRPB"
"ENSG00000125835","patient2","XGBoost","all",1.22768475750094e-05,"SNRPB"
"ENSG00000125835","patient5","XGBoost","all",8.26661063020756e-06,"SNRPB"
"ENSG00000125835","patient3","XGBoost","all",1.48633999665508e-05,"SNRPB"
"ENSG00000125835","patient4","XGBoost","all",9.42574320976642e-06,"SNRPB"
"ENSG00000125844","patient1","XGBoost","all",2.19723730929209e-05,"RRBP1"
"ENSG00000125844","patient6","XGBoost","all",1.87339109910341e-05,"RRBP1"
"ENSG00000125844","patient3","XGBoost","all",2.11230707100798e-05,"RRBP1"
"ENSG00000125844","patient5","XGBoost","all",2.11578863098475e-05,"RRBP1"
"ENSG00000125844","patient4","XGBoost","all",4.71367711796709e-05,"RRBP1"
"ENSG00000125844","patient2","XGBoost","all",2.10024887919065e-05,"RRBP1"
"ENSG00000125868","patient6","XGBoost","all",0.000890491625159477,"DSTN"
"ENSG00000125868","patient1","XGBoost","all",0.00100410410326684,"DSTN"
"ENSG00000125868","patient3","XGBoost","all",0.000882661735860882,"DSTN"
"ENSG00000125868","patient5","XGBoost","all",0.000756584826077097,"DSTN"
"ENSG00000125868","patient2","XGBoost","all",0.000858175788721451,"DSTN"
"ENSG00000125868","patient4","XGBoost","all",0.00034240022062636,"DSTN"
"ENSG00000125870","patient3","XGBoost","all",2.4710771097574e-05,"SNRPB2"
"ENSG00000125870","patient5","XGBoost","all",1.21586660395628e-05,"SNRPB2"
"ENSG00000125870","patient1","XGBoost","all",5.0411534460743e-06,"SNRPB2"
"ENSG00000125870","patient4","XGBoost","all",2.77659724467814e-05,"SNRPB2"
"ENSG00000125870","patient6","XGBoost","all",1.51148327657226e-05,"SNRPB2"
"ENSG00000125870","patient2","XGBoost","all",2.27597741134689e-05,"SNRPB2"
"ENSG00000125901","patient2","XGBoost","all",6.11233521616644e-06,"MRPS26"
"ENSG00000125901","patient5","XGBoost","all",3.82092803411173e-06,"MRPS26"
"ENSG00000125901","patient1","XGBoost","all",6.5843878815182e-06,"MRPS26"
"ENSG00000125901","patient3","XGBoost","all",1.7013488346865e-05,"MRPS26"
"ENSG00000125901","patient6","XGBoost","all",1.59567104078227e-05,"MRPS26"
"ENSG00000125944","patient3","XGBoost","all",1.28153609470584e-05,"HNRNPR"
"ENSG00000125944","patient1","XGBoost","all",9.51014215307741e-06,"HNRNPR"
"ENSG00000125944","patient4","XGBoost","all",7.97198438659469e-06,"HNRNPR"
"ENSG00000125944","patient6","XGBoost","all",1.4790994388619e-05,"HNRNPR"
"ENSG00000125944","patient5","XGBoost","all",2.32392447343505e-05,"HNRNPR"
"ENSG00000125944","patient2","XGBoost","all",8.70785101265065e-06,"HNRNPR"
"ENSG00000125968","patient4","XGBoost","all",0.000306580046214865,"ID1"
"ENSG00000125968","patient5","XGBoost","all",0.000301016111079239,"ID1"
"ENSG00000125968","patient6","XGBoost","all",0.000168826348404227,"ID1"
"ENSG00000125968","patient3","XGBoost","all",0.000150835372920774,"ID1"
"ENSG00000125968","patient1","XGBoost","all",0.000189084544466688,"ID1"
"ENSG00000125968","patient2","XGBoost","all",0.000239765614497784,"ID1"
"ENSG00000125970","patient5","XGBoost","all",3.89773908956914e-06,"RALY"
"ENSG00000125970","patient6","XGBoost","all",7.47459397250612e-06,"RALY"
"ENSG00000125970","patient3","XGBoost","all",3.43707960907248e-06,"RALY"
"ENSG00000125970","patient2","XGBoost","all",1.14575191920995e-05,"RALY"
"ENSG00000125970","patient1","XGBoost","all",1.11530019257742e-05,"RALY"
"ENSG00000125970","patient4","XGBoost","all",6.12477405832109e-06,"RALY"
"ENSG00000125977","patient1","XGBoost","all",9.39627573800033e-06,"EIF2S2"
"ENSG00000125977","patient6","XGBoost","all",7.83445746285893e-06,"EIF2S2"
"ENSG00000125977","patient2","XGBoost","all",1.33022028395533e-05,"EIF2S2"
"ENSG00000125977","patient3","XGBoost","all",7.97837174730681e-06,"EIF2S2"
"ENSG00000125977","patient5","XGBoost","all",1.16789987684504e-05,"EIF2S2"
"ENSG00000125991","patient1","XGBoost","all",1.23045541408911e-05,"ERGIC3"
"ENSG00000125991","patient3","XGBoost","all",1.05244519436267e-05,"ERGIC3"
"ENSG00000125991","patient2","XGBoost","all",1.69391995627886e-05,"ERGIC3"
"ENSG00000125991","patient6","XGBoost","all",2.00723020234368e-05,"ERGIC3"
"ENSG00000125991","patient5","XGBoost","all",1.09768844673994e-05,"ERGIC3"
"ENSG00000125991","patient4","XGBoost","all",7.94816609965562e-06,"ERGIC3"
"ENSG00000125995","patient4","XGBoost","all",1.20629894612596e-05,"ROMO1"
"ENSG00000125995","patient6","XGBoost","all",7.57450179906616e-06,"ROMO1"
"ENSG00000125995","patient3","XGBoost","all",5.86576162172464e-06,"ROMO1"
"ENSG00000125995","patient5","XGBoost","all",1.74848168838212e-05,"ROMO1"
"ENSG00000125995","patient1","XGBoost","all",1.7862774240227e-05,"ROMO1"
"ENSG00000125995","patient2","XGBoost","all",1.69095483451487e-05,"ROMO1"
"ENSG00000126005","patient6","XGBoost","all",1.33752854642413e-05,"MMP24OS"
"ENSG00000126005","patient4","XGBoost","all",1.26193402211608e-05,"MMP24OS"
"ENSG00000126005","patient3","XGBoost","all",4.41266500504334e-06,"MMP24OS"
"ENSG00000126005","patient2","XGBoost","all",1.20186198655157e-05,"MMP24OS"
"ENSG00000126005","patient1","XGBoost","all",1.91763052002702e-05,"MMP24OS"
"ENSG00000126005","patient5","XGBoost","all",1.90192276470491e-05,"MMP24OS"
"ENSG00000126067","patient6","XGBoost","all",9.78745190663917e-06,"PSMB2"
"ENSG00000126067","patient4","XGBoost","all",1.82062106328915e-05,"PSMB2"
"ENSG00000126067","patient3","XGBoost","all",1.66866153520236e-06,"PSMB2"
"ENSG00000126067","patient5","XGBoost","all",1.15549396994119e-05,"PSMB2"
"ENSG00000126067","patient1","XGBoost","all",1.18174663264958e-05,"PSMB2"
"ENSG00000126067","patient2","XGBoost","all",8.69923092182085e-06,"PSMB2"
"ENSG00000126247","patient4","XGBoost","all",1.00130059212923e-05,"CAPNS1"
"ENSG00000126247","patient5","XGBoost","all",1.7973990020969e-05,"CAPNS1"
"ENSG00000126247","patient2","XGBoost","all",1.49347619865508e-05,"CAPNS1"
"ENSG00000126247","patient1","XGBoost","all",6.67153098441197e-06,"CAPNS1"
"ENSG00000126247","patient6","XGBoost","all",1.93829704540837e-05,"CAPNS1"
"ENSG00000126247","patient3","XGBoost","all",2.12469430345823e-05,"CAPNS1"
"ENSG00000126261","patient3","XGBoost","all",2.22239667070805e-05,"UBA2"
"ENSG00000126261","patient2","XGBoost","all",1.75364582999984e-05,"UBA2"
"ENSG00000126261","patient4","XGBoost","all",5.9398668432768e-05,"UBA2"
"ENSG00000126261","patient1","XGBoost","all",1.487468951853e-05,"UBA2"
"ENSG00000126261","patient5","XGBoost","all",1.74694490928964e-05,"UBA2"
"ENSG00000126261","patient6","XGBoost","all",1.94945900521449e-05,"UBA2"
"ENSG00000126264","patient5","XGBoost","all",6.94336416396228e-05,"HCST"
"ENSG00000126264","patient1","XGBoost","all",4.84432294017633e-05,"HCST"
"ENSG00000126264","patient2","XGBoost","all",6.51498596171654e-05,"HCST"
"ENSG00000126264","patient4","XGBoost","all",8.92956312021246e-05,"HCST"
"ENSG00000126264","patient3","XGBoost","all",1.04109790563149e-05,"HCST"
"ENSG00000126264","patient6","XGBoost","all",6.79278820856411e-05,"HCST"
"ENSG00000126351","patient4","XGBoost","all",4.39222060581202e-06,"THRA"
"ENSG00000126351","patient5","XGBoost","all",1.2185588735313e-05,"THRA"
"ENSG00000126351","patient3","XGBoost","all",3.86342770767044e-06,"THRA"
"ENSG00000126351","patient6","XGBoost","all",8.06521905029651e-06,"THRA"
"ENSG00000126351","patient1","XGBoost","all",4.15836547231218e-06,"THRA"
"ENSG00000126351","patient2","XGBoost","all",1.86058851112012e-05,"THRA"
"ENSG00000126457","patient2","XGBoost","all",1.3663872954848e-05,"PRMT1"
"ENSG00000126457","patient5","XGBoost","all",2.10663444944356e-05,"PRMT1"
"ENSG00000126457","patient3","XGBoost","all",2.00575839281337e-05,"PRMT1"
"ENSG00000126457","patient4","XGBoost","all",8.56322496062868e-06,"PRMT1"
"ENSG00000126457","patient1","XGBoost","all",2.17608512452717e-05,"PRMT1"
"ENSG00000126457","patient6","XGBoost","all",1.85728965378977e-05,"PRMT1"
"ENSG00000126458","patient4","XGBoost","all",1.59089306651244e-05,"RRAS"
"ENSG00000126458","patient1","XGBoost","all",1.20134903563797e-05,"RRAS"
"ENSG00000126458","patient5","XGBoost","all",3.12176205498689e-05,"RRAS"
"ENSG00000126458","patient2","XGBoost","all",1.55440462175927e-05,"RRAS"
"ENSG00000126458","patient6","XGBoost","all",1.61506011820041e-05,"RRAS"
"ENSG00000126458","patient3","XGBoost","all",1.9214051433707e-05,"RRAS"
"ENSG00000126524","patient5","XGBoost","all",4.06885475290683e-05,"SBDS"
"ENSG00000126524","patient3","XGBoost","all",2.0960219271083e-05,"SBDS"
"ENSG00000126524","patient4","XGBoost","all",3.31036446832536e-05,"SBDS"
"ENSG00000126524","patient2","XGBoost","all",3.22989395275562e-05,"SBDS"
"ENSG00000126524","patient1","XGBoost","all",2.37332279343021e-05,"SBDS"
"ENSG00000126524","patient6","XGBoost","all",3.68513187685724e-05,"SBDS"
"ENSG00000126653","patient5","XGBoost","all",7.12051984186929e-06,"NSRP1"
"ENSG00000126653","patient6","XGBoost","all",2.15460790290336e-05,"NSRP1"
"ENSG00000126653","patient3","XGBoost","all",1.31103623864366e-05,"NSRP1"
"ENSG00000126653","patient4","XGBoost","all",2.65817036235101e-05,"NSRP1"
"ENSG00000126653","patient1","XGBoost","all",6.05460608599438e-06,"NSRP1"
"ENSG00000126653","patient2","XGBoost","all",2.94349113887092e-05,"NSRP1"
"ENSG00000126698","patient1","XGBoost","all",5.28754408770542e-06,"DNAJC8"
"ENSG00000126698","patient4","XGBoost","all",1.76184109669631e-05,"DNAJC8"
"ENSG00000126698","patient2","XGBoost","all",1.6094537244793e-05,"DNAJC8"
"ENSG00000126698","patient3","XGBoost","all",1.03959158405957e-05,"DNAJC8"
"ENSG00000126698","patient5","XGBoost","all",1.35267528213132e-05,"DNAJC8"
"ENSG00000126698","patient6","XGBoost","all",3.57022962558143e-06,"DNAJC8"
"ENSG00000126709","patient4","XGBoost","all",1.52045312284806e-05,"IFI6"
"ENSG00000126709","patient3","XGBoost","all",4.7603861822693e-06,"IFI6"
"ENSG00000126709","patient5","XGBoost","all",1.56006637182929e-05,"IFI6"
"ENSG00000126709","patient2","XGBoost","all",1.33422702744132e-05,"IFI6"
"ENSG00000126709","patient1","XGBoost","all",9.76212776834148e-06,"IFI6"
"ENSG00000126709","patient6","XGBoost","all",1.44212691399847e-05,"IFI6"
"ENSG00000126756","patient2","XGBoost","all",1.39937233423994e-05,"UXT"
"ENSG00000126756","patient4","XGBoost","all",7.79073416509992e-06,"UXT"
"ENSG00000126756","patient3","XGBoost","all",1.7830714642233e-05,"UXT"
"ENSG00000126756","patient5","XGBoost","all",8.41095936814174e-06,"UXT"
"ENSG00000126756","patient6","XGBoost","all",4.44458385499736e-06,"UXT"
"ENSG00000126756","patient1","XGBoost","all",8.59075505364659e-06,"UXT"
"ENSG00000126934","patient2","XGBoost","all",1.16450795259231e-05,"MAP2K2"
"ENSG00000126934","patient3","XGBoost","all",3.8727203698329e-06,"MAP2K2"
"ENSG00000126934","patient5","XGBoost","all",1.79931179995674e-05,"MAP2K2"
"ENSG00000126934","patient1","XGBoost","all",1.22770517536235e-05,"MAP2K2"
"ENSG00000126934","patient6","XGBoost","all",1.04643647021304e-05,"MAP2K2"
"ENSG00000126934","patient4","XGBoost","all",8.90613675295106e-06,"MAP2K2"
"ENSG00000126945","patient5","XGBoost","all",6.76812004395214e-06,"HNRNPH2"
"ENSG00000127022","patient5","XGBoost","all",1.44797434030483e-05,"CANX"
"ENSG00000127022","patient1","XGBoost","all",2.07304163237018e-05,"CANX"
"ENSG00000127083","patient6","XGBoost","all",0.000282500981834424,"OMD"
"ENSG00000127083","patient3","XGBoost","all",0.000152354520642229,"OMD"
"ENSG00000127083","patient2","XGBoost","all",0.000178341871053056,"OMD"
"ENSG00000127083","patient1","XGBoost","all",0.000736818810063488,"OMD"
"ENSG00000127083","patient4","XGBoost","all",0.000221436201859121,"OMD"
"ENSG00000127083","patient5","XGBoost","all",0.000199075358710115,"OMD"
"ENSG00000127125","patient3","XGBoost","all",1.09216006012486e-05,"PPCS"
"ENSG00000127125","patient6","XGBoost","all",1.31065121864986e-05,"PPCS"
"ENSG00000127125","patient4","XGBoost","all",1.01662929589659e-05,"PPCS"
"ENSG00000127125","patient2","XGBoost","all",1.49442834301845e-05,"PPCS"
"ENSG00000127125","patient5","XGBoost","all",9.96982840073861e-06,"PPCS"
"ENSG00000127125","patient1","XGBoost","all",5.69043439915728e-06,"PPCS"
"ENSG00000127314","patient2","XGBoost","all",9.64058405257095e-06,"RAP1B"
"ENSG00000127314","patient1","XGBoost","all",1.38285205387464e-05,"RAP1B"
"ENSG00000127314","patient5","XGBoost","all",2.20672224456525e-05,"RAP1B"
"ENSG00000127445","patient3","XGBoost","all",1.69339461930931e-05,"PIN1"
"ENSG00000127445","patient1","XGBoost","all",2.14172065576613e-05,"PIN1"
"ENSG00000127445","patient5","XGBoost","all",1.57758968336318e-05,"PIN1"
"ENSG00000127445","patient4","XGBoost","all",1.8648062995983e-05,"PIN1"
"ENSG00000127445","patient2","XGBoost","all",1.66085280888873e-05,"PIN1"
"ENSG00000127445","patient6","XGBoost","all",1.79335331072242e-05,"PIN1"
"ENSG00000127483","patient6","XGBoost","all",2.07980548834184e-05,"HP1BP3"
"ENSG00000127483","patient5","XGBoost","all",1.11788473092531e-05,"HP1BP3"
"ENSG00000127483","patient4","XGBoost","all",4.82054554753003e-05,"HP1BP3"
"ENSG00000127483","patient3","XGBoost","all",1.56540348350256e-05,"HP1BP3"
"ENSG00000127483","patient1","XGBoost","all",3.3493631665765e-05,"HP1BP3"
"ENSG00000127483","patient2","XGBoost","all",8.94089018776645e-06,"HP1BP3"
"ENSG00000127528","patient5","XGBoost","all",9.5168397076689e-05,"KLF2"
"ENSG00000127528","patient3","XGBoost","all",0.000296508995925958,"KLF2"
"ENSG00000127528","patient6","XGBoost","all",0.00010669011016451,"KLF2"
"ENSG00000127528","patient2","XGBoost","all",0.000215402445592859,"KLF2"
"ENSG00000127528","patient1","XGBoost","all",0.000181923179650378,"KLF2"
"ENSG00000127528","patient4","XGBoost","all",0.000198902251185016,"KLF2"
"ENSG00000127603","patient1","XGBoost","all",1.39814088400799e-05,"MACF1"
"ENSG00000127603","patient2","XGBoost","all",1.17182785845051e-05,"MACF1"
"ENSG00000127603","patient5","XGBoost","all",1.47847541415978e-05,"MACF1"
"ENSG00000127603","patient4","XGBoost","all",4.0674854940748e-05,"MACF1"
"ENSG00000127603","patient3","XGBoost","all",2.18404399543118e-05,"MACF1"
"ENSG00000127603","patient6","XGBoost","all",4.65101403442935e-05,"MACF1"
"ENSG00000127838","patient6","XGBoost","all",1.76788305278734e-06,"PNKD"
"ENSG00000127838","patient3","XGBoost","all",4.94227847568314e-06,"PNKD"
"ENSG00000127838","patient4","XGBoost","all",7.3737650349323e-06,"PNKD"
"ENSG00000127838","patient5","XGBoost","all",1.65770756503724e-05,"PNKD"
"ENSG00000127838","patient2","XGBoost","all",1.12641902003308e-05,"PNKD"
"ENSG00000127838","patient1","XGBoost","all",3.24650733376017e-06,"PNKD"
"ENSG00000127884","patient2","XGBoost","all",6.1236429173641e-06,"ECHS1"
"ENSG00000127884","patient5","XGBoost","all",1.12426441784775e-05,"ECHS1"
"ENSG00000127884","patient1","XGBoost","all",5.04381503909042e-06,"ECHS1"
"ENSG00000127884","patient4","XGBoost","all",5.48299010489941e-06,"ECHS1"
"ENSG00000127884","patient3","XGBoost","all",2.02900366481426e-06,"ECHS1"
"ENSG00000127884","patient6","XGBoost","all",1.03588029904943e-05,"ECHS1"
"ENSG00000127914","patient1","XGBoost","all",2.89017805222148e-06,"AKAP9"
"ENSG00000127914","patient3","XGBoost","all",5.66557074898976e-06,"AKAP9"
"ENSG00000127914","patient5","XGBoost","all",1.42447301234957e-05,"AKAP9"
"ENSG00000127914","patient4","XGBoost","all",1.83762972545863e-05,"AKAP9"
"ENSG00000127914","patient6","XGBoost","all",1.41132138437514e-05,"AKAP9"
"ENSG00000127914","patient2","XGBoost","all",1.50525391915428e-05,"AKAP9"
"ENSG00000127920","patient2","XGBoost","all",3.26870791508851e-05,"GNG11"
"ENSG00000127920","patient1","XGBoost","all",9.71317045306328e-05,"GNG11"
"ENSG00000127920","patient4","XGBoost","all",7.29852476779799e-05,"GNG11"
"ENSG00000127920","patient6","XGBoost","all",5.18923857246033e-05,"GNG11"
"ENSG00000127920","patient5","XGBoost","all",9.09108602601978e-05,"GNG11"
"ENSG00000127920","patient3","XGBoost","all",7.75586733418746e-05,"GNG11"
"ENSG00000127947","patient3","XGBoost","all",1.7743268036238e-05,"PTPN12"
"ENSG00000127947","patient2","XGBoost","all",2.38456914044918e-06,"PTPN12"
"ENSG00000127947","patient4","XGBoost","all",1.36801184946853e-05,"PTPN12"
"ENSG00000127947","patient5","XGBoost","all",2.69004248530409e-06,"PTPN12"
"ENSG00000127947","patient1","XGBoost","all",1.52308319923786e-05,"PTPN12"
"ENSG00000127947","patient6","XGBoost","all",1.40722845239857e-05,"PTPN12"
"ENSG00000127951","patient4","XGBoost","all",0.00245389440839283,"FGL2"
"ENSG00000127951","patient1","XGBoost","all",0.000732557891427549,"FGL2"
"ENSG00000127951","patient5","XGBoost","all",0.00138733900463731,"FGL2"
"ENSG00000127951","patient6","XGBoost","all",0.00140089796179564,"FGL2"
"ENSG00000127951","patient3","XGBoost","all",0.000608486759071055,"FGL2"
"ENSG00000127951","patient2","XGBoost","all",0.00109851727949942,"FGL2"
"ENSG00000127954","patient2","XGBoost","all",0.00759237713155803,"STEAP4"
"ENSG00000127954","patient3","XGBoost","all",0.00471907534539933,"STEAP4"
"ENSG00000127954","patient6","XGBoost","all",0.00809692375035888,"STEAP4"
"ENSG00000127954","patient1","XGBoost","all",0.00544461984356045,"STEAP4"
"ENSG00000127954","patient5","XGBoost","all",0.00464241338324429,"STEAP4"
"ENSG00000127954","patient4","XGBoost","all",0.00708193602406475,"STEAP4"
"ENSG00000127990","patient5","XGBoost","all",1.95359419114731e-05,"SGCE"
"ENSG00000127990","patient2","XGBoost","all",1.49805191287452e-05,"SGCE"
"ENSG00000127990","patient6","XGBoost","all",6.5264717995885e-06,"SGCE"
"ENSG00000127990","patient4","XGBoost","all",7.09975695891405e-06,"SGCE"
"ENSG00000127990","patient1","XGBoost","all",2.02042266419578e-05,"SGCE"
"ENSG00000127990","patient3","XGBoost","all",1.63194531669691e-05,"SGCE"
"ENSG00000128016","patient2","XGBoost","all",1.13471857138399e-05,"ZFP36"
"ENSG00000128016","patient4","XGBoost","all",1.37404790138577e-05,"ZFP36"
"ENSG00000128016","patient1","XGBoost","all",7.04786201897632e-06,"ZFP36"
"ENSG00000128016","patient6","XGBoost","all",3.39419371946996e-05,"ZFP36"
"ENSG00000128016","patient5","XGBoost","all",2.65430965898496e-05,"ZFP36"
"ENSG00000128016","patient3","XGBoost","all",1.3810648303983e-05,"ZFP36"
"ENSG00000128228","patient2","XGBoost","all",1.0318909934627e-05,"SDF2L1"
"ENSG00000128228","patient5","XGBoost","all",9.7072639192109e-06,"SDF2L1"
"ENSG00000128228","patient6","XGBoost","all",7.34282694097345e-06,"SDF2L1"
"ENSG00000128228","patient3","XGBoost","all",1.91041780306368e-05,"SDF2L1"
"ENSG00000128228","patient4","XGBoost","all",7.98805064897374e-06,"SDF2L1"
"ENSG00000128245","patient6","XGBoost","all",1.78697890915596e-05,"YWHAH"
"ENSG00000128245","patient4","XGBoost","all",2.66917996460609e-05,"YWHAH"
"ENSG00000128245","patient1","XGBoost","all",4.58805522609817e-05,"YWHAH"
"ENSG00000128245","patient5","XGBoost","all",2.44699513699971e-05,"YWHAH"
"ENSG00000128245","patient2","XGBoost","all",2.48205982157696e-05,"YWHAH"
"ENSG00000128245","patient3","XGBoost","all",2.90407116861702e-05,"YWHAH"
"ENSG00000128272","patient4","XGBoost","all",1.62754692659571e-05,"ATF4"
"ENSG00000128272","patient5","XGBoost","all",1.85870370076883e-05,"ATF4"
"ENSG00000128272","patient2","XGBoost","all",1.73372159074987e-05,"ATF4"
"ENSG00000128272","patient6","XGBoost","all",8.82526934874434e-06,"ATF4"
"ENSG00000128272","patient1","XGBoost","all",1.46381276644643e-05,"ATF4"
"ENSG00000128272","patient3","XGBoost","all",1.57844825714158e-05,"ATF4"
"ENSG00000128463","patient1","XGBoost","all",3.09307860462936e-06,"EMC4"
"ENSG00000128463","patient2","XGBoost","all",1.07172749778671e-05,"EMC4"
"ENSG00000128463","patient3","XGBoost","all",1.7792529386592e-06,"EMC4"
"ENSG00000128463","patient4","XGBoost","all",6.48658721597151e-06,"EMC4"
"ENSG00000128463","patient6","XGBoost","all",1.42557310097714e-05,"EMC4"
"ENSG00000128463","patient5","XGBoost","all",9.78842569470118e-06,"EMC4"
"ENSG00000128524","patient2","XGBoost","all",1.08264860416132e-05,"ATP6V1F"
"ENSG00000128524","patient3","XGBoost","all",9.86529269376502e-06,"ATP6V1F"
"ENSG00000128524","patient1","XGBoost","all",1.99249252619749e-05,"ATP6V1F"
"ENSG00000128524","patient5","XGBoost","all",9.42083015071981e-06,"ATP6V1F"
"ENSG00000128524","patient4","XGBoost","all",1.53960210645061e-05,"ATP6V1F"
"ENSG00000128524","patient6","XGBoost","all",1.74246407741787e-05,"ATP6V1F"
"ENSG00000128534","patient3","XGBoost","all",5.98619793698101e-06,"LSM8"
"ENSG00000128534","patient2","XGBoost","all",1.11451103102646e-05,"LSM8"
"ENSG00000128534","patient6","XGBoost","all",1.80197518317369e-05,"LSM8"
"ENSG00000128534","patient4","XGBoost","all",7.05056003954165e-06,"LSM8"
"ENSG00000128534","patient1","XGBoost","all",8.07521692792678e-06,"LSM8"
"ENSG00000128534","patient5","XGBoost","all",9.49362527614332e-06,"LSM8"
"ENSG00000128595","patient3","XGBoost","all",2.66662658221137e-05,"CALU"
"ENSG00000128595","patient1","XGBoost","all",2.12703568287968e-05,"CALU"
"ENSG00000128595","patient4","XGBoost","all",1.58370781810168e-05,"CALU"
"ENSG00000128595","patient5","XGBoost","all",1.99593551630368e-05,"CALU"
"ENSG00000128595","patient6","XGBoost","all",5.06283224051771e-05,"CALU"
"ENSG00000128595","patient2","XGBoost","all",1.30776265119679e-05,"CALU"
"ENSG00000128609","patient6","XGBoost","all",9.59102118735694e-06,"NDUFA5"
"ENSG00000128609","patient5","XGBoost","all",9.03923697488349e-06,"NDUFA5"
"ENSG00000128609","patient3","XGBoost","all",6.07004467944198e-06,"NDUFA5"
"ENSG00000128609","patient2","XGBoost","all",9.04791892505224e-06,"NDUFA5"
"ENSG00000128609","patient1","XGBoost","all",1.23635002059193e-05,"NDUFA5"
"ENSG00000128609","patient4","XGBoost","all",1.342938115878e-05,"NDUFA5"
"ENSG00000128699","patient6","XGBoost","all",1.69032500050334e-05,"ORMDL1"
"ENSG00000128699","patient3","XGBoost","all",1.62806288037467e-05,"ORMDL1"
"ENSG00000128699","patient1","XGBoost","all",1.00303236255449e-05,"ORMDL1"
"ENSG00000128699","patient2","XGBoost","all",3.51762734759698e-06,"ORMDL1"
"ENSG00000128699","patient5","XGBoost","all",1.84426371212821e-05,"ORMDL1"
"ENSG00000128699","patient4","XGBoost","all",1.03372139377292e-05,"ORMDL1"
"ENSG00000128739","patient1","XGBoost","all",2.61684892705178e-05,"SNRPN"
"ENSG00000128739","patient4","XGBoost","all",3.90297342054372e-05,"SNRPN"
"ENSG00000128739","patient6","XGBoost","all",1.24162360506112e-05,"SNRPN"
"ENSG00000128739","patient3","XGBoost","all",3.18135358735926e-05,"SNRPN"
"ENSG00000128739","patient5","XGBoost","all",1.61148531081413e-05,"SNRPN"
"ENSG00000128739","patient2","XGBoost","all",2.07558391894517e-05,"SNRPN"
"ENSG00000128789","patient4","XGBoost","all",1.60827794305443e-06,"PSMG2"
"ENSG00000128789","patient2","XGBoost","all",1.1934137448841e-05,"PSMG2"
"ENSG00000128789","patient3","XGBoost","all",1.44027934258371e-05,"PSMG2"
"ENSG00000128789","patient6","XGBoost","all",8.88931565415069e-06,"PSMG2"
"ENSG00000128789","patient1","XGBoost","all",1.86065495213219e-06,"PSMG2"
"ENSG00000128789","patient5","XGBoost","all",9.03395473267756e-06,"PSMG2"
"ENSG00000128791","patient4","XGBoost","all",1.46092989403075e-05,"TWSG1"
"ENSG00000128923","patient4","XGBoost","all",9.11347448446663e-06,"MINDY2"
"ENSG00000128951","patient1","XGBoost","all",2.20592236723752e-05,"DUT"
"ENSG00000128951","patient6","XGBoost","all",1.14538699850614e-05,"DUT"
"ENSG00000128951","patient5","XGBoost","all",9.18860058801052e-06,"DUT"
"ENSG00000128951","patient4","XGBoost","all",1.15586613534589e-05,"DUT"
"ENSG00000128951","patient2","XGBoost","all",1.4616106795577e-05,"DUT"
"ENSG00000128951","patient3","XGBoost","all",8.66610764013356e-06,"DUT"
"ENSG00000128989","patient2","XGBoost","all",9.50550482127446e-06,"ARPP19"
"ENSG00000128989","patient6","XGBoost","all",4.57643268257781e-06,"ARPP19"
"ENSG00000128989","patient4","XGBoost","all",1.37848270475714e-05,"ARPP19"
"ENSG00000128989","patient3","XGBoost","all",1.06667313250575e-05,"ARPP19"
"ENSG00000128989","patient1","XGBoost","all",7.5151300743592e-06,"ARPP19"
"ENSG00000128989","patient5","XGBoost","all",2.55809163326336e-05,"ARPP19"
"ENSG00000129003","patient6","XGBoost","all",1.60874759712227e-05,"VPS13C"
"ENSG00000129003","patient3","XGBoost","all",1.2397977802047e-05,"VPS13C"
"ENSG00000129003","patient1","XGBoost","all",1.55705946347495e-05,"VPS13C"
"ENSG00000129003","patient2","XGBoost","all",7.1536174505476e-06,"VPS13C"
"ENSG00000129003","patient4","XGBoost","all",5.95365711971897e-06,"VPS13C"
"ENSG00000129003","patient5","XGBoost","all",6.26913531240168e-06,"VPS13C"
"ENSG00000129009","patient4","XGBoost","all",1.2620138726949e-05,"ISLR"
"ENSG00000129009","patient5","XGBoost","all",1.9086198046472e-05,"ISLR"
"ENSG00000129009","patient6","XGBoost","all",1.20816688771197e-05,"ISLR"
"ENSG00000129009","patient3","XGBoost","all",2.6497489836873e-05,"ISLR"
"ENSG00000129009","patient2","XGBoost","all",7.73021020752127e-06,"ISLR"
"ENSG00000129009","patient1","XGBoost","all",8.70609075101193e-06,"ISLR"
"ENSG00000129083","patient4","XGBoost","all",2.42722680347215e-06,"COPB1"
"ENSG00000129083","patient5","XGBoost","all",1.44941488664702e-06,"COPB1"
"ENSG00000129083","patient2","XGBoost","all",1.13720617353843e-05,"COPB1"
"ENSG00000129083","patient3","XGBoost","all",3.6700735792408e-06,"COPB1"
"ENSG00000129083","patient6","XGBoost","all",1.09425700031314e-05,"COPB1"
"ENSG00000129083","patient1","XGBoost","all",1.0048765932412e-05,"COPB1"
"ENSG00000129084","patient5","XGBoost","all",1.27790086583429e-05,"PSMA1"
"ENSG00000129084","patient4","XGBoost","all",1.06481227587836e-05,"PSMA1"
"ENSG00000129084","patient3","XGBoost","all",1.14301299696726e-05,"PSMA1"
"ENSG00000129084","patient1","XGBoost","all",4.43984892904028e-06,"PSMA1"
"ENSG00000129084","patient6","XGBoost","all",2.06167735034537e-05,"PSMA1"
"ENSG00000129084","patient2","XGBoost","all",5.18702978389558e-06,"PSMA1"
"ENSG00000129103","patient1","XGBoost","all",5.44455548840377e-06,"SUMF2"
"ENSG00000129103","patient5","XGBoost","all",1.65885468576981e-05,"SUMF2"
"ENSG00000129103","patient4","XGBoost","all",6.61264316926331e-06,"SUMF2"
"ENSG00000129103","patient3","XGBoost","all",1.76141690633846e-05,"SUMF2"
"ENSG00000129103","patient6","XGBoost","all",1.68084675899538e-05,"SUMF2"
"ENSG00000129103","patient2","XGBoost","all",9.36603593603075e-06,"SUMF2"
"ENSG00000129116","patient2","XGBoost","all",0.00019231482380566,"PALLD"
"ENSG00000129116","patient6","XGBoost","all",0.000233860676095604,"PALLD"
"ENSG00000129116","patient1","XGBoost","all",0.000148619811154154,"PALLD"
"ENSG00000129116","patient4","XGBoost","all",0.000263686296871487,"PALLD"
"ENSG00000129116","patient3","XGBoost","all",6.63624795045259e-05,"PALLD"
"ENSG00000129116","patient5","XGBoost","all",0.000247316241631619,"PALLD"
"ENSG00000129128","patient2","XGBoost","all",2.01918212909752e-05,"SPCS3"
"ENSG00000129128","patient3","XGBoost","all",3.31774377259153e-05,"SPCS3"
"ENSG00000129128","patient4","XGBoost","all",3.00071533089192e-05,"SPCS3"
"ENSG00000129128","patient6","XGBoost","all",3.13569630139148e-05,"SPCS3"
"ENSG00000129128","patient5","XGBoost","all",2.8648674590852e-05,"SPCS3"
"ENSG00000129128","patient1","XGBoost","all",1.1491507828204e-05,"SPCS3"
"ENSG00000129197","patient5","XGBoost","all",8.46000300308299e-06,"RPAIN"
"ENSG00000129226","patient6","XGBoost","all",0.000114918821021285,"CD68"
"ENSG00000129226","patient5","XGBoost","all",0.000144678121694647,"CD68"
"ENSG00000129226","patient2","XGBoost","all",9.76645158979585e-05,"CD68"
"ENSG00000129226","patient3","XGBoost","all",0.000105657407967131,"CD68"
"ENSG00000129226","patient1","XGBoost","all",8.70153938252042e-05,"CD68"
"ENSG00000129226","patient4","XGBoost","all",5.67204800191882e-05,"CD68"
"ENSG00000129235","patient5","XGBoost","all",2.51537180941371e-05,"TXNDC17"
"ENSG00000129235","patient1","XGBoost","all",1.33811107517907e-05,"TXNDC17"
"ENSG00000129235","patient3","XGBoost","all",2.03557911463118e-05,"TXNDC17"
"ENSG00000129235","patient4","XGBoost","all",5.78844749434578e-06,"TXNDC17"
"ENSG00000129235","patient6","XGBoost","all",1.05814738819021e-05,"TXNDC17"
"ENSG00000129235","patient2","XGBoost","all",8.49649825441255e-06,"TXNDC17"
"ENSG00000129292","patient6","XGBoost","all",7.09509587433786e-06,"PHF20L1"
"ENSG00000129292","patient4","XGBoost","all",1.66124517454013e-05,"PHF20L1"
"ENSG00000129292","patient2","XGBoost","all",4.12105837774837e-06,"PHF20L1"
"ENSG00000129292","patient3","XGBoost","all",4.61167362357575e-06,"PHF20L1"
"ENSG00000129292","patient5","XGBoost","all",1.08776657313167e-05,"PHF20L1"
"ENSG00000129292","patient1","XGBoost","all",5.56289084701335e-06,"PHF20L1"
"ENSG00000129351","patient5","XGBoost","all",6.32547729182272e-06,"ILF3"
"ENSG00000129351","patient1","XGBoost","all",5.07349320829496e-06,"ILF3"
"ENSG00000129351","patient2","XGBoost","all",8.27297723332168e-06,"ILF3"
"ENSG00000129351","patient6","XGBoost","all",5.27938151571021e-06,"ILF3"
"ENSG00000129351","patient3","XGBoost","all",4.31081818632753e-06,"ILF3"
"ENSG00000129351","patient4","XGBoost","all",3.59838892829213e-06,"ILF3"
"ENSG00000129422","patient5","XGBoost","all",1.7654876253713e-05,"MTUS1"
"ENSG00000129422","patient6","XGBoost","all",4.3490147753192e-05,"MTUS1"
"ENSG00000129422","patient1","XGBoost","all",7.75401138010177e-06,"MTUS1"
"ENSG00000129422","patient3","XGBoost","all",2.09352603183917e-05,"MTUS1"
"ENSG00000129422","patient4","XGBoost","all",4.00756333828412e-05,"MTUS1"
"ENSG00000129422","patient2","XGBoost","all",2.88950655354996e-05,"MTUS1"
"ENSG00000129515","patient3","XGBoost","all",1.83840080918168e-05,"SNX6"
"ENSG00000129515","patient1","XGBoost","all",1.2883499499232e-05,"SNX6"
"ENSG00000129515","patient4","XGBoost","all",1.01852794710846e-05,"SNX6"
"ENSG00000129515","patient6","XGBoost","all",2.45291126094013e-05,"SNX6"
"ENSG00000129515","patient2","XGBoost","all",5.34051931069236e-06,"SNX6"
"ENSG00000129515","patient5","XGBoost","all",2.43787753436581e-05,"SNX6"
"ENSG00000129518","patient5","XGBoost","all",8.53201152700429e-06,"EAPP"
"ENSG00000129518","patient2","XGBoost","all",6.95324869600385e-06,"EAPP"
"ENSG00000129518","patient4","XGBoost","all",7.13067461415156e-06,"EAPP"
"ENSG00000129518","patient3","XGBoost","all",6.72837517555574e-06,"EAPP"
"ENSG00000129518","patient6","XGBoost","all",1.01726714605317e-05,"EAPP"
"ENSG00000129518","patient1","XGBoost","all",3.75990115158399e-06,"EAPP"
"ENSG00000129538","patient2","XGBoost","all",0.00027068159986532,"RNASE1"
"ENSG00000129538","patient5","XGBoost","all",0.000422908809832718,"RNASE1"
"ENSG00000129538","patient4","XGBoost","all",0.00023959076872276,"RNASE1"
"ENSG00000129538","patient3","XGBoost","all",0.000267465981176741,"RNASE1"
"ENSG00000129538","patient1","XGBoost","all",0.000912064753411537,"RNASE1"
"ENSG00000129538","patient6","XGBoost","all",0.000201291498498771,"RNASE1"
"ENSG00000129625","patient1","XGBoost","all",1.78709797078449e-05,"REEP5"
"ENSG00000129625","patient2","XGBoost","all",3.89854496382479e-06,"REEP5"
"ENSG00000129657","patient2","XGBoost","all",1.13767921928005e-05,"SEC14L1"
"ENSG00000129657","patient5","XGBoost","all",1.77217846549881e-05,"SEC14L1"
"ENSG00000129657","patient1","XGBoost","all",4.87508640836951e-06,"SEC14L1"
"ENSG00000129657","patient4","XGBoost","all",1.41335182292363e-05,"SEC14L1"
"ENSG00000129657","patient3","XGBoost","all",6.00690691907929e-06,"SEC14L1"
"ENSG00000129657","patient6","XGBoost","all",1.83281542277208e-05,"SEC14L1"
"ENSG00000129680","patient4","XGBoost","all",2.76172776321918e-05,"MAP7D3"
"ENSG00000129680","patient6","XGBoost","all",3.00666054658445e-05,"MAP7D3"
"ENSG00000129680","patient1","XGBoost","all",1.19097585824895e-05,"MAP7D3"
"ENSG00000129680","patient2","XGBoost","all",1.78717681222702e-05,"MAP7D3"
"ENSG00000129680","patient3","XGBoost","all",8.74215954585574e-06,"MAP7D3"
"ENSG00000129680","patient5","XGBoost","all",1.18996253777695e-05,"MAP7D3"
"ENSG00000129757","patient2","XGBoost","all",2.0515459581319e-05,"CDKN1C"
"ENSG00000129757","patient5","XGBoost","all",5.77742699348618e-05,"CDKN1C"
"ENSG00000129757","patient3","XGBoost","all",2.42327702104614e-05,"CDKN1C"
"ENSG00000129757","patient1","XGBoost","all",6.00347913547429e-05,"CDKN1C"
"ENSG00000129757","patient6","XGBoost","all",2.33362104289977e-05,"CDKN1C"
"ENSG00000129757","patient4","XGBoost","all",3.99339197902855e-05,"CDKN1C"
"ENSG00000129824","patient4","XGBoost","all",0.000215828931254105,"RPS4Y1"
"ENSG00000129824","patient1","XGBoost","all",8.00911285136363e-05,"RPS4Y1"
"ENSG00000129824","patient3","XGBoost","all",0.000105361147277206,"RPS4Y1"
"ENSG00000129824","patient6","XGBoost","all",5.08394842370283e-05,"RPS4Y1"
"ENSG00000129824","patient5","XGBoost","all",9.41721054384672e-05,"RPS4Y1"
"ENSG00000129824","patient2","XGBoost","all",4.33343769130029e-05,"RPS4Y1"
"ENSG00000129968","patient4","XGBoost","all",2.07282699800332e-05,"ABHD17A"
"ENSG00000129968","patient1","XGBoost","all",1.08203035393245e-05,"ABHD17A"
"ENSG00000129968","patient2","XGBoost","all",1.04088096790298e-05,"ABHD17A"
"ENSG00000129968","patient6","XGBoost","all",1.4577584943629e-05,"ABHD17A"
"ENSG00000129968","patient5","XGBoost","all",2.1562242880683e-05,"ABHD17A"
"ENSG00000129968","patient3","XGBoost","all",2.22522270202397e-05,"ABHD17A"
"ENSG00000130066","patient5","XGBoost","all",1.87939914754293e-05,"SAT1"
"ENSG00000130066","patient1","XGBoost","all",2.06651236108862e-05,"SAT1"
"ENSG00000130066","patient3","XGBoost","all",2.87083727095156e-05,"SAT1"
"ENSG00000130066","patient2","XGBoost","all",2.42115495207159e-05,"SAT1"
"ENSG00000130066","patient6","XGBoost","all",2.85853686606908e-05,"SAT1"
"ENSG00000130066","patient4","XGBoost","all",2.4868465455656e-05,"SAT1"
"ENSG00000130176","patient3","XGBoost","all",0.000509591059248303,"CNN1"
"ENSG00000130176","patient6","XGBoost","all",0.000551846541713401,"CNN1"
"ENSG00000130176","patient5","XGBoost","all",0.000282154116935223,"CNN1"
"ENSG00000130176","patient2","XGBoost","all",0.00048204825867425,"CNN1"
"ENSG00000130176","patient1","XGBoost","all",0.000471665919422424,"CNN1"
"ENSG00000130176","patient4","XGBoost","all",0.000381045606292681,"CNN1"
"ENSG00000130203","patient5","XGBoost","all",0.00109952892066028,"APOE"
"ENSG00000130203","patient6","XGBoost","all",0.00100372116290627,"APOE"
"ENSG00000130203","patient2","XGBoost","all",0.00120084746067911,"APOE"
"ENSG00000130203","patient1","XGBoost","all",0.00125606582492015,"APOE"
"ENSG00000130203","patient4","XGBoost","all",0.00095769903095917,"APOE"
"ENSG00000130203","patient3","XGBoost","all",0.00133681377701409,"APOE"
"ENSG00000130300","patient5","XGBoost","all",0.00186461007213042,"PLVAP"
"ENSG00000130300","patient4","XGBoost","all",0.0239019704499653,"PLVAP"
"ENSG00000130300","patient3","XGBoost","all",0.00446591886842333,"PLVAP"
"ENSG00000130300","patient2","XGBoost","all",0.00560634020568761,"PLVAP"
"ENSG00000130300","patient6","XGBoost","all",0.00709152694918142,"PLVAP"
"ENSG00000130300","patient1","XGBoost","all",0.00350795942816601,"PLVAP"
"ENSG00000130303","patient4","XGBoost","all",3.2267886155642e-05,"BST2"
"ENSG00000130303","patient1","XGBoost","all",4.25853134844725e-05,"BST2"
"ENSG00000130303","patient2","XGBoost","all",6.18604192717434e-05,"BST2"
"ENSG00000130303","patient6","XGBoost","all",6.65610260286134e-05,"BST2"
"ENSG00000130303","patient5","XGBoost","all",5.65457766330973e-05,"BST2"
"ENSG00000130303","patient3","XGBoost","all",4.87286782699769e-05,"BST2"
"ENSG00000130312","patient2","XGBoost","all",8.59717344131341e-06,"MRPL34"
"ENSG00000130312","patient6","XGBoost","all",9.75165368851376e-06,"MRPL34"
"ENSG00000130312","patient3","XGBoost","all",7.67444555932932e-06,"MRPL34"
"ENSG00000130312","patient4","XGBoost","all",1.31578158586321e-05,"MRPL34"
"ENSG00000130312","patient1","XGBoost","all",9.75396747522944e-06,"MRPL34"
"ENSG00000130312","patient5","XGBoost","all",5.9862741871866e-06,"MRPL34"
"ENSG00000130313","patient5","XGBoost","all",1.40406864688013e-05,"PGLS"
"ENSG00000130313","patient2","XGBoost","all",2.56846715282544e-06,"PGLS"
"ENSG00000130313","patient6","XGBoost","all",6.71444409626101e-06,"PGLS"
"ENSG00000130313","patient1","XGBoost","all",1.31088299343544e-05,"PGLS"
"ENSG00000130313","patient4","XGBoost","all",5.66462369065269e-06,"PGLS"
"ENSG00000130313","patient3","XGBoost","all",5.46981911372221e-06,"PGLS"
"ENSG00000130332","patient1","XGBoost","all",1.62542404268764e-05,"LSM7"
"ENSG00000130332","patient6","XGBoost","all",1.2643721528518e-05,"LSM7"
"ENSG00000130332","patient2","XGBoost","all",1.15709304283274e-05,"LSM7"
"ENSG00000130332","patient5","XGBoost","all",2.43713828394911e-06,"LSM7"
"ENSG00000130332","patient4","XGBoost","all",8.17729244676498e-06,"LSM7"
"ENSG00000130332","patient3","XGBoost","all",1.14759226916399e-05,"LSM7"
"ENSG00000130340","patient6","XGBoost","all",1.0240133284385e-05,"SNX9"
"ENSG00000130340","patient5","XGBoost","all",2.07375171673484e-05,"SNX9"
"ENSG00000130340","patient3","XGBoost","all",1.3557745279247e-05,"SNX9"
"ENSG00000130340","patient4","XGBoost","all",8.58137141206615e-06,"SNX9"
"ENSG00000130340","patient2","XGBoost","all",8.18068791710595e-06,"SNX9"
"ENSG00000130340","patient1","XGBoost","all",4.67379510516141e-06,"SNX9"
"ENSG00000130402","patient6","XGBoost","all",3.2593921256919e-05,"ACTN4"
"ENSG00000130402","patient2","XGBoost","all",3.40758861828354e-05,"ACTN4"
"ENSG00000130402","patient1","XGBoost","all",4.90726420887826e-05,"ACTN4"
"ENSG00000130402","patient3","XGBoost","all",7.06789415607709e-05,"ACTN4"
"ENSG00000130402","patient5","XGBoost","all",2.90074485733559e-05,"ACTN4"
"ENSG00000130402","patient4","XGBoost","all",3.65493894525118e-05,"ACTN4"
"ENSG00000130414","patient2","XGBoost","all",1.38836832972425e-05,"NDUFA10"
"ENSG00000130414","patient6","XGBoost","all",5.11216087635775e-06,"NDUFA10"
"ENSG00000130414","patient5","XGBoost","all",4.9102905170695e-06,"NDUFA10"
"ENSG00000130414","patient4","XGBoost","all",1.32384991649156e-05,"NDUFA10"
"ENSG00000130414","patient1","XGBoost","all",7.90856891645428e-06,"NDUFA10"
"ENSG00000130414","patient3","XGBoost","all",9.36039163580001e-06,"NDUFA10"
"ENSG00000130429","patient3","XGBoost","all",1.76268298414655e-05,"ARPC1B"
"ENSG00000130429","patient2","XGBoost","all",3.52005060500381e-05,"ARPC1B"
"ENSG00000130429","patient4","XGBoost","all",4.25271504472094e-05,"ARPC1B"
"ENSG00000130429","patient6","XGBoost","all",3.60868628638645e-05,"ARPC1B"
"ENSG00000130429","patient1","XGBoost","all",1.74804631378816e-05,"ARPC1B"
"ENSG00000130429","patient5","XGBoost","all",1.98565048854375e-05,"ARPC1B"
"ENSG00000130520","patient4","XGBoost","all",1.35077145766011e-05,"LSM4"
"ENSG00000130520","patient5","XGBoost","all",6.40580054236189e-06,"LSM4"
"ENSG00000130520","patient6","XGBoost","all",1.32214562604493e-05,"LSM4"
"ENSG00000130520","patient2","XGBoost","all",1.8474436292147e-06,"LSM4"
"ENSG00000130520","patient1","XGBoost","all",8.1290493870072e-06,"LSM4"
"ENSG00000130520","patient3","XGBoost","all",9.86990242313609e-07,"LSM4"
"ENSG00000130522","patient3","XGBoost","all",2.03383148727691e-05,"JUND"
"ENSG00000130522","patient5","XGBoost","all",2.47080847063456e-05,"JUND"
"ENSG00000130522","patient2","XGBoost","all",2.20532437837116e-05,"JUND"
"ENSG00000130522","patient1","XGBoost","all",2.79732596560994e-05,"JUND"
"ENSG00000130522","patient6","XGBoost","all",2.48369758627398e-05,"JUND"
"ENSG00000130558","patient4","XGBoost","all",1.1451707206744e-05,"OLFM1"
"ENSG00000130592","patient2","XGBoost","all",2.53814817750069e-05,"LSP1"
"ENSG00000130592","patient3","XGBoost","all",2.84466792056663e-05,"LSP1"
"ENSG00000130592","patient4","XGBoost","all",2.53211986823143e-05,"LSP1"
"ENSG00000130592","patient6","XGBoost","all",2.60499159410378e-05,"LSP1"
"ENSG00000130592","patient5","XGBoost","all",5.31138753527619e-05,"LSP1"
"ENSG00000130592","patient1","XGBoost","all",3.72041144999416e-05,"LSP1"
"ENSG00000130706","patient3","XGBoost","all",1.56561983184939e-05,"ADRM1"
"ENSG00000130706","patient4","XGBoost","all",7.57353081309111e-06,"ADRM1"
"ENSG00000130706","patient6","XGBoost","all",9.33367659566308e-06,"ADRM1"
"ENSG00000130706","patient2","XGBoost","all",1.09012345059274e-05,"ADRM1"
"ENSG00000130706","patient1","XGBoost","all",5.35490557071879e-06,"ADRM1"
"ENSG00000130706","patient5","XGBoost","all",8.22890490657391e-06,"ADRM1"
"ENSG00000130724","patient1","XGBoost","all",1.24634906420472e-05,"CHMP2A"
"ENSG00000130725","patient4","XGBoost","all",1.31739513791663e-05,"UBE2M"
"ENSG00000130725","patient6","XGBoost","all",6.0668861241406e-06,"UBE2M"
"ENSG00000130725","patient5","XGBoost","all",4.56045395508193e-06,"UBE2M"
"ENSG00000130725","patient3","XGBoost","all",1.12161848190603e-05,"UBE2M"
"ENSG00000130725","patient1","XGBoost","all",1.07379415283929e-05,"UBE2M"
"ENSG00000130725","patient2","XGBoost","all",8.99018563315747e-06,"UBE2M"
"ENSG00000130731","patient6","XGBoost","all",1.68142815107756e-05,"METTL26"
"ENSG00000130731","patient3","XGBoost","all",5.6718161765476e-06,"METTL26"
"ENSG00000130731","patient4","XGBoost","all",6.00784551506937e-06,"METTL26"
"ENSG00000130731","patient5","XGBoost","all",1.69459909799284e-05,"METTL26"
"ENSG00000130731","patient1","XGBoost","all",8.46669178986639e-06,"METTL26"
"ENSG00000130731","patient2","XGBoost","all",4.07235933842797e-06,"METTL26"
"ENSG00000130741","patient1","XGBoost","all",7.87533232920787e-06,"EIF2S3"
"ENSG00000130741","patient4","XGBoost","all",6.21342083023815e-06,"EIF2S3"
"ENSG00000130741","patient6","XGBoost","all",4.66907559755563e-06,"EIF2S3"
"ENSG00000130741","patient3","XGBoost","all",1.74530957468456e-05,"EIF2S3"
"ENSG00000130741","patient2","XGBoost","all",1.17067360052411e-05,"EIF2S3"
"ENSG00000130741","patient5","XGBoost","all",2.00827950255726e-05,"EIF2S3"
"ENSG00000130748","patient1","XGBoost","all",7.5243397490249e-06,"TMEM160"
"ENSG00000130748","patient6","XGBoost","all",9.01224088855408e-06,"TMEM160"
"ENSG00000130748","patient2","XGBoost","all",1.09035240736337e-05,"TMEM160"
"ENSG00000130748","patient5","XGBoost","all",4.19604705334766e-06,"TMEM160"
"ENSG00000130748","patient3","XGBoost","all",1.45547151769615e-05,"TMEM160"
"ENSG00000130748","patient4","XGBoost","all",8.41535961429656e-06,"TMEM160"
"ENSG00000130755","patient3","XGBoost","all",5.83798627174263e-05,"GMFG"
"ENSG00000130755","patient5","XGBoost","all",0.000142458092012609,"GMFG"
"ENSG00000130755","patient1","XGBoost","all",6.4778250731867e-05,"GMFG"
"ENSG00000130755","patient4","XGBoost","all",5.87142805289383e-05,"GMFG"
"ENSG00000130755","patient2","XGBoost","all",0.000122789610828541,"GMFG"
"ENSG00000130755","patient6","XGBoost","all",9.51459195609571e-05,"GMFG"
"ENSG00000130779","patient1","XGBoost","all",7.09600915541211e-06,"CLIP1"
"ENSG00000130779","patient3","XGBoost","all",1.04229480051801e-05,"CLIP1"
"ENSG00000130779","patient6","XGBoost","all",1.72962736131534e-05,"CLIP1"
"ENSG00000130779","patient2","XGBoost","all",2.04458093526817e-05,"CLIP1"
"ENSG00000130779","patient4","XGBoost","all",2.46111705946656e-05,"CLIP1"
"ENSG00000130779","patient5","XGBoost","all",2.0308161393303e-05,"CLIP1"
"ENSG00000131013","patient2","XGBoost","all",7.2094006623615e-06,"PPIL4"
"ENSG00000131013","patient1","XGBoost","all",1.40796611685815e-05,"PPIL4"
"ENSG00000131013","patient6","XGBoost","all",1.40379515220204e-05,"PPIL4"
"ENSG00000131013","patient3","XGBoost","all",8.13068341094973e-06,"PPIL4"
"ENSG00000131016","patient5","XGBoost","all",1.56130896970972e-05,"AKAP12"
"ENSG00000131016","patient4","XGBoost","all",3.16393545464978e-05,"AKAP12"
"ENSG00000131016","patient2","XGBoost","all",1.62547885624235e-05,"AKAP12"
"ENSG00000131016","patient6","XGBoost","all",9.78797540134492e-06,"AKAP12"
"ENSG00000131016","patient3","XGBoost","all",2.9022645233757e-05,"AKAP12"
"ENSG00000131016","patient1","XGBoost","all",1.88657963829752e-05,"AKAP12"
"ENSG00000131018","patient4","XGBoost","all",2.6515788192898e-06,"SYNE1"
"ENSG00000131018","patient3","XGBoost","all",9.49536281255546e-06,"SYNE1"
"ENSG00000131018","patient2","XGBoost","all",1.17369043493801e-05,"SYNE1"
"ENSG00000131018","patient5","XGBoost","all",6.73489988632317e-06,"SYNE1"
"ENSG00000131018","patient1","XGBoost","all",8.54052914937656e-06,"SYNE1"
"ENSG00000131018","patient6","XGBoost","all",6.32598613014667e-06,"SYNE1"
"ENSG00000131100","patient3","XGBoost","all",1.49997054937343e-05,"ATP6V1E1"
"ENSG00000131100","patient2","XGBoost","all",5.84000495386126e-06,"ATP6V1E1"
"ENSG00000131100","patient1","XGBoost","all",4.39723789126671e-06,"ATP6V1E1"
"ENSG00000131100","patient6","XGBoost","all",2.38324930121916e-06,"ATP6V1E1"
"ENSG00000131100","patient4","XGBoost","all",6.51425340452763e-06,"ATP6V1E1"
"ENSG00000131100","patient5","XGBoost","all",6.6178853568463e-06,"ATP6V1E1"
"ENSG00000131116","patient3","XGBoost","all",1.08621829400896e-05,"ZNF428"
"ENSG00000131116","patient2","XGBoost","all",5.92600388018051e-06,"ZNF428"
"ENSG00000131116","patient5","XGBoost","all",9.57906182393523e-06,"ZNF428"
"ENSG00000131116","patient4","XGBoost","all",4.54626785358799e-06,"ZNF428"
"ENSG00000131116","patient1","XGBoost","all",1.24137364781087e-05,"ZNF428"
"ENSG00000131116","patient6","XGBoost","all",1.01116516088929e-05,"ZNF428"
"ENSG00000131236","patient3","XGBoost","all",1.71081369556821e-05,"CAP1"
"ENSG00000131236","patient6","XGBoost","all",2.43600807210431e-05,"CAP1"
"ENSG00000131236","patient4","XGBoost","all",1.56654075845748e-05,"CAP1"
"ENSG00000131236","patient5","XGBoost","all",2.69634595325339e-05,"CAP1"
"ENSG00000131236","patient2","XGBoost","all",1.49411056681094e-05,"CAP1"
"ENSG00000131236","patient1","XGBoost","all",1.01695662638525e-05,"CAP1"
"ENSG00000131238","patient1","XGBoost","all",1.17954606027685e-06,"PPT1"
"ENSG00000131238","patient3","XGBoost","all",2.67320320783453e-05,"PPT1"
"ENSG00000131238","patient4","XGBoost","all",2.24320629651356e-05,"PPT1"
"ENSG00000131238","patient5","XGBoost","all",1.00688704420996e-05,"PPT1"
"ENSG00000131238","patient2","XGBoost","all",4.51322645598118e-06,"PPT1"
"ENSG00000131238","patient6","XGBoost","all",5.48273573698394e-06,"PPT1"
"ENSG00000131370","patient5","XGBoost","all",2.2573390825109e-05,"SH3BP5"
"ENSG00000131370","patient4","XGBoost","all",2.50394728034127e-05,"SH3BP5"
"ENSG00000131370","patient3","XGBoost","all",1.24780911700727e-05,"SH3BP5"
"ENSG00000131370","patient1","XGBoost","all",2.11587269220415e-05,"SH3BP5"
"ENSG00000131370","patient6","XGBoost","all",1.79996997084429e-05,"SH3BP5"
"ENSG00000131370","patient2","XGBoost","all",2.78316008112377e-05,"SH3BP5"
"ENSG00000131386","patient6","XGBoost","all",0.000567440766178453,"GALNT15"
"ENSG00000131386","patient5","XGBoost","all",0.000431904046721997,"GALNT15"
"ENSG00000131386","patient2","XGBoost","all",0.000323841635536328,"GALNT15"
"ENSG00000131386","patient4","XGBoost","all",0.000474819935870077,"GALNT15"
"ENSG00000131386","patient3","XGBoost","all",0.000383181190144164,"GALNT15"
"ENSG00000131386","patient1","XGBoost","all",5.93479078095091e-05,"GALNT15"
"ENSG00000131408","patient3","XGBoost","all",2.32394593458849e-06,"NR1H2"
"ENSG00000131408","patient2","XGBoost","all",9.67094845739286e-06,"NR1H2"
"ENSG00000131408","patient5","XGBoost","all",1.24455996681217e-05,"NR1H2"
"ENSG00000131408","patient4","XGBoost","all",2.1525402012344e-05,"NR1H2"
"ENSG00000131408","patient1","XGBoost","all",1.75295863398697e-05,"NR1H2"
"ENSG00000131408","patient6","XGBoost","all",1.38461390787225e-05,"NR1H2"
"ENSG00000131435","patient4","XGBoost","all",0.000144516354390732,"PDLIM4"
"ENSG00000131435","patient3","XGBoost","all",0.000140289189043626,"PDLIM4"
"ENSG00000131435","patient5","XGBoost","all",8.6690268140074e-05,"PDLIM4"
"ENSG00000131435","patient6","XGBoost","all",0.00017147710936806,"PDLIM4"
"ENSG00000131435","patient2","XGBoost","all",0.00034764916057087,"PDLIM4"
"ENSG00000131446","patient2","XGBoost","all",1.29798580233792e-05,"MGAT1"
"ENSG00000131446","patient5","XGBoost","all",2.31312021118599e-05,"MGAT1"
"ENSG00000131446","patient4","XGBoost","all",1.48760161695985e-05,"MGAT1"
"ENSG00000131446","patient1","XGBoost","all",1.65848008002383e-05,"MGAT1"
"ENSG00000131446","patient3","XGBoost","all",2.36849036755806e-05,"MGAT1"
"ENSG00000131446","patient6","XGBoost","all",1.48348640984847e-05,"MGAT1"
"ENSG00000131471","patient1","XGBoost","all",3.72031280664698e-05,"AOC3"
"ENSG00000131471","patient5","XGBoost","all",3.19028302809025e-05,"AOC3"
"ENSG00000131471","patient2","XGBoost","all",1.69755589506391e-05,"AOC3"
"ENSG00000131471","patient3","XGBoost","all",1.02363339015107e-05,"AOC3"
"ENSG00000131471","patient4","XGBoost","all",7.00945899109928e-06,"AOC3"
"ENSG00000131471","patient6","XGBoost","all",1.81099522456013e-05,"AOC3"
"ENSG00000131477","patient4","XGBoost","all",0.000364098614843706,"RAMP2"
"ENSG00000131477","patient5","XGBoost","all",0.00032144035935473,"RAMP2"
"ENSG00000131477","patient1","XGBoost","all",0.000322679391997792,"RAMP2"
"ENSG00000131477","patient2","XGBoost","all",0.000339703844819422,"RAMP2"
"ENSG00000131477","patient6","XGBoost","all",0.000437479882423164,"RAMP2"
"ENSG00000131477","patient3","XGBoost","all",0.00051803982327852,"RAMP2"
"ENSG00000131495","patient4","XGBoost","all",8.66760270397394e-06,"NDUFA2"
"ENSG00000131495","patient6","XGBoost","all",1.90231119426207e-05,"NDUFA2"
"ENSG00000131495","patient1","XGBoost","all",1.15635759763298e-05,"NDUFA2"
"ENSG00000131495","patient2","XGBoost","all",1.66165849986951e-05,"NDUFA2"
"ENSG00000131495","patient5","XGBoost","all",8.32483541588436e-06,"NDUFA2"
"ENSG00000131495","patient3","XGBoost","all",1.62296109505979e-05,"NDUFA2"
"ENSG00000131507","patient3","XGBoost","all",1.72551643185394e-05,"NDFIP1"
"ENSG00000131507","patient5","XGBoost","all",8.44178097242163e-06,"NDFIP1"
"ENSG00000131507","patient2","XGBoost","all",2.26188341151817e-05,"NDFIP1"
"ENSG00000131507","patient1","XGBoost","all",1.98358055893093e-05,"NDFIP1"
"ENSG00000131507","patient4","XGBoost","all",1.86179968086523e-05,"NDFIP1"
"ENSG00000131507","patient6","XGBoost","all",7.32425070288918e-06,"NDFIP1"
"ENSG00000131508","patient6","XGBoost","all",1.29872891123444e-05,"UBE2D2"
"ENSG00000131508","patient1","XGBoost","all",4.12293347813859e-06,"UBE2D2"
"ENSG00000131508","patient5","XGBoost","all",1.37236279401501e-05,"UBE2D2"
"ENSG00000131508","patient2","XGBoost","all",1.01242427300093e-05,"UBE2D2"
"ENSG00000131508","patient4","XGBoost","all",9.71355891750571e-06,"UBE2D2"
"ENSG00000131508","patient3","XGBoost","all",1.97783458781217e-05,"UBE2D2"
"ENSG00000131634","patient4","XGBoost","all",1.87016834744616e-05,"TMEM204"
"ENSG00000131634","patient3","XGBoost","all",3.52728579436663e-05,"TMEM204"
"ENSG00000131634","patient2","XGBoost","all",1.2547098146648e-05,"TMEM204"
"ENSG00000131634","patient5","XGBoost","all",3.39720959666466e-05,"TMEM204"
"ENSG00000131634","patient1","XGBoost","all",1.03735528558147e-05,"TMEM204"
"ENSG00000131634","patient6","XGBoost","all",2.92144300569647e-05,"TMEM204"
"ENSG00000131669","patient2","XGBoost","all",4.671552891934e-05,"NINJ1"
"ENSG00000131669","patient1","XGBoost","all",4.78279792926073e-05,"NINJ1"
"ENSG00000131669","patient6","XGBoost","all",4.73780348197453e-05,"NINJ1"
"ENSG00000131669","patient4","XGBoost","all",2.93973458457062e-05,"NINJ1"
"ENSG00000131669","patient3","XGBoost","all",3.07648532591749e-05,"NINJ1"
"ENSG00000131669","patient5","XGBoost","all",5.53609486269387e-05,"NINJ1"
"ENSG00000131711","patient4","XGBoost","all",7.07552654521206e-05,"MAP1B"
"ENSG00000131711","patient3","XGBoost","all",2.28168810337863e-05,"MAP1B"
"ENSG00000131711","patient5","XGBoost","all",4.00791181342823e-05,"MAP1B"
"ENSG00000131711","patient1","XGBoost","all",7.53005158392049e-05,"MAP1B"
"ENSG00000131711","patient6","XGBoost","all",4.25071128932749e-05,"MAP1B"
"ENSG00000131711","patient2","XGBoost","all",6.45926630514414e-05,"MAP1B"
"ENSG00000131724","patient5","XGBoost","all",0.000132409283396211,"IL13RA1"
"ENSG00000131724","patient1","XGBoost","all",3.59729862819417e-05,"IL13RA1"
"ENSG00000131724","patient2","XGBoost","all",4.37705421927363e-05,"IL13RA1"
"ENSG00000131724","patient3","XGBoost","all",3.67847596643886e-05,"IL13RA1"
"ENSG00000131724","patient6","XGBoost","all",0.000149532245444064,"IL13RA1"
"ENSG00000131724","patient4","XGBoost","all",0.000107980614498388,"IL13RA1"
"ENSG00000131871","patient1","XGBoost","all",1.01015867787879e-05,"SELENOS"
"ENSG00000131871","patient6","XGBoost","all",1.11743181220321e-05,"SELENOS"
"ENSG00000131871","patient2","XGBoost","all",3.67510486710974e-05,"SELENOS"
"ENSG00000131871","patient5","XGBoost","all",1.25005501766096e-05,"SELENOS"
"ENSG00000131871","patient4","XGBoost","all",1.4911256348516e-05,"SELENOS"
"ENSG00000131871","patient3","XGBoost","all",2.3616336724761e-05,"SELENOS"
"ENSG00000131966","patient5","XGBoost","all",1.1845456045946e-05,"ACTR10"
"ENSG00000131966","patient4","XGBoost","all",3.4503316961303e-06,"ACTR10"
"ENSG00000131966","patient1","XGBoost","all",6.19857427383895e-06,"ACTR10"
"ENSG00000131966","patient2","XGBoost","all",3.92127188395752e-06,"ACTR10"
"ENSG00000131966","patient3","XGBoost","all",9.2012951909015e-06,"ACTR10"
"ENSG00000131966","patient6","XGBoost","all",1.28983718295252e-05,"ACTR10"
"ENSG00000132002","patient3","XGBoost","all",4.42828107726733e-05,"DNAJB1"
"ENSG00000132002","patient2","XGBoost","all",2.47076251554303e-05,"DNAJB1"
"ENSG00000132002","patient5","XGBoost","all",2.62429325565166e-05,"DNAJB1"
"ENSG00000132002","patient6","XGBoost","all",3.34430695007611e-05,"DNAJB1"
"ENSG00000132002","patient1","XGBoost","all",3.18434173354046e-05,"DNAJB1"
"ENSG00000132002","patient4","XGBoost","all",2.54432918469318e-05,"DNAJB1"
"ENSG00000132329","patient4","XGBoost","all",0.0133148836941036,"RAMP1"
"ENSG00000132329","patient1","XGBoost","all",0.0526285252395332,"RAMP1"
"ENSG00000132329","patient2","XGBoost","all",0.0294384899146103,"RAMP1"
"ENSG00000132329","patient5","XGBoost","all",0.0061578227060938,"RAMP1"
"ENSG00000132329","patient6","XGBoost","all",0.0254307617275914,"RAMP1"
"ENSG00000132329","patient3","XGBoost","all",0.0255718394842296,"RAMP1"
"ENSG00000132334","patient6","XGBoost","all",2.38211144706764e-05,"PTPRE"
"ENSG00000132334","patient3","XGBoost","all",6.46280879355098e-05,"PTPRE"
"ENSG00000132334","patient4","XGBoost","all",3.73819409201415e-05,"PTPRE"
"ENSG00000132334","patient5","XGBoost","all",2.6613740379539e-05,"PTPRE"
"ENSG00000132386","patient1","XGBoost","all",0.00161661281605023,"SERPINF1"
"ENSG00000132386","patient4","XGBoost","all",0.00232957457942253,"SERPINF1"
"ENSG00000132386","patient2","XGBoost","all",0.00212229936365053,"SERPINF1"
"ENSG00000132386","patient5","XGBoost","all",0.00310746264094694,"SERPINF1"
"ENSG00000132386","patient6","XGBoost","all",0.00246924623041381,"SERPINF1"
"ENSG00000132386","patient3","XGBoost","all",0.00243014988915319,"SERPINF1"
"ENSG00000132424","patient6","XGBoost","all",1.78652284284438e-05,"PNISR"
"ENSG00000132424","patient3","XGBoost","all",1.65178094026885e-05,"PNISR"
"ENSG00000132424","patient4","XGBoost","all",1.87176910711093e-05,"PNISR"
"ENSG00000132424","patient5","XGBoost","all",9.25169842811674e-06,"PNISR"
"ENSG00000132424","patient1","XGBoost","all",1.65758829084464e-05,"PNISR"
"ENSG00000132424","patient2","XGBoost","all",7.21994320055846e-06,"PNISR"
"ENSG00000132471","patient2","XGBoost","all",2.79803924477452e-06,"WBP2"
"ENSG00000132471","patient5","XGBoost","all",6.16766023122177e-06,"WBP2"
"ENSG00000132471","patient1","XGBoost","all",8.32016050423974e-06,"WBP2"
"ENSG00000132471","patient3","XGBoost","all",8.985577227924e-06,"WBP2"
"ENSG00000132471","patient6","XGBoost","all",9.37207237175777e-06,"WBP2"
"ENSG00000132485","patient2","XGBoost","all",1.20516238524174e-05,"ZRANB2"
"ENSG00000132485","patient5","XGBoost","all",7.69435377498275e-06,"ZRANB2"
"ENSG00000132485","patient4","XGBoost","all",1.05521692515037e-05,"ZRANB2"
"ENSG00000132485","patient1","XGBoost","all",8.366677655637e-06,"ZRANB2"
"ENSG00000132485","patient6","XGBoost","all",1.29442672362957e-05,"ZRANB2"
"ENSG00000132485","patient3","XGBoost","all",1.2711819450198e-05,"ZRANB2"
"ENSG00000132507","patient2","XGBoost","all",9.61573105828798e-06,"EIF5A"
"ENSG00000132507","patient4","XGBoost","all",9.44675613402311e-06,"EIF5A"
"ENSG00000132507","patient1","XGBoost","all",1.2378235241045e-05,"EIF5A"
"ENSG00000132507","patient3","XGBoost","all",2.06759836652893e-05,"EIF5A"
"ENSG00000132507","patient5","XGBoost","all",1.62483304708313e-05,"EIF5A"
"ENSG00000132670","patient3","XGBoost","all",3.43025158849091e-06,"PTPRA"
"ENSG00000132670","patient6","XGBoost","all",4.90772588034844e-06,"PTPRA"
"ENSG00000132670","patient5","XGBoost","all",8.59184283969003e-06,"PTPRA"
"ENSG00000132670","patient2","XGBoost","all",2.31660565871048e-06,"PTPRA"
"ENSG00000132670","patient1","XGBoost","all",5.48303379945879e-06,"PTPRA"
"ENSG00000132670","patient4","XGBoost","all",1.37411292257138e-05,"PTPRA"
"ENSG00000132780","patient5","XGBoost","all",1.44392074639604e-05,"NASP"
"ENSG00000132780","patient2","XGBoost","all",2.53988403825823e-05,"NASP"
"ENSG00000132780","patient6","XGBoost","all",1.63522632919939e-05,"NASP"
"ENSG00000132780","patient1","XGBoost","all",1.37846612775369e-05,"NASP"
"ENSG00000132780","patient3","XGBoost","all",1.888694669125e-05,"NASP"
"ENSG00000132780","patient4","XGBoost","all",1.4671782833035e-05,"NASP"
"ENSG00000132824","patient2","XGBoost","all",9.81041734263657e-06,"SERINC3"
"ENSG00000132824","patient5","XGBoost","all",1.54752244154856e-05,"SERINC3"
"ENSG00000132824","patient3","XGBoost","all",9.03574015615392e-06,"SERINC3"
"ENSG00000132824","patient1","XGBoost","all",1.52781615443153e-05,"SERINC3"
"ENSG00000132824","patient4","XGBoost","all",1.24908174553448e-05,"SERINC3"
"ENSG00000132824","patient6","XGBoost","all",1.42231989433971e-05,"SERINC3"
"ENSG00000132965","patient3","XGBoost","all",0.000272173284259108,"ALOX5AP"
"ENSG00000132965","patient2","XGBoost","all",0.000217431813140225,"ALOX5AP"
"ENSG00000132965","patient6","XGBoost","all",0.000227746940751649,"ALOX5AP"
"ENSG00000132965","patient5","XGBoost","all",0.000197433412159256,"ALOX5AP"
"ENSG00000132965","patient4","XGBoost","all",0.000121873754782117,"ALOX5AP"
"ENSG00000132965","patient1","XGBoost","all",0.000232154872181681,"ALOX5AP"
"ENSG00000133026","patient5","XGBoost","all",0.000825697683099377,"MYH10"
"ENSG00000133026","patient2","XGBoost","all",0.00421718336989882,"MYH10"
"ENSG00000133026","patient3","XGBoost","all",0.00525884972386727,"MYH10"
"ENSG00000133026","patient4","XGBoost","all",0.000239823971523398,"MYH10"
"ENSG00000133026","patient6","XGBoost","all",0.00453504465057619,"MYH10"
"ENSG00000133026","patient1","XGBoost","all",0.0108631020083445,"MYH10"
"ENSG00000133030","patient4","XGBoost","all",3.48185059363424e-05,"MPRIP"
"ENSG00000133104","patient6","XGBoost","all",1.35715049363393e-05,"SPART"
"ENSG00000133104","patient4","XGBoost","all",1.24029728558241e-05,"SPART"
"ENSG00000133104","patient3","XGBoost","all",6.36149670116647e-06,"SPART"
"ENSG00000133104","patient2","XGBoost","all",2.02513263661553e-05,"SPART"
"ENSG00000133104","patient1","XGBoost","all",4.61304798442503e-06,"SPART"
"ENSG00000133104","patient5","XGBoost","all",1.29190965735587e-05,"SPART"
"ENSG00000133110","patient6","XGBoost","all",0.000813855004642369,"POSTN"
"ENSG00000133110","patient5","XGBoost","all",0.000843042483365852,"POSTN"
"ENSG00000133110","patient1","XGBoost","all",0.00136491461728474,"POSTN"
"ENSG00000133110","patient2","XGBoost","all",0.000733533617606209,"POSTN"
"ENSG00000133110","patient4","XGBoost","all",0.000783346980377882,"POSTN"
"ENSG00000133110","patient3","XGBoost","all",0.00114317752791271,"POSTN"
"ENSG00000133142","patient5","XGBoost","all",7.92530695082098e-05,"TCEAL4"
"ENSG00000133142","patient6","XGBoost","all",4.54027242803226e-05,"TCEAL4"
"ENSG00000133142","patient4","XGBoost","all",4.45274335202767e-05,"TCEAL4"
"ENSG00000133142","patient1","XGBoost","all",8.02518253393888e-05,"TCEAL4"
"ENSG00000133142","patient2","XGBoost","all",4.49916949714725e-05,"TCEAL4"
"ENSG00000133142","patient3","XGBoost","all",4.48631189393941e-05,"TCEAL4"
"ENSG00000133318","patient6","XGBoost","all",2.37518054786833e-05,"RTN3"
"ENSG00000133318","patient1","XGBoost","all",1.60853262844553e-05,"RTN3"
"ENSG00000133318","patient5","XGBoost","all",1.46082299148277e-05,"RTN3"
"ENSG00000133318","patient3","XGBoost","all",8.88317436664778e-06,"RTN3"
"ENSG00000133318","patient2","XGBoost","all",2.49477534374528e-05,"RTN3"
"ENSG00000133318","patient4","XGBoost","all",1.45536707901329e-05,"RTN3"
"ENSG00000133392","patient1","XGBoost","all",0.000497961000988483,"MYH11"
"ENSG00000133392","patient4","XGBoost","all",0.000841170897620126,"MYH11"
"ENSG00000133392","patient6","XGBoost","all",0.000715402220236641,"MYH11"
"ENSG00000133392","patient5","XGBoost","all",0.000562414264848143,"MYH11"
"ENSG00000133392","patient2","XGBoost","all",0.000730421995089267,"MYH11"
"ENSG00000133392","patient3","XGBoost","all",0.00066095649472184,"MYH11"
"ENSG00000133398","patient2","XGBoost","all",1.04960040491773e-05,"MED10"
"ENSG00000133398","patient3","XGBoost","all",4.4908155352449e-06,"MED10"
"ENSG00000133398","patient6","XGBoost","all",1.04472202505171e-05,"MED10"
"ENSG00000133398","patient5","XGBoost","all",4.09661829853875e-06,"MED10"
"ENSG00000133398","patient1","XGBoost","all",3.81375841961433e-06,"MED10"
"ENSG00000133574","patient1","XGBoost","all",0.00031031559482504,"GIMAP4"
"ENSG00000133574","patient6","XGBoost","all",0.000192970754996661,"GIMAP4"
"ENSG00000133574","patient3","XGBoost","all",0.000268438838702252,"GIMAP4"
"ENSG00000133574","patient2","XGBoost","all",0.000188090355589237,"GIMAP4"
"ENSG00000133574","patient4","XGBoost","all",0.000152573805785123,"GIMAP4"
"ENSG00000133574","patient5","XGBoost","all",0.000235350276685582,"GIMAP4"
"ENSG00000133639","patient6","XGBoost","all",0.00601876229714044,"BTG1"
"ENSG00000133639","patient2","XGBoost","all",0.00410630690092008,"BTG1"
"ENSG00000133639","patient3","XGBoost","all",0.000924694851535045,"BTG1"
"ENSG00000133639","patient4","XGBoost","all",0.00116036269417715,"BTG1"
"ENSG00000133639","patient5","XGBoost","all",0.00471295795109771,"BTG1"
"ENSG00000133639","patient1","XGBoost","all",0.00677403290385713,"BTG1"
"ENSG00000133706","patient1","XGBoost","all",7.24222273836656e-06,"LARS1"
"ENSG00000133706","patient2","XGBoost","all",1.17169022121943e-05,"LARS1"
"ENSG00000133706","patient5","XGBoost","all",1.08053851905213e-05,"LARS1"
"ENSG00000133706","patient4","XGBoost","all",8.00874498571698e-06,"LARS1"
"ENSG00000133706","patient6","XGBoost","all",4.8212983980964e-06,"LARS1"
"ENSG00000133706","patient3","XGBoost","all",9.69384649049877e-06,"LARS1"
"ENSG00000133789","patient5","XGBoost","all",1.76094889595476e-05,"SWAP70"
"ENSG00000133789","patient6","XGBoost","all",1.13427553886864e-05,"SWAP70"
"ENSG00000133789","patient1","XGBoost","all",1.1845552279511e-05,"SWAP70"
"ENSG00000133789","patient3","XGBoost","all",4.4568533204413e-06,"SWAP70"
"ENSG00000133789","patient2","XGBoost","all",1.12642875727505e-05,"SWAP70"
"ENSG00000133789","patient4","XGBoost","all",2.05878014046656e-05,"SWAP70"
"ENSG00000133800","patient2","XGBoost","all",9.1325750330702e-06,"LYVE1"
"ENSG00000133800","patient6","XGBoost","all",1.0988936981899e-05,"LYVE1"
"ENSG00000133800","patient3","XGBoost","all",5.67960115168573e-06,"LYVE1"
"ENSG00000133800","patient4","XGBoost","all",6.18003065886365e-06,"LYVE1"
"ENSG00000133800","patient5","XGBoost","all",7.73551822029554e-06,"LYVE1"
"ENSG00000133816","patient3","XGBoost","all",9.65383767317839e-05,"MICAL2"
"ENSG00000133816","patient4","XGBoost","all",8.77290345482619e-05,"MICAL2"
"ENSG00000133872","patient3","XGBoost","all",3.35281132111243e-05,"SARAF"
"ENSG00000133872","patient6","XGBoost","all",1.97521053486341e-05,"SARAF"
"ENSG00000133872","patient1","XGBoost","all",1.97746926291321e-05,"SARAF"
"ENSG00000133872","patient2","XGBoost","all",2.66055741481429e-05,"SARAF"
"ENSG00000133872","patient4","XGBoost","all",6.61591378378758e-05,"SARAF"
"ENSG00000133872","patient5","XGBoost","all",4.74910463210394e-05,"SARAF"
"ENSG00000134046","patient4","XGBoost","all",1.67512776802904e-05,"MBD2"
"ENSG00000134046","patient5","XGBoost","all",2.11787083878388e-05,"MBD2"
"ENSG00000134056","patient2","XGBoost","all",6.60952142280274e-06,"KGD4"
"ENSG00000134056","patient4","XGBoost","all",1.53822313584252e-05,"KGD4"
"ENSG00000134056","patient6","XGBoost","all",8.53752578934808e-06,"KGD4"
"ENSG00000134056","patient3","XGBoost","all",1.32286500106256e-05,"KGD4"
"ENSG00000134056","patient5","XGBoost","all",9.99684176878025e-06,"KGD4"
"ENSG00000134056","patient1","XGBoost","all",1.53381577314628e-05,"KGD4"
"ENSG00000134107","patient2","XGBoost","all",1.44451353008757e-05,"BHLHE40"
"ENSG00000134107","patient1","XGBoost","all",3.72104996571439e-06,"BHLHE40"
"ENSG00000134107","patient3","XGBoost","all",4.52663036552059e-05,"BHLHE40"
"ENSG00000134107","patient4","XGBoost","all",8.8821074323394e-06,"BHLHE40"
"ENSG00000134107","patient6","XGBoost","all",1.19491991108462e-05,"BHLHE40"
"ENSG00000134153","patient1","XGBoost","all",9.07297883272469e-06,"EMC7"
"ENSG00000134153","patient6","XGBoost","all",2.24383202759226e-05,"EMC7"
"ENSG00000134153","patient4","XGBoost","all",9.68398650008075e-06,"EMC7"
"ENSG00000134153","patient2","XGBoost","all",1.05215004909363e-05,"EMC7"
"ENSG00000134153","patient3","XGBoost","all",1.48832475757605e-05,"EMC7"
"ENSG00000134153","patient5","XGBoost","all",9.66297864212534e-06,"EMC7"
"ENSG00000134186","patient2","XGBoost","all",2.17791864768003e-05,"PRPF38B"
"ENSG00000134186","patient6","XGBoost","all",7.49130810578108e-06,"PRPF38B"
"ENSG00000134186","patient1","XGBoost","all",3.57214516711704e-06,"PRPF38B"
"ENSG00000134186","patient5","XGBoost","all",7.68140158689772e-06,"PRPF38B"
"ENSG00000134186","patient3","XGBoost","all",5.30317588927079e-06,"PRPF38B"
"ENSG00000134186","patient4","XGBoost","all",8.83297814151845e-06,"PRPF38B"
"ENSG00000134202","patient6","XGBoost","all",4.83470121397652e-05,"GSTM3"
"ENSG00000134202","patient1","XGBoost","all",4.59559181480337e-05,"GSTM3"
"ENSG00000134202","patient5","XGBoost","all",2.3598314758011e-05,"GSTM3"
"ENSG00000134202","patient3","XGBoost","all",1.63358916966883e-05,"GSTM3"
"ENSG00000134202","patient2","XGBoost","all",3.96791136501708e-05,"GSTM3"
"ENSG00000134202","patient4","XGBoost","all",3.53971586369869e-05,"GSTM3"
"ENSG00000134243","patient2","XGBoost","all",1.00354410570151e-05,"SORT1"
"ENSG00000134243","patient5","XGBoost","all",1.10263876636124e-05,"SORT1"
"ENSG00000134243","patient6","XGBoost","all",1.54635172257898e-05,"SORT1"
"ENSG00000134243","patient1","XGBoost","all",6.0907630939584e-06,"SORT1"
"ENSG00000134243","patient4","XGBoost","all",1.1680923182054e-05,"SORT1"
"ENSG00000134243","patient3","XGBoost","all",1.01167801995136e-05,"SORT1"
"ENSG00000134248","patient2","XGBoost","all",1.83854879026016e-05,"LAMTOR5"
"ENSG00000134248","patient3","XGBoost","all",1.02092486359997e-05,"LAMTOR5"
"ENSG00000134248","patient5","XGBoost","all",3.1958094267526e-06,"LAMTOR5"
"ENSG00000134248","patient1","XGBoost","all",1.49056658993532e-05,"LAMTOR5"
"ENSG00000134248","patient6","XGBoost","all",8.15420176995398e-06,"LAMTOR5"
"ENSG00000134291","patient3","XGBoost","all",1.85604821942514e-05,"TMEM106C"
"ENSG00000134291","patient5","XGBoost","all",1.74798694316142e-05,"TMEM106C"
"ENSG00000134291","patient1","XGBoost","all",1.29852976561592e-05,"TMEM106C"
"ENSG00000134291","patient2","XGBoost","all",1.32963657577458e-05,"TMEM106C"
"ENSG00000134291","patient6","XGBoost","all",1.5642168329366e-05,"TMEM106C"
"ENSG00000134294","patient2","XGBoost","all",1.33775256695594e-05,"SLC38A2"
"ENSG00000134294","patient6","XGBoost","all",3.92496983826372e-05,"SLC38A2"
"ENSG00000134294","patient1","XGBoost","all",4.57702316743301e-05,"SLC38A2"
"ENSG00000134294","patient5","XGBoost","all",9.38704735989814e-06,"SLC38A2"
"ENSG00000134294","patient3","XGBoost","all",2.37959407475289e-05,"SLC38A2"
"ENSG00000134294","patient4","XGBoost","all",5.57614517531243e-05,"SLC38A2"
"ENSG00000134308","patient6","XGBoost","all",1.39890445981519e-05,"YWHAQ"
"ENSG00000134308","patient1","XGBoost","all",1.13918188023035e-05,"YWHAQ"
"ENSG00000134308","patient4","XGBoost","all",1.17831588114022e-05,"YWHAQ"
"ENSG00000134308","patient2","XGBoost","all",9.64550859690472e-06,"YWHAQ"
"ENSG00000134308","patient5","XGBoost","all",8.4991106598373e-06,"YWHAQ"
"ENSG00000134308","patient3","XGBoost","all",1.43470480730477e-05,"YWHAQ"
"ENSG00000134313","patient2","XGBoost","all",2.12202332599913e-05,"KIDINS220"
"ENSG00000134313","patient4","XGBoost","all",1.70886740790615e-05,"KIDINS220"
"ENSG00000134313","patient3","XGBoost","all",1.09763446222784e-05,"KIDINS220"
"ENSG00000134313","patient6","XGBoost","all",1.54642256506905e-05,"KIDINS220"
"ENSG00000134313","patient1","XGBoost","all",1.63179735083921e-05,"KIDINS220"
"ENSG00000134313","patient5","XGBoost","all",7.48374141651231e-06,"KIDINS220"
"ENSG00000134318","patient6","XGBoost","all",2.77751012790701e-05,"ROCK2"
"ENSG00000134318","patient1","XGBoost","all",8.48094471674127e-06,"ROCK2"
"ENSG00000134318","patient2","XGBoost","all",1.7941140707927e-05,"ROCK2"
"ENSG00000134318","patient5","XGBoost","all",1.74796260888835e-05,"ROCK2"
"ENSG00000134318","patient4","XGBoost","all",2.40977248544466e-05,"ROCK2"
"ENSG00000134318","patient3","XGBoost","all",1.09370286961923e-05,"ROCK2"
"ENSG00000134330","patient5","XGBoost","all",9.15789988011915e-06,"IAH1"
"ENSG00000134330","patient6","XGBoost","all",1.17109065968536e-05,"IAH1"
"ENSG00000134330","patient2","XGBoost","all",6.90106036865751e-06,"IAH1"
"ENSG00000134330","patient3","XGBoost","all",1.59622766111698e-05,"IAH1"
"ENSG00000134330","patient4","XGBoost","all",1.56409733074563e-05,"IAH1"
"ENSG00000134330","patient1","XGBoost","all",4.81262969178512e-06,"IAH1"
"ENSG00000134352","patient1","XGBoost","all",2.10770025381514e-05,"IL6ST"
"ENSG00000134352","patient2","XGBoost","all",2.00796930021689e-05,"IL6ST"
"ENSG00000134352","patient5","XGBoost","all",1.69479563212186e-05,"IL6ST"
"ENSG00000134352","patient6","XGBoost","all",4.41677490580245e-05,"IL6ST"
"ENSG00000134352","patient3","XGBoost","all",1.20377866307837e-05,"IL6ST"
"ENSG00000134352","patient4","XGBoost","all",1.68119820458328e-05,"IL6ST"
"ENSG00000134440","patient1","XGBoost","all",1.00522865816047e-05,"NARS1"
"ENSG00000134440","patient6","XGBoost","all",4.23357281238208e-06,"NARS1"
"ENSG00000134440","patient4","XGBoost","all",6.49648990994777e-06,"NARS1"
"ENSG00000134440","patient5","XGBoost","all",9.03768702118456e-06,"NARS1"
"ENSG00000134440","patient3","XGBoost","all",2.1817862198888e-06,"NARS1"
"ENSG00000134440","patient2","XGBoost","all",2.52772534816699e-06,"NARS1"
"ENSG00000134453","patient2","XGBoost","all",2.64995076214233e-06,"RBM17"
"ENSG00000134453","patient5","XGBoost","all",6.75867385113407e-06,"RBM17"
"ENSG00000134453","patient4","XGBoost","all",2.22566833907877e-05,"RBM17"
"ENSG00000134453","patient6","XGBoost","all",3.3013172945575e-06,"RBM17"
"ENSG00000134453","patient1","XGBoost","all",3.71576491881412e-06,"RBM17"
"ENSG00000134453","patient3","XGBoost","all",3.80372216363052e-06,"RBM17"
"ENSG00000134531","patient5","XGBoost","all",0.000105979324126661,"EMP1"
"ENSG00000134531","patient2","XGBoost","all",8.49491568942385e-05,"EMP1"
"ENSG00000134531","patient1","XGBoost","all",0.000133496796636465,"EMP1"
"ENSG00000134531","patient6","XGBoost","all",0.000144518338335926,"EMP1"
"ENSG00000134531","patient4","XGBoost","all",0.000187188073496091,"EMP1"
"ENSG00000134531","patient3","XGBoost","all",0.000117963471858083,"EMP1"
"ENSG00000134533","patient6","XGBoost","all",0.000133078397150895,"RERG"
"ENSG00000134533","patient1","XGBoost","all",5.29557300446769e-05,"RERG"
"ENSG00000134533","patient2","XGBoost","all",0.000126303818298857,"RERG"
"ENSG00000134533","patient5","XGBoost","all",0.000217833270363341,"RERG"
"ENSG00000134590","patient6","XGBoost","all",1.18059998369147e-05,"RTL8C"
"ENSG00000134590","patient5","XGBoost","all",5.00234032980627e-06,"RTL8C"
"ENSG00000134590","patient1","XGBoost","all",1.11917438782076e-05,"RTL8C"
"ENSG00000134590","patient4","XGBoost","all",1.61449054215703e-05,"RTL8C"
"ENSG00000134590","patient3","XGBoost","all",3.29470540455838e-06,"RTL8C"
"ENSG00000134590","patient2","XGBoost","all",8.01875231978348e-06,"RTL8C"
"ENSG00000134686","patient1","XGBoost","all",9.15904811539772e-06,"PHC2"
"ENSG00000134686","patient3","XGBoost","all",1.30614761562001e-05,"PHC2"
"ENSG00000134686","patient6","XGBoost","all",1.34002780688209e-05,"PHC2"
"ENSG00000134686","patient2","XGBoost","all",1.13933402407741e-05,"PHC2"
"ENSG00000134686","patient5","XGBoost","all",5.08376249751797e-06,"PHC2"
"ENSG00000134686","patient4","XGBoost","all",1.43815797559494e-05,"PHC2"
"ENSG00000134717","patient6","XGBoost","all",1.23618580380516e-05,"BTF3L4"
"ENSG00000134717","patient1","XGBoost","all",7.1807713396785e-06,"BTF3L4"
"ENSG00000134717","patient4","XGBoost","all",1.68512685306116e-05,"BTF3L4"
"ENSG00000134717","patient3","XGBoost","all",1.77141505224059e-05,"BTF3L4"
"ENSG00000134717","patient5","XGBoost","all",6.53119412153512e-06,"BTF3L4"
"ENSG00000134717","patient2","XGBoost","all",1.37858963868447e-05,"BTF3L4"
"ENSG00000134744","patient4","XGBoost","all",6.58557667485015e-06,"TUT4"
"ENSG00000134744","patient2","XGBoost","all",3.91086257491588e-06,"TUT4"
"ENSG00000134744","patient6","XGBoost","all",4.96134887982357e-06,"TUT4"
"ENSG00000134744","patient3","XGBoost","all",1.1571969371997e-05,"TUT4"
"ENSG00000134744","patient1","XGBoost","all",2.3934732520423e-06,"TUT4"
"ENSG00000134851","patient5","XGBoost","all",1.16716822120146e-05,"TMEM165"
"ENSG00000134851","patient6","XGBoost","all",5.66624161381305e-06,"TMEM165"
"ENSG00000134851","patient1","XGBoost","all",4.75972775346841e-06,"TMEM165"
"ENSG00000134851","patient2","XGBoost","all",4.8528598110638e-06,"TMEM165"
"ENSG00000134851","patient4","XGBoost","all",4.47561842437448e-06,"TMEM165"
"ENSG00000134851","patient3","XGBoost","all",1.00144767128287e-05,"TMEM165"
"ENSG00000134853","patient3","XGBoost","all",0.00228317603989257,"PDGFRA"
"ENSG00000134853","patient4","XGBoost","all",0.00280120534184032,"PDGFRA"
"ENSG00000134853","patient5","XGBoost","all",0.00131271505784537,"PDGFRA"
"ENSG00000134853","patient6","XGBoost","all",0.00260401234035508,"PDGFRA"
"ENSG00000134853","patient1","XGBoost","all",0.000555896792254896,"PDGFRA"
"ENSG00000134853","patient2","XGBoost","all",0.00213209041835592,"PDGFRA"
"ENSG00000134871","patient2","XGBoost","all",0.000419217215332891,"COL4A2"
"ENSG00000134871","patient4","XGBoost","all",0.00070918108485594,"COL4A2"
"ENSG00000134871","patient6","XGBoost","all",0.000538159886434817,"COL4A2"
"ENSG00000134871","patient3","XGBoost","all",0.000607208404328723,"COL4A2"
"ENSG00000134871","patient1","XGBoost","all",0.00018974133734764,"COL4A2"
"ENSG00000134871","patient5","XGBoost","all",0.000477254997573159,"COL4A2"
"ENSG00000134884","patient5","XGBoost","all",1.4267827533517e-05,"ARGLU1"
"ENSG00000134884","patient4","XGBoost","all",4.51629984987715e-06,"ARGLU1"
"ENSG00000134884","patient2","XGBoost","all",7.18443582138023e-06,"ARGLU1"
"ENSG00000134884","patient6","XGBoost","all",1.75639629154457e-05,"ARGLU1"
"ENSG00000134884","patient1","XGBoost","all",2.26213707796353e-05,"ARGLU1"
"ENSG00000134884","patient3","XGBoost","all",2.51580842005951e-05,"ARGLU1"
"ENSG00000134954","patient4","XGBoost","all",8.85232316644002e-06,"ETS1"
"ENSG00000134996","patient3","XGBoost","all",1.54581758600277e-05,"OSTF1"
"ENSG00000134996","patient4","XGBoost","all",1.82479064866659e-06,"OSTF1"
"ENSG00000134996","patient6","XGBoost","all",1.14967147548849e-05,"OSTF1"
"ENSG00000134996","patient1","XGBoost","all",6.59987903419245e-06,"OSTF1"
"ENSG00000134996","patient2","XGBoost","all",7.86676055186123e-06,"OSTF1"
"ENSG00000134996","patient5","XGBoost","all",1.38695157821073e-05,"OSTF1"
"ENSG00000135047","patient6","XGBoost","all",2.64135740567373e-05,"CTSL"
"ENSG00000135047","patient5","XGBoost","all",3.26067324535451e-05,"CTSL"
"ENSG00000135047","patient3","XGBoost","all",2.22202344705222e-05,"CTSL"
"ENSG00000135047","patient2","XGBoost","all",1.45985600223797e-05,"CTSL"
"ENSG00000135047","patient1","XGBoost","all",1.63533547738174e-05,"CTSL"
"ENSG00000135047","patient4","XGBoost","all",8.48492332007868e-06,"CTSL"
"ENSG00000135090","patient5","XGBoost","all",1.47094124422469e-05,"TAOK3"
"ENSG00000135090","patient1","XGBoost","all",5.65415149502945e-06,"TAOK3"
"ENSG00000135090","patient4","XGBoost","all",2.21581974794367e-06,"TAOK3"
"ENSG00000135090","patient6","XGBoost","all",2.72510325784477e-06,"TAOK3"
"ENSG00000135090","patient3","XGBoost","all",1.22199880474491e-05,"TAOK3"
"ENSG00000135090","patient2","XGBoost","all",9.25358131803412e-06,"TAOK3"
"ENSG00000135218","patient6","XGBoost","all",5.25695033658489e-05,"CD36"
"ENSG00000135218","patient4","XGBoost","all",4.80469634835707e-05,"CD36"
"ENSG00000135218","patient1","XGBoost","all",0.000140618763359158,"CD36"
"ENSG00000135218","patient2","XGBoost","all",9.17225139923912e-05,"CD36"
"ENSG00000135269","patient2","XGBoost","all",2.75018162158617e-05,"TES"
"ENSG00000135269","patient5","XGBoost","all",6.91487973486499e-06,"TES"
"ENSG00000135269","patient6","XGBoost","all",1.50557475684312e-05,"TES"
"ENSG00000135269","patient3","XGBoost","all",7.76196423086763e-06,"TES"
"ENSG00000135269","patient4","XGBoost","all",3.50289822844867e-05,"TES"
"ENSG00000135269","patient1","XGBoost","all",3.32317083997822e-05,"TES"
"ENSG00000135316","patient5","XGBoost","all",1.45163920582592e-05,"SYNCRIP"
"ENSG00000135316","patient3","XGBoost","all",2.20179169056753e-05,"SYNCRIP"
"ENSG00000135316","patient4","XGBoost","all",2.09312468921831e-05,"SYNCRIP"
"ENSG00000135316","patient2","XGBoost","all",9.35687174390983e-06,"SYNCRIP"
"ENSG00000135316","patient6","XGBoost","all",3.34641259372679e-05,"SYNCRIP"
"ENSG00000135316","patient1","XGBoost","all",2.07475056170908e-05,"SYNCRIP"
"ENSG00000135363","patient6","XGBoost","all",3.66668409413148e-05,"LMO2"
"ENSG00000135363","patient1","XGBoost","all",3.80372419913223e-05,"LMO2"
"ENSG00000135363","patient2","XGBoost","all",5.76068235433978e-05,"LMO2"
"ENSG00000135363","patient5","XGBoost","all",2.65492468061269e-05,"LMO2"
"ENSG00000135363","patient3","XGBoost","all",4.2995771753081e-05,"LMO2"
"ENSG00000135363","patient4","XGBoost","all",0.000132174583744365,"LMO2"
"ENSG00000135387","patient1","XGBoost","all",1.31518582808827e-05,"CAPRIN1"
"ENSG00000135387","patient4","XGBoost","all",9.3211454699285e-06,"CAPRIN1"
"ENSG00000135387","patient2","XGBoost","all",3.48907847785711e-06,"CAPRIN1"
"ENSG00000135387","patient3","XGBoost","all",1.75160112419011e-05,"CAPRIN1"
"ENSG00000135441","patient5","XGBoost","all",1.9320524696536e-05,"BLOC1S1"
"ENSG00000135441","patient1","XGBoost","all",1.46631454539108e-05,"BLOC1S1"
"ENSG00000135441","patient2","XGBoost","all",1.84778166941226e-05,"BLOC1S1"
"ENSG00000135441","patient6","XGBoost","all",1.4236902270844e-05,"BLOC1S1"
"ENSG00000135441","patient3","XGBoost","all",1.96319147628121e-05,"BLOC1S1"
"ENSG00000135441","patient4","XGBoost","all",7.56524509333593e-06,"BLOC1S1"
"ENSG00000135506","patient6","XGBoost","all",1.80560820798079e-05,"OS9"
"ENSG00000135506","patient3","XGBoost","all",2.64358866932902e-05,"OS9"
"ENSG00000135506","patient5","XGBoost","all",2.86508693252896e-05,"OS9"
"ENSG00000135506","patient4","XGBoost","all",1.09048668137405e-05,"OS9"
"ENSG00000135506","patient1","XGBoost","all",3.20523397975539e-05,"OS9"
"ENSG00000135506","patient2","XGBoost","all",3.82098506826844e-05,"OS9"
"ENSG00000135535","patient5","XGBoost","all",1.0608558120249e-05,"CD164"
"ENSG00000135535","patient6","XGBoost","all",1.87857469246829e-05,"CD164"
"ENSG00000135535","patient1","XGBoost","all",8.31456701173813e-06,"CD164"
"ENSG00000135535","patient2","XGBoost","all",1.47344563924955e-05,"CD164"
"ENSG00000135535","patient3","XGBoost","all",2.19862111009617e-05,"CD164"
"ENSG00000135535","patient4","XGBoost","all",1.11178340110628e-05,"CD164"
"ENSG00000135541","patient6","XGBoost","all",1.75706061770648e-05,"AHI1"
"ENSG00000135541","patient1","XGBoost","all",3.24970761424427e-05,"AHI1"
"ENSG00000135541","patient5","XGBoost","all",2.09472890634256e-06,"AHI1"
"ENSG00000135541","patient3","XGBoost","all",9.69952525531087e-06,"AHI1"
"ENSG00000135541","patient2","XGBoost","all",1.4479559082924e-05,"AHI1"
"ENSG00000135541","patient4","XGBoost","all",8.95219587049662e-06,"AHI1"
"ENSG00000135624","patient4","XGBoost","all",1.17085922224165e-05,"CCT7"
"ENSG00000135624","patient2","XGBoost","all",7.73591307329082e-06,"CCT7"
"ENSG00000135624","patient6","XGBoost","all",6.50387404103372e-06,"CCT7"
"ENSG00000135624","patient3","XGBoost","all",1.18617047166216e-05,"CCT7"
"ENSG00000135624","patient1","XGBoost","all",7.83457677871919e-06,"CCT7"
"ENSG00000135624","patient5","XGBoost","all",1.66510394408849e-05,"CCT7"
"ENSG00000135655","patient1","XGBoost","all",2.94745154968515e-06,"USP15"
"ENSG00000135655","patient3","XGBoost","all",8.59568974272817e-06,"USP15"
"ENSG00000135655","patient5","XGBoost","all",2.02671573681981e-05,"USP15"
"ENSG00000135655","patient6","XGBoost","all",9.99931007180138e-06,"USP15"
"ENSG00000135655","patient4","XGBoost","all",4.60962032506057e-06,"USP15"
"ENSG00000135655","patient2","XGBoost","all",7.94959092700995e-06,"USP15"
"ENSG00000135677","patient4","XGBoost","all",5.35745929138362e-06,"GNS"
"ENSG00000135678","patient1","XGBoost","all",9.48750291244817e-05,"CPM"
"ENSG00000135678","patient5","XGBoost","all",8.49178216875807e-05,"CPM"
"ENSG00000135678","patient4","XGBoost","all",6.18700927353167e-05,"CPM"
"ENSG00000135678","patient6","XGBoost","all",0.000105579254398912,"CPM"
"ENSG00000135720","patient2","XGBoost","all",3.19144125525822e-06,"DYNC1LI2"
"ENSG00000135720","patient1","XGBoost","all",1.82906701217918e-05,"DYNC1LI2"
"ENSG00000135720","patient3","XGBoost","all",1.26187562833335e-05,"DYNC1LI2"
"ENSG00000135720","patient4","XGBoost","all",8.93094502410712e-06,"DYNC1LI2"
"ENSG00000135720","patient5","XGBoost","all",1.18829362513164e-05,"DYNC1LI2"
"ENSG00000135720","patient6","XGBoost","all",2.02510413244907e-05,"DYNC1LI2"
"ENSG00000135744","patient3","XGBoost","all",0.00074296719223417,"AGT"
"ENSG00000135744","patient6","XGBoost","all",0.000675745720946358,"AGT"
"ENSG00000135744","patient5","XGBoost","all",0.000871178234879028,"AGT"
"ENSG00000135744","patient1","XGBoost","all",0.000805803983307201,"AGT"
"ENSG00000135744","patient4","XGBoost","all",0.000785871901309032,"AGT"
"ENSG00000135744","patient2","XGBoost","all",0.00092187592038387,"AGT"
"ENSG00000135821","patient1","XGBoost","all",1.89571969979029e-05,"GLUL"
"ENSG00000135821","patient4","XGBoost","all",4.87888503225645e-05,"GLUL"
"ENSG00000135821","patient5","XGBoost","all",4.74058205669505e-05,"GLUL"
"ENSG00000135821","patient6","XGBoost","all",4.21838520673956e-05,"GLUL"
"ENSG00000135821","patient3","XGBoost","all",6.09071815977788e-05,"GLUL"
"ENSG00000135821","patient2","XGBoost","all",4.54405870896284e-05,"GLUL"
"ENSG00000135837","patient5","XGBoost","all",1.18055199389396e-05,"CEP350"
"ENSG00000135837","patient1","XGBoost","all",6.49554147758461e-06,"CEP350"
"ENSG00000135837","patient4","XGBoost","all",9.31700383225365e-06,"CEP350"
"ENSG00000135837","patient6","XGBoost","all",4.80294372061111e-06,"CEP350"
"ENSG00000135837","patient2","XGBoost","all",8.96823538965614e-06,"CEP350"
"ENSG00000135837","patient3","XGBoost","all",3.18092396293349e-06,"CEP350"
"ENSG00000135842","patient2","XGBoost","all",2.12840003522983e-05,"NIBAN1"
"ENSG00000135842","patient6","XGBoost","all",2.12752530261268e-05,"NIBAN1"
"ENSG00000135842","patient1","XGBoost","all",1.34571179687124e-05,"NIBAN1"
"ENSG00000135842","patient4","XGBoost","all",1.49722344874714e-05,"NIBAN1"
"ENSG00000135842","patient5","XGBoost","all",1.09946329872058e-05,"NIBAN1"
"ENSG00000135842","patient3","XGBoost","all",2.08315390369654e-05,"NIBAN1"
"ENSG00000135862","patient4","XGBoost","all",8.10658394441918e-06,"LAMC1"
"ENSG00000135862","patient2","XGBoost","all",1.0865658044965e-05,"LAMC1"
"ENSG00000135862","patient1","XGBoost","all",3.32329140406921e-06,"LAMC1"
"ENSG00000135862","patient3","XGBoost","all",1.77547044586675e-05,"LAMC1"
"ENSG00000135862","patient6","XGBoost","all",2.31560002216239e-05,"LAMC1"
"ENSG00000135862","patient5","XGBoost","all",1.58596392820308e-05,"LAMC1"
"ENSG00000135916","patient5","XGBoost","all",0.000401738252651382,"ITM2C"
"ENSG00000135916","patient3","XGBoost","all",0.000443079229594672,"ITM2C"
"ENSG00000135916","patient4","XGBoost","all",0.000126632744985079,"ITM2C"
"ENSG00000135916","patient2","XGBoost","all",0.000471236656796493,"ITM2C"
"ENSG00000135916","patient6","XGBoost","all",0.000249959549456996,"ITM2C"
"ENSG00000135916","patient1","XGBoost","all",0.000280107553846242,"ITM2C"
"ENSG00000135919","patient3","XGBoost","all",7.8657255655643e-05,"SERPINE2"
"ENSG00000135919","patient6","XGBoost","all",7.35611460224369e-05,"SERPINE2"
"ENSG00000135926","patient4","XGBoost","all",1.90483001706808e-05,"TMBIM1"
"ENSG00000135926","patient1","XGBoost","all",2.20261129812926e-05,"TMBIM1"
"ENSG00000135926","patient3","XGBoost","all",2.67149760607077e-05,"TMBIM1"
"ENSG00000135926","patient6","XGBoost","all",2.02537000516783e-05,"TMBIM1"
"ENSG00000135926","patient2","XGBoost","all",3.49079150872976e-05,"TMBIM1"
"ENSG00000135926","patient5","XGBoost","all",1.22355228186543e-05,"TMBIM1"
"ENSG00000135968","patient2","XGBoost","all",8.72499842734283e-06,"GCC2"
"ENSG00000135968","patient1","XGBoost","all",8.40940977589753e-06,"GCC2"
"ENSG00000135968","patient3","XGBoost","all",4.86171488765801e-06,"GCC2"
"ENSG00000135968","patient6","XGBoost","all",6.46630476065653e-06,"GCC2"
"ENSG00000135968","patient4","XGBoost","all",7.75021081115125e-06,"GCC2"
"ENSG00000135968","patient5","XGBoost","all",1.26753516298433e-05,"GCC2"
"ENSG00000136051","patient4","XGBoost","all",2.14590184780836e-05,"WASHC4"
"ENSG00000136051","patient5","XGBoost","all",8.26953151795317e-06,"WASHC4"
"ENSG00000136051","patient6","XGBoost","all",1.68770112554478e-05,"WASHC4"
"ENSG00000136051","patient3","XGBoost","all",9.12296070391836e-06,"WASHC4"
"ENSG00000136100","patient3","XGBoost","all",5.84965990359727e-06,"VPS36"
"ENSG00000136146","patient3","XGBoost","all",1.14330429347913e-05,"MED4"
"ENSG00000136146","patient4","XGBoost","all",1.24441496808362e-05,"MED4"
"ENSG00000136146","patient1","XGBoost","all",2.3437505251164e-05,"MED4"
"ENSG00000136146","patient6","XGBoost","all",1.02623732741396e-05,"MED4"
"ENSG00000136146","patient2","XGBoost","all",6.28113556907722e-06,"MED4"
"ENSG00000136146","patient5","XGBoost","all",7.59134385215248e-06,"MED4"
"ENSG00000136167","patient5","XGBoost","all",0.000243807940033556,"LCP1"
"ENSG00000136167","patient3","XGBoost","all",0.000182075503748109,"LCP1"
"ENSG00000136167","patient6","XGBoost","all",0.000155302625162646,"LCP1"
"ENSG00000136167","patient4","XGBoost","all",0.00011851405960396,"LCP1"
"ENSG00000136167","patient2","XGBoost","all",0.000263419617438403,"LCP1"
"ENSG00000136167","patient1","XGBoost","all",0.000237603800340081,"LCP1"
"ENSG00000136235","patient1","XGBoost","all",9.46502644815308e-05,"GPNMB"
"ENSG00000136235","patient3","XGBoost","all",0.000107009569963157,"GPNMB"
"ENSG00000136235","patient5","XGBoost","all",0.000147748803165542,"GPNMB"
"ENSG00000136235","patient6","XGBoost","all",7.6749860388185e-05,"GPNMB"
"ENSG00000136235","patient4","XGBoost","all",6.3677042890631e-05,"GPNMB"
"ENSG00000136235","patient2","XGBoost","all",4.01307032475208e-05,"GPNMB"
"ENSG00000136240","patient5","XGBoost","all",2.44887802075316e-05,"KDELR2"
"ENSG00000136240","patient2","XGBoost","all",2.73153480321508e-05,"KDELR2"
"ENSG00000136240","patient1","XGBoost","all",2.02625076790148e-05,"KDELR2"
"ENSG00000136240","patient3","XGBoost","all",2.05232471942332e-05,"KDELR2"
"ENSG00000136240","patient6","XGBoost","all",8.21852618192276e-06,"KDELR2"
"ENSG00000136240","patient4","XGBoost","all",1.2901258393293e-05,"KDELR2"
"ENSG00000136279","patient6","XGBoost","all",4.95076589378169e-06,"DBNL"
"ENSG00000136279","patient5","XGBoost","all",1.53623381876858e-05,"DBNL"
"ENSG00000136279","patient1","XGBoost","all",4.90369816301e-06,"DBNL"
"ENSG00000136279","patient4","XGBoost","all",5.00715398730408e-06,"DBNL"
"ENSG00000136279","patient3","XGBoost","all",3.20023847676889e-06,"DBNL"
"ENSG00000136279","patient2","XGBoost","all",1.28139788430592e-05,"DBNL"
"ENSG00000136436","patient3","XGBoost","all",1.27469062667694e-05,"CALCOCO2"
"ENSG00000136436","patient2","XGBoost","all",1.15038882015257e-05,"CALCOCO2"
"ENSG00000136436","patient5","XGBoost","all",2.96819543241448e-05,"CALCOCO2"
"ENSG00000136436","patient6","XGBoost","all",1.94534345485253e-05,"CALCOCO2"
"ENSG00000136436","patient1","XGBoost","all",8.80354845255027e-06,"CALCOCO2"
"ENSG00000136436","patient4","XGBoost","all",1.43638871491283e-05,"CALCOCO2"
"ENSG00000136448","patient2","XGBoost","all",1.62088235169547e-06,"NMT1"
"ENSG00000136448","patient1","XGBoost","all",1.61793203603574e-05,"NMT1"
"ENSG00000136448","patient6","XGBoost","all",1.24732671001985e-05,"NMT1"
"ENSG00000136448","patient3","XGBoost","all",1.83842978711593e-05,"NMT1"
"ENSG00000136448","patient4","XGBoost","all",2.2163917388246e-06,"NMT1"
"ENSG00000136448","patient5","XGBoost","all",1.14768398574538e-05,"NMT1"
"ENSG00000136521","patient4","XGBoost","all",1.18426165301528e-05,"NDUFB5"
"ENSG00000136521","patient6","XGBoost","all",3.71896151305724e-06,"NDUFB5"
"ENSG00000136521","patient3","XGBoost","all",8.5449040164872e-06,"NDUFB5"
"ENSG00000136521","patient2","XGBoost","all",7.81838488108325e-06,"NDUFB5"
"ENSG00000136521","patient1","XGBoost","all",8.58897251208015e-06,"NDUFB5"
"ENSG00000136521","patient5","XGBoost","all",2.86723392839271e-05,"NDUFB5"
"ENSG00000136527","patient3","XGBoost","all",1.42286375581427e-05,"TRA2B"
"ENSG00000136527","patient1","XGBoost","all",5.61928751472435e-06,"TRA2B"
"ENSG00000136527","patient6","XGBoost","all",1.01634633593624e-05,"TRA2B"
"ENSG00000136527","patient4","XGBoost","all",7.21200731748937e-06,"TRA2B"
"ENSG00000136527","patient2","XGBoost","all",1.05983977277013e-05,"TRA2B"
"ENSG00000136527","patient5","XGBoost","all",1.36625194656164e-05,"TRA2B"
"ENSG00000136603","patient5","XGBoost","all",4.41838984889996e-06,"SKIL"
"ENSG00000136603","patient1","XGBoost","all",1.67854259646267e-05,"SKIL"
"ENSG00000136603","patient4","XGBoost","all",1.26178507634253e-05,"SKIL"
"ENSG00000136603","patient3","XGBoost","all",1.05167310688929e-05,"SKIL"
"ENSG00000136603","patient2","XGBoost","all",1.48469017995876e-05,"SKIL"
"ENSG00000136603","patient6","XGBoost","all",1.3489825536843e-05,"SKIL"
"ENSG00000136628","patient1","XGBoost","all",1.73958727648505e-05,"EPRS1"
"ENSG00000136628","patient5","XGBoost","all",6.94373754780835e-06,"EPRS1"
"ENSG00000136628","patient6","XGBoost","all",9.60828513232694e-06,"EPRS1"
"ENSG00000136628","patient2","XGBoost","all",1.06215447308744e-05,"EPRS1"
"ENSG00000136628","patient3","XGBoost","all",9.72813527600122e-06,"EPRS1"
"ENSG00000136628","patient4","XGBoost","all",1.73069937095701e-05,"EPRS1"
"ENSG00000136732","patient6","XGBoost","all",4.18160799661281e-05,"GYPC"
"ENSG00000136732","patient1","XGBoost","all",2.61635185937442e-05,"GYPC"
"ENSG00000136732","patient2","XGBoost","all",2.72310787821246e-05,"GYPC"
"ENSG00000136732","patient3","XGBoost","all",2.27369520018345e-05,"GYPC"
"ENSG00000136732","patient5","XGBoost","all",3.87673892189783e-05,"GYPC"
"ENSG00000136732","patient4","XGBoost","all",3.02301124210175e-05,"GYPC"
"ENSG00000136758","patient2","XGBoost","all",1.3863648263969e-05,"YME1L1"
"ENSG00000136758","patient1","XGBoost","all",1.57099513201702e-05,"YME1L1"
"ENSG00000136758","patient3","XGBoost","all",1.60408386735528e-05,"YME1L1"
"ENSG00000136758","patient4","XGBoost","all",1.07873675018106e-05,"YME1L1"
"ENSG00000136758","patient5","XGBoost","all",2.59685504530115e-05,"YME1L1"
"ENSG00000136758","patient6","XGBoost","all",1.50102262896705e-05,"YME1L1"
"ENSG00000136770","patient3","XGBoost","all",1.15772385010892e-05,"DNAJC1"
"ENSG00000136770","patient6","XGBoost","all",9.06904859936751e-06,"DNAJC1"
"ENSG00000136770","patient1","XGBoost","all",9.28511905270788e-06,"DNAJC1"
"ENSG00000136770","patient4","XGBoost","all",5.54292285311381e-06,"DNAJC1"
"ENSG00000136770","patient5","XGBoost","all",8.31130432009278e-06,"DNAJC1"
"ENSG00000136770","patient2","XGBoost","all",2.06376330194757e-05,"DNAJC1"
"ENSG00000136819","patient1","XGBoost","all",1.72084815089758e-05,"C9orf78"
"ENSG00000136819","patient6","XGBoost","all",1.16227482391037e-05,"C9orf78"
"ENSG00000136819","patient2","XGBoost","all",4.91585088466108e-06,"C9orf78"
"ENSG00000136819","patient4","XGBoost","all",1.45438899090294e-05,"C9orf78"
"ENSG00000136819","patient3","XGBoost","all",7.12708272466691e-06,"C9orf78"
"ENSG00000136819","patient5","XGBoost","all",6.45219995629278e-06,"C9orf78"
"ENSG00000136826","patient1","XGBoost","all",1.40007701889428e-05,"KLF4"
"ENSG00000136826","patient6","XGBoost","all",8.19584591605023e-06,"KLF4"
"ENSG00000136826","patient3","XGBoost","all",6.47189618270273e-06,"KLF4"
"ENSG00000136826","patient2","XGBoost","all",7.13921554333769e-06,"KLF4"
"ENSG00000136826","patient5","XGBoost","all",1.54277415839191e-05,"KLF4"
"ENSG00000136826","patient4","XGBoost","all",9.40590767414639e-06,"KLF4"
"ENSG00000136930","patient6","XGBoost","all",7.26760231655142e-06,"PSMB7"
"ENSG00000136930","patient5","XGBoost","all",2.01538898517883e-05,"PSMB7"
"ENSG00000136930","patient4","XGBoost","all",1.73495772899325e-06,"PSMB7"
"ENSG00000136930","patient3","XGBoost","all",5.84215143257001e-06,"PSMB7"
"ENSG00000136930","patient1","XGBoost","all",7.56562184170458e-06,"PSMB7"
"ENSG00000136930","patient2","XGBoost","all",8.38963991886122e-06,"PSMB7"
"ENSG00000136997","patient4","XGBoost","all",3.20826979969285e-05,"MYC"
"ENSG00000136999","patient5","XGBoost","all",0.00157638970920947,"CCN3"
"ENSG00000136999","patient6","XGBoost","all",0.00188240648024893,"CCN3"
"ENSG00000136999","patient3","XGBoost","all",0.00271955938221719,"CCN3"
"ENSG00000136999","patient4","XGBoost","all",0.00190503910173471,"CCN3"
"ENSG00000136999","patient1","XGBoost","all",0.00226295786763085,"CCN3"
"ENSG00000136999","patient2","XGBoost","all",0.0016699838628067,"CCN3"
"ENSG00000137033","patient3","XGBoost","all",0.000142778511935212,"IL33"
"ENSG00000137033","patient6","XGBoost","all",3.53882477987242e-05,"IL33"
"ENSG00000137033","patient1","XGBoost","all",4.3805647217274e-05,"IL33"
"ENSG00000137033","patient4","XGBoost","all",2.96973623959682e-05,"IL33"
"ENSG00000137033","patient5","XGBoost","all",4.47035041920489e-05,"IL33"
"ENSG00000137033","patient2","XGBoost","all",4.32648345835334e-05,"IL33"
"ENSG00000137038","patient5","XGBoost","all",1.08137898144537e-05,"DMAC1"
"ENSG00000137038","patient1","XGBoost","all",2.47757022319608e-06,"DMAC1"
"ENSG00000137038","patient4","XGBoost","all",1.47585641161744e-05,"DMAC1"
"ENSG00000137038","patient6","XGBoost","all",4.77240285454757e-06,"DMAC1"
"ENSG00000137038","patient2","XGBoost","all",3.51200376139887e-06,"DMAC1"
"ENSG00000137038","patient3","XGBoost","all",5.47025264485901e-06,"DMAC1"
"ENSG00000137076","patient6","XGBoost","all",2.53604022865696e-05,"TLN1"
"ENSG00000137076","patient5","XGBoost","all",2.73464809907038e-05,"TLN1"
"ENSG00000137076","patient2","XGBoost","all",4.60007574616835e-05,"TLN1"
"ENSG00000137076","patient1","XGBoost","all",1.98792293979051e-05,"TLN1"
"ENSG00000137100","patient1","XGBoost","all",9.27287602105999e-06,"DCTN3"
"ENSG00000137100","patient5","XGBoost","all",2.8682444982044e-05,"DCTN3"
"ENSG00000137100","patient6","XGBoost","all",5.05929680195196e-06,"DCTN3"
"ENSG00000137100","patient4","XGBoost","all",1.75620804576156e-05,"DCTN3"
"ENSG00000137100","patient3","XGBoost","all",1.77342196383381e-05,"DCTN3"
"ENSG00000137100","patient2","XGBoost","all",1.28734260211249e-05,"DCTN3"
"ENSG00000137106","patient4","XGBoost","all",7.67564177776011e-06,"GRHPR"
"ENSG00000137106","patient5","XGBoost","all",9.83281791859197e-06,"GRHPR"
"ENSG00000137106","patient1","XGBoost","all",2.12676741296591e-06,"GRHPR"
"ENSG00000137106","patient2","XGBoost","all",1.10772496288e-05,"GRHPR"
"ENSG00000137106","patient3","XGBoost","all",8.13257001101488e-06,"GRHPR"
"ENSG00000137106","patient6","XGBoost","all",2.36223269583133e-06,"GRHPR"
"ENSG00000137161","patient3","XGBoost","all",2.28916805162243e-05,"CNPY3"
"ENSG00000137161","patient1","XGBoost","all",1.51588578960929e-05,"CNPY3"
"ENSG00000137161","patient6","XGBoost","all",3.79357665023286e-05,"CNPY3"
"ENSG00000137161","patient4","XGBoost","all",1.48881404207498e-05,"CNPY3"
"ENSG00000137161","patient5","XGBoost","all",2.54125526120884e-05,"CNPY3"
"ENSG00000137161","patient2","XGBoost","all",8.97435143028763e-06,"CNPY3"
"ENSG00000137207","patient3","XGBoost","all",3.93505061681829e-06,"YIPF3"
"ENSG00000137207","patient4","XGBoost","all",1.68151695505709e-05,"YIPF3"
"ENSG00000137207","patient2","XGBoost","all",1.32201336798747e-05,"YIPF3"
"ENSG00000137207","patient1","XGBoost","all",4.52021585605828e-06,"YIPF3"
"ENSG00000137207","patient6","XGBoost","all",1.4747026523496e-05,"YIPF3"
"ENSG00000137207","patient5","XGBoost","all",4.60441916672867e-06,"YIPF3"
"ENSG00000137210","patient2","XGBoost","all",1.00360726618996e-05,"TMEM14B"
"ENSG00000137210","patient6","XGBoost","all",6.61948955384612e-06,"TMEM14B"
"ENSG00000137210","patient5","XGBoost","all",1.06169255452927e-05,"TMEM14B"
"ENSG00000137210","patient3","XGBoost","all",2.09881109120944e-05,"TMEM14B"
"ENSG00000137210","patient4","XGBoost","all",6.9185271074649e-06,"TMEM14B"
"ENSG00000137210","patient1","XGBoost","all",2.82082037444602e-06,"TMEM14B"
"ENSG00000137312","patient5","XGBoost","all",2.50906256788688e-05,"FLOT1"
"ENSG00000137312","patient2","XGBoost","all",4.96359626639808e-06,"FLOT1"
"ENSG00000137312","patient6","XGBoost","all",8.62367978829256e-06,"FLOT1"
"ENSG00000137312","patient1","XGBoost","all",9.15878743628206e-06,"FLOT1"
"ENSG00000137312","patient3","XGBoost","all",1.3160853781827e-05,"FLOT1"
"ENSG00000137312","patient4","XGBoost","all",1.02067959428689e-05,"FLOT1"
"ENSG00000137331","patient2","XGBoost","all",7.12142560225989e-05,"IER3"
"ENSG00000137331","patient3","XGBoost","all",2.73752178108882e-05,"IER3"
"ENSG00000137331","patient1","XGBoost","all",2.40858867872414e-05,"IER3"
"ENSG00000137331","patient4","XGBoost","all",4.15556915645082e-05,"IER3"
"ENSG00000137331","patient5","XGBoost","all",3.07425411417053e-05,"IER3"
"ENSG00000137331","patient6","XGBoost","all",2.7237614470263e-05,"IER3"
"ENSG00000137409","patient5","XGBoost","all",1.61201787490508e-05,"MTCH1"
"ENSG00000137409","patient6","XGBoost","all",2.54494305275059e-05,"MTCH1"
"ENSG00000137409","patient4","XGBoost","all",1.39654360200302e-05,"MTCH1"
"ENSG00000137409","patient3","XGBoost","all",1.57319126540396e-05,"MTCH1"
"ENSG00000137409","patient1","XGBoost","all",7.44076839435504e-06,"MTCH1"
"ENSG00000137409","patient2","XGBoost","all",1.61846356815657e-05,"MTCH1"
"ENSG00000137491","patient3","XGBoost","all",1.42686999315406e-05,"SLCO2B1"
"ENSG00000137491","patient5","XGBoost","all",3.41682410572913e-06,"SLCO2B1"
"ENSG00000137491","patient6","XGBoost","all",5.82178711206836e-06,"SLCO2B1"
"ENSG00000137500","patient6","XGBoost","all",4.70637886296006e-06,"CCDC90B"
"ENSG00000137500","patient1","XGBoost","all",1.27315872634509e-05,"CCDC90B"
"ENSG00000137500","patient3","XGBoost","all",1.23753331015264e-06,"CCDC90B"
"ENSG00000137500","patient5","XGBoost","all",6.08367482758048e-06,"CCDC90B"
"ENSG00000137500","patient2","XGBoost","all",9.75359395652852e-06,"CCDC90B"
"ENSG00000137507","patient6","XGBoost","all",0.0002953093495606,"LRRC32"
"ENSG00000137509","patient4","XGBoost","all",2.19603839664498e-05,"PRCP"
"ENSG00000137509","patient6","XGBoost","all",1.67139796406462e-05,"PRCP"
"ENSG00000137509","patient2","XGBoost","all",1.16086398716185e-05,"PRCP"
"ENSG00000137509","patient5","XGBoost","all",1.8303147488194e-05,"PRCP"
"ENSG00000137509","patient1","XGBoost","all",9.30861646083492e-06,"PRCP"
"ENSG00000137509","patient3","XGBoost","all",6.14186709635708e-06,"PRCP"
"ENSG00000137573","patient5","XGBoost","all",0.000124945090770727,"SULF1"
"ENSG00000137573","patient2","XGBoost","all",0.000134362928196995,"SULF1"
"ENSG00000137573","patient6","XGBoost","all",0.000140129313201656,"SULF1"
"ENSG00000137573","patient4","XGBoost","all",3.55194506132496e-05,"SULF1"
"ENSG00000137573","patient3","XGBoost","all",0.00013520882009104,"SULF1"
"ENSG00000137573","patient1","XGBoost","all",0.00022729825437026,"SULF1"
"ENSG00000137575","patient6","XGBoost","all",3.6752492072383e-05,"SDCBP"
"ENSG00000137575","patient5","XGBoost","all",3.57677948245311e-05,"SDCBP"
"ENSG00000137575","patient2","XGBoost","all",3.65275763362164e-05,"SDCBP"
"ENSG00000137575","patient4","XGBoost","all",3.82003702425457e-05,"SDCBP"
"ENSG00000137575","patient1","XGBoost","all",5.48747015810183e-05,"SDCBP"
"ENSG00000137575","patient3","XGBoost","all",4.56881859658732e-05,"SDCBP"
"ENSG00000137693","patient4","XGBoost","all",7.08857950748308e-06,"YAP1"
"ENSG00000137693","patient3","XGBoost","all",2.03460069212856e-06,"YAP1"
"ENSG00000137693","patient2","XGBoost","all",1.06636444860345e-05,"YAP1"
"ENSG00000137710","patient1","XGBoost","all",5.24916086528237e-05,"RDX"
"ENSG00000137710","patient3","XGBoost","all",7.13148479148558e-05,"RDX"
"ENSG00000137710","patient2","XGBoost","all",6.67352931447188e-05,"RDX"
"ENSG00000137710","patient6","XGBoost","all",5.1190350873396e-05,"RDX"
"ENSG00000137710","patient5","XGBoost","all",5.88050883416808e-05,"RDX"
"ENSG00000137710","patient4","XGBoost","all",6.68282596147183e-05,"RDX"
"ENSG00000137776","patient3","XGBoost","all",3.73207156614235e-06,"SLTM"
"ENSG00000137776","patient4","XGBoost","all",2.59971729425023e-06,"SLTM"
"ENSG00000137776","patient1","XGBoost","all",6.36408959011998e-06,"SLTM"
"ENSG00000137776","patient5","XGBoost","all",2.95552049229735e-06,"SLTM"
"ENSG00000137776","patient2","XGBoost","all",4.99939938140504e-06,"SLTM"
"ENSG00000137776","patient6","XGBoost","all",1.38392383373703e-05,"SLTM"
"ENSG00000137801","patient6","XGBoost","all",5.10790228960269e-05,"THBS1"
"ENSG00000137801","patient2","XGBoost","all",0.000187229941308591,"THBS1"
"ENSG00000137801","patient5","XGBoost","all",0.000176446927479204,"THBS1"
"ENSG00000137801","patient1","XGBoost","all",0.00022489043247323,"THBS1"
"ENSG00000137801","patient3","XGBoost","all",0.000138753376734222,"THBS1"
"ENSG00000137801","patient4","XGBoost","all",0.000120071517440557,"THBS1"
"ENSG00000137815","patient4","XGBoost","all",7.39243703354669e-06,"RTF1"
"ENSG00000137815","patient2","XGBoost","all",1.0689193561534e-05,"RTF1"
"ENSG00000137815","patient3","XGBoost","all",1.13606178223588e-05,"RTF1"
"ENSG00000137815","patient6","XGBoost","all",7.44890005572563e-06,"RTF1"
"ENSG00000137815","patient5","XGBoost","all",1.05222094247053e-05,"RTF1"
"ENSG00000137815","patient1","XGBoost","all",9.85381942557722e-06,"RTF1"
"ENSG00000137831","patient2","XGBoost","all",2.13554164429251e-05,"UACA"
"ENSG00000137831","patient1","XGBoost","all",3.95434162989683e-05,"UACA"
"ENSG00000137831","patient6","XGBoost","all",2.09177360154401e-05,"UACA"
"ENSG00000137831","patient5","XGBoost","all",1.22246382688036e-05,"UACA"
"ENSG00000137831","patient4","XGBoost","all",2.12426397055214e-05,"UACA"
"ENSG00000137831","patient3","XGBoost","all",4.53039446263488e-05,"UACA"
"ENSG00000137876","patient1","XGBoost","all",2.3517769239554e-05,"RSL24D1"
"ENSG00000137876","patient3","XGBoost","all",1.1183939660649e-05,"RSL24D1"
"ENSG00000137876","patient2","XGBoost","all",1.2691804089059e-05,"RSL24D1"
"ENSG00000137876","patient6","XGBoost","all",2.16088215765655e-05,"RSL24D1"
"ENSG00000137876","patient5","XGBoost","all",2.66880544595874e-05,"RSL24D1"
"ENSG00000137941","patient4","XGBoost","all",1.2873433725782e-05,"TTLL7"
"ENSG00000137941","patient1","XGBoost","all",1.07388716788738e-05,"TTLL7"
"ENSG00000137941","patient2","XGBoost","all",2.33012542443172e-05,"TTLL7"
"ENSG00000137941","patient5","XGBoost","all",9.29946722614062e-06,"TTLL7"
"ENSG00000137941","patient3","XGBoost","all",1.19089584726561e-05,"TTLL7"
"ENSG00000137941","patient6","XGBoost","all",6.05163578448579e-06,"TTLL7"
"ENSG00000137962","patient3","XGBoost","all",0.000112501492337595,"ARHGAP29"
"ENSG00000137962","patient6","XGBoost","all",0.000122716809538427,"ARHGAP29"
"ENSG00000137962","patient2","XGBoost","all",0.000115028976345318,"ARHGAP29"
"ENSG00000137962","patient4","XGBoost","all",8.53730578866485e-05,"ARHGAP29"
"ENSG00000137962","patient1","XGBoost","all",6.0667738021137e-05,"ARHGAP29"
"ENSG00000137962","patient5","XGBoost","all",9.35050549649701e-05,"ARHGAP29"
"ENSG00000138029","patient6","XGBoost","all",9.07663144863107e-06,"HADHB"
"ENSG00000138029","patient2","XGBoost","all",6.58454013377761e-06,"HADHB"
"ENSG00000138029","patient4","XGBoost","all",1.50469045562888e-05,"HADHB"
"ENSG00000138029","patient1","XGBoost","all",2.89725193549639e-06,"HADHB"
"ENSG00000138029","patient5","XGBoost","all",1.4765128627862e-05,"HADHB"
"ENSG00000138029","patient3","XGBoost","all",9.31615628815274e-06,"HADHB"
"ENSG00000138061","patient2","XGBoost","all",1.56870441951285e-05,"CYP1B1"
"ENSG00000138061","patient6","XGBoost","all",3.92292308776744e-05,"CYP1B1"
"ENSG00000138061","patient4","XGBoost","all",5.2294147327585e-05,"CYP1B1"
"ENSG00000138061","patient3","XGBoost","all",1.66760531984221e-05,"CYP1B1"
"ENSG00000138069","patient4","XGBoost","all",4.81531663830033e-06,"RAB1A"
"ENSG00000138069","patient1","XGBoost","all",1.92388785559476e-05,"RAB1A"
"ENSG00000138069","patient2","XGBoost","all",9.70881909151389e-06,"RAB1A"
"ENSG00000138069","patient5","XGBoost","all",1.22086334469086e-05,"RAB1A"
"ENSG00000138069","patient6","XGBoost","all",5.31407264211075e-06,"RAB1A"
"ENSG00000138069","patient3","XGBoost","all",9.87773575804671e-06,"RAB1A"
"ENSG00000138071","patient5","XGBoost","all",1.81106664880936e-05,"ACTR2"
"ENSG00000138071","patient2","XGBoost","all",1.598617095258e-05,"ACTR2"
"ENSG00000138071","patient6","XGBoost","all",2.09361251895194e-05,"ACTR2"
"ENSG00000138071","patient3","XGBoost","all",2.12677813553662e-05,"ACTR2"
"ENSG00000138071","patient4","XGBoost","all",1.19470765684824e-05,"ACTR2"
"ENSG00000138071","patient1","XGBoost","all",1.37695285586466e-05,"ACTR2"
"ENSG00000138080","patient2","XGBoost","all",3.1067646858737e-05,"EMILIN1"
"ENSG00000138080","patient1","XGBoost","all",2.74802769389751e-05,"EMILIN1"
"ENSG00000138080","patient6","XGBoost","all",4.62219081424206e-05,"EMILIN1"
"ENSG00000138080","patient5","XGBoost","all",3.73923415951661e-05,"EMILIN1"
"ENSG00000138080","patient4","XGBoost","all",4.23957033576446e-05,"EMILIN1"
"ENSG00000138080","patient3","XGBoost","all",2.19269641213526e-05,"EMILIN1"
"ENSG00000138085","patient3","XGBoost","all",1.7992576886825e-05,"ATRAID"
"ENSG00000138085","patient1","XGBoost","all",5.59606041306667e-06,"ATRAID"
"ENSG00000138085","patient4","XGBoost","all",1.61105517470381e-05,"ATRAID"
"ENSG00000138085","patient2","XGBoost","all",1.36087154266228e-05,"ATRAID"
"ENSG00000138085","patient6","XGBoost","all",1.20867060911226e-05,"ATRAID"
"ENSG00000138085","patient5","XGBoost","all",2.05194944802435e-05,"ATRAID"
"ENSG00000138119","patient3","XGBoost","all",2.12852758349409e-05,"MYOF"
"ENSG00000138119","patient4","XGBoost","all",7.91915752509333e-06,"MYOF"
"ENSG00000138119","patient1","XGBoost","all",1.33065994775213e-05,"MYOF"
"ENSG00000138119","patient2","XGBoost","all",4.63908919037726e-06,"MYOF"
"ENSG00000138119","patient6","XGBoost","all",7.54309922942108e-06,"MYOF"
"ENSG00000138175","patient4","XGBoost","all",3.99341300091562e-06,"ARL3"
"ENSG00000138175","patient1","XGBoost","all",1.89646130225171e-05,"ARL3"
"ENSG00000138175","patient6","XGBoost","all",7.40528426924306e-06,"ARL3"
"ENSG00000138175","patient3","XGBoost","all",7.38928448024265e-06,"ARL3"
"ENSG00000138175","patient2","XGBoost","all",1.45407142258649e-05,"ARL3"
"ENSG00000138175","patient5","XGBoost","all",1.91029902448461e-05,"ARL3"
"ENSG00000138279","patient1","XGBoost","all",1.16368334729208e-05,"ANXA7"
"ENSG00000138279","patient6","XGBoost","all",1.47810735949291e-05,"ANXA7"
"ENSG00000138279","patient2","XGBoost","all",2.7417191688088e-05,"ANXA7"
"ENSG00000138279","patient3","XGBoost","all",1.5960270913312e-05,"ANXA7"
"ENSG00000138279","patient4","XGBoost","all",1.12965379768554e-05,"ANXA7"
"ENSG00000138279","patient5","XGBoost","all",3.99509803620851e-05,"ANXA7"
"ENSG00000138382","patient2","XGBoost","all",1.61993007574774e-05,"METTL5"
"ENSG00000138382","patient3","XGBoost","all",1.29937436485135e-05,"METTL5"
"ENSG00000138382","patient5","XGBoost","all",1.00109424725562e-05,"METTL5"
"ENSG00000138382","patient1","XGBoost","all",1.36358105402334e-05,"METTL5"
"ENSG00000138382","patient4","XGBoost","all",1.77109561582104e-05,"METTL5"
"ENSG00000138382","patient6","XGBoost","all",1.36956542663794e-05,"METTL5"
"ENSG00000138398","patient6","XGBoost","all",8.00034553790267e-06,"PPIG"
"ENSG00000138398","patient4","XGBoost","all",2.24106630100122e-05,"PPIG"
"ENSG00000138398","patient3","XGBoost","all",2.46396522679369e-05,"PPIG"
"ENSG00000138398","patient1","XGBoost","all",1.06046011984711e-05,"PPIG"
"ENSG00000138398","patient2","XGBoost","all",9.75607103193488e-06,"PPIG"
"ENSG00000138398","patient5","XGBoost","all",1.64692143724645e-05,"PPIG"
"ENSG00000138430","patient5","XGBoost","all",8.59106941279427e-06,"OLA1"
"ENSG00000138433","patient5","XGBoost","all",1.67522157684893e-05,"CIRSR"
"ENSG00000138433","patient4","XGBoost","all",2.10874541795963e-05,"CIRSR"
"ENSG00000138433","patient3","XGBoost","all",2.18645280518062e-05,"CIRSR"
"ENSG00000138433","patient2","XGBoost","all",1.06597186669244e-05,"CIRSR"
"ENSG00000138433","patient1","XGBoost","all",1.93995176175779e-05,"CIRSR"
"ENSG00000138433","patient6","XGBoost","all",1.12426370262121e-05,"CIRSR"
"ENSG00000138448","patient1","XGBoost","all",1.41678847567871e-05,"ITGAV"
"ENSG00000138448","patient5","XGBoost","all",3.12554611194743e-05,"ITGAV"
"ENSG00000138448","patient4","XGBoost","all",1.91926602395632e-05,"ITGAV"
"ENSG00000138448","patient3","XGBoost","all",5.91702563559772e-06,"ITGAV"
"ENSG00000138448","patient6","XGBoost","all",2.70168362682737e-05,"ITGAV"
"ENSG00000138448","patient2","XGBoost","all",1.38978338783421e-05,"ITGAV"
"ENSG00000138449","patient4","XGBoost","all",6.21431833444804e-06,"SLC40A1"
"ENSG00000138449","patient6","XGBoost","all",8.46978372512234e-06,"SLC40A1"
"ENSG00000138449","patient3","XGBoost","all",4.36869910666955e-05,"SLC40A1"
"ENSG00000138449","patient1","XGBoost","all",7.73823807190744e-06,"SLC40A1"
"ENSG00000138449","patient2","XGBoost","all",1.14887033674277e-05,"SLC40A1"
"ENSG00000138449","patient5","XGBoost","all",3.87914661997374e-05,"SLC40A1"
"ENSG00000138495","patient4","XGBoost","all",3.61286681599415e-05,"COX17"
"ENSG00000138495","patient5","XGBoost","all",2.08005661839131e-05,"COX17"
"ENSG00000138495","patient3","XGBoost","all",4.95548740704395e-05,"COX17"
"ENSG00000138495","patient1","XGBoost","all",1.23400294581563e-05,"COX17"
"ENSG00000138495","patient2","XGBoost","all",3.3878385967142e-05,"COX17"
"ENSG00000138495","patient6","XGBoost","all",3.65458596077685e-05,"COX17"
"ENSG00000138592","patient4","XGBoost","all",6.03904916574734e-06,"USP8"
"ENSG00000138592","patient2","XGBoost","all",6.62414110211345e-06,"USP8"
"ENSG00000138592","patient5","XGBoost","all",1.93671690031513e-05,"USP8"
"ENSG00000138592","patient3","XGBoost","all",1.92134824952072e-05,"USP8"
"ENSG00000138592","patient6","XGBoost","all",5.00408340280013e-06,"USP8"
"ENSG00000138592","patient1","XGBoost","all",5.2270298748721e-06,"USP8"
"ENSG00000138594","patient4","XGBoost","all",1.82858184007665e-05,"TMOD3"
"ENSG00000138594","patient2","XGBoost","all",8.18866719214668e-06,"TMOD3"
"ENSG00000138594","patient5","XGBoost","all",1.89365593165634e-05,"TMOD3"
"ENSG00000138594","patient6","XGBoost","all",1.09933653487985e-05,"TMOD3"
"ENSG00000138594","patient3","XGBoost","all",1.89336421289701e-05,"TMOD3"
"ENSG00000138594","patient1","XGBoost","all",1.03311014099429e-05,"TMOD3"
"ENSG00000138600","patient3","XGBoost","all",1.10419273010207e-05,"SPPL2A"
"ENSG00000138600","patient5","XGBoost","all",9.61946679193554e-06,"SPPL2A"
"ENSG00000138600","patient4","XGBoost","all",8.51195844462159e-06,"SPPL2A"
"ENSG00000138600","patient6","XGBoost","all",1.14669651766749e-05,"SPPL2A"
"ENSG00000138600","patient2","XGBoost","all",1.45967283682147e-05,"SPPL2A"
"ENSG00000138600","patient1","XGBoost","all",4.03604772181496e-06,"SPPL2A"
"ENSG00000138668","patient3","XGBoost","all",1.80106858199794e-05,"HNRNPD"
"ENSG00000138668","patient6","XGBoost","all",1.40092375529022e-05,"HNRNPD"
"ENSG00000138668","patient2","XGBoost","all",9.11147416655415e-06,"HNRNPD"
"ENSG00000138668","patient4","XGBoost","all",1.51150594697161e-05,"HNRNPD"
"ENSG00000138668","patient5","XGBoost","all",7.17287960274938e-06,"HNRNPD"
"ENSG00000138668","patient1","XGBoost","all",1.85867579038049e-06,"HNRNPD"
"ENSG00000138674","patient1","XGBoost","all",3.76132859191192e-06,"SEC31A"
"ENSG00000138674","patient3","XGBoost","all",3.26148394768145e-06,"SEC31A"
"ENSG00000138674","patient5","XGBoost","all",1.2499682977515e-05,"SEC31A"
"ENSG00000138674","patient6","XGBoost","all",1.51434144386245e-05,"SEC31A"
"ENSG00000138674","patient2","XGBoost","all",4.39109051936446e-06,"SEC31A"
"ENSG00000138674","patient4","XGBoost","all",1.27179434639745e-05,"SEC31A"
"ENSG00000138688","patient1","XGBoost","all",4.49227542419718e-06,"BLTP1"
"ENSG00000138688","patient4","XGBoost","all",8.70547306318145e-06,"BLTP1"
"ENSG00000138688","patient2","XGBoost","all",1.01948931641941e-06,"BLTP1"
"ENSG00000138688","patient3","XGBoost","all",1.79402675432817e-06,"BLTP1"
"ENSG00000138688","patient6","XGBoost","all",9.64218141452412e-06,"BLTP1"
"ENSG00000138735","patient1","XGBoost","all",4.92196199355079e-06,"PDE5A"
"ENSG00000138735","patient4","XGBoost","all",6.43171601669203e-06,"PDE5A"
"ENSG00000138735","patient6","XGBoost","all",7.82566047573843e-06,"PDE5A"
"ENSG00000138735","patient3","XGBoost","all",2.25065971477203e-05,"PDE5A"
"ENSG00000138735","patient5","XGBoost","all",1.08463876656725e-05,"PDE5A"
"ENSG00000138735","patient2","XGBoost","all",1.63648812413208e-05,"PDE5A"
"ENSG00000138757","patient3","XGBoost","all",7.15013004399912e-06,"G3BP2"
"ENSG00000138757","patient4","XGBoost","all",4.58849292114751e-06,"G3BP2"
"ENSG00000138757","patient5","XGBoost","all",8.22279963895387e-06,"G3BP2"
"ENSG00000138757","patient6","XGBoost","all",9.86723790544701e-06,"G3BP2"
"ENSG00000138757","patient2","XGBoost","all",8.57507845502605e-06,"G3BP2"
"ENSG00000138757","patient1","XGBoost","all",6.28780021767815e-06,"G3BP2"
"ENSG00000138758","patient3","XGBoost","all",5.31261966149877e-05,"SEPTIN11"
"ENSG00000138758","patient5","XGBoost","all",3.37741668792944e-05,"SEPTIN11"
"ENSG00000138758","patient2","XGBoost","all",2.73648184847286e-05,"SEPTIN11"
"ENSG00000138758","patient6","XGBoost","all",2.52612228004698e-05,"SEPTIN11"
"ENSG00000138758","patient4","XGBoost","all",3.70086508713895e-05,"SEPTIN11"
"ENSG00000138758","patient1","XGBoost","all",2.52038136181354e-05,"SEPTIN11"
"ENSG00000138760","patient1","XGBoost","all",2.76525221457775e-06,"SCARB2"
"ENSG00000138760","patient5","XGBoost","all",1.33323157796447e-05,"SCARB2"
"ENSG00000138760","patient4","XGBoost","all",1.93134757949195e-05,"SCARB2"
"ENSG00000138760","patient6","XGBoost","all",2.11111217879352e-05,"SCARB2"
"ENSG00000138760","patient3","XGBoost","all",1.01182124073636e-05,"SCARB2"
"ENSG00000138760","patient2","XGBoost","all",6.17572860891671e-06,"SCARB2"
"ENSG00000138768","patient2","XGBoost","all",2.2079811980009e-05,"USO1"
"ENSG00000138768","patient1","XGBoost","all",6.48721529776261e-06,"USO1"
"ENSG00000138768","patient6","XGBoost","all",1.7559358153591e-05,"USO1"
"ENSG00000138768","patient4","XGBoost","all",8.29473472256717e-06,"USO1"
"ENSG00000138768","patient5","XGBoost","all",1.68103886307172e-05,"USO1"
"ENSG00000138768","patient3","XGBoost","all",2.06569007094232e-05,"USO1"
"ENSG00000138814","patient4","XGBoost","all",9.061820122791e-06,"PPP3CA"
"ENSG00000138814","patient1","XGBoost","all",1.80146657401694e-05,"PPP3CA"
"ENSG00000138814","patient3","XGBoost","all",5.48613323555615e-06,"PPP3CA"
"ENSG00000138814","patient6","XGBoost","all",1.15305932553326e-05,"PPP3CA"
"ENSG00000138814","patient5","XGBoost","all",9.80216990912636e-06,"PPP3CA"
"ENSG00000138814","patient2","XGBoost","all",4.46559456574686e-06,"PPP3CA"
"ENSG00000138835","patient3","XGBoost","all",2.93295261090099e-05,"RGS3"
"ENSG00000139112","patient3","XGBoost","all",1.23128600509776e-05,"GABARAPL1"
"ENSG00000139112","patient4","XGBoost","all",1.9457263872921e-06,"GABARAPL1"
"ENSG00000139112","patient2","XGBoost","all",8.13812695879581e-06,"GABARAPL1"
"ENSG00000139112","patient5","XGBoost","all",5.66556784250498e-06,"GABARAPL1"
"ENSG00000139112","patient6","XGBoost","all",1.06149746979901e-05,"GABARAPL1"
"ENSG00000139168","patient1","XGBoost","all",1.17451908199826e-05,"ZCRB1"
"ENSG00000139168","patient5","XGBoost","all",8.28905318479108e-06,"ZCRB1"
"ENSG00000139168","patient3","XGBoost","all",9.16848185257505e-06,"ZCRB1"
"ENSG00000139168","patient6","XGBoost","all",1.18444674512775e-05,"ZCRB1"
"ENSG00000139168","patient4","XGBoost","all",8.50835457615103e-06,"ZCRB1"
"ENSG00000139168","patient2","XGBoost","all",7.62971331741593e-06,"ZCRB1"
"ENSG00000139218","patient2","XGBoost","all",3.57522510761029e-06,"SCAF11"
"ENSG00000139218","patient1","XGBoost","all",7.63081754041755e-06,"SCAF11"
"ENSG00000139218","patient5","XGBoost","all",6.16864406433216e-06,"SCAF11"
"ENSG00000139218","patient4","XGBoost","all",2.07188997590494e-05,"SCAF11"
"ENSG00000139218","patient3","XGBoost","all",1.93297128377812e-05,"SCAF11"
"ENSG00000139218","patient6","XGBoost","all",1.29752430439524e-05,"SCAF11"
"ENSG00000139278","patient5","XGBoost","all",8.28016761022591e-05,"GLIPR1"
"ENSG00000139278","patient1","XGBoost","all",0.000143875522343481,"GLIPR1"
"ENSG00000139278","patient6","XGBoost","all",6.30083633490137e-05,"GLIPR1"
"ENSG00000139278","patient4","XGBoost","all",0.000209255462126969,"GLIPR1"
"ENSG00000139278","patient3","XGBoost","all",8.91246438263303e-05,"GLIPR1"
"ENSG00000139278","patient2","XGBoost","all",7.63021860132352e-05,"GLIPR1"
"ENSG00000139318","patient4","XGBoost","all",1.0572351892701e-05,"DUSP6"
"ENSG00000139318","patient5","XGBoost","all",2.11529016587518e-05,"DUSP6"
"ENSG00000139329","patient2","XGBoost","all",0.000933402288455909,"LUM"
"ENSG00000139329","patient6","XGBoost","all",0.000695450061670713,"LUM"
"ENSG00000139329","patient5","XGBoost","all",0.00543793155828272,"LUM"
"ENSG00000139329","patient1","XGBoost","all",0.00119702627088184,"LUM"
"ENSG00000139329","patient3","XGBoost","all",0.000416595618822854,"LUM"
"ENSG00000139329","patient4","XGBoost","all",0.0130180419767817,"LUM"
"ENSG00000139343","patient4","XGBoost","all",6.46575802952628e-06,"SNRPF"
"ENSG00000139343","patient5","XGBoost","all",4.62347662243375e-06,"SNRPF"
"ENSG00000139343","patient1","XGBoost","all",9.84636637267954e-06,"SNRPF"
"ENSG00000139343","patient2","XGBoost","all",1.22692735797695e-05,"SNRPF"
"ENSG00000139343","patient6","XGBoost","all",5.39950292384994e-06,"SNRPF"
"ENSG00000139343","patient3","XGBoost","all",8.21559786132855e-06,"SNRPF"
"ENSG00000139679","patient3","XGBoost","all",2.52132864067634e-05,"LPAR6"
"ENSG00000139679","patient5","XGBoost","all",2.02738888171125e-05,"LPAR6"
"ENSG00000139679","patient2","XGBoost","all",5.15645254138603e-06,"LPAR6"
"ENSG00000139679","patient6","XGBoost","all",5.44190457247556e-06,"LPAR6"
"ENSG00000139679","patient4","XGBoost","all",6.05854044759644e-06,"LPAR6"
"ENSG00000139679","patient1","XGBoost","all",8.49700018045567e-06,"LPAR6"
"ENSG00000139684","patient1","XGBoost","all",1.57914979682997e-05,"ESD"
"ENSG00000139687","patient1","XGBoost","all",4.9603847621806e-06,"RB1"
"ENSG00000139687","patient2","XGBoost","all",1.53710641140092e-05,"RB1"
"ENSG00000139687","patient4","XGBoost","all",1.03629901934529e-05,"RB1"
"ENSG00000139687","patient3","XGBoost","all",2.15398477459428e-05,"RB1"
"ENSG00000139687","patient6","XGBoost","all",1.514211139202e-05,"RB1"
"ENSG00000139687","patient5","XGBoost","all",1.1130765420582e-05,"RB1"
"ENSG00000139793","patient5","XGBoost","all",8.3265705890503e-06,"MBNL2"
"ENSG00000139793","patient3","XGBoost","all",1.46938532592891e-05,"MBNL2"
"ENSG00000139793","patient2","XGBoost","all",5.51506101779533e-06,"MBNL2"
"ENSG00000139793","patient6","XGBoost","all",2.10161259918614e-05,"MBNL2"
"ENSG00000139793","patient4","XGBoost","all",1.30684361724737e-05,"MBNL2"
"ENSG00000139793","patient1","XGBoost","all",1.04552179944513e-05,"MBNL2"
"ENSG00000140092","patient1","XGBoost","all",0.00516308526114079,"FBLN5"
"ENSG00000140092","patient6","XGBoost","all",0.00636220905611275,"FBLN5"
"ENSG00000140092","patient2","XGBoost","all",0.00669068048194974,"FBLN5"
"ENSG00000140092","patient3","XGBoost","all",0.00736005458057504,"FBLN5"
"ENSG00000140092","patient5","XGBoost","all",0.00597889267839114,"FBLN5"
"ENSG00000140092","patient4","XGBoost","all",0.00637898310184106,"FBLN5"
"ENSG00000140285","patient5","XGBoost","all",0.000981382075608578,"FGF7"
"ENSG00000140285","patient3","XGBoost","all",0.00122853507669815,"FGF7"
"ENSG00000140285","patient1","XGBoost","all",0.000338071190381827,"FGF7"
"ENSG00000140285","patient2","XGBoost","all",0.0010988667675355,"FGF7"
"ENSG00000140285","patient6","XGBoost","all",0.00127626516163417,"FGF7"
"ENSG00000140285","patient4","XGBoost","all",0.00124847038342938,"FGF7"
"ENSG00000140299","patient6","XGBoost","all",9.01980880114805e-06,"BNIP2"
"ENSG00000140299","patient1","XGBoost","all",5.74033408424991e-06,"BNIP2"
"ENSG00000140299","patient3","XGBoost","all",8.70586733824953e-06,"BNIP2"
"ENSG00000140299","patient5","XGBoost","all",1.3777620577252e-05,"BNIP2"
"ENSG00000140299","patient2","XGBoost","all",7.11349080272977e-06,"BNIP2"
"ENSG00000140299","patient4","XGBoost","all",1.13053272441382e-05,"BNIP2"
"ENSG00000140307","patient4","XGBoost","all",1.16888031305005e-05,"GTF2A2"
"ENSG00000140307","patient3","XGBoost","all",1.45509131506139e-05,"GTF2A2"
"ENSG00000140307","patient6","XGBoost","all",1.25197542835929e-05,"GTF2A2"
"ENSG00000140307","patient5","XGBoost","all",1.01113693975472e-05,"GTF2A2"
"ENSG00000140307","patient1","XGBoost","all",7.77652161419139e-06,"GTF2A2"
"ENSG00000140307","patient2","XGBoost","all",9.7091296305821e-06,"GTF2A2"
"ENSG00000140350","patient3","XGBoost","all",5.69097537017257e-06,"ANP32A"
"ENSG00000140350","patient6","XGBoost","all",1.14850577511723e-05,"ANP32A"
"ENSG00000140350","patient5","XGBoost","all",1.20904866762546e-05,"ANP32A"
"ENSG00000140350","patient1","XGBoost","all",7.15392953698807e-06,"ANP32A"
"ENSG00000140350","patient4","XGBoost","all",5.6792587536267e-06,"ANP32A"
"ENSG00000140350","patient2","XGBoost","all",9.5205797824394e-06,"ANP32A"
"ENSG00000140391","patient1","XGBoost","all",1.05792116450585e-05,"TSPAN3"
"ENSG00000140391","patient6","XGBoost","all",1.67707290273213e-05,"TSPAN3"
"ENSG00000140391","patient5","XGBoost","all",9.25632116502377e-06,"TSPAN3"
"ENSG00000140391","patient2","XGBoost","all",9.49846374265589e-06,"TSPAN3"
"ENSG00000140391","patient4","XGBoost","all",1.93904191608278e-05,"TSPAN3"
"ENSG00000140391","patient3","XGBoost","all",1.48189620767977e-05,"TSPAN3"
"ENSG00000140416","patient3","XGBoost","all",0.00010562878808484,"TPM1"
"ENSG00000140416","patient1","XGBoost","all",0.00017851732406095,"TPM1"
"ENSG00000140416","patient5","XGBoost","all",0.000103971402508413,"TPM1"
"ENSG00000140416","patient6","XGBoost","all",0.000105874152623044,"TPM1"
"ENSG00000140416","patient2","XGBoost","all",0.000167237404517108,"TPM1"
"ENSG00000140416","patient4","XGBoost","all",0.000139194042798259,"TPM1"
"ENSG00000140497","patient5","XGBoost","all",1.73823401450633e-05,"SCAMP2"
"ENSG00000140497","patient2","XGBoost","all",8.18627696241194e-06,"SCAMP2"
"ENSG00000140497","patient1","XGBoost","all",1.15125280441667e-05,"SCAMP2"
"ENSG00000140497","patient4","XGBoost","all",1.39246975583998e-05,"SCAMP2"
"ENSG00000140497","patient6","XGBoost","all",1.28832502297369e-05,"SCAMP2"
"ENSG00000140497","patient3","XGBoost","all",3.92470162550799e-06,"SCAMP2"
"ENSG00000140545","patient4","XGBoost","all",0.00354577224003264,"MFGE8"
"ENSG00000140545","patient6","XGBoost","all",0.000758636191303447,"MFGE8"
"ENSG00000140545","patient2","XGBoost","all",0.00327492219133304,"MFGE8"
"ENSG00000140545","patient5","XGBoost","all",0.00429918251002791,"MFGE8"
"ENSG00000140545","patient1","XGBoost","all",0.00115763632941222,"MFGE8"
"ENSG00000140545","patient3","XGBoost","all",0.00575453190871749,"MFGE8"
"ENSG00000140575","patient1","XGBoost","all",9.52345604268338e-06,"IQGAP1"
"ENSG00000140575","patient5","XGBoost","all",1.62073264457264e-05,"IQGAP1"
"ENSG00000140575","patient2","XGBoost","all",1.28767827379173e-05,"IQGAP1"
"ENSG00000140575","patient6","XGBoost","all",9.75132650432267e-06,"IQGAP1"
"ENSG00000140575","patient4","XGBoost","all",7.36621426642298e-06,"IQGAP1"
"ENSG00000140575","patient3","XGBoost","all",2.29573041585386e-05,"IQGAP1"
"ENSG00000140682","patient5","XGBoost","all",3.27418667167392e-05,"TGFB1I1"
"ENSG00000140682","patient1","XGBoost","all",2.3846001274451e-05,"TGFB1I1"
"ENSG00000140682","patient2","XGBoost","all",2.87399275857465e-05,"TGFB1I1"
"ENSG00000140682","patient3","XGBoost","all",2.58969729746413e-05,"TGFB1I1"
"ENSG00000140682","patient6","XGBoost","all",2.17406483547765e-05,"TGFB1I1"
"ENSG00000140682","patient4","XGBoost","all",3.41420248694195e-05,"TGFB1I1"
"ENSG00000140740","patient4","XGBoost","all",1.07611316978577e-05,"UQCRC2"
"ENSG00000140740","patient2","XGBoost","all",1.88174569573836e-05,"UQCRC2"
"ENSG00000140740","patient5","XGBoost","all",1.56691298230353e-05,"UQCRC2"
"ENSG00000140740","patient6","XGBoost","all",8.79625735750418e-06,"UQCRC2"
"ENSG00000140740","patient1","XGBoost","all",1.14555533649506e-05,"UQCRC2"
"ENSG00000140740","patient3","XGBoost","all",2.43962194141753e-05,"UQCRC2"
"ENSG00000140836","patient4","XGBoost","all",3.97274653039478e-05,"ZFHX3"
"ENSG00000140836","patient3","XGBoost","all",3.39422215461311e-05,"ZFHX3"
"ENSG00000140836","patient1","XGBoost","all",2.22928647354405e-05,"ZFHX3"
"ENSG00000140836","patient6","XGBoost","all",6.1020676711928e-05,"ZFHX3"
"ENSG00000140836","patient2","XGBoost","all",6.2886014019806e-05,"ZFHX3"
"ENSG00000140836","patient5","XGBoost","all",3.60834490951311e-05,"ZFHX3"
"ENSG00000140931","patient1","XGBoost","all",8.90809040528288e-06,"CMTM3"
"ENSG00000140931","patient6","XGBoost","all",5.90876511728541e-06,"CMTM3"
"ENSG00000140931","patient5","XGBoost","all",1.06004696868712e-05,"CMTM3"
"ENSG00000140931","patient3","XGBoost","all",1.16975401675673e-05,"CMTM3"
"ENSG00000140941","patient5","XGBoost","all",2.11794554655217e-05,"MAP1LC3B"
"ENSG00000140941","patient3","XGBoost","all",1.10872223914468e-05,"MAP1LC3B"
"ENSG00000140941","patient2","XGBoost","all",2.17747402415822e-05,"MAP1LC3B"
"ENSG00000140941","patient1","XGBoost","all",1.81941936697655e-05,"MAP1LC3B"
"ENSG00000140941","patient6","XGBoost","all",8.4452157487212e-06,"MAP1LC3B"
"ENSG00000140941","patient4","XGBoost","all",1.57164027715743e-05,"MAP1LC3B"
"ENSG00000140945","patient3","XGBoost","all",6.01839409082294e-05,"CDH13"
"ENSG00000140945","patient1","XGBoost","all",4.21202915647652e-05,"CDH13"
"ENSG00000140945","patient6","XGBoost","all",6.51459117259395e-05,"CDH13"
"ENSG00000140945","patient4","XGBoost","all",5.00348648281101e-05,"CDH13"
"ENSG00000140945","patient2","XGBoost","all",4.79379001691658e-05,"CDH13"
"ENSG00000140945","patient5","XGBoost","all",4.75845767270471e-05,"CDH13"
"ENSG00000141002","patient2","XGBoost","all",1.38077591267526e-05,"TCF25"
"ENSG00000141002","patient5","XGBoost","all",2.04105993832184e-05,"TCF25"
"ENSG00000141002","patient1","XGBoost","all",7.73747158643953e-06,"TCF25"
"ENSG00000141027","patient2","XGBoost","all",1.07373494864459e-05,"NCOR1"
"ENSG00000141027","patient5","XGBoost","all",4.48397187729712e-06,"NCOR1"
"ENSG00000141027","patient1","XGBoost","all",9.67395305747012e-06,"NCOR1"
"ENSG00000141027","patient4","XGBoost","all",1.51958715146879e-05,"NCOR1"
"ENSG00000141027","patient3","XGBoost","all",1.33251768750765e-05,"NCOR1"
"ENSG00000141027","patient6","XGBoost","all",8.76114124729021e-06,"NCOR1"
"ENSG00000141232","patient3","XGBoost","all",1.31363211537181e-05,"TOB1"
"ENSG00000141232","patient1","XGBoost","all",1.9661603808008e-05,"TOB1"
"ENSG00000141232","patient6","XGBoost","all",1.74104822339442e-05,"TOB1"
"ENSG00000141232","patient4","XGBoost","all",4.23326246595851e-05,"TOB1"
"ENSG00000141232","patient2","XGBoost","all",1.52741561870756e-05,"TOB1"
"ENSG00000141232","patient5","XGBoost","all",2.68028719296961e-05,"TOB1"
"ENSG00000141338","patient3","XGBoost","all",6.78975332292643e-05,"ABCA8"
"ENSG00000141338","patient6","XGBoost","all",6.85167112067304e-05,"ABCA8"
"ENSG00000141338","patient2","XGBoost","all",0.00012898696006216,"ABCA8"
"ENSG00000141338","patient4","XGBoost","all",0.000121040623175589,"ABCA8"
"ENSG00000141338","patient5","XGBoost","all",0.000139293098959043,"ABCA8"
"ENSG00000141338","patient1","XGBoost","all",0.000167425901651725,"ABCA8"
"ENSG00000141367","patient2","XGBoost","all",1.57914471666914e-05,"CLTC"
"ENSG00000141367","patient1","XGBoost","all",2.04635697771482e-05,"CLTC"
"ENSG00000141367","patient4","XGBoost","all",1.29215298478893e-05,"CLTC"
"ENSG00000141367","patient5","XGBoost","all",7.94669011205129e-06,"CLTC"
"ENSG00000141367","patient3","XGBoost","all",2.00613905059893e-05,"CLTC"
"ENSG00000141367","patient6","XGBoost","all",1.03024270205591e-05,"CLTC"
"ENSG00000141447","patient1","XGBoost","all",1.11550251511833e-05,"OSBPL1A"
"ENSG00000141447","patient6","XGBoost","all",1.69239949052886e-05,"OSBPL1A"
"ENSG00000141447","patient3","XGBoost","all",2.04213146554501e-05,"OSBPL1A"
"ENSG00000141447","patient2","XGBoost","all",1.015148332234e-05,"OSBPL1A"
"ENSG00000141447","patient5","XGBoost","all",1.22277924245809e-05,"OSBPL1A"
"ENSG00000141447","patient4","XGBoost","all",1.77680216188037e-05,"OSBPL1A"
"ENSG00000141480","patient5","XGBoost","all",2.17323952477968e-05,"ARRB2"
"ENSG00000141480","patient2","XGBoost","all",2.91118244367959e-05,"ARRB2"
"ENSG00000141480","patient1","XGBoost","all",3.24012647183876e-05,"ARRB2"
"ENSG00000141480","patient6","XGBoost","all",2.22482276834378e-05,"ARRB2"
"ENSG00000141480","patient4","XGBoost","all",1.09492221806706e-05,"ARRB2"
"ENSG00000141480","patient3","XGBoost","all",2.16703318943969e-05,"ARRB2"
"ENSG00000141504","patient4","XGBoost","all",1.20381412648142e-05,"SAT2"
"ENSG00000141504","patient5","XGBoost","all",4.88236693871817e-06,"SAT2"
"ENSG00000141504","patient1","XGBoost","all",7.1309912559415e-06,"SAT2"
"ENSG00000141504","patient3","XGBoost","all",1.11250985238363e-05,"SAT2"
"ENSG00000141504","patient6","XGBoost","all",1.33205205208123e-05,"SAT2"
"ENSG00000141504","patient2","XGBoost","all",1.33871379063952e-05,"SAT2"
"ENSG00000141522","patient3","XGBoost","all",1.51983788178442e-05,"ARHGDIA"
"ENSG00000141522","patient1","XGBoost","all",1.35257089758785e-06,"ARHGDIA"
"ENSG00000141522","patient5","XGBoost","all",7.07997847794347e-06,"ARHGDIA"
"ENSG00000141522","patient2","XGBoost","all",5.70202362970488e-06,"ARHGDIA"
"ENSG00000141522","patient6","XGBoost","all",5.83145576055013e-06,"ARHGDIA"
"ENSG00000141522","patient4","XGBoost","all",1.11703960619711e-05,"ARHGDIA"
"ENSG00000141543","patient5","XGBoost","all",9.68431685469838e-06,"EIF4A3"
"ENSG00000141543","patient6","XGBoost","all",1.29005796115451e-05,"EIF4A3"
"ENSG00000141543","patient3","XGBoost","all",1.04610653674935e-05,"EIF4A3"
"ENSG00000141543","patient4","XGBoost","all",7.2306972417439e-06,"EIF4A3"
"ENSG00000141543","patient1","XGBoost","all",9.91815458698225e-06,"EIF4A3"
"ENSG00000141552","patient5","XGBoost","all",2.59458622307667e-05,"ANAPC11"
"ENSG00000141552","patient3","XGBoost","all",1.45660226399977e-05,"ANAPC11"
"ENSG00000141552","patient1","XGBoost","all",1.90766250611578e-05,"ANAPC11"
"ENSG00000141552","patient2","XGBoost","all",1.22443475561718e-05,"ANAPC11"
"ENSG00000141552","patient6","XGBoost","all",7.48975469214338e-06,"ANAPC11"
"ENSG00000141753","patient3","XGBoost","all",0.000994096828080592,"IGFBP4"
"ENSG00000141753","patient1","XGBoost","all",0.00079684742806281,"IGFBP4"
"ENSG00000141753","patient2","XGBoost","all",0.000908223991340556,"IGFBP4"
"ENSG00000141753","patient6","XGBoost","all",0.000735539969056076,"IGFBP4"
"ENSG00000141753","patient4","XGBoost","all",0.00037836476488436,"IGFBP4"
"ENSG00000141753","patient5","XGBoost","all",0.00081392805388829,"IGFBP4"
"ENSG00000141756","patient2","XGBoost","all",1.86032823727397e-05,"FKBP10"
"ENSG00000141756","patient4","XGBoost","all",1.05563687401081e-05,"FKBP10"
"ENSG00000141756","patient6","XGBoost","all",2.31187695057575e-05,"FKBP10"
"ENSG00000141756","patient3","XGBoost","all",1.20040068555924e-05,"FKBP10"
"ENSG00000141756","patient5","XGBoost","all",2.4821477769005e-05,"FKBP10"
"ENSG00000141756","patient1","XGBoost","all",1.68144561388705e-05,"FKBP10"
"ENSG00000141759","patient5","XGBoost","all",2.02023336546481e-05,"TXNL4A"
"ENSG00000141759","patient6","XGBoost","all",2.10017270423734e-05,"TXNL4A"
"ENSG00000141759","patient1","XGBoost","all",2.36440504975143e-05,"TXNL4A"
"ENSG00000141759","patient4","XGBoost","all",2.80963485130311e-05,"TXNL4A"
"ENSG00000141759","patient2","XGBoost","all",1.15423108319989e-05,"TXNL4A"
"ENSG00000141759","patient3","XGBoost","all",4.022262592576e-05,"TXNL4A"
"ENSG00000141867","patient5","XGBoost","all",8.3525726123034e-06,"BRD4"
"ENSG00000141867","patient3","XGBoost","all",7.84840267784109e-06,"BRD4"
"ENSG00000141867","patient2","XGBoost","all",3.92277951165836e-06,"BRD4"
"ENSG00000141867","patient1","XGBoost","all",4.56031045168695e-06,"BRD4"
"ENSG00000141867","patient4","XGBoost","all",2.74641258516211e-06,"BRD4"
"ENSG00000141867","patient6","XGBoost","all",4.78154231816375e-06,"BRD4"
"ENSG00000141905","patient3","XGBoost","all",3.75022957972472e-05,"NFIC"
"ENSG00000141905","patient2","XGBoost","all",2.19586214769537e-05,"NFIC"
"ENSG00000141905","patient4","XGBoost","all",6.62662223528826e-05,"NFIC"
"ENSG00000141905","patient1","XGBoost","all",3.5744569169109e-05,"NFIC"
"ENSG00000141905","patient6","XGBoost","all",2.42033850992291e-05,"NFIC"
"ENSG00000141905","patient5","XGBoost","all",4.0635030727752e-05,"NFIC"
"ENSG00000142156","patient4","XGBoost","all",5.67926062767089e-05,"COL6A1"
"ENSG00000142156","patient1","XGBoost","all",3.66733481223602e-05,"COL6A1"
"ENSG00000142156","patient6","XGBoost","all",3.98737894242865e-05,"COL6A1"
"ENSG00000142156","patient5","XGBoost","all",2.59350280544112e-05,"COL6A1"
"ENSG00000142156","patient3","XGBoost","all",3.21598479798008e-05,"COL6A1"
"ENSG00000142156","patient2","XGBoost","all",3.32118875444698e-05,"COL6A1"
"ENSG00000142166","patient6","XGBoost","all",4.54848688503863e-06,"IFNAR1"
"ENSG00000142166","patient1","XGBoost","all",5.4807339727722e-06,"IFNAR1"
"ENSG00000142166","patient2","XGBoost","all",9.16902718788814e-06,"IFNAR1"
"ENSG00000142166","patient5","XGBoost","all",1.17002137597044e-05,"IFNAR1"
"ENSG00000142166","patient4","XGBoost","all",7.72025462206686e-06,"IFNAR1"
"ENSG00000142166","patient3","XGBoost","all",4.64685564252279e-06,"IFNAR1"
"ENSG00000142173","patient3","XGBoost","all",0.000492338926234091,"COL6A2"
"ENSG00000142173","patient6","XGBoost","all",0.000327069295384903,"COL6A2"
"ENSG00000142173","patient4","XGBoost","all",0.000864313511775682,"COL6A2"
"ENSG00000142173","patient5","XGBoost","all",0.000608235012865262,"COL6A2"
"ENSG00000142173","patient2","XGBoost","all",0.000331419104603049,"COL6A2"
"ENSG00000142173","patient1","XGBoost","all",0.000438618680006385,"COL6A2"
"ENSG00000142192","patient3","XGBoost","all",2.40342182598982e-05,"APP"
"ENSG00000142192","patient5","XGBoost","all",2.80631485820107e-05,"APP"
"ENSG00000142192","patient1","XGBoost","all",9.87312819427766e-06,"APP"
"ENSG00000142192","patient6","XGBoost","all",7.7726765523409e-06,"APP"
"ENSG00000142192","patient2","XGBoost","all",1.94163526039191e-05,"APP"
"ENSG00000142192","patient4","XGBoost","all",2.62332389567525e-05,"APP"
"ENSG00000142227","patient4","XGBoost","all",3.64006294537762e-05,"EMP3"
"ENSG00000142227","patient6","XGBoost","all",2.5515430691549e-05,"EMP3"
"ENSG00000142227","patient2","XGBoost","all",5.40052493274344e-05,"EMP3"
"ENSG00000142227","patient5","XGBoost","all",4.55151064474147e-05,"EMP3"
"ENSG00000142227","patient1","XGBoost","all",5.02605390452607e-05,"EMP3"
"ENSG00000142227","patient3","XGBoost","all",4.78006227548591e-05,"EMP3"
"ENSG00000142552","patient1","XGBoost","all",1.75037998432583e-05,"RCN3"
"ENSG00000142552","patient6","XGBoost","all",1.7037112437929e-05,"RCN3"
"ENSG00000142552","patient2","XGBoost","all",3.45415342522394e-05,"RCN3"
"ENSG00000142552","patient4","XGBoost","all",3.30450767280955e-05,"RCN3"
"ENSG00000142552","patient5","XGBoost","all",2.84492761473932e-05,"RCN3"
"ENSG00000142552","patient3","XGBoost","all",2.62349740272454e-05,"RCN3"
"ENSG00000142694","patient6","XGBoost","all",9.72400377928653e-06,"EVA1B"
"ENSG00000142694","patient5","XGBoost","all",6.85272659153827e-06,"EVA1B"
"ENSG00000142694","patient1","XGBoost","all",1.98404563417136e-05,"EVA1B"
"ENSG00000142694","patient3","XGBoost","all",1.37411270536532e-05,"EVA1B"
"ENSG00000142694","patient4","XGBoost","all",4.30291058520967e-06,"EVA1B"
"ENSG00000142694","patient2","XGBoost","all",4.29735969658423e-06,"EVA1B"
"ENSG00000142798","patient2","XGBoost","all",6.13930053403498e-05,"HSPG2"
"ENSG00000142798","patient3","XGBoost","all",6.56576208386109e-05,"HSPG2"
"ENSG00000142798","patient5","XGBoost","all",4.64783902716644e-05,"HSPG2"
"ENSG00000142798","patient1","XGBoost","all",4.61550147848803e-05,"HSPG2"
"ENSG00000142798","patient6","XGBoost","all",6.29371453083926e-05,"HSPG2"
"ENSG00000142798","patient4","XGBoost","all",3.59457060398131e-05,"HSPG2"
"ENSG00000142871","patient2","XGBoost","all",5.7433869072528e-05,"CCN1"
"ENSG00000142871","patient5","XGBoost","all",4.9687299713336e-05,"CCN1"
"ENSG00000142871","patient1","XGBoost","all",0.000108837334332552,"CCN1"
"ENSG00000142871","patient6","XGBoost","all",0.000111802582221484,"CCN1"
"ENSG00000142871","patient4","XGBoost","all",9.32300941058264e-05,"CCN1"
"ENSG00000142871","patient3","XGBoost","all",5.51262202594407e-05,"CCN1"
"ENSG00000142910","patient6","XGBoost","all",0.0165119327165264,"TINAGL1"
"ENSG00000142910","patient3","XGBoost","all",0.00196795806427242,"TINAGL1"
"ENSG00000142910","patient2","XGBoost","all",0.0158904997922242,"TINAGL1"
"ENSG00000142910","patient1","XGBoost","all",0.00404206306718226,"TINAGL1"
"ENSG00000142910","patient5","XGBoost","all",0.00973889128242071,"TINAGL1"
"ENSG00000142910","patient4","XGBoost","all",0.0110027893124441,"TINAGL1"
"ENSG00000143013","patient3","XGBoost","all",2.44329637382426e-05,"LMO4"
"ENSG00000143013","patient6","XGBoost","all",3.63151862178085e-05,"LMO4"
"ENSG00000143013","patient4","XGBoost","all",1.35265218323184e-05,"LMO4"
"ENSG00000143013","patient1","XGBoost","all",2.36499498436374e-05,"LMO4"
"ENSG00000143013","patient2","XGBoost","all",3.31214180398275e-05,"LMO4"
"ENSG00000143013","patient5","XGBoost","all",4.78952835454401e-05,"LMO4"
"ENSG00000143106","patient3","XGBoost","all",7.98421664216083e-06,"PSMA5"
"ENSG00000143106","patient1","XGBoost","all",4.29277999273758e-06,"PSMA5"
"ENSG00000143106","patient6","XGBoost","all",1.2606401192634e-05,"PSMA5"
"ENSG00000143106","patient2","XGBoost","all",4.16264692770509e-06,"PSMA5"
"ENSG00000143106","patient5","XGBoost","all",9.17510204124663e-06,"PSMA5"
"ENSG00000143106","patient4","XGBoost","all",6.28850889239161e-06,"PSMA5"
"ENSG00000143110","patient4","XGBoost","all",1.79703035049971e-06,"C1orf162"
"ENSG00000143110","patient5","XGBoost","all",1.175420794676e-05,"C1orf162"
"ENSG00000143110","patient1","XGBoost","all",6.61123412760264e-06,"C1orf162"
"ENSG00000143110","patient6","XGBoost","all",1.63955383801557e-05,"C1orf162"
"ENSG00000143110","patient2","XGBoost","all",4.76842871228595e-06,"C1orf162"
"ENSG00000143110","patient3","XGBoost","all",2.42232374562521e-06,"C1orf162"
"ENSG00000143119","patient5","XGBoost","all",0.00016998618727803,"CD53"
"ENSG00000143119","patient3","XGBoost","all",3.90501301564438e-05,"CD53"
"ENSG00000143119","patient1","XGBoost","all",0.00015020365006469,"CD53"
"ENSG00000143119","patient4","XGBoost","all",5.1890285914371e-05,"CD53"
"ENSG00000143119","patient2","XGBoost","all",0.000211611363594678,"CD53"
"ENSG00000143119","patient6","XGBoost","all",0.000136944712821476,"CD53"
"ENSG00000143127","patient4","XGBoost","all",0.000173442379750556,"ITGA10"
"ENSG00000143127","patient6","XGBoost","all",0.000217182134770473,"ITGA10"
"ENSG00000143127","patient3","XGBoost","all",0.000147280402427293,"ITGA10"
"ENSG00000143127","patient1","XGBoost","all",5.30813951520002e-05,"ITGA10"
"ENSG00000143127","patient2","XGBoost","all",0.00021613942322558,"ITGA10"
"ENSG00000143127","patient5","XGBoost","all",0.0002201952758042,"ITGA10"
"ENSG00000143153","patient1","XGBoost","all",1.41260072493092e-05,"ATP1B1"
"ENSG00000143153","patient5","XGBoost","all",4.84969383724723e-05,"ATP1B1"
"ENSG00000143158","patient2","XGBoost","all",5.37781459223893e-06,"MPC2"
"ENSG00000143158","patient6","XGBoost","all",1.43200539992003e-05,"MPC2"
"ENSG00000143158","patient3","XGBoost","all",8.93785845948898e-06,"MPC2"
"ENSG00000143158","patient1","XGBoost","all",5.36545566924625e-06,"MPC2"
"ENSG00000143158","patient5","XGBoost","all",7.69295881665372e-06,"MPC2"
"ENSG00000143158","patient4","XGBoost","all",1.29894060990925e-05,"MPC2"
"ENSG00000143162","patient5","XGBoost","all",2.32160341777092e-05,"CREG1"
"ENSG00000143162","patient1","XGBoost","all",3.72892025331025e-05,"CREG1"
"ENSG00000143162","patient2","XGBoost","all",3.17696625294137e-05,"CREG1"
"ENSG00000143162","patient3","XGBoost","all",2.44305104754318e-05,"CREG1"
"ENSG00000143162","patient6","XGBoost","all",3.13509428247987e-05,"CREG1"
"ENSG00000143162","patient4","XGBoost","all",3.22628474211582e-05,"CREG1"
"ENSG00000143183","patient2","XGBoost","all",2.35731969907089e-05,"TMCO1"
"ENSG00000143183","patient3","XGBoost","all",1.69909523135979e-05,"TMCO1"
"ENSG00000143183","patient4","XGBoost","all",2.48028038358122e-05,"TMCO1"
"ENSG00000143183","patient1","XGBoost","all",1.86342407528352e-05,"TMCO1"
"ENSG00000143183","patient5","XGBoost","all",1.8779336663206e-05,"TMCO1"
"ENSG00000143183","patient6","XGBoost","all",1.05347036130554e-05,"TMCO1"
"ENSG00000143196","patient4","XGBoost","all",0.00727460075217415,"DPT"
"ENSG00000143196","patient1","XGBoost","all",0.00962209499978527,"DPT"
"ENSG00000143196","patient3","XGBoost","all",0.00750087042157477,"DPT"
"ENSG00000143196","patient5","XGBoost","all",0.00911814320815258,"DPT"
"ENSG00000143196","patient2","XGBoost","all",0.0086745901625692,"DPT"
"ENSG00000143196","patient6","XGBoost","all",0.00705921922304915,"DPT"
"ENSG00000143222","patient1","XGBoost","all",9.53680103604747e-06,"UFC1"
"ENSG00000143222","patient4","XGBoost","all",6.81710505773867e-06,"UFC1"
"ENSG00000143222","patient6","XGBoost","all",1.34376069399446e-05,"UFC1"
"ENSG00000143222","patient3","XGBoost","all",1.62191318620173e-05,"UFC1"
"ENSG00000143222","patient2","XGBoost","all",4.97465000979843e-06,"UFC1"
"ENSG00000143222","patient5","XGBoost","all",1.80844381716004e-05,"UFC1"
"ENSG00000143226","patient3","XGBoost","all",0.00102525506817603,"FCGR2A"
"ENSG00000143226","patient6","XGBoost","all",0.000572985940750687,"FCGR2A"
"ENSG00000143226","patient2","XGBoost","all",0.00126346990598062,"FCGR2A"
"ENSG00000143226","patient5","XGBoost","all",0.000348941076238013,"FCGR2A"
"ENSG00000143226","patient4","XGBoost","all",0.000434345248404788,"FCGR2A"
"ENSG00000143226","patient1","XGBoost","all",0.00110832048555757,"FCGR2A"
"ENSG00000143252","patient5","XGBoost","all",7.8050739424883e-06,"SDHC"
"ENSG00000143252","patient4","XGBoost","all",2.8678494269098e-06,"SDHC"
"ENSG00000143252","patient3","XGBoost","all",7.93124846783485e-06,"SDHC"
"ENSG00000143252","patient6","XGBoost","all",8.13661277460283e-06,"SDHC"
"ENSG00000143252","patient2","XGBoost","all",1.87069484719373e-05,"SDHC"
"ENSG00000143252","patient1","XGBoost","all",6.96320129220665e-06,"SDHC"
"ENSG00000143256","patient1","XGBoost","all",8.30514109189695e-06,"PFDN2"
"ENSG00000143256","patient2","XGBoost","all",1.37937927637443e-05,"PFDN2"
"ENSG00000143256","patient5","XGBoost","all",1.31049887204851e-05,"PFDN2"
"ENSG00000143256","patient4","XGBoost","all",4.90157441126742e-06,"PFDN2"
"ENSG00000143256","patient3","XGBoost","all",1.49700402817731e-05,"PFDN2"
"ENSG00000143256","patient6","XGBoost","all",1.46691666437958e-05,"PFDN2"
"ENSG00000143384","patient5","XGBoost","all",2.48774419472119e-05,"MCL1"
"ENSG00000143384","patient1","XGBoost","all",7.77749767974376e-06,"MCL1"
"ENSG00000143384","patient3","XGBoost","all",1.0858207956438e-05,"MCL1"
"ENSG00000143384","patient4","XGBoost","all",2.75593028527621e-05,"MCL1"
"ENSG00000143384","patient6","XGBoost","all",1.71362464027501e-05,"MCL1"
"ENSG00000143384","patient2","XGBoost","all",2.13840899888375e-05,"MCL1"
"ENSG00000143387","patient4","XGBoost","all",6.09741887962145e-05,"CTSK"
"ENSG00000143387","patient1","XGBoost","all",2.68125236861153e-05,"CTSK"
"ENSG00000143387","patient3","XGBoost","all",3.18887176827025e-05,"CTSK"
"ENSG00000143387","patient2","XGBoost","all",3.90381557500152e-05,"CTSK"
"ENSG00000143387","patient6","XGBoost","all",6.7874514076454e-05,"CTSK"
"ENSG00000143387","patient5","XGBoost","all",3.00349221800926e-05,"CTSK"
"ENSG00000143401","patient2","XGBoost","all",2.06451754344713e-05,"ANP32E"
"ENSG00000143401","patient6","XGBoost","all",2.1664558114788e-05,"ANP32E"
"ENSG00000143401","patient1","XGBoost","all",2.72432596370226e-06,"ANP32E"
"ENSG00000143401","patient4","XGBoost","all",1.74665970909886e-05,"ANP32E"
"ENSG00000143401","patient5","XGBoost","all",2.58250774389172e-05,"ANP32E"
"ENSG00000143401","patient3","XGBoost","all",2.70589092454023e-05,"ANP32E"
"ENSG00000143416","patient2","XGBoost","all",6.60775753457845e-06,"SELENBP1"
"ENSG00000143416","patient4","XGBoost","all",8.08600317068025e-07,"SELENBP1"
"ENSG00000143416","patient1","XGBoost","all",6.83969049041589e-06,"SELENBP1"
"ENSG00000143416","patient5","XGBoost","all",8.13125084875027e-06,"SELENBP1"
"ENSG00000143416","patient6","XGBoost","all",7.32307426234121e-06,"SELENBP1"
"ENSG00000143416","patient3","XGBoost","all",8.00100715516521e-06,"SELENBP1"
"ENSG00000143420","patient5","XGBoost","all",7.33255118295109e-06,"ENSA"
"ENSG00000143420","patient3","XGBoost","all",1.23614959482742e-05,"ENSA"
"ENSG00000143420","patient2","XGBoost","all",3.85647909163505e-06,"ENSA"
"ENSG00000143420","patient1","XGBoost","all",1.0510616009357e-05,"ENSA"
"ENSG00000143420","patient4","XGBoost","all",3.05065204958104e-06,"ENSA"
"ENSG00000143420","patient6","XGBoost","all",1.13361711624757e-05,"ENSA"
"ENSG00000143537","patient2","XGBoost","all",8.08852689563237e-06,"ADAM15"
"ENSG00000143537","patient4","XGBoost","all",2.62101605098702e-05,"ADAM15"
"ENSG00000143537","patient1","XGBoost","all",8.86158880576469e-06,"ADAM15"
"ENSG00000143537","patient5","XGBoost","all",7.20665464380256e-06,"ADAM15"
"ENSG00000143537","patient6","XGBoost","all",1.05829070909131e-05,"ADAM15"
"ENSG00000143543","patient4","XGBoost","all",1.81887005416791e-05,"JTB"
"ENSG00000143543","patient2","XGBoost","all",7.13877736744907e-06,"JTB"
"ENSG00000143543","patient3","XGBoost","all",1.21781634818714e-05,"JTB"
"ENSG00000143543","patient1","XGBoost","all",1.98498141295132e-05,"JTB"
"ENSG00000143543","patient6","XGBoost","all",3.19680719558776e-06,"JTB"
"ENSG00000143543","patient5","XGBoost","all",1.2845875210868e-05,"JTB"
"ENSG00000143545","patient5","XGBoost","all",2.91970761086967e-05,"RAB13"
"ENSG00000143545","patient6","XGBoost","all",4.1941337454798e-05,"RAB13"
"ENSG00000143545","patient2","XGBoost","all",3.03729946483386e-05,"RAB13"
"ENSG00000143545","patient4","XGBoost","all",2.23332698734967e-05,"RAB13"
"ENSG00000143545","patient3","XGBoost","all",3.36579464939347e-05,"RAB13"
"ENSG00000143545","patient1","XGBoost","all",1.73281021193047e-05,"RAB13"
"ENSG00000143549","patient2","XGBoost","all",2.03615085224113e-05,"TPM3"
"ENSG00000143549","patient5","XGBoost","all",6.9078367452571e-05,"TPM3"
"ENSG00000143549","patient3","XGBoost","all",4.82636142857638e-05,"TPM3"
"ENSG00000143549","patient1","XGBoost","all",6.32985116563589e-05,"TPM3"
"ENSG00000143549","patient6","XGBoost","all",6.66378545668417e-05,"TPM3"
"ENSG00000143549","patient4","XGBoost","all",5.81213525003254e-05,"TPM3"
"ENSG00000143570","patient1","XGBoost","all",8.86475620513307e-06,"SLC39A1"
"ENSG00000143570","patient3","XGBoost","all",1.23626527898904e-05,"SLC39A1"
"ENSG00000143570","patient4","XGBoost","all",4.25622732946641e-06,"SLC39A1"
"ENSG00000143570","patient2","XGBoost","all",3.82338628529649e-06,"SLC39A1"
"ENSG00000143570","patient6","XGBoost","all",9.67416651428333e-06,"SLC39A1"
"ENSG00000143570","patient5","XGBoost","all",2.02114458324441e-05,"SLC39A1"
"ENSG00000143575","patient4","XGBoost","all",1.86510663555088e-05,"HAX1"
"ENSG00000143575","patient6","XGBoost","all",2.61758750975436e-06,"HAX1"
"ENSG00000143575","patient3","XGBoost","all",1.17762971862096e-05,"HAX1"
"ENSG00000143575","patient5","XGBoost","all",7.42106206390481e-06,"HAX1"
"ENSG00000143575","patient1","XGBoost","all",1.17871105397037e-05,"HAX1"
"ENSG00000143575","patient2","XGBoost","all",1.60937398436263e-05,"HAX1"
"ENSG00000143612","patient1","XGBoost","all",3.6245701811426e-06,"LTAP1"
"ENSG00000143612","patient6","XGBoost","all",7.25395517943296e-06,"LTAP1"
"ENSG00000143612","patient5","XGBoost","all",1.10723019420356e-05,"LTAP1"
"ENSG00000143612","patient2","XGBoost","all",5.68474331481825e-06,"LTAP1"
"ENSG00000143612","patient3","XGBoost","all",1.29518045366512e-05,"LTAP1"
"ENSG00000143612","patient4","XGBoost","all",7.63918917372754e-06,"LTAP1"
"ENSG00000143621","patient5","XGBoost","all",1.68670828371163e-05,"ILF2"
"ENSG00000143621","patient3","XGBoost","all",7.47192772813051e-06,"ILF2"
"ENSG00000143621","patient2","XGBoost","all",2.1941220762386e-05,"ILF2"
"ENSG00000143621","patient1","XGBoost","all",7.27342425115323e-06,"ILF2"
"ENSG00000143621","patient6","XGBoost","all",1.24580459226129e-05,"ILF2"
"ENSG00000143621","patient4","XGBoost","all",6.44791753617398e-06,"ILF2"
"ENSG00000143669","patient4","XGBoost","all",4.95381481915546e-07,"LYST"
"ENSG00000143727","patient3","XGBoost","all",7.39310016111426e-06,"ACP1"
"ENSG00000143727","patient5","XGBoost","all",1.13249854687326e-05,"ACP1"
"ENSG00000143727","patient1","XGBoost","all",5.12723828062638e-06,"ACP1"
"ENSG00000143727","patient4","XGBoost","all",1.52718077855409e-05,"ACP1"
"ENSG00000143727","patient6","XGBoost","all",6.82561346042445e-06,"ACP1"
"ENSG00000143727","patient2","XGBoost","all",3.68287294926723e-06,"ACP1"
"ENSG00000143742","patient2","XGBoost","all",8.12855353934349e-06,"SRP9"
"ENSG00000143742","patient1","XGBoost","all",1.14627968377638e-05,"SRP9"
"ENSG00000143753","patient4","XGBoost","all",2.02832431490327e-05,"DEGS1"
"ENSG00000143753","patient3","XGBoost","all",1.223123937522e-05,"DEGS1"
"ENSG00000143753","patient6","XGBoost","all",3.83521645758223e-06,"DEGS1"
"ENSG00000143753","patient2","XGBoost","all",9.4465287151851e-06,"DEGS1"
"ENSG00000143753","patient1","XGBoost","all",5.18407040095104e-06,"DEGS1"
"ENSG00000143753","patient5","XGBoost","all",1.21667288987045e-05,"DEGS1"
"ENSG00000143771","patient1","XGBoost","all",7.7598300045669e-06,"CNIH4"
"ENSG00000143771","patient2","XGBoost","all",3.33230921111326e-06,"CNIH4"
"ENSG00000143771","patient5","XGBoost","all",9.83961911542284e-06,"CNIH4"
"ENSG00000143771","patient3","XGBoost","all",1.21156644497977e-05,"CNIH4"
"ENSG00000143771","patient6","XGBoost","all",1.25470257971905e-05,"CNIH4"
"ENSG00000143771","patient4","XGBoost","all",4.81247705394131e-06,"CNIH4"
"ENSG00000143776","patient4","XGBoost","all",2.43766005565655e-05,"CDC42BPA"
"ENSG00000143819","patient1","XGBoost","all",2.08240119752738e-05,"EPHX1"
"ENSG00000143819","patient4","XGBoost","all",2.78621451357521e-05,"EPHX1"
"ENSG00000143819","patient5","XGBoost","all",6.90213167568211e-05,"EPHX1"
"ENSG00000143819","patient2","XGBoost","all",3.21718974684149e-05,"EPHX1"
"ENSG00000143819","patient6","XGBoost","all",5.57505929174046e-05,"EPHX1"
"ENSG00000143819","patient3","XGBoost","all",2.18945543500686e-05,"EPHX1"
"ENSG00000143870","patient2","XGBoost","all",1.78411944983303e-05,"PDIA6"
"ENSG00000143870","patient3","XGBoost","all",2.10437106166278e-05,"PDIA6"
"ENSG00000143870","patient6","XGBoost","all",1.40605699074046e-05,"PDIA6"
"ENSG00000143870","patient4","XGBoost","all",1.83488384330946e-05,"PDIA6"
"ENSG00000143870","patient5","XGBoost","all",1.43168122702177e-05,"PDIA6"
"ENSG00000143870","patient1","XGBoost","all",1.67506371517371e-05,"PDIA6"
"ENSG00000143878","patient5","XGBoost","all",2.04620330467634e-05,"RHOB"
"ENSG00000143878","patient3","XGBoost","all",2.52803817033303e-05,"RHOB"
"ENSG00000143878","patient4","XGBoost","all",2.36137293113789e-05,"RHOB"
"ENSG00000143878","patient6","XGBoost","all",3.15184696658779e-05,"RHOB"
"ENSG00000143878","patient1","XGBoost","all",2.9511325683736e-05,"RHOB"
"ENSG00000143878","patient2","XGBoost","all",2.51181630669755e-05,"RHOB"
"ENSG00000143977","patient3","XGBoost","all",1.02583078235401e-05,"SNRPG"
"ENSG00000143977","patient4","XGBoost","all",2.15226137604999e-05,"SNRPG"
"ENSG00000143977","patient2","XGBoost","all",9.89999865291005e-06,"SNRPG"
"ENSG00000143977","patient6","XGBoost","all",1.6153102007256e-05,"SNRPG"
"ENSG00000143977","patient1","XGBoost","all",1.65410126333331e-05,"SNRPG"
"ENSG00000143977","patient5","XGBoost","all",1.30523212937958e-05,"SNRPG"
"ENSG00000144224","patient1","XGBoost","all",9.14164185990218e-06,"UBXN4"
"ENSG00000144224","patient5","XGBoost","all",1.23751751968807e-05,"UBXN4"
"ENSG00000144381","patient1","XGBoost","all",1.0487676247179e-05,"HSPD1"
"ENSG00000144381","patient6","XGBoost","all",1.73288227500073e-05,"HSPD1"
"ENSG00000144381","patient5","XGBoost","all",1.57826112330555e-05,"HSPD1"
"ENSG00000144381","patient2","XGBoost","all",9.04312728091292e-06,"HSPD1"
"ENSG00000144381","patient4","XGBoost","all",1.60354449444426e-05,"HSPD1"
"ENSG00000144381","patient3","XGBoost","all",1.4784359995828e-05,"HSPD1"
"ENSG00000144426","patient6","XGBoost","all",7.80525485126397e-06,"NBEAL1"
"ENSG00000144426","patient4","XGBoost","all",5.48316813909811e-06,"NBEAL1"
"ENSG00000144426","patient3","XGBoost","all",9.56329710376332e-06,"NBEAL1"
"ENSG00000144426","patient5","XGBoost","all",1.78747402858123e-05,"NBEAL1"
"ENSG00000144426","patient2","XGBoost","all",1.42273592525467e-05,"NBEAL1"
"ENSG00000144426","patient1","XGBoost","all",4.5193271772549e-06,"NBEAL1"
"ENSG00000144476","patient1","XGBoost","all",4.51176600176948e-05,"ACKR3"
"ENSG00000144476","patient5","XGBoost","all",4.09401980116251e-05,"ACKR3"
"ENSG00000144476","patient2","XGBoost","all",3.90239130598699e-05,"ACKR3"
"ENSG00000144476","patient3","XGBoost","all",8.75857607661963e-05,"ACKR3"
"ENSG00000144476","patient6","XGBoost","all",5.24883673766178e-05,"ACKR3"
"ENSG00000144476","patient4","XGBoost","all",4.19929663709487e-05,"ACKR3"
"ENSG00000144560","patient2","XGBoost","all",8.81574031159156e-06,"VGLL4"
"ENSG00000144560","patient5","XGBoost","all",5.60452214109614e-06,"VGLL4"
"ENSG00000144560","patient3","XGBoost","all",1.33584544672187e-05,"VGLL4"
"ENSG00000144560","patient6","XGBoost","all",1.29110694212195e-05,"VGLL4"
"ENSG00000144560","patient1","XGBoost","all",6.72830052693756e-06,"VGLL4"
"ENSG00000144560","patient4","XGBoost","all",1.35394177007976e-05,"VGLL4"
"ENSG00000144579","patient6","XGBoost","all",2.99274454941331e-06,"CTDSP1"
"ENSG00000144579","patient4","XGBoost","all",5.91148827348535e-06,"CTDSP1"
"ENSG00000144579","patient5","XGBoost","all",1.08612176226638e-05,"CTDSP1"
"ENSG00000144579","patient3","XGBoost","all",1.08764663307717e-05,"CTDSP1"
"ENSG00000144579","patient2","XGBoost","all",5.8955059172424e-06,"CTDSP1"
"ENSG00000144579","patient1","XGBoost","all",7.15797080384644e-06,"CTDSP1"
"ENSG00000144635","patient3","XGBoost","all",1.59793887640727e-05,"DYNC1LI1"
"ENSG00000144635","patient1","XGBoost","all",1.14131981926159e-05,"DYNC1LI1"
"ENSG00000144635","patient6","XGBoost","all",1.47155698973324e-05,"DYNC1LI1"
"ENSG00000144635","patient2","XGBoost","all",9.62258331336295e-06,"DYNC1LI1"
"ENSG00000144635","patient4","XGBoost","all",1.62859345805933e-05,"DYNC1LI1"
"ENSG00000144635","patient5","XGBoost","all",7.59776221041971e-06,"DYNC1LI1"
"ENSG00000144642","patient1","XGBoost","all",2.47404209429009e-05,"RBMS3"
"ENSG00000144642","patient5","XGBoost","all",2.78462077625876e-05,"RBMS3"
"ENSG00000144642","patient2","XGBoost","all",5.74784235337548e-05,"RBMS3"
"ENSG00000144642","patient4","XGBoost","all",2.07949663981943e-05,"RBMS3"
"ENSG00000144642","patient6","XGBoost","all",3.79745876178717e-05,"RBMS3"
"ENSG00000144642","patient3","XGBoost","all",1.77535635473294e-05,"RBMS3"
"ENSG00000144674","patient3","XGBoost","all",1.37451778957713e-05,"GOLGA4"
"ENSG00000144674","patient5","XGBoost","all",9.11267533109205e-06,"GOLGA4"
"ENSG00000144674","patient2","XGBoost","all",5.27928390129744e-06,"GOLGA4"
"ENSG00000144674","patient1","XGBoost","all",8.51981552760111e-06,"GOLGA4"
"ENSG00000144674","patient6","XGBoost","all",6.75964032464055e-06,"GOLGA4"
"ENSG00000144674","patient4","XGBoost","all",2.1416477674817e-05,"GOLGA4"
"ENSG00000144724","patient4","XGBoost","all",6.54032461851194e-06,"PTPRG"
"ENSG00000144747","patient3","XGBoost","all",1.31409879665854e-05,"TMF1"
"ENSG00000144747","patient1","XGBoost","all",1.39335238638911e-05,"TMF1"
"ENSG00000144747","patient4","XGBoost","all",9.85055643710024e-06,"TMF1"
"ENSG00000144747","patient5","XGBoost","all",8.05212183753612e-06,"TMF1"
"ENSG00000144747","patient6","XGBoost","all",6.59983005158134e-06,"TMF1"
"ENSG00000144747","patient2","XGBoost","all",3.71697237589045e-06,"TMF1"
"ENSG00000144802","patient3","XGBoost","all",1.29470527623013e-05,"NFKBIZ"
"ENSG00000144802","patient6","XGBoost","all",9.2322608767441e-06,"NFKBIZ"
"ENSG00000144802","patient2","XGBoost","all",8.47950808301974e-06,"NFKBIZ"
"ENSG00000144802","patient4","XGBoost","all",1.01470579322906e-05,"NFKBIZ"
"ENSG00000144802","patient1","XGBoost","all",1.34586257604155e-05,"NFKBIZ"
"ENSG00000144802","patient5","XGBoost","all",1.39016463222859e-05,"NFKBIZ"
"ENSG00000144810","patient2","XGBoost","all",0.00693866169698255,"COL8A1"
"ENSG00000144810","patient6","XGBoost","all",0.0104461137989353,"COL8A1"
"ENSG00000144810","patient4","XGBoost","all",0.00446024594293469,"COL8A1"
"ENSG00000144810","patient1","XGBoost","all",0.00327905927693193,"COL8A1"
"ENSG00000144810","patient3","XGBoost","all",0.00256942166444234,"COL8A1"
"ENSG00000144810","patient5","XGBoost","all",0.00827246069485117,"COL8A1"
"ENSG00000144895","patient6","XGBoost","all",1.36283539008116e-05,"EIF2A"
"ENSG00000144895","patient3","XGBoost","all",9.1036918948091e-06,"EIF2A"
"ENSG00000144895","patient4","XGBoost","all",4.6072541405617e-06,"EIF2A"
"ENSG00000144895","patient2","XGBoost","all",1.08026857221377e-05,"EIF2A"
"ENSG00000144895","patient1","XGBoost","all",5.46358802610949e-06,"EIF2A"
"ENSG00000144895","patient5","XGBoost","all",1.06027558685771e-05,"EIF2A"
"ENSG00000145012","patient4","XGBoost","all",0.000291147334624193,"LPP"
"ENSG00000145012","patient5","XGBoost","all",0.000144679312059088,"LPP"
"ENSG00000145012","patient3","XGBoost","all",0.000161199472203295,"LPP"
"ENSG00000145012","patient1","XGBoost","all",0.000206526465604867,"LPP"
"ENSG00000145012","patient6","XGBoost","all",0.000165867658750216,"LPP"
"ENSG00000145012","patient2","XGBoost","all",0.000214934805336382,"LPP"
"ENSG00000145050","patient2","XGBoost","all",1.89855559657039e-05,"MANF"
"ENSG00000145050","patient3","XGBoost","all",1.0116692962277e-05,"MANF"
"ENSG00000145050","patient4","XGBoost","all",1.02256602347139e-05,"MANF"
"ENSG00000145050","patient6","XGBoost","all",2.59797079037892e-05,"MANF"
"ENSG00000145050","patient5","XGBoost","all",1.00767721060567e-05,"MANF"
"ENSG00000145050","patient1","XGBoost","all",5.02560526984349e-06,"MANF"
"ENSG00000145337","patient6","XGBoost","all",1.71877366591883e-05,"PYURF"
"ENSG00000145337","patient1","XGBoost","all",8.28992024569206e-06,"PYURF"
"ENSG00000145337","patient5","XGBoost","all",1.4135900124526e-05,"PYURF"
"ENSG00000145337","patient3","XGBoost","all",1.2408956039338e-05,"PYURF"
"ENSG00000145337","patient2","XGBoost","all",8.18001223146389e-06,"PYURF"
"ENSG00000145337","patient4","XGBoost","all",1.32486328552092e-05,"PYURF"
"ENSG00000145390","patient1","XGBoost","all",2.44370408107404e-05,"USP53"
"ENSG00000145390","patient5","XGBoost","all",2.41345832383006e-05,"USP53"
"ENSG00000145390","patient3","XGBoost","all",2.5602271934791e-05,"USP53"
"ENSG00000145390","patient2","XGBoost","all",1.26162365121602e-05,"USP53"
"ENSG00000145390","patient6","XGBoost","all",6.059304981925e-05,"USP53"
"ENSG00000145390","patient4","XGBoost","all",2.37743577134929e-05,"USP53"
"ENSG00000145423","patient5","XGBoost","all",3.75123359106291e-05,"SFRP2"
"ENSG00000145423","patient1","XGBoost","all",7.2837672875195e-05,"SFRP2"
"ENSG00000145423","patient6","XGBoost","all",1.10489347385756e-05,"SFRP2"
"ENSG00000145423","patient4","XGBoost","all",1.23304082349217e-05,"SFRP2"
"ENSG00000145423","patient3","XGBoost","all",5.06653115453732e-05,"SFRP2"
"ENSG00000145423","patient2","XGBoost","all",2.35893502856297e-05,"SFRP2"
"ENSG00000145494","patient6","XGBoost","all",6.2532644647865e-06,"NDUFS6"
"ENSG00000145494","patient4","XGBoost","all",1.63160822481065e-05,"NDUFS6"
"ENSG00000145494","patient2","XGBoost","all",1.38400038719494e-05,"NDUFS6"
"ENSG00000145494","patient1","XGBoost","all",9.49756660744391e-06,"NDUFS6"
"ENSG00000145494","patient5","XGBoost","all",9.56588799247125e-06,"NDUFS6"
"ENSG00000145494","patient3","XGBoost","all",8.85479343852665e-06,"NDUFS6"
"ENSG00000145632","patient5","XGBoost","all",6.90068370893658e-06,"PLK2"
"ENSG00000145632","patient1","XGBoost","all",1.27072952283605e-05,"PLK2"
"ENSG00000145632","patient3","XGBoost","all",5.61044591845743e-06,"PLK2"
"ENSG00000145632","patient6","XGBoost","all",4.46891142214505e-06,"PLK2"
"ENSG00000145632","patient2","XGBoost","all",6.36712725825717e-06,"PLK2"
"ENSG00000145632","patient4","XGBoost","all",1.10719891863971e-05,"PLK2"
"ENSG00000145675","patient6","XGBoost","all",5.14351244794521e-05,"PIK3R1"
"ENSG00000145675","patient5","XGBoost","all",8.90288630802647e-05,"PIK3R1"
"ENSG00000145675","patient1","XGBoost","all",6.59485755461395e-05,"PIK3R1"
"ENSG00000145675","patient3","XGBoost","all",7.85900511228842e-05,"PIK3R1"
"ENSG00000145675","patient2","XGBoost","all",4.70273364606911e-05,"PIK3R1"
"ENSG00000145675","patient4","XGBoost","all",0.000121852322234921,"PIK3R1"
"ENSG00000145687","patient5","XGBoost","all",5.08401281504035e-06,"SSBP2"
"ENSG00000145730","patient4","XGBoost","all",1.92301036426146e-05,"PAM"
"ENSG00000145730","patient5","XGBoost","all",4.64787622605521e-05,"PAM"
"ENSG00000145730","patient1","XGBoost","all",3.04307823963397e-05,"PAM"
"ENSG00000145730","patient2","XGBoost","all",1.08421577378096e-05,"PAM"
"ENSG00000145730","patient3","XGBoost","all",3.3041547903129e-05,"PAM"
"ENSG00000145730","patient6","XGBoost","all",1.12026380475811e-05,"PAM"
"ENSG00000145734","patient6","XGBoost","all",4.77989074926872e-06,"BDP1"
"ENSG00000145734","patient4","XGBoost","all",4.07970132895114e-06,"BDP1"
"ENSG00000145734","patient1","XGBoost","all",9.92810112448908e-06,"BDP1"
"ENSG00000145734","patient2","XGBoost","all",8.3893484595239e-06,"BDP1"
"ENSG00000145734","patient3","XGBoost","all",1.06232022197346e-05,"BDP1"
"ENSG00000145734","patient5","XGBoost","all",1.53069583420233e-05,"BDP1"
"ENSG00000145833","patient1","XGBoost","all",4.61884476220291e-06,"DDX46"
"ENSG00000145833","patient5","XGBoost","all",1.52935186935e-05,"DDX46"
"ENSG00000145833","patient2","XGBoost","all",1.23121845524532e-05,"DDX46"
"ENSG00000145833","patient6","XGBoost","all",4.86871592262547e-06,"DDX46"
"ENSG00000145833","patient3","XGBoost","all",6.7618166219859e-06,"DDX46"
"ENSG00000145833","patient4","XGBoost","all",1.57758083430081e-05,"DDX46"
"ENSG00000145907","patient5","XGBoost","all",2.42041738344516e-06,"G3BP1"
"ENSG00000145907","patient2","XGBoost","all",8.82526570275579e-06,"G3BP1"
"ENSG00000145907","patient3","XGBoost","all",5.62166614425701e-06,"G3BP1"
"ENSG00000145907","patient1","XGBoost","all",8.36777665509051e-06,"G3BP1"
"ENSG00000145907","patient6","XGBoost","all",1.09962488373e-05,"G3BP1"
"ENSG00000145907","patient4","XGBoost","all",2.05055043833682e-06,"G3BP1"
"ENSG00000145912","patient3","XGBoost","all",2.24468146073368e-05,"NHP2"
"ENSG00000145912","patient5","XGBoost","all",4.15099857906075e-05,"NHP2"
"ENSG00000145912","patient6","XGBoost","all",2.23819421721774e-05,"NHP2"
"ENSG00000145912","patient1","XGBoost","all",6.22474993770968e-06,"NHP2"
"ENSG00000145912","patient4","XGBoost","all",1.01299193907103e-05,"NHP2"
"ENSG00000145912","patient2","XGBoost","all",2.05226677720632e-05,"NHP2"
"ENSG00000145936","patient1","XGBoost","all",3.23270481892547e-05,"KCNMB1"
"ENSG00000145936","patient2","XGBoost","all",3.97477585743669e-05,"KCNMB1"
"ENSG00000145936","patient5","XGBoost","all",3.73150020054973e-05,"KCNMB1"
"ENSG00000145936","patient3","XGBoost","all",2.25426375052173e-05,"KCNMB1"
"ENSG00000145936","patient6","XGBoost","all",3.3405867235694e-05,"KCNMB1"
"ENSG00000145936","patient4","XGBoost","all",6.94771086441949e-05,"KCNMB1"
"ENSG00000146007","patient3","XGBoost","all",5.92627126551086e-06,"ZMAT2"
"ENSG00000146007","patient5","XGBoost","all",1.25837323167464e-05,"ZMAT2"
"ENSG00000146007","patient4","XGBoost","all",3.94280362258014e-06,"ZMAT2"
"ENSG00000146007","patient2","XGBoost","all",8.36815614188396e-06,"ZMAT2"
"ENSG00000146007","patient6","XGBoost","all",2.70041792189682e-06,"ZMAT2"
"ENSG00000146007","patient1","XGBoost","all",7.71101413733157e-06,"ZMAT2"
"ENSG00000146066","patient2","XGBoost","all",6.77799742028846e-06,"HIGD2A"
"ENSG00000146066","patient5","XGBoost","all",9.04524692035105e-06,"HIGD2A"
"ENSG00000146066","patient3","XGBoost","all",8.49019792469068e-06,"HIGD2A"
"ENSG00000146066","patient4","XGBoost","all",5.73583125911611e-06,"HIGD2A"
"ENSG00000146066","patient1","XGBoost","all",6.40221761361333e-06,"HIGD2A"
"ENSG00000146066","patient6","XGBoost","all",6.06332835169746e-06,"HIGD2A"
"ENSG00000146223","patient5","XGBoost","all",3.27460190426987e-06,"RPL7L1"
"ENSG00000146223","patient6","XGBoost","all",1.94167315949845e-05,"RPL7L1"
"ENSG00000146223","patient4","XGBoost","all",7.74702819522404e-06,"RPL7L1"
"ENSG00000146223","patient1","XGBoost","all",1.10302701990678e-05,"RPL7L1"
"ENSG00000146223","patient2","XGBoost","all",1.57792808776038e-05,"RPL7L1"
"ENSG00000146223","patient3","XGBoost","all",7.33550765466238e-06,"RPL7L1"
"ENSG00000146247","patient6","XGBoost","all",4.535176534256e-06,"PHIP"
"ENSG00000146247","patient4","XGBoost","all",7.30708980161867e-06,"PHIP"
"ENSG00000146247","patient1","XGBoost","all",5.32756869987832e-06,"PHIP"
"ENSG00000146247","patient3","XGBoost","all",1.05207181898991e-05,"PHIP"
"ENSG00000146247","patient5","XGBoost","all",5.33815833556395e-06,"PHIP"
"ENSG00000146247","patient2","XGBoost","all",1.12038732497054e-05,"PHIP"
"ENSG00000146376","patient6","XGBoost","all",3.5993769003719e-05,"ARHGAP18"
"ENSG00000146376","patient2","XGBoost","all",2.61616874986966e-05,"ARHGAP18"
"ENSG00000146376","patient4","XGBoost","all",2.03971605921413e-05,"ARHGAP18"
"ENSG00000146376","patient3","XGBoost","all",4.7104141897999e-05,"ARHGAP18"
"ENSG00000146376","patient1","XGBoost","all",3.95469117689282e-05,"ARHGAP18"
"ENSG00000146376","patient5","XGBoost","all",1.73589125949041e-05,"ARHGAP18"
"ENSG00000146416","patient2","XGBoost","all",7.97455116253894e-06,"AIG1"
"ENSG00000146416","patient1","XGBoost","all",7.62929567796676e-06,"AIG1"
"ENSG00000146416","patient6","XGBoost","all",7.7353832447162e-06,"AIG1"
"ENSG00000146416","patient4","XGBoost","all",2.42255900751901e-06,"AIG1"
"ENSG00000146416","patient3","XGBoost","all",2.10434439741176e-06,"AIG1"
"ENSG00000146416","patient5","XGBoost","all",7.70602725126617e-06,"AIG1"
"ENSG00000146425","patient3","XGBoost","all",7.25211340795487e-06,"DYNLT1"
"ENSG00000146425","patient4","XGBoost","all",1.04679195576335e-05,"DYNLT1"
"ENSG00000146425","patient2","XGBoost","all",1.49656250960627e-05,"DYNLT1"
"ENSG00000146425","patient6","XGBoost","all",1.80952360697019e-05,"DYNLT1"
"ENSG00000146425","patient1","XGBoost","all",1.51677994859862e-05,"DYNLT1"
"ENSG00000146425","patient5","XGBoost","all",2.30635016842447e-05,"DYNLT1"
"ENSG00000146457","patient3","XGBoost","all",3.60365418161159e-06,"WTAP"
"ENSG00000146457","patient1","XGBoost","all",1.41987559772852e-05,"WTAP"
"ENSG00000146457","patient5","XGBoost","all",9.05001922779003e-06,"WTAP"
"ENSG00000146457","patient6","XGBoost","all",7.47697317059135e-06,"WTAP"
"ENSG00000146457","patient2","XGBoost","all",3.42976288414234e-06,"WTAP"
"ENSG00000146457","patient4","XGBoost","all",2.0648593768805e-05,"WTAP"
"ENSG00000146540","patient1","XGBoost","all",7.13674026723369e-06,"CHLSN"
"ENSG00000146540","patient6","XGBoost","all",1.10014460870485e-05,"CHLSN"
"ENSG00000146540","patient3","XGBoost","all",8.13340900565583e-06,"CHLSN"
"ENSG00000146540","patient4","XGBoost","all",6.11056269229592e-06,"CHLSN"
"ENSG00000146540","patient5","XGBoost","all",1.0882858851185e-05,"CHLSN"
"ENSG00000146540","patient2","XGBoost","all",1.06781852147347e-05,"CHLSN"
"ENSG00000146674","patient4","XGBoost","all",0.000220366243213437,"IGFBP3"
"ENSG00000146674","patient5","XGBoost","all",0.000142354034321078,"IGFBP3"
"ENSG00000146674","patient3","XGBoost","all",0.000181973901952241,"IGFBP3"
"ENSG00000146674","patient1","XGBoost","all",0.000260965056949915,"IGFBP3"
"ENSG00000146674","patient6","XGBoost","all",0.000173587214104053,"IGFBP3"
"ENSG00000146674","patient2","XGBoost","all",0.00018598816399869,"IGFBP3"
"ENSG00000146701","patient3","XGBoost","all",1.57145471338581e-05,"MDH2"
"ENSG00000146701","patient2","XGBoost","all",9.95246462323686e-06,"MDH2"
"ENSG00000146701","patient1","XGBoost","all",5.7235302789265e-06,"MDH2"
"ENSG00000146701","patient4","XGBoost","all",6.32893161831494e-06,"MDH2"
"ENSG00000146701","patient6","XGBoost","all",8.01340516601713e-06,"MDH2"
"ENSG00000146701","patient5","XGBoost","all",3.76630262841224e-06,"MDH2"
"ENSG00000146729","patient2","XGBoost","all",1.02309872450971e-05,"NIPSNAP2"
"ENSG00000146729","patient3","XGBoost","all",5.21424169874513e-06,"NIPSNAP2"
"ENSG00000146729","patient5","XGBoost","all",7.14409231269933e-06,"NIPSNAP2"
"ENSG00000146729","patient1","XGBoost","all",1.07470490049962e-05,"NIPSNAP2"
"ENSG00000146729","patient6","XGBoost","all",3.43364018358004e-06,"NIPSNAP2"
"ENSG00000146731","patient4","XGBoost","all",4.00655697655046e-06,"CCT6A"
"ENSG00000146731","patient3","XGBoost","all",9.5572269092634e-06,"CCT6A"
"ENSG00000146731","patient2","XGBoost","all",6.75009693243782e-06,"CCT6A"
"ENSG00000146731","patient5","XGBoost","all",6.19146558259507e-06,"CCT6A"
"ENSG00000146731","patient6","XGBoost","all",6.58826195661628e-06,"CCT6A"
"ENSG00000146731","patient1","XGBoost","all",1.37418639874974e-05,"CCT6A"
"ENSG00000147027","patient1","XGBoost","all",3.08002032126421e-05,"TMEM47"
"ENSG00000147027","patient2","XGBoost","all",4.24737468340213e-05,"TMEM47"
"ENSG00000147027","patient4","XGBoost","all",1.7081811818094e-05,"TMEM47"
"ENSG00000147027","patient6","XGBoost","all",4.33310053626447e-05,"TMEM47"
"ENSG00000147027","patient5","XGBoost","all",1.46149024655015e-05,"TMEM47"
"ENSG00000147027","patient3","XGBoost","all",1.55086839442808e-05,"TMEM47"
"ENSG00000147065","patient5","XGBoost","all",1.03097642459859e-05,"MSN"
"ENSG00000147065","patient6","XGBoost","all",1.12554562450731e-05,"MSN"
"ENSG00000147065","patient1","XGBoost","all",1.94220337761928e-05,"MSN"
"ENSG00000147065","patient3","XGBoost","all",9.43958180628676e-06,"MSN"
"ENSG00000147065","patient4","XGBoost","all",1.19160815070715e-05,"MSN"
"ENSG00000147065","patient2","XGBoost","all",1.89875955231434e-05,"MSN"
"ENSG00000147140","patient6","XGBoost","all",7.61410673412792e-06,"NONO"
"ENSG00000147140","patient2","XGBoost","all",8.27346277957663e-06,"NONO"
"ENSG00000147140","patient3","XGBoost","all",2.88509926954616e-05,"NONO"
"ENSG00000147140","patient4","XGBoost","all",1.39153403742451e-05,"NONO"
"ENSG00000147140","patient1","XGBoost","all",8.16412850163928e-06,"NONO"
"ENSG00000147140","patient5","XGBoost","all",3.86567635986484e-06,"NONO"
"ENSG00000147202","patient1","XGBoost","all",8.50274400778818e-06,"DIAPH2"
"ENSG00000147202","patient6","XGBoost","all",1.07229106288215e-05,"DIAPH2"
"ENSG00000147202","patient2","XGBoost","all",7.44990198601886e-06,"DIAPH2"
"ENSG00000147202","patient4","XGBoost","all",8.71812449111327e-06,"DIAPH2"
"ENSG00000147202","patient3","XGBoost","all",7.42282605984878e-06,"DIAPH2"
"ENSG00000147202","patient5","XGBoost","all",1.48378726048135e-05,"DIAPH2"
"ENSG00000147274","patient4","XGBoost","all",1.8224965741292e-05,"RBMX"
"ENSG00000147274","patient2","XGBoost","all",1.16213522357624e-05,"RBMX"
"ENSG00000147274","patient1","XGBoost","all",1.19944407856636e-05,"RBMX"
"ENSG00000147274","patient5","XGBoost","all",1.38433076150122e-05,"RBMX"
"ENSG00000147274","patient3","XGBoost","all",1.09145419709285e-05,"RBMX"
"ENSG00000147274","patient6","XGBoost","all",9.70591974002886e-06,"RBMX"
"ENSG00000147416","patient6","XGBoost","all",1.45385504470917e-05,"ATP6V1B2"
"ENSG00000147416","patient5","XGBoost","all",1.87912573571044e-05,"ATP6V1B2"
"ENSG00000147416","patient4","XGBoost","all",1.11277501492691e-05,"ATP6V1B2"
"ENSG00000147419","patient6","XGBoost","all",5.15158586011441e-06,"CCDC25"
"ENSG00000147419","patient1","XGBoost","all",7.82671937696597e-06,"CCDC25"
"ENSG00000147419","patient5","XGBoost","all",3.81988375280708e-06,"CCDC25"
"ENSG00000147419","patient3","XGBoost","all",1.9790958106784e-06,"CCDC25"
"ENSG00000147419","patient4","XGBoost","all",4.20320939693717e-06,"CCDC25"
"ENSG00000147419","patient2","XGBoost","all",8.61283921621406e-06,"CCDC25"
"ENSG00000147454","patient1","XGBoost","all",3.05001230411048e-05,"SLC25A37"
"ENSG00000147454","patient5","XGBoost","all",2.08033344012194e-05,"SLC25A37"
"ENSG00000147454","patient6","XGBoost","all",1.77987047696949e-05,"SLC25A37"
"ENSG00000147454","patient4","XGBoost","all",1.34539604706233e-05,"SLC25A37"
"ENSG00000147454","patient3","XGBoost","all",2.28112447497155e-05,"SLC25A37"
"ENSG00000147454","patient2","XGBoost","all",1.01879499514366e-05,"SLC25A37"
"ENSG00000147526","patient2","XGBoost","all",8.85246945146822e-06,"TACC1"
"ENSG00000147526","patient5","XGBoost","all",9.20561675469413e-06,"TACC1"
"ENSG00000147526","patient1","XGBoost","all",7.96141568262861e-06,"TACC1"
"ENSG00000147526","patient6","XGBoost","all",7.82083379764983e-06,"TACC1"
"ENSG00000147526","patient4","XGBoost","all",1.75981403271687e-05,"TACC1"
"ENSG00000147526","patient3","XGBoost","all",1.25244437275236e-05,"TACC1"
"ENSG00000147533","patient1","XGBoost","all",1.26277718056401e-05,"GOLGA7"
"ENSG00000147533","patient5","XGBoost","all",2.08435262505861e-05,"GOLGA7"
"ENSG00000147533","patient2","XGBoost","all",1.30452607091683e-05,"GOLGA7"
"ENSG00000147548","patient3","XGBoost","all",6.16210803171623e-06,"NSD3"
"ENSG00000147548","patient1","XGBoost","all",6.1183250967624e-06,"NSD3"
"ENSG00000147548","patient4","XGBoost","all",2.21795705460999e-05,"NSD3"
"ENSG00000147548","patient2","XGBoost","all",8.93775584852716e-06,"NSD3"
"ENSG00000147548","patient5","XGBoost","all",1.26825930135247e-05,"NSD3"
"ENSG00000147548","patient6","XGBoost","all",4.41965917670093e-06,"NSD3"
"ENSG00000147669","patient2","XGBoost","all",1.64650814087148e-05,"POLR2K"
"ENSG00000147669","patient4","XGBoost","all",1.25906510489138e-05,"POLR2K"
"ENSG00000147669","patient6","XGBoost","all",1.44687848197711e-05,"POLR2K"
"ENSG00000147669","patient3","XGBoost","all",1.69909416934126e-05,"POLR2K"
"ENSG00000147669","patient5","XGBoost","all",2.06804416723394e-05,"POLR2K"
"ENSG00000147669","patient1","XGBoost","all",1.1549251214585e-05,"POLR2K"
"ENSG00000147684","patient1","XGBoost","all",9.10402186445809e-06,"NDUFB9"
"ENSG00000147684","patient5","XGBoost","all",6.89499305393099e-06,"NDUFB9"
"ENSG00000147684","patient2","XGBoost","all",2.42889369091882e-05,"NDUFB9"
"ENSG00000147684","patient4","XGBoost","all",9.40448340055685e-06,"NDUFB9"
"ENSG00000147684","patient6","XGBoost","all",1.4652005121703e-05,"NDUFB9"
"ENSG00000147684","patient3","XGBoost","all",1.1678498933858e-05,"NDUFB9"
"ENSG00000147862","patient6","XGBoost","all",4.23294006660731e-05,"NFIB"
"ENSG00000147862","patient1","XGBoost","all",6.80009377708682e-05,"NFIB"
"ENSG00000147862","patient3","XGBoost","all",8.41014114708112e-05,"NFIB"
"ENSG00000147862","patient2","XGBoost","all",7.65225476940601e-05,"NFIB"
"ENSG00000147862","patient5","XGBoost","all",0.000155051279821896,"NFIB"
"ENSG00000147862","patient4","XGBoost","all",4.77204006898605e-05,"NFIB"
"ENSG00000147872","patient5","XGBoost","all",1.04608087838994e-05,"PLIN2"
"ENSG00000147872","patient1","XGBoost","all",6.73557954690291e-06,"PLIN2"
"ENSG00000147872","patient2","XGBoost","all",3.14221035199134e-05,"PLIN2"
"ENSG00000147872","patient6","XGBoost","all",2.18008047246588e-05,"PLIN2"
"ENSG00000147872","patient3","XGBoost","all",6.84108340952395e-06,"PLIN2"
"ENSG00000147872","patient4","XGBoost","all",9.56904973988945e-06,"PLIN2"
"ENSG00000148053","patient3","XGBoost","all",0.000514279767903329,"NTRK2"
"ENSG00000148053","patient2","XGBoost","all",0.000235885539371379,"NTRK2"
"ENSG00000148053","patient6","XGBoost","all",0.00014807342502362,"NTRK2"
"ENSG00000148053","patient1","XGBoost","all",0.000164846446255135,"NTRK2"
"ENSG00000148053","patient4","XGBoost","all",0.00140193983241702,"NTRK2"
"ENSG00000148120","patient3","XGBoost","all",1.32073110239619e-05,"AOPEP"
"ENSG00000148120","patient6","XGBoost","all",1.84462975940443e-05,"AOPEP"
"ENSG00000148120","patient4","XGBoost","all",3.41437066203856e-05,"AOPEP"
"ENSG00000148120","patient1","XGBoost","all",2.52282108135508e-05,"AOPEP"
"ENSG00000148120","patient2","XGBoost","all",2.07654737956272e-05,"AOPEP"
"ENSG00000148120","patient5","XGBoost","all",2.62204458282527e-05,"AOPEP"
"ENSG00000148175","patient6","XGBoost","all",3.30174199386293e-05,"STOM"
"ENSG00000148175","patient3","XGBoost","all",1.07994305407373e-05,"STOM"
"ENSG00000148175","patient1","XGBoost","all",2.07780317339869e-05,"STOM"
"ENSG00000148175","patient5","XGBoost","all",3.63246652893868e-05,"STOM"
"ENSG00000148175","patient4","XGBoost","all",2.47658036849535e-05,"STOM"
"ENSG00000148175","patient2","XGBoost","all",2.35218422502257e-05,"STOM"
"ENSG00000148248","patient6","XGBoost","all",1.46015476292767e-05,"SURF4"
"ENSG00000148248","patient3","XGBoost","all",9.39848093048073e-06,"SURF4"
"ENSG00000148248","patient5","XGBoost","all",1.32135490275112e-05,"SURF4"
"ENSG00000148248","patient4","XGBoost","all",1.1110824270965e-05,"SURF4"
"ENSG00000148290","patient3","XGBoost","all",1.11815652906434e-05,"SURF1"
"ENSG00000148290","patient4","XGBoost","all",6.13568425475357e-06,"SURF1"
"ENSG00000148290","patient5","XGBoost","all",7.4280407304342e-06,"SURF1"
"ENSG00000148290","patient2","XGBoost","all",1.28213962529215e-05,"SURF1"
"ENSG00000148290","patient1","XGBoost","all",1.47766489918098e-05,"SURF1"
"ENSG00000148450","patient3","XGBoost","all",1.14108186798221e-05,"MSRB2"
"ENSG00000148450","patient6","XGBoost","all",1.1476142693235e-05,"MSRB2"
"ENSG00000148450","patient4","XGBoost","all",6.34553768690284e-06,"MSRB2"
"ENSG00000148450","patient5","XGBoost","all",1.63863104490166e-05,"MSRB2"
"ENSG00000148450","patient1","XGBoost","all",1.70044867707912e-05,"MSRB2"
"ENSG00000148450","patient2","XGBoost","all",1.31698842479394e-05,"MSRB2"
"ENSG00000148484","patient4","XGBoost","all",1.17310799379759e-05,"RSU1"
"ENSG00000148484","patient6","XGBoost","all",2.31410635520306e-05,"RSU1"
"ENSG00000148484","patient2","XGBoost","all",9.8988466319176e-06,"RSU1"
"ENSG00000148484","patient5","XGBoost","all",3.23604696100458e-05,"RSU1"
"ENSG00000148484","patient1","XGBoost","all",8.64045515629129e-06,"RSU1"
"ENSG00000148484","patient3","XGBoost","all",5.61529213659823e-06,"RSU1"
"ENSG00000148516","patient6","XGBoost","all",8.24502454505135e-06,"ZEB1"
"ENSG00000148516","patient5","XGBoost","all",2.08359795260261e-05,"ZEB1"
"ENSG00000148516","patient1","XGBoost","all",1.29434423656514e-05,"ZEB1"
"ENSG00000148516","patient3","XGBoost","all",2.297478346642e-05,"ZEB1"
"ENSG00000148516","patient2","XGBoost","all",5.8108998112778e-06,"ZEB1"
"ENSG00000148516","patient4","XGBoost","all",1.48730975494625e-05,"ZEB1"
"ENSG00000148541","patient1","XGBoost","all",1.90856688491135e-05,"FAM13C"
"ENSG00000148671","patient1","XGBoost","all",6.84094574922566e-05,"ADIRF"
"ENSG00000148671","patient2","XGBoost","all",0.000140399249765313,"ADIRF"
"ENSG00000148671","patient3","XGBoost","all",0.000203832428082167,"ADIRF"
"ENSG00000148671","patient4","XGBoost","all",8.59767347809326e-05,"ADIRF"
"ENSG00000148671","patient6","XGBoost","all",0.000236565436676368,"ADIRF"
"ENSG00000148671","patient5","XGBoost","all",0.000111141426321472,"ADIRF"
"ENSG00000148672","patient6","XGBoost","all",1.46058550802794e-05,"GLUD1"
"ENSG00000148672","patient4","XGBoost","all",6.69741026229215e-06,"GLUD1"
"ENSG00000148700","patient1","XGBoost","all",7.02952931582826e-05,"ADD3"
"ENSG00000148700","patient4","XGBoost","all",5.41413030641363e-05,"ADD3"
"ENSG00000148700","patient3","XGBoost","all",7.74046745859338e-05,"ADD3"
"ENSG00000148700","patient5","XGBoost","all",4.91223508898016e-05,"ADD3"
"ENSG00000148700","patient2","XGBoost","all",5.25083668046866e-05,"ADD3"
"ENSG00000148700","patient6","XGBoost","all",4.41964758300024e-05,"ADD3"
"ENSG00000148834","patient4","XGBoost","all",6.15921899065765e-06,"GSTO1"
"ENSG00000148834","patient6","XGBoost","all",7.79363838994022e-06,"GSTO1"
"ENSG00000148834","patient2","XGBoost","all",1.62560017701391e-05,"GSTO1"
"ENSG00000148834","patient3","XGBoost","all",1.91542112408888e-05,"GSTO1"
"ENSG00000148834","patient1","XGBoost","all",1.44223905170244e-05,"GSTO1"
"ENSG00000148834","patient5","XGBoost","all",1.34717465144922e-05,"GSTO1"
"ENSG00000148908","patient5","XGBoost","all",1.1304715949235e-05,"RGS10"
"ENSG00000148908","patient2","XGBoost","all",1.89360960398742e-05,"RGS10"
"ENSG00000148908","patient1","XGBoost","all",2.61436329243872e-05,"RGS10"
"ENSG00000148908","patient3","XGBoost","all",3.52511684908868e-05,"RGS10"
"ENSG00000148908","patient4","XGBoost","all",9.15097410884392e-06,"RGS10"
"ENSG00000148908","patient6","XGBoost","all",1.28822117755651e-05,"RGS10"
"ENSG00000149084","patient4","XGBoost","all",6.35562411869057e-06,"HSD17B12"
"ENSG00000149084","patient2","XGBoost","all",1.29932941014533e-05,"HSD17B12"
"ENSG00000149084","patient1","XGBoost","all",1.00678999276145e-05,"HSD17B12"
"ENSG00000149084","patient5","XGBoost","all",1.75807140691271e-05,"HSD17B12"
"ENSG00000149084","patient6","XGBoost","all",1.57780194731275e-05,"HSD17B12"
"ENSG00000149084","patient3","XGBoost","all",1.66059159773432e-05,"HSD17B12"
"ENSG00000149100","patient4","XGBoost","all",1.3508979149033e-05,"EIF3M"
"ENSG00000149100","patient1","XGBoost","all",1.02654228624134e-05,"EIF3M"
"ENSG00000149100","patient6","XGBoost","all",9.84670851999592e-06,"EIF3M"
"ENSG00000149100","patient3","XGBoost","all",1.66491628891703e-05,"EIF3M"
"ENSG00000149100","patient2","XGBoost","all",1.3904992067033e-05,"EIF3M"
"ENSG00000149100","patient5","XGBoost","all",1.51910636540939e-05,"EIF3M"
"ENSG00000149131","patient5","XGBoost","all",0.00340638418179635,"SERPING1"
"ENSG00000149131","patient4","XGBoost","all",0.00282636934243621,"SERPING1"
"ENSG00000149131","patient3","XGBoost","all",0.00416272269984797,"SERPING1"
"ENSG00000149131","patient2","XGBoost","all",0.00374118302274252,"SERPING1"
"ENSG00000149131","patient6","XGBoost","all",0.00469777120452808,"SERPING1"
"ENSG00000149131","patient1","XGBoost","all",0.00254223525328613,"SERPING1"
"ENSG00000149196","patient2","XGBoost","all",1.16090912059422e-05,"HIKESHI"
"ENSG00000149196","patient3","XGBoost","all",3.79648830025247e-06,"HIKESHI"
"ENSG00000149196","patient5","XGBoost","all",7.45976750767426e-06,"HIKESHI"
"ENSG00000149218","patient3","XGBoost","all",1.54574597561027e-05,"ENDOD1"
"ENSG00000149218","patient2","XGBoost","all",1.00123920841835e-05,"ENDOD1"
"ENSG00000149218","patient6","XGBoost","all",8.05078453730948e-06,"ENDOD1"
"ENSG00000149218","patient4","XGBoost","all",7.15049140932962e-06,"ENDOD1"
"ENSG00000149218","patient1","XGBoost","all",1.8668903669561e-05,"ENDOD1"
"ENSG00000149218","patient5","XGBoost","all",1.50981749289176e-05,"ENDOD1"
"ENSG00000149257","patient3","XGBoost","all",1.02757689253895e-05,"SERPINH1"
"ENSG00000149257","patient4","XGBoost","all",1.88944835118212e-05,"SERPINH1"
"ENSG00000149257","patient6","XGBoost","all",1.6815806473614e-05,"SERPINH1"
"ENSG00000149257","patient5","XGBoost","all",2.25277152395555e-05,"SERPINH1"
"ENSG00000149257","patient1","XGBoost","all",1.99860589579907e-05,"SERPINH1"
"ENSG00000149257","patient2","XGBoost","all",2.10362559680436e-05,"SERPINH1"
"ENSG00000149357","patient3","XGBoost","all",1.28982863884421e-05,"LAMTOR1"
"ENSG00000149357","patient6","XGBoost","all",8.2630943589094e-06,"LAMTOR1"
"ENSG00000149357","patient1","XGBoost","all",1.15072322590642e-05,"LAMTOR1"
"ENSG00000149357","patient2","XGBoost","all",7.44563273175275e-06,"LAMTOR1"
"ENSG00000149557","patient6","XGBoost","all",8.2906539368491e-06,"FEZ1"
"ENSG00000149557","patient2","XGBoost","all",9.22978823569794e-06,"FEZ1"
"ENSG00000149557","patient3","XGBoost","all",1.58142555023996e-05,"FEZ1"
"ENSG00000149557","patient4","XGBoost","all",1.6851977408199e-05,"FEZ1"
"ENSG00000149557","patient1","XGBoost","all",6.07376933354077e-06,"FEZ1"
"ENSG00000149557","patient5","XGBoost","all",1.28725072902997e-05,"FEZ1"
"ENSG00000149564","patient2","XGBoost","all",0.000312456557476949,"ESAM"
"ENSG00000149564","patient6","XGBoost","all",0.000180065005874897,"ESAM"
"ENSG00000149564","patient4","XGBoost","all",0.000256684737384078,"ESAM"
"ENSG00000149564","patient1","XGBoost","all",0.00028412322083055,"ESAM"
"ENSG00000149564","patient3","XGBoost","all",0.000341047674272243,"ESAM"
"ENSG00000149564","patient5","XGBoost","all",0.000347045024077938,"ESAM"
"ENSG00000149591","patient3","XGBoost","all",0.00126459748776855,"TAGLN"
"ENSG00000149591","patient5","XGBoost","all",0.00257264161901809,"TAGLN"
"ENSG00000149591","patient1","XGBoost","all",0.00214487345117951,"TAGLN"
"ENSG00000149591","patient4","XGBoost","all",0.00141557312262124,"TAGLN"
"ENSG00000149591","patient6","XGBoost","all",0.00146368181988796,"TAGLN"
"ENSG00000149591","patient2","XGBoost","all",0.00191647145860866,"TAGLN"
"ENSG00000149823","patient4","XGBoost","all",1.5133431621259e-05,"VPS51"
"ENSG00000149823","patient2","XGBoost","all",6.62921894221605e-06,"VPS51"
"ENSG00000149823","patient6","XGBoost","all",6.92258303069448e-06,"VPS51"
"ENSG00000149823","patient5","XGBoost","all",1.94679624921921e-05,"VPS51"
"ENSG00000149823","patient1","XGBoost","all",1.13352018163059e-05,"VPS51"
"ENSG00000149923","patient4","XGBoost","all",2.58665308771403e-05,"PPP4C"
"ENSG00000149923","patient1","XGBoost","all",1.38822722761688e-05,"PPP4C"
"ENSG00000149923","patient5","XGBoost","all",6.4159116653168e-06,"PPP4C"
"ENSG00000149923","patient6","XGBoost","all",9.57918636614914e-06,"PPP4C"
"ENSG00000149923","patient2","XGBoost","all",1.50965607361483e-06,"PPP4C"
"ENSG00000149923","patient3","XGBoost","all",1.1367576319503e-05,"PPP4C"
"ENSG00000149932","patient2","XGBoost","all",7.5825403276055e-06,"TMEM219"
"ENSG00000149932","patient1","XGBoost","all",1.27672884532454e-05,"TMEM219"
"ENSG00000149932","patient4","XGBoost","all",1.2208618176583e-05,"TMEM219"
"ENSG00000149932","patient3","XGBoost","all",1.98107905443003e-05,"TMEM219"
"ENSG00000149932","patient6","XGBoost","all",1.12367384642627e-05,"TMEM219"
"ENSG00000149932","patient5","XGBoost","all",1.50788981547641e-05,"TMEM219"
"ENSG00000150316","patient4","XGBoost","all",8.46970526639912e-06,"CWC15"
"ENSG00000150316","patient2","XGBoost","all",2.90940302850189e-06,"CWC15"
"ENSG00000150316","patient3","XGBoost","all",9.77567122553166e-06,"CWC15"
"ENSG00000150316","patient5","XGBoost","all",1.32240840628027e-05,"CWC15"
"ENSG00000150316","patient6","XGBoost","all",7.27980699814915e-06,"CWC15"
"ENSG00000150316","patient1","XGBoost","all",1.42927826380768e-05,"CWC15"
"ENSG00000150337","patient3","XGBoost","all",7.98069680930909e-06,"FCGR1A"
"ENSG00000150337","patient5","XGBoost","all",1.0783059657442e-05,"FCGR1A"
"ENSG00000150337","patient6","XGBoost","all",4.242024122292e-05,"FCGR1A"
"ENSG00000150347","patient3","XGBoost","all",5.31848382440331e-05,"ARID5B"
"ENSG00000150347","patient1","XGBoost","all",4.51277228240117e-05,"ARID5B"
"ENSG00000150347","patient4","XGBoost","all",6.29773236756681e-05,"ARID5B"
"ENSG00000150347","patient2","XGBoost","all",5.27290600780759e-05,"ARID5B"
"ENSG00000150347","patient6","XGBoost","all",9.653021595791e-05,"ARID5B"
"ENSG00000150347","patient5","XGBoost","all",8.01871770040309e-05,"ARID5B"
"ENSG00000150540","patient6","XGBoost","all",0.00055871388182724,"HNMT"
"ENSG00000150540","patient2","XGBoost","all",0.00121835925349253,"HNMT"
"ENSG00000150540","patient4","XGBoost","all",0.0011390773067087,"HNMT"
"ENSG00000150540","patient3","XGBoost","all",0.00101994298498561,"HNMT"
"ENSG00000150540","patient1","XGBoost","all",0.000493984838739248,"HNMT"
"ENSG00000150540","patient5","XGBoost","all",0.000445736428713385,"HNMT"
"ENSG00000150593","patient4","XGBoost","all",2.06569650427518e-05,"PDCD4"
"ENSG00000150593","patient5","XGBoost","all",7.08017222215584e-06,"PDCD4"
"ENSG00000150593","patient2","XGBoost","all",7.05302910931835e-06,"PDCD4"
"ENSG00000150593","patient1","XGBoost","all",5.4271840394947e-06,"PDCD4"
"ENSG00000150593","patient3","XGBoost","all",1.89051785151204e-05,"PDCD4"
"ENSG00000150593","patient6","XGBoost","all",1.93655045084392e-05,"PDCD4"
"ENSG00000150687","patient6","XGBoost","all",7.56261733121371e-05,"PRSS23"
"ENSG00000150687","patient3","XGBoost","all",0.000122730709197766,"PRSS23"
"ENSG00000150687","patient1","XGBoost","all",0.000118235373357411,"PRSS23"
"ENSG00000150687","patient4","XGBoost","all",3.33506893372895e-05,"PRSS23"
"ENSG00000150687","patient5","XGBoost","all",7.85306112898836e-05,"PRSS23"
"ENSG00000150687","patient2","XGBoost","all",0.000117329881359275,"PRSS23"
"ENSG00000150753","patient6","XGBoost","all",9.79814585079803e-06,"CCT5"
"ENSG00000150753","patient2","XGBoost","all",1.94206646230993e-05,"CCT5"
"ENSG00000150753","patient4","XGBoost","all",8.0247338419227e-06,"CCT5"
"ENSG00000150753","patient5","XGBoost","all",1.30107220864704e-05,"CCT5"
"ENSG00000150753","patient1","XGBoost","all",1.85179467634935e-05,"CCT5"
"ENSG00000150753","patient3","XGBoost","all",2.12355460585555e-05,"CCT5"
"ENSG00000150764","patient3","XGBoost","all",4.86623719014629e-06,"DIXDC1"
"ENSG00000150764","patient1","XGBoost","all",9.2347753984964e-06,"DIXDC1"
"ENSG00000150764","patient5","XGBoost","all",1.57664002673185e-05,"DIXDC1"
"ENSG00000150764","patient4","XGBoost","all",1.78269855676486e-05,"DIXDC1"
"ENSG00000150764","patient6","XGBoost","all",1.21705434837401e-05,"DIXDC1"
"ENSG00000150764","patient2","XGBoost","all",8.19429242314918e-06,"DIXDC1"
"ENSG00000150779","patient5","XGBoost","all",1.45002988890033e-05,"TIMM8B"
"ENSG00000150779","patient3","XGBoost","all",3.21874483243003e-05,"TIMM8B"
"ENSG00000150779","patient2","XGBoost","all",1.4085138938525e-05,"TIMM8B"
"ENSG00000150779","patient4","XGBoost","all",1.30695728210192e-05,"TIMM8B"
"ENSG00000150779","patient1","XGBoost","all",9.51208761909114e-06,"TIMM8B"
"ENSG00000150779","patient6","XGBoost","all",9.13382537904398e-06,"TIMM8B"
"ENSG00000150938","patient1","XGBoost","all",1.56953873557142e-05,"CRIM1"
"ENSG00000150938","patient5","XGBoost","all",2.1912270474464e-05,"CRIM1"
"ENSG00000150938","patient3","XGBoost","all",1.44261563163905e-05,"CRIM1"
"ENSG00000150938","patient6","XGBoost","all",1.72685511543882e-05,"CRIM1"
"ENSG00000150938","patient4","XGBoost","all",2.84903312689226e-05,"CRIM1"
"ENSG00000150938","patient2","XGBoost","all",1.25577433206387e-05,"CRIM1"
"ENSG00000150977","patient4","XGBoost","all",8.89396198408668e-06,"RILPL2"
"ENSG00000150977","patient5","XGBoost","all",1.71814971447572e-05,"RILPL2"
"ENSG00000150977","patient2","XGBoost","all",6.21521773055425e-06,"RILPL2"
"ENSG00000150977","patient1","XGBoost","all",1.48936213393047e-05,"RILPL2"
"ENSG00000150977","patient3","XGBoost","all",5.59092184560795e-06,"RILPL2"
"ENSG00000150977","patient6","XGBoost","all",1.42026204803174e-05,"RILPL2"
"ENSG00000151327","patient2","XGBoost","all",1.0195677900367e-05,"FAM177A1"
"ENSG00000151327","patient3","XGBoost","all",5.66855691752874e-06,"FAM177A1"
"ENSG00000151327","patient1","XGBoost","all",1.74432186092319e-05,"FAM177A1"
"ENSG00000151327","patient5","XGBoost","all",1.61261584704213e-05,"FAM177A1"
"ENSG00000151327","patient6","XGBoost","all",7.67144860869681e-06,"FAM177A1"
"ENSG00000151327","patient4","XGBoost","all",1.14362390089042e-05,"FAM177A1"
"ENSG00000151461","patient4","XGBoost","all",1.03143424505104e-05,"UPF2"
"ENSG00000151461","patient6","XGBoost","all",1.4319071024087e-05,"UPF2"
"ENSG00000151461","patient2","XGBoost","all",3.9915023995824e-06,"UPF2"
"ENSG00000151461","patient1","XGBoost","all",2.15449245130204e-05,"UPF2"
"ENSG00000151461","patient5","XGBoost","all",1.87191279367946e-06,"UPF2"
"ENSG00000151461","patient3","XGBoost","all",2.81715796143014e-06,"UPF2"
"ENSG00000151468","patient3","XGBoost","all",0.00018481825460502,"CCDC3"
"ENSG00000151468","patient6","XGBoost","all",4.84301681357413e-05,"CCDC3"
"ENSG00000151468","patient1","XGBoost","all",4.05041817646158e-05,"CCDC3"
"ENSG00000151468","patient2","XGBoost","all",0.000152278148103631,"CCDC3"
"ENSG00000151468","patient4","XGBoost","all",0.000161393220735468,"CCDC3"
"ENSG00000151468","patient5","XGBoost","all",0.000153266365541848,"CCDC3"
"ENSG00000151491","patient5","XGBoost","all",0.000167444213613282,"EPS8"
"ENSG00000151491","patient4","XGBoost","all",0.000138633041964344,"EPS8"
"ENSG00000151491","patient1","XGBoost","all",0.000211727795999594,"EPS8"
"ENSG00000151491","patient2","XGBoost","all",0.000317035671836014,"EPS8"
"ENSG00000151491","patient6","XGBoost","all",0.000133727291599309,"EPS8"
"ENSG00000151491","patient3","XGBoost","all",0.000153828590228472,"EPS8"
"ENSG00000151632","patient3","XGBoost","all",0.000370378829821117,"AKR1C2"
"ENSG00000151632","patient5","XGBoost","all",0.000271620978786987,"AKR1C2"
"ENSG00000151632","patient2","XGBoost","all",0.000117316670290441,"AKR1C2"
"ENSG00000151632","patient4","XGBoost","all",0.000250083538921245,"AKR1C2"
"ENSG00000151726","patient4","XGBoost","all",1.48119108212399e-05,"ACSL1"
"ENSG00000151729","patient5","XGBoost","all",0.000104756398258583,"SLC25A4"
"ENSG00000151729","patient4","XGBoost","all",0.000178272681409214,"SLC25A4"
"ENSG00000151729","patient2","XGBoost","all",0.00012025710683019,"SLC25A4"
"ENSG00000151729","patient3","XGBoost","all",8.65303813663442e-05,"SLC25A4"
"ENSG00000151729","patient6","XGBoost","all",7.70989346242016e-05,"SLC25A4"
"ENSG00000151729","patient1","XGBoost","all",2.80956988593664e-05,"SLC25A4"
"ENSG00000151789","patient1","XGBoost","all",2.54122887786203e-05,"ZNF385D"
"ENSG00000151789","patient4","XGBoost","all",1.19639502994697e-05,"ZNF385D"
"ENSG00000151789","patient2","XGBoost","all",3.31450321674465e-05,"ZNF385D"
"ENSG00000151789","patient6","XGBoost","all",2.34590794730727e-05,"ZNF385D"
"ENSG00000151789","patient3","XGBoost","all",1.98722844516911e-05,"ZNF385D"
"ENSG00000151789","patient5","XGBoost","all",1.7256838844108e-05,"ZNF385D"
"ENSG00000151914","patient3","XGBoost","all",2.61423781485354e-05,"DST"
"ENSG00000151914","patient5","XGBoost","all",1.84715034589708e-05,"DST"
"ENSG00000151914","patient6","XGBoost","all",3.47081997251583e-05,"DST"
"ENSG00000151914","patient4","XGBoost","all",1.29443891130807e-05,"DST"
"ENSG00000151914","patient2","XGBoost","all",1.42049241207122e-05,"DST"
"ENSG00000151914","patient1","XGBoost","all",1.53442200020332e-05,"DST"
"ENSG00000151923","patient1","XGBoost","all",5.27956338176824e-06,"TIAL1"
"ENSG00000151923","patient2","XGBoost","all",1.76467049325864e-05,"TIAL1"
"ENSG00000151923","patient3","XGBoost","all",2.81983519636376e-05,"TIAL1"
"ENSG00000151923","patient6","XGBoost","all",2.39464516215841e-05,"TIAL1"
"ENSG00000151923","patient5","XGBoost","all",6.50833075452234e-06,"TIAL1"
"ENSG00000152234","patient1","XGBoost","all",1.65356124284712e-05,"ATP5F1A"
"ENSG00000152234","patient6","XGBoost","all",1.41564192274552e-05,"ATP5F1A"
"ENSG00000152234","patient2","XGBoost","all",8.34460056930121e-06,"ATP5F1A"
"ENSG00000152291","patient3","XGBoost","all",1.4338378967481e-05,"TGOLN2"
"ENSG00000152291","patient5","XGBoost","all",3.058620351191e-05,"TGOLN2"
"ENSG00000152291","patient2","XGBoost","all",4.38431853074356e-06,"TGOLN2"
"ENSG00000152291","patient1","XGBoost","all",8.93469004299939e-06,"TGOLN2"
"ENSG00000152291","patient4","XGBoost","all",1.37592259742399e-05,"TGOLN2"
"ENSG00000152291","patient6","XGBoost","all",2.62052971359276e-05,"TGOLN2"
"ENSG00000152404","patient1","XGBoost","all",2.08161916018041e-05,"CWF19L2"
"ENSG00000152404","patient6","XGBoost","all",6.79155963192656e-07,"CWF19L2"
"ENSG00000152404","patient2","XGBoost","all",9.46175105082309e-06,"CWF19L2"
"ENSG00000152404","patient4","XGBoost","all",7.34055534216196e-06,"CWF19L2"
"ENSG00000152404","patient5","XGBoost","all",2.25020061575515e-05,"CWF19L2"
"ENSG00000152404","patient3","XGBoost","all",9.05476394241596e-06,"CWF19L2"
"ENSG00000152492","patient5","XGBoost","all",9.97288335947919e-06,"CCDC50"
"ENSG00000152492","patient1","XGBoost","all",2.08042966360208e-05,"CCDC50"
"ENSG00000152492","patient3","XGBoost","all",9.20914881795194e-06,"CCDC50"
"ENSG00000152492","patient2","XGBoost","all",9.83759872200935e-06,"CCDC50"
"ENSG00000152492","patient4","XGBoost","all",5.95800368005273e-06,"CCDC50"
"ENSG00000152492","patient6","XGBoost","all",8.36283219194407e-06,"CCDC50"
"ENSG00000152518","patient2","XGBoost","all",0.000155737121726798,"ZFP36L2"
"ENSG00000152518","patient5","XGBoost","all",0.000155697560915827,"ZFP36L2"
"ENSG00000152518","patient3","XGBoost","all",0.000129447351344288,"ZFP36L2"
"ENSG00000152518","patient6","XGBoost","all",0.000166593040327268,"ZFP36L2"
"ENSG00000152518","patient1","XGBoost","all",0.000222696722922561,"ZFP36L2"
"ENSG00000152518","patient4","XGBoost","all",0.000915368655152621,"ZFP36L2"
"ENSG00000152558","patient5","XGBoost","all",9.03824422953933e-06,"TMEM123"
"ENSG00000152558","patient3","XGBoost","all",6.24591987928255e-06,"TMEM123"
"ENSG00000152558","patient2","XGBoost","all",1.63345457850561e-05,"TMEM123"
"ENSG00000152558","patient6","XGBoost","all",8.50275108872481e-06,"TMEM123"
"ENSG00000152558","patient1","XGBoost","all",3.82508944464026e-06,"TMEM123"
"ENSG00000152558","patient4","XGBoost","all",1.60825062682325e-05,"TMEM123"
"ENSG00000152583","patient5","XGBoost","all",0.0018316381674855,"SPARCL1"
"ENSG00000152583","patient4","XGBoost","all",0.00612696429777315,"SPARCL1"
"ENSG00000152583","patient2","XGBoost","all",0.00353318593388535,"SPARCL1"
"ENSG00000152583","patient6","XGBoost","all",0.00288472549672682,"SPARCL1"
"ENSG00000152583","patient3","XGBoost","all",0.00381520673798028,"SPARCL1"
"ENSG00000152583","patient1","XGBoost","all",0.00276142979968603,"SPARCL1"
"ENSG00000152661","patient1","XGBoost","all",3.19222727678912e-05,"GJA1"
"ENSG00000152661","patient3","XGBoost","all",2.0337639732416e-05,"GJA1"
"ENSG00000152661","patient5","XGBoost","all",1.12883399134291e-05,"GJA1"
"ENSG00000152661","patient4","XGBoost","all",2.01792988802582e-05,"GJA1"
"ENSG00000152661","patient2","XGBoost","all",1.53779854508684e-05,"GJA1"
"ENSG00000152661","patient6","XGBoost","all",1.15686085019876e-05,"GJA1"
"ENSG00000152818","patient1","XGBoost","all",2.45943147419685e-05,"UTRN"
"ENSG00000152818","patient6","XGBoost","all",9.03257894238039e-06,"UTRN"
"ENSG00000152818","patient4","XGBoost","all",1.33667171948492e-05,"UTRN"
"ENSG00000152818","patient3","XGBoost","all",2.8509062174286e-05,"UTRN"
"ENSG00000152818","patient5","XGBoost","all",1.35682063329908e-05,"UTRN"
"ENSG00000152818","patient2","XGBoost","all",1.33869734259566e-05,"UTRN"
"ENSG00000153006","patient3","XGBoost","all",1.09859331324608e-05,"SREK1IP1"
"ENSG00000153006","patient2","XGBoost","all",4.59246556523199e-06,"SREK1IP1"
"ENSG00000153006","patient4","XGBoost","all",3.84755328927495e-06,"SREK1IP1"
"ENSG00000153006","patient5","XGBoost","all",6.30329512946062e-06,"SREK1IP1"
"ENSG00000153006","patient6","XGBoost","all",5.80519264996764e-07,"SREK1IP1"
"ENSG00000153006","patient1","XGBoost","all",5.1289874967377e-06,"SREK1IP1"
"ENSG00000153037","patient2","XGBoost","all",9.87950027824085e-07,"SRP19"
"ENSG00000153037","patient6","XGBoost","all",5.59293564016378e-06,"SRP19"
"ENSG00000153037","patient4","XGBoost","all",9.34745705045109e-06,"SRP19"
"ENSG00000153037","patient5","XGBoost","all",6.1753053778417e-06,"SRP19"
"ENSG00000153037","patient3","XGBoost","all",6.34122845675932e-06,"SRP19"
"ENSG00000153048","patient3","XGBoost","all",1.5021769687339e-05,"CARHSP1"
"ENSG00000153048","patient4","XGBoost","all",2.27935009065458e-05,"CARHSP1"
"ENSG00000153048","patient6","XGBoost","all",2.42284246476274e-05,"CARHSP1"
"ENSG00000153048","patient2","XGBoost","all",9.46920333053833e-06,"CARHSP1"
"ENSG00000153048","patient5","XGBoost","all",1.58943380954885e-05,"CARHSP1"
"ENSG00000153048","patient1","XGBoost","all",1.07500460742606e-05,"CARHSP1"
"ENSG00000153071","patient2","XGBoost","all",0.00073539104125052,"DAB2"
"ENSG00000153071","patient5","XGBoost","all",0.000155558945456625,"DAB2"
"ENSG00000153071","patient1","XGBoost","all",0.000270138260237519,"DAB2"
"ENSG00000153071","patient3","XGBoost","all",0.000184227141158312,"DAB2"
"ENSG00000153071","patient4","XGBoost","all",0.00212439971001771,"DAB2"
"ENSG00000153071","patient6","XGBoost","all",0.000233366861263608,"DAB2"
"ENSG00000153130","patient1","XGBoost","all",6.04490319459281e-06,"SCOC"
"ENSG00000153130","patient6","XGBoost","all",1.37556157482869e-05,"SCOC"
"ENSG00000153130","patient2","XGBoost","all",6.31592055016881e-06,"SCOC"
"ENSG00000153130","patient5","XGBoost","all",6.9323221388158e-06,"SCOC"
"ENSG00000153130","patient4","XGBoost","all",3.00484979831071e-06,"SCOC"
"ENSG00000153130","patient3","XGBoost","all",9.35916348722523e-06,"SCOC"
"ENSG00000153147","patient1","XGBoost","all",7.21570011947968e-06,"SMARCA5"
"ENSG00000153147","patient2","XGBoost","all",1.63962062119046e-05,"SMARCA5"
"ENSG00000153147","patient4","XGBoost","all",3.18517016796315e-05,"SMARCA5"
"ENSG00000153147","patient3","XGBoost","all",1.27193795049826e-05,"SMARCA5"
"ENSG00000153147","patient5","XGBoost","all",1.45271192878095e-05,"SMARCA5"
"ENSG00000153147","patient6","XGBoost","all",1.29812973740276e-05,"SMARCA5"
"ENSG00000153179","patient6","XGBoost","all",7.3707519694292e-05,"RASSF3"
"ENSG00000153179","patient3","XGBoost","all",9.24440646779021e-05,"RASSF3"
"ENSG00000153179","patient1","XGBoost","all",0.000159621085985565,"RASSF3"
"ENSG00000153179","patient2","XGBoost","all",0.000133381519473976,"RASSF3"
"ENSG00000153187","patient6","XGBoost","all",6.7215518171775e-06,"HNRNPU"
"ENSG00000153187","patient1","XGBoost","all",1.45604734294936e-05,"HNRNPU"
"ENSG00000153187","patient2","XGBoost","all",6.02733567299254e-06,"HNRNPU"
"ENSG00000153187","patient3","XGBoost","all",1.08482879447565e-05,"HNRNPU"
"ENSG00000153187","patient5","XGBoost","all",4.8985453554275e-06,"HNRNPU"
"ENSG00000153234","patient5","XGBoost","all",3.75833082905027e-05,"NR4A2"
"ENSG00000153234","patient1","XGBoost","all",6.70095750940203e-05,"NR4A2"
"ENSG00000153234","patient3","XGBoost","all",7.87418408802767e-05,"NR4A2"
"ENSG00000153250","patient6","XGBoost","all",1.44533289230919e-05,"RBMS1"
"ENSG00000153250","patient4","XGBoost","all",5.99774400944788e-06,"RBMS1"
"ENSG00000153250","patient1","XGBoost","all",1.34391888738542e-05,"RBMS1"
"ENSG00000153250","patient3","XGBoost","all",6.51034656368462e-06,"RBMS1"
"ENSG00000153250","patient5","XGBoost","all",1.36997664029552e-05,"RBMS1"
"ENSG00000153250","patient2","XGBoost","all",7.94490520827314e-06,"RBMS1"
"ENSG00000153310","patient1","XGBoost","all",4.90805276320312e-05,"CYRIB"
"ENSG00000153310","patient4","XGBoost","all",8.60226765670154e-05,"CYRIB"
"ENSG00000153310","patient5","XGBoost","all",4.03505615255743e-05,"CYRIB"
"ENSG00000153310","patient6","XGBoost","all",3.88055785616482e-05,"CYRIB"
"ENSG00000153310","patient3","XGBoost","all",4.13914804886779e-05,"CYRIB"
"ENSG00000153310","patient2","XGBoost","all",4.74668281928162e-05,"CYRIB"
"ENSG00000153317","patient3","XGBoost","all",1.06833974301766e-05,"ASAP1"
"ENSG00000153317","patient1","XGBoost","all",2.86357963643833e-05,"ASAP1"
"ENSG00000153317","patient2","XGBoost","all",2.37246189983916e-05,"ASAP1"
"ENSG00000153317","patient4","XGBoost","all",2.94786011428707e-05,"ASAP1"
"ENSG00000153317","patient6","XGBoost","all",1.26009827379215e-05,"ASAP1"
"ENSG00000153774","patient3","XGBoost","all",5.60481835811032e-06,"CFDP1"
"ENSG00000153774","patient2","XGBoost","all",7.34186136507438e-06,"CFDP1"
"ENSG00000153774","patient4","XGBoost","all",8.21562398380526e-06,"CFDP1"
"ENSG00000153774","patient5","XGBoost","all",1.58449333213354e-05,"CFDP1"
"ENSG00000153774","patient6","XGBoost","all",4.65045739454251e-06,"CFDP1"
"ENSG00000153774","patient1","XGBoost","all",9.28512423666757e-06,"CFDP1"
"ENSG00000153823","patient4","XGBoost","all",0.000217904655198516,"PID1"
"ENSG00000153823","patient2","XGBoost","all",6.30822378672953e-05,"PID1"
"ENSG00000153823","patient5","XGBoost","all",0.000173536102033001,"PID1"
"ENSG00000153823","patient6","XGBoost","all",0.000184501361758758,"PID1"
"ENSG00000153823","patient3","XGBoost","all",0.000156908832369091,"PID1"
"ENSG00000153823","patient1","XGBoost","all",0.000164396383761951,"PID1"
"ENSG00000153827","patient1","XGBoost","all",2.02421276820735e-06,"TRIP12"
"ENSG00000153827","patient4","XGBoost","all",4.27578623986696e-06,"TRIP12"
"ENSG00000153827","patient2","XGBoost","all",4.06926184280694e-06,"TRIP12"
"ENSG00000153827","patient3","XGBoost","all",6.57880579548157e-06,"TRIP12"
"ENSG00000153914","patient5","XGBoost","all",1.11878021667486e-05,"SREK1"
"ENSG00000153914","patient3","XGBoost","all",4.67832514811285e-06,"SREK1"
"ENSG00000153914","patient6","XGBoost","all",3.31405613991068e-06,"SREK1"
"ENSG00000153914","patient4","XGBoost","all",5.82291687073708e-06,"SREK1"
"ENSG00000153914","patient2","XGBoost","all",1.99096169389758e-06,"SREK1"
"ENSG00000153914","patient1","XGBoost","all",1.62655510863464e-06,"SREK1"
"ENSG00000154096","patient1","XGBoost","all",8.40294922911009e-05,"THY1"
"ENSG00000154096","patient4","XGBoost","all",0.000107873705980575,"THY1"
"ENSG00000154096","patient5","XGBoost","all",0.000213952831081983,"THY1"
"ENSG00000154096","patient3","XGBoost","all",0.000187720696637208,"THY1"
"ENSG00000154096","patient6","XGBoost","all",0.000140170339254139,"THY1"
"ENSG00000154096","patient2","XGBoost","all",0.00015464356102979,"THY1"
"ENSG00000154146","patient6","XGBoost","all",7.47029676379111e-05,"NRGN"
"ENSG00000154146","patient5","XGBoost","all",1.7064026153916e-05,"NRGN"
"ENSG00000154146","patient4","XGBoost","all",5.84244587791066e-05,"NRGN"
"ENSG00000154146","patient2","XGBoost","all",4.67693100752544e-05,"NRGN"
"ENSG00000154175","patient5","XGBoost","all",5.5990670015551e-05,"ABI3BP"
"ENSG00000154175","patient2","XGBoost","all",2.48779795195257e-05,"ABI3BP"
"ENSG00000154175","patient4","XGBoost","all",8.16828139042547e-05,"ABI3BP"
"ENSG00000154175","patient1","XGBoost","all",6.15615059917977e-05,"ABI3BP"
"ENSG00000154175","patient3","XGBoost","all",4.4486290489229e-05,"ABI3BP"
"ENSG00000154175","patient6","XGBoost","all",3.83748078556558e-05,"ABI3BP"
"ENSG00000154188","patient5","XGBoost","all",4.53546490406877e-05,"ANGPT1"
"ENSG00000154188","patient2","XGBoost","all",5.31532143382559e-05,"ANGPT1"
"ENSG00000154188","patient3","XGBoost","all",5.43709187475539e-05,"ANGPT1"
"ENSG00000154188","patient4","XGBoost","all",2.50948174025523e-05,"ANGPT1"
"ENSG00000154188","patient1","XGBoost","all",3.18485598234135e-05,"ANGPT1"
"ENSG00000154188","patient6","XGBoost","all",1.35010636025371e-05,"ANGPT1"
"ENSG00000154305","patient6","XGBoost","all",1.02922537260261e-05,"MIA3"
"ENSG00000154305","patient4","XGBoost","all",4.16035448756717e-06,"MIA3"
"ENSG00000154305","patient3","XGBoost","all",8.43346641183507e-06,"MIA3"
"ENSG00000154305","patient5","XGBoost","all",1.71993448616003e-05,"MIA3"
"ENSG00000154305","patient1","XGBoost","all",9.60786275542841e-06,"MIA3"
"ENSG00000154305","patient2","XGBoost","all",8.86867669597297e-06,"MIA3"
"ENSG00000154380","patient3","XGBoost","all",8.0918693644788e-05,"ENAH"
"ENSG00000154380","patient6","XGBoost","all",7.36362504422322e-05,"ENAH"
"ENSG00000154380","patient4","XGBoost","all",5.86955074948976e-05,"ENAH"
"ENSG00000154380","patient1","XGBoost","all",4.24926183607546e-05,"ENAH"
"ENSG00000154380","patient2","XGBoost","all",5.82278806263179e-05,"ENAH"
"ENSG00000154380","patient5","XGBoost","all",4.27647849065501e-05,"ENAH"
"ENSG00000154553","patient2","XGBoost","all",0.00043389600759741,"PDLIM3"
"ENSG00000154553","patient5","XGBoost","all",0.000637213889592132,"PDLIM3"
"ENSG00000154553","patient1","XGBoost","all",0.000249027825602784,"PDLIM3"
"ENSG00000154553","patient3","XGBoost","all",0.000285550469698907,"PDLIM3"
"ENSG00000154553","patient4","XGBoost","all",0.000429388984902448,"PDLIM3"
"ENSG00000154553","patient6","XGBoost","all",0.00029043067479134,"PDLIM3"
"ENSG00000154556","patient3","XGBoost","all",9.54920578671864e-05,"SORBS2"
"ENSG00000154556","patient2","XGBoost","all",0.000152222198437613,"SORBS2"
"ENSG00000154556","patient4","XGBoost","all",0.000125728510512122,"SORBS2"
"ENSG00000154556","patient1","XGBoost","all",0.000286061322659265,"SORBS2"
"ENSG00000154556","patient5","XGBoost","all",5.37075324187077e-05,"SORBS2"
"ENSG00000154556","patient6","XGBoost","all",8.22187356070563e-05,"SORBS2"
"ENSG00000154582","patient6","XGBoost","all",1.91812173015363e-05,"ELOC"
"ENSG00000154582","patient4","XGBoost","all",1.57755036071257e-05,"ELOC"
"ENSG00000154582","patient2","XGBoost","all",1.37835502378675e-05,"ELOC"
"ENSG00000154582","patient1","XGBoost","all",7.3754045872351e-06,"ELOC"
"ENSG00000154582","patient3","XGBoost","all",2.20338502180067e-05,"ELOC"
"ENSG00000154582","patient5","XGBoost","all",1.95844477124808e-05,"ELOC"
"ENSG00000154589","patient5","XGBoost","all",1.0844825312344e-05,"LY96"
"ENSG00000154589","patient4","XGBoost","all",1.45698071254689e-05,"LY96"
"ENSG00000154589","patient1","XGBoost","all",4.0809574754266e-06,"LY96"
"ENSG00000154589","patient2","XGBoost","all",2.09685702937659e-05,"LY96"
"ENSG00000154589","patient3","XGBoost","all",2.54876892381123e-05,"LY96"
"ENSG00000154589","patient6","XGBoost","all",2.41268524493127e-05,"LY96"
"ENSG00000154734","patient5","XGBoost","all",0.000302881660150519,"ADAMTS1"
"ENSG00000154734","patient3","XGBoost","all",0.000207401004550223,"ADAMTS1"
"ENSG00000154734","patient4","XGBoost","all",0.000198146740859514,"ADAMTS1"
"ENSG00000154734","patient1","XGBoost","all",0.000234050364824037,"ADAMTS1"
"ENSG00000154734","patient6","XGBoost","all",8.02415188640855e-05,"ADAMTS1"
"ENSG00000154734","patient2","XGBoost","all",0.000189094628409074,"ADAMTS1"
"ENSG00000155090","patient5","XGBoost","all",6.80348301256986e-06,"KLF10"
"ENSG00000155090","patient2","XGBoost","all",4.62981315155805e-06,"KLF10"
"ENSG00000155090","patient4","XGBoost","all",4.08155215129591e-06,"KLF10"
"ENSG00000155090","patient6","XGBoost","all",4.46534120247725e-06,"KLF10"
"ENSG00000155090","patient1","XGBoost","all",2.22348899222878e-06,"KLF10"
"ENSG00000155090","patient3","XGBoost","all",8.73183672571642e-06,"KLF10"
"ENSG00000155115","patient2","XGBoost","all",4.18130854931566e-06,"GTF3C6"
"ENSG00000155115","patient3","XGBoost","all",1.39327470575356e-05,"GTF3C6"
"ENSG00000155115","patient4","XGBoost","all",2.095558665229e-06,"GTF3C6"
"ENSG00000155115","patient6","XGBoost","all",4.69777569690928e-06,"GTF3C6"
"ENSG00000155115","patient5","XGBoost","all",6.03002628019974e-06,"GTF3C6"
"ENSG00000155115","patient1","XGBoost","all",3.81915084853667e-06,"GTF3C6"
"ENSG00000155368","patient1","XGBoost","all",3.03320975774871e-05,"DBI"
"ENSG00000155368","patient5","XGBoost","all",1.28041372826866e-05,"DBI"
"ENSG00000155368","patient4","XGBoost","all",2.88207497048672e-05,"DBI"
"ENSG00000155368","patient6","XGBoost","all",3.48193683780517e-05,"DBI"
"ENSG00000155368","patient3","XGBoost","all",2.70077624328602e-05,"DBI"
"ENSG00000155368","patient2","XGBoost","all",3.62261165882228e-05,"DBI"
"ENSG00000155438","patient3","XGBoost","all",5.4094926681329e-06,"NIFK"
"ENSG00000155438","patient1","XGBoost","all",1.10752491955695e-05,"NIFK"
"ENSG00000155438","patient6","XGBoost","all",1.69808694754802e-05,"NIFK"
"ENSG00000155438","patient4","XGBoost","all",2.65682919854758e-06,"NIFK"
"ENSG00000155438","patient2","XGBoost","all",8.62651017235452e-06,"NIFK"
"ENSG00000155438","patient5","XGBoost","all",6.49550178775638e-06,"NIFK"
"ENSG00000155659","patient1","XGBoost","all",0.000119011912744855,"VSIG4"
"ENSG00000155659","patient5","XGBoost","all",7.38483375613698e-05,"VSIG4"
"ENSG00000155659","patient3","XGBoost","all",3.19219042446848e-05,"VSIG4"
"ENSG00000155659","patient4","XGBoost","all",4.71424356819561e-05,"VSIG4"
"ENSG00000155659","patient2","XGBoost","all",5.9488827144464e-05,"VSIG4"
"ENSG00000155659","patient6","XGBoost","all",0.000111380065092347,"VSIG4"
"ENSG00000155660","patient3","XGBoost","all",3.66550500308788e-06,"PDIA4"
"ENSG00000155660","patient6","XGBoost","all",1.28657757488526e-05,"PDIA4"
"ENSG00000155660","patient2","XGBoost","all",1.1522987670064e-05,"PDIA4"
"ENSG00000155660","patient5","XGBoost","all",1.14999341675678e-05,"PDIA4"
"ENSG00000155660","patient4","XGBoost","all",6.13715374984438e-06,"PDIA4"
"ENSG00000155876","patient3","XGBoost","all",1.37287332973748e-05,"RRAGA"
"ENSG00000155876","patient1","XGBoost","all",6.98221753746765e-06,"RRAGA"
"ENSG00000155876","patient4","XGBoost","all",6.71929258009578e-06,"RRAGA"
"ENSG00000155876","patient5","XGBoost","all",1.59286246212623e-05,"RRAGA"
"ENSG00000155876","patient2","XGBoost","all",7.1543707709567e-06,"RRAGA"
"ENSG00000155876","patient6","XGBoost","all",1.72400448761043e-05,"RRAGA"
"ENSG00000156052","patient4","XGBoost","all",1.87837356478106e-05,"GNAQ"
"ENSG00000156052","patient5","XGBoost","all",1.00044892403307e-05,"GNAQ"
"ENSG00000156052","patient3","XGBoost","all",8.18167547221994e-06,"GNAQ"
"ENSG00000156052","patient6","XGBoost","all",5.9667201065776e-06,"GNAQ"
"ENSG00000156052","patient2","XGBoost","all",8.52636066493564e-06,"GNAQ"
"ENSG00000156052","patient1","XGBoost","all",1.71785419200899e-05,"GNAQ"
"ENSG00000156113","patient6","XGBoost","all",1.13102844915304e-05,"KCNMA1"
"ENSG00000156113","patient3","XGBoost","all",2.03782573897896e-05,"KCNMA1"
"ENSG00000156113","patient5","XGBoost","all",4.882776048997e-05,"KCNMA1"
"ENSG00000156113","patient4","XGBoost","all",8.48147344915298e-06,"KCNMA1"
"ENSG00000156113","patient1","XGBoost","all",2.05306916871675e-05,"KCNMA1"
"ENSG00000156113","patient2","XGBoost","all",6.07277898650992e-06,"KCNMA1"
"ENSG00000156256","patient3","XGBoost","all",4.71147150510782e-06,"USP16"
"ENSG00000156256","patient5","XGBoost","all",6.84405692552336e-06,"USP16"
"ENSG00000156256","patient4","XGBoost","all",8.87583753229848e-06,"USP16"
"ENSG00000156256","patient6","XGBoost","all",3.00510073151691e-06,"USP16"
"ENSG00000156256","patient1","XGBoost","all",9.83437587392494e-06,"USP16"
"ENSG00000156256","patient2","XGBoost","all",8.21566830095868e-06,"USP16"
"ENSG00000156261","patient6","XGBoost","all",5.97233487180474e-06,"CCT8"
"ENSG00000156261","patient4","XGBoost","all",1.54576722297688e-05,"CCT8"
"ENSG00000156261","patient3","XGBoost","all",1.03082386248621e-05,"CCT8"
"ENSG00000156261","patient2","XGBoost","all",1.14858335127338e-05,"CCT8"
"ENSG00000156261","patient5","XGBoost","all",9.18176994205938e-06,"CCT8"
"ENSG00000156261","patient1","XGBoost","all",4.89397564661818e-06,"CCT8"
"ENSG00000156298","patient4","XGBoost","all",4.14999297868343e-05,"TSPAN7"
"ENSG00000156642","patient3","XGBoost","all",1.57992491805304e-05,"NPTN"
"ENSG00000156642","patient4","XGBoost","all",1.6303099195832e-05,"NPTN"
"ENSG00000156642","patient1","XGBoost","all",9.30051615354211e-06,"NPTN"
"ENSG00000156642","patient5","XGBoost","all",1.19096644278775e-05,"NPTN"
"ENSG00000156642","patient6","XGBoost","all",8.76993538933079e-06,"NPTN"
"ENSG00000156642","patient2","XGBoost","all",1.78583794145625e-05,"NPTN"
"ENSG00000156804","patient4","XGBoost","all",5.42360938492124e-05,"FBXO32"
"ENSG00000156804","patient3","XGBoost","all",2.98134424393504e-05,"FBXO32"
"ENSG00000156804","patient5","XGBoost","all",2.94292994715912e-05,"FBXO32"
"ENSG00000156804","patient2","XGBoost","all",2.66199747395093e-05,"FBXO32"
"ENSG00000156804","patient1","XGBoost","all",2.21427594798929e-05,"FBXO32"
"ENSG00000156804","patient6","XGBoost","all",4.60597385868356e-05,"FBXO32"
"ENSG00000157107","patient5","XGBoost","all",1.11338459535586e-05,"FCHO2"
"ENSG00000157107","patient3","XGBoost","all",1.3616490075807e-05,"FCHO2"
"ENSG00000157107","patient4","XGBoost","all",1.41023895403261e-05,"FCHO2"
"ENSG00000157107","patient6","XGBoost","all",7.58823855620218e-06,"FCHO2"
"ENSG00000157107","patient1","XGBoost","all",5.90795705042628e-06,"FCHO2"
"ENSG00000157107","patient2","XGBoost","all",3.46963360039759e-06,"FCHO2"
"ENSG00000157110","patient3","XGBoost","all",4.02667725190014e-05,"RBPMS"
"ENSG00000157110","patient2","XGBoost","all",3.52813119999477e-05,"RBPMS"
"ENSG00000157110","patient5","XGBoost","all",2.61572170170589e-05,"RBPMS"
"ENSG00000157110","patient4","XGBoost","all",3.19749127523525e-05,"RBPMS"
"ENSG00000157110","patient6","XGBoost","all",3.81464845017119e-05,"RBPMS"
"ENSG00000157110","patient1","XGBoost","all",2.83996714440626e-05,"RBPMS"
"ENSG00000157150","patient5","XGBoost","all",1.67427734505555e-05,"TIMP4"
"ENSG00000157150","patient4","XGBoost","all",1.15023691397971e-05,"TIMP4"
"ENSG00000157500","patient2","XGBoost","all",5.93940508840155e-06,"APPL1"
"ENSG00000157500","patient3","XGBoost","all",1.12332506982986e-05,"APPL1"
"ENSG00000157500","patient1","XGBoost","all",9.41810465167402e-06,"APPL1"
"ENSG00000157500","patient4","XGBoost","all",8.38351064057344e-06,"APPL1"
"ENSG00000157500","patient6","XGBoost","all",1.846849633014e-05,"APPL1"
"ENSG00000157500","patient5","XGBoost","all",6.91120324469115e-06,"APPL1"
"ENSG00000157514","patient1","XGBoost","all",0.000169833071850965,"TSC22D3"
"ENSG00000157514","patient5","XGBoost","all",0.000218833573281736,"TSC22D3"
"ENSG00000157514","patient4","XGBoost","all",0.000380490445958245,"TSC22D3"
"ENSG00000157514","patient3","XGBoost","all",0.00020394513555755,"TSC22D3"
"ENSG00000157514","patient6","XGBoost","all",0.000241987225822521,"TSC22D3"
"ENSG00000157514","patient2","XGBoost","all",0.000180595963618324,"TSC22D3"
"ENSG00000157557","patient5","XGBoost","all",0.000319143030381819,"ETS2"
"ENSG00000157557","patient4","XGBoost","all",0.00147038402004728,"ETS2"
"ENSG00000157557","patient2","XGBoost","all",0.000186639201260127,"ETS2"
"ENSG00000157557","patient3","XGBoost","all",0.000958519134405933,"ETS2"
"ENSG00000157557","patient1","XGBoost","all",0.000104946177173122,"ETS2"
"ENSG00000157557","patient6","XGBoost","all",0.000497116535865812,"ETS2"
"ENSG00000157916","patient1","XGBoost","all",9.45179298397881e-06,"RER1"
"ENSG00000157916","patient4","XGBoost","all",1.26805554674472e-05,"RER1"
"ENSG00000157916","patient3","XGBoost","all",5.84626372004615e-06,"RER1"
"ENSG00000157916","patient2","XGBoost","all",1.23807781587524e-05,"RER1"
"ENSG00000157916","patient5","XGBoost","all",1.46865490752342e-05,"RER1"
"ENSG00000157916","patient6","XGBoost","all",1.1918349909246e-05,"RER1"
"ENSG00000158417","patient1","XGBoost","all",1.2207777019203e-05,"EIF5B"
"ENSG00000158417","patient3","XGBoost","all",1.28343847333204e-05,"EIF5B"
"ENSG00000158417","patient5","XGBoost","all",1.9972388723691e-05,"EIF5B"
"ENSG00000158417","patient2","XGBoost","all",4.63777301790703e-06,"EIF5B"
"ENSG00000158417","patient6","XGBoost","all",1.87627942424078e-05,"EIF5B"
"ENSG00000158417","patient4","XGBoost","all",2.66829162691674e-06,"EIF5B"
"ENSG00000158604","patient3","XGBoost","all",1.02156988814174e-05,"TMED4"
"ENSG00000158604","patient5","XGBoost","all",1.7408194922715e-05,"TMED4"
"ENSG00000158604","patient1","XGBoost","all",8.52921997103788e-06,"TMED4"
"ENSG00000158604","patient6","XGBoost","all",1.76023643817002e-05,"TMED4"
"ENSG00000158604","patient4","XGBoost","all",1.61297484780275e-05,"TMED4"
"ENSG00000158604","patient2","XGBoost","all",9.86889277027061e-06,"TMED4"
"ENSG00000158716","patient6","XGBoost","all",2.17885566555922e-05,"DUSP23"
"ENSG00000158716","patient2","XGBoost","all",2.068246775537e-05,"DUSP23"
"ENSG00000158716","patient3","XGBoost","all",2.44976831476346e-05,"DUSP23"
"ENSG00000158716","patient4","XGBoost","all",1.56276350015863e-05,"DUSP23"
"ENSG00000158716","patient5","XGBoost","all",3.44550894383968e-05,"DUSP23"
"ENSG00000158716","patient1","XGBoost","all",2.51847070238627e-05,"DUSP23"
"ENSG00000158747","patient6","XGBoost","all",2.45486156322703e-05,"NBL1"
"ENSG00000158747","patient4","XGBoost","all",2.45749314687111e-05,"NBL1"
"ENSG00000158747","patient1","XGBoost","all",2.46941711357103e-05,"NBL1"
"ENSG00000158747","patient3","XGBoost","all",3.67586977295924e-05,"NBL1"
"ENSG00000158747","patient5","XGBoost","all",2.63093418727006e-05,"NBL1"
"ENSG00000158747","patient2","XGBoost","all",4.29530849392967e-05,"NBL1"
"ENSG00000158864","patient5","XGBoost","all",1.52000657851773e-05,"NDUFS2"
"ENSG00000158864","patient1","XGBoost","all",8.36288595940924e-06,"NDUFS2"
"ENSG00000158864","patient4","XGBoost","all",4.46508670338957e-06,"NDUFS2"
"ENSG00000158864","patient3","XGBoost","all",4.62216978031132e-06,"NDUFS2"
"ENSG00000158864","patient6","XGBoost","all",8.12711803163133e-06,"NDUFS2"
"ENSG00000158864","patient2","XGBoost","all",1.09157739187841e-05,"NDUFS2"
"ENSG00000158869","patient5","XGBoost","all",0.018463990436604,"FCER1G"
"ENSG00000158869","patient3","XGBoost","all",0.0223673556915431,"FCER1G"
"ENSG00000158869","patient1","XGBoost","all",0.0223666958268028,"FCER1G"
"ENSG00000158869","patient4","XGBoost","all",0.0157875809648023,"FCER1G"
"ENSG00000158869","patient6","XGBoost","all",0.0160016996338772,"FCER1G"
"ENSG00000158869","patient2","XGBoost","all",0.00068919891277221,"FCER1G"
"ENSG00000159069","patient6","XGBoost","all",7.74410839356866e-06,"FBXW5"
"ENSG00000159069","patient5","XGBoost","all",1.47242268997012e-05,"FBXW5"
"ENSG00000159069","patient4","XGBoost","all",1.71571712092551e-05,"FBXW5"
"ENSG00000159069","patient1","XGBoost","all",3.72918952298768e-06,"FBXW5"
"ENSG00000159069","patient3","XGBoost","all",9.45548705098555e-06,"FBXW5"
"ENSG00000159069","patient2","XGBoost","all",6.09987220436757e-06,"FBXW5"
"ENSG00000159128","patient3","XGBoost","all",1.21638816083585e-05,"IFNGR2"
"ENSG00000159128","patient2","XGBoost","all",5.63145823190686e-06,"IFNGR2"
"ENSG00000159128","patient1","XGBoost","all",5.15039836109097e-06,"IFNGR2"
"ENSG00000159128","patient6","XGBoost","all",1.26586411276318e-05,"IFNGR2"
"ENSG00000159128","patient4","XGBoost","all",7.00985335518242e-06,"IFNGR2"
"ENSG00000159128","patient5","XGBoost","all",7.73317779021017e-06,"IFNGR2"
"ENSG00000159176","patient2","XGBoost","all",0.000489253144019609,"CSRP1"
"ENSG00000159176","patient4","XGBoost","all",0.000403443634985599,"CSRP1"
"ENSG00000159176","patient6","XGBoost","all",0.000566151876691622,"CSRP1"
"ENSG00000159176","patient1","XGBoost","all",0.0003101218154497,"CSRP1"
"ENSG00000159176","patient5","XGBoost","all",0.000397377650113727,"CSRP1"
"ENSG00000159176","patient3","XGBoost","all",0.000479540231392151,"CSRP1"
"ENSG00000159189","patient1","XGBoost","all",0.00288528214443903,"C1QC"
"ENSG00000159189","patient2","XGBoost","all",0.000181133101465591,"C1QC"
"ENSG00000159189","patient3","XGBoost","all",0.000189180092161666,"C1QC"
"ENSG00000159189","patient5","XGBoost","all",9.30698155666836e-05,"C1QC"
"ENSG00000159189","patient6","XGBoost","all",0.000132042526311737,"C1QC"
"ENSG00000159189","patient4","XGBoost","all",0.000293311709007129,"C1QC"
"ENSG00000159199","patient3","XGBoost","all",1.25465253685756e-05,"ATP5MC1"
"ENSG00000159199","patient5","XGBoost","all",1.67736283788399e-05,"ATP5MC1"
"ENSG00000159199","patient2","XGBoost","all",6.60595746065765e-06,"ATP5MC1"
"ENSG00000159199","patient6","XGBoost","all",9.8454346354606e-06,"ATP5MC1"
"ENSG00000159199","patient4","XGBoost","all",7.23137515686203e-06,"ATP5MC1"
"ENSG00000159199","patient1","XGBoost","all",1.2923974375332e-05,"ATP5MC1"
"ENSG00000159210","patient6","XGBoost","all",1.04440814160926e-05,"SNF8"
"ENSG00000159210","patient4","XGBoost","all",1.08466272237178e-05,"SNF8"
"ENSG00000159210","patient5","XGBoost","all",9.71984799329244e-06,"SNF8"
"ENSG00000159210","patient1","XGBoost","all",3.55165815843645e-05,"SNF8"
"ENSG00000159210","patient3","XGBoost","all",5.31525786725131e-06,"SNF8"
"ENSG00000159210","patient2","XGBoost","all",1.14820451992704e-05,"SNF8"
"ENSG00000159228","patient6","XGBoost","all",1.75938049587532e-05,"CBR1"
"ENSG00000159228","patient3","XGBoost","all",1.02090999534051e-05,"CBR1"
"ENSG00000159228","patient1","XGBoost","all",1.32422695000759e-05,"CBR1"
"ENSG00000159228","patient5","XGBoost","all",1.78056665992199e-05,"CBR1"
"ENSG00000159228","patient2","XGBoost","all",9.65930850570909e-06,"CBR1"
"ENSG00000159228","patient4","XGBoost","all",9.08093211439071e-06,"CBR1"
"ENSG00000159251","patient2","XGBoost","all",0.000365425237921453,"ACTC1"
"ENSG00000159251","patient1","XGBoost","all",0.00016703925527795,"ACTC1"
"ENSG00000159251","patient6","XGBoost","all",0.000285857333999368,"ACTC1"
"ENSG00000159251","patient3","XGBoost","all",0.000335239246100307,"ACTC1"
"ENSG00000159251","patient5","XGBoost","all",0.000367855496015941,"ACTC1"
"ENSG00000159352","patient4","XGBoost","all",9.38521007819585e-06,"PSMD4"
"ENSG00000159352","patient1","XGBoost","all",1.34676710295026e-05,"PSMD4"
"ENSG00000159352","patient5","XGBoost","all",3.48861563613259e-05,"PSMD4"
"ENSG00000159352","patient3","XGBoost","all",2.16992354873532e-05,"PSMD4"
"ENSG00000159352","patient6","XGBoost","all",1.75629898981122e-05,"PSMD4"
"ENSG00000159352","patient2","XGBoost","all",2.77146539035001e-05,"PSMD4"
"ENSG00000159377","patient3","XGBoost","all",8.71165306349957e-06,"PSMB4"
"ENSG00000159377","patient6","XGBoost","all",8.87390029986037e-06,"PSMB4"
"ENSG00000159377","patient2","XGBoost","all",8.59512204128233e-06,"PSMB4"
"ENSG00000159377","patient1","XGBoost","all",2.20626047249392e-06,"PSMB4"
"ENSG00000159377","patient5","XGBoost","all",1.10089041858886e-05,"PSMB4"
"ENSG00000159377","patient4","XGBoost","all",3.8309920347874e-06,"PSMB4"
"ENSG00000159388","patient4","XGBoost","all",0.000106777901821013,"BTG2"
"ENSG00000159388","patient6","XGBoost","all",2.96860162795259e-05,"BTG2"
"ENSG00000159388","patient5","XGBoost","all",6.8035106017457e-05,"BTG2"
"ENSG00000159388","patient3","XGBoost","all",9.80943127752169e-05,"BTG2"
"ENSG00000159388","patient2","XGBoost","all",7.63845315000508e-05,"BTG2"
"ENSG00000159388","patient1","XGBoost","all",6.52679305261054e-05,"BTG2"
"ENSG00000159403","patient2","XGBoost","all",0.000167394916248552,"C1R"
"ENSG00000159403","patient6","XGBoost","all",0.000194638836735568,"C1R"
"ENSG00000159403","patient4","XGBoost","all",0.000136619242958609,"C1R"
"ENSG00000159403","patient3","XGBoost","all",0.000209969171697688,"C1R"
"ENSG00000159403","patient5","XGBoost","all",0.000114173334150634,"C1R"
"ENSG00000159403","patient1","XGBoost","all",0.000123454121856684,"C1R"
"ENSG00000159658","patient6","XGBoost","all",1.89297961662412e-06,"EFCAB14"
"ENSG00000159658","patient2","XGBoost","all",5.72798851175325e-06,"EFCAB14"
"ENSG00000159658","patient4","XGBoost","all",1.14580805866166e-05,"EFCAB14"
"ENSG00000159658","patient1","XGBoost","all",1.12950794494646e-05,"EFCAB14"
"ENSG00000159658","patient5","XGBoost","all",5.01904573077324e-06,"EFCAB14"
"ENSG00000159658","patient3","XGBoost","all",8.38024562881521e-06,"EFCAB14"
"ENSG00000159720","patient5","XGBoost","all",5.21592976184391e-06,"ATP6V0D1"
"ENSG00000159720","patient1","XGBoost","all",3.70719324147268e-06,"ATP6V0D1"
"ENSG00000159720","patient2","XGBoost","all",1.75710061002975e-06,"ATP6V0D1"
"ENSG00000159720","patient6","XGBoost","all",2.7857712086606e-06,"ATP6V0D1"
"ENSG00000159720","patient3","XGBoost","all",6.92739517285814e-06,"ATP6V0D1"
"ENSG00000159720","patient4","XGBoost","all",1.18285155697749e-05,"ATP6V0D1"
"ENSG00000159840","patient4","XGBoost","all",3.16184076211889e-05,"ZYX"
"ENSG00000159840","patient6","XGBoost","all",2.31073052562096e-05,"ZYX"
"ENSG00000159840","patient3","XGBoost","all",3.01809220920877e-05,"ZYX"
"ENSG00000159840","patient2","XGBoost","all",1.19093653789339e-05,"ZYX"
"ENSG00000159840","patient5","XGBoost","all",5.88875148793894e-05,"ZYX"
"ENSG00000159840","patient1","XGBoost","all",3.38948197870256e-05,"ZYX"
"ENSG00000159884","patient2","XGBoost","all",1.94503132090521e-05,"CCDC107"
"ENSG00000159884","patient3","XGBoost","all",1.45981395976005e-05,"CCDC107"
"ENSG00000159884","patient5","XGBoost","all",2.05212459279232e-05,"CCDC107"
"ENSG00000159884","patient6","XGBoost","all",2.31064488871529e-05,"CCDC107"
"ENSG00000159884","patient1","XGBoost","all",2.02608265949451e-05,"CCDC107"
"ENSG00000159884","patient4","XGBoost","all",4.42567139844228e-05,"CCDC107"
"ENSG00000160014","patient1","XGBoost","all",1.08155557728174e-05,"CALM3"
"ENSG00000160014","patient5","XGBoost","all",5.97209017339936e-06,"CALM3"
"ENSG00000160014","patient6","XGBoost","all",1.77640189778192e-05,"CALM3"
"ENSG00000160014","patient3","XGBoost","all",1.30819564250215e-05,"CALM3"
"ENSG00000160014","patient4","XGBoost","all",1.82667194459959e-05,"CALM3"
"ENSG00000160014","patient2","XGBoost","all",2.16013594374154e-05,"CALM3"
"ENSG00000160075","patient4","XGBoost","all",1.52602375996304e-05,"SSU72"
"ENSG00000160075","patient6","XGBoost","all",1.19482659246316e-05,"SSU72"
"ENSG00000160075","patient2","XGBoost","all",6.26822582840692e-06,"SSU72"
"ENSG00000160075","patient3","XGBoost","all",6.90396400968477e-06,"SSU72"
"ENSG00000160075","patient5","XGBoost","all",7.48429862486707e-06,"SSU72"
"ENSG00000160075","patient1","XGBoost","all",7.00949405220606e-06,"SSU72"
"ENSG00000160194","patient3","XGBoost","all",6.19405734210774e-06,"NDUFV3"
"ENSG00000160194","patient1","XGBoost","all",9.38198800453898e-06,"NDUFV3"
"ENSG00000160194","patient2","XGBoost","all",3.87561014041758e-06,"NDUFV3"
"ENSG00000160194","patient5","XGBoost","all",1.91031669395678e-05,"NDUFV3"
"ENSG00000160194","patient4","XGBoost","all",4.14508184216535e-06,"NDUFV3"
"ENSG00000160194","patient6","XGBoost","all",1.87881581299173e-05,"NDUFV3"
"ENSG00000160213","patient3","XGBoost","all",3.4196902693325e-05,"CSTB"
"ENSG00000160213","patient5","XGBoost","all",2.21442783937943e-05,"CSTB"
"ENSG00000160213","patient4","XGBoost","all",3.62305966090018e-05,"CSTB"
"ENSG00000160213","patient2","XGBoost","all",4.79297472027818e-05,"CSTB"
"ENSG00000160255","patient1","XGBoost","all",0.000218972518887661,"ITGB2"
"ENSG00000160255","patient3","XGBoost","all",0.00013737667300707,"ITGB2"
"ENSG00000160255","patient2","XGBoost","all",0.000177902674069877,"ITGB2"
"ENSG00000160255","patient5","XGBoost","all",0.00015380674139944,"ITGB2"
"ENSG00000160255","patient6","XGBoost","all",0.000120095523602591,"ITGB2"
"ENSG00000160255","patient4","XGBoost","all",0.000346614714621168,"ITGB2"
"ENSG00000160310","patient5","XGBoost","all",1.13827584429062e-05,"PRMT2"
"ENSG00000160310","patient1","XGBoost","all",8.02355062342961e-06,"PRMT2"
"ENSG00000160310","patient3","XGBoost","all",1.69510188995933e-05,"PRMT2"
"ENSG00000160310","patient4","XGBoost","all",2.17512308564689e-05,"PRMT2"
"ENSG00000160310","patient2","XGBoost","all",1.18602080971113e-05,"PRMT2"
"ENSG00000160310","patient6","XGBoost","all",1.65897221975691e-05,"PRMT2"
"ENSG00000160551","patient3","XGBoost","all",1.69065628038082e-05,"TAOK1"
"ENSG00000160551","patient2","XGBoost","all",3.97402701089551e-06,"TAOK1"
"ENSG00000160551","patient4","XGBoost","all",1.33916599083064e-05,"TAOK1"
"ENSG00000160551","patient6","XGBoost","all",3.51813158894478e-06,"TAOK1"
"ENSG00000160551","patient1","XGBoost","all",6.70943887476007e-07,"TAOK1"
"ENSG00000160613","patient6","XGBoost","all",1.53581311978389e-05,"PCSK7"
"ENSG00000160613","patient5","XGBoost","all",8.31942995235938e-06,"PCSK7"
"ENSG00000160613","patient4","XGBoost","all",1.91966462500895e-05,"PCSK7"
"ENSG00000160613","patient2","XGBoost","all",1.76857736422227e-05,"PCSK7"
"ENSG00000160752","patient2","XGBoost","all",1.39608996260585e-05,"FDPS"
"ENSG00000160752","patient3","XGBoost","all",6.66204073940916e-06,"FDPS"
"ENSG00000160752","patient4","XGBoost","all",9.35805110377559e-06,"FDPS"
"ENSG00000160752","patient5","XGBoost","all",3.70709207218292e-06,"FDPS"
"ENSG00000160752","patient6","XGBoost","all",8.270602524825e-06,"FDPS"
"ENSG00000160752","patient1","XGBoost","all",4.26276856898177e-06,"FDPS"
"ENSG00000160789","patient3","XGBoost","all",2.12092656513754e-05,"LMNA"
"ENSG00000160789","patient1","XGBoost","all",2.52620072684434e-05,"LMNA"
"ENSG00000160789","patient6","XGBoost","all",2.35982707406632e-05,"LMNA"
"ENSG00000160789","patient5","XGBoost","all",1.76921030416537e-05,"LMNA"
"ENSG00000160789","patient2","XGBoost","all",2.01876842789818e-05,"LMNA"
"ENSG00000160888","patient6","XGBoost","all",4.02272422383038e-05,"IER2"
"ENSG00000160888","patient3","XGBoost","all",2.64427655390445e-05,"IER2"
"ENSG00000160888","patient1","XGBoost","all",6.05939658314057e-05,"IER2"
"ENSG00000160888","patient4","XGBoost","all",1.5109008751366e-05,"IER2"
"ENSG00000160888","patient5","XGBoost","all",2.90332367029986e-05,"IER2"
"ENSG00000160888","patient2","XGBoost","all",3.80019947785724e-05,"IER2"
"ENSG00000160932","patient2","XGBoost","all",1.33655304401281e-05,"LY6E"
"ENSG00000160932","patient6","XGBoost","all",1.75605858055776e-05,"LY6E"
"ENSG00000160932","patient4","XGBoost","all",2.8344364410842e-05,"LY6E"
"ENSG00000160932","patient3","XGBoost","all",2.18459032810786e-05,"LY6E"
"ENSG00000160932","patient1","XGBoost","all",1.44242300821474e-05,"LY6E"
"ENSG00000160932","patient5","XGBoost","all",1.25083045949653e-05,"LY6E"
"ENSG00000161203","patient1","XGBoost","all",1.21929723709043e-05,"AP2M1"
"ENSG00000161281","patient4","XGBoost","all",1.87780955895802e-05,"COX7A1"
"ENSG00000161281","patient5","XGBoost","all",2.61403659204442e-05,"COX7A1"
"ENSG00000161281","patient1","XGBoost","all",1.84766839255213e-05,"COX7A1"
"ENSG00000161281","patient2","XGBoost","all",2.20323008184166e-05,"COX7A1"
"ENSG00000161281","patient3","XGBoost","all",2.96537603670895e-05,"COX7A1"
"ENSG00000161281","patient6","XGBoost","all",2.92268260701873e-05,"COX7A1"
"ENSG00000161547","patient6","XGBoost","all",1.01407126777617e-05,"SRSF2"
"ENSG00000161547","patient2","XGBoost","all",8.98831581953067e-06,"SRSF2"
"ENSG00000161547","patient5","XGBoost","all",1.72351363924157e-05,"SRSF2"
"ENSG00000161547","patient1","XGBoost","all",1.1125693566712e-05,"SRSF2"
"ENSG00000161547","patient4","XGBoost","all",1.54785718965719e-05,"SRSF2"
"ENSG00000161547","patient3","XGBoost","all",1.00906431648355e-05,"SRSF2"
"ENSG00000161638","patient5","XGBoost","all",4.02588135663204e-05,"ITGA5"
"ENSG00000161638","patient2","XGBoost","all",1.92740757086265e-05,"ITGA5"
"ENSG00000161638","patient4","XGBoost","all",1.72740854934749e-05,"ITGA5"
"ENSG00000161638","patient6","XGBoost","all",2.10017583382526e-05,"ITGA5"
"ENSG00000161638","patient3","XGBoost","all",2.02270289850502e-05,"ITGA5"
"ENSG00000161671","patient6","XGBoost","all",6.35052494447861e-06,"EMC10"
"ENSG00000161671","patient4","XGBoost","all",1.48120695038953e-06,"EMC10"
"ENSG00000161671","patient5","XGBoost","all",7.04386843164287e-06,"EMC10"
"ENSG00000161671","patient1","XGBoost","all",1.88538436530698e-05,"EMC10"
"ENSG00000161671","patient2","XGBoost","all",1.32854245189655e-05,"EMC10"
"ENSG00000161671","patient3","XGBoost","all",1.28033115882185e-05,"EMC10"
"ENSG00000161921","patient5","XGBoost","all",1.0940207138045e-05,"CXCL16"
"ENSG00000161921","patient6","XGBoost","all",1.55002998415684e-05,"CXCL16"
"ENSG00000161921","patient2","XGBoost","all",1.72818004739457e-05,"CXCL16"
"ENSG00000161921","patient4","XGBoost","all",2.9220299186825e-05,"CXCL16"
"ENSG00000161921","patient1","XGBoost","all",7.63946216347742e-06,"CXCL16"
"ENSG00000161921","patient3","XGBoost","all",1.5772871674513e-05,"CXCL16"
"ENSG00000161960","patient4","XGBoost","all",2.45200969355137e-05,"EIF4A1"
"ENSG00000161960","patient6","XGBoost","all",2.36917671796178e-05,"EIF4A1"
"ENSG00000161960","patient1","XGBoost","all",9.00869995431055e-06,"EIF4A1"
"ENSG00000161960","patient2","XGBoost","all",1.2725137036838e-05,"EIF4A1"
"ENSG00000161960","patient3","XGBoost","all",2.48086209336829e-05,"EIF4A1"
"ENSG00000161960","patient5","XGBoost","all",1.10697197191731e-05,"EIF4A1"
"ENSG00000162032","patient4","XGBoost","all",1.65577801725688e-05,"SPSB3"
"ENSG00000162032","patient1","XGBoost","all",9.01293376824298e-06,"SPSB3"
"ENSG00000162032","patient5","XGBoost","all",1.7421152535638e-05,"SPSB3"
"ENSG00000162032","patient2","XGBoost","all",9.52825049217719e-06,"SPSB3"
"ENSG00000162032","patient6","XGBoost","all",8.98578235654441e-06,"SPSB3"
"ENSG00000162191","patient1","XGBoost","all",1.10659839784786e-05,"UBXN1"
"ENSG00000162191","patient2","XGBoost","all",1.59213024992557e-05,"UBXN1"
"ENSG00000162368","patient2","XGBoost","all",3.35127841114414e-05,"CMPK1"
"ENSG00000162368","patient3","XGBoost","all",3.24606753494164e-05,"CMPK1"
"ENSG00000162368","patient1","XGBoost","all",4.93037430116016e-05,"CMPK1"
"ENSG00000162368","patient4","XGBoost","all",4.04327903554645e-05,"CMPK1"
"ENSG00000162368","patient5","XGBoost","all",4.18887758751794e-05,"CMPK1"
"ENSG00000162368","patient6","XGBoost","all",3.60399446508619e-05,"CMPK1"
"ENSG00000162384","patient6","XGBoost","all",1.701393499434e-05,"CZIB"
"ENSG00000162384","patient3","XGBoost","all",4.44345747381871e-06,"CZIB"
"ENSG00000162384","patient4","XGBoost","all",3.47561744115562e-06,"CZIB"
"ENSG00000162384","patient5","XGBoost","all",2.35303682752461e-06,"CZIB"
"ENSG00000162384","patient1","XGBoost","all",4.15987474514659e-06,"CZIB"
"ENSG00000162384","patient2","XGBoost","all",7.68977302063524e-06,"CZIB"
"ENSG00000162385","patient3","XGBoost","all",1.05684748875674e-05,"MAGOH"
"ENSG00000162385","patient6","XGBoost","all",2.4616177389556e-06,"MAGOH"
"ENSG00000162385","patient2","XGBoost","all",1.37973929115859e-05,"MAGOH"
"ENSG00000162385","patient4","XGBoost","all",1.87095234976187e-05,"MAGOH"
"ENSG00000162385","patient5","XGBoost","all",1.24073452608787e-05,"MAGOH"
"ENSG00000162385","patient1","XGBoost","all",7.19226862169723e-06,"MAGOH"
"ENSG00000162407","patient6","XGBoost","all",7.92754207649473e-06,"PLPP3"
"ENSG00000162407","patient3","XGBoost","all",1.70165272370383e-05,"PLPP3"
"ENSG00000162407","patient1","XGBoost","all",1.99065710824224e-05,"PLPP3"
"ENSG00000162407","patient4","XGBoost","all",4.18792493690889e-05,"PLPP3"
"ENSG00000162407","patient2","XGBoost","all",1.77408403772457e-05,"PLPP3"
"ENSG00000162407","patient5","XGBoost","all",1.57826995804163e-05,"PLPP3"
"ENSG00000162434","patient2","XGBoost","all",5.48159826205412e-05,"JAK1"
"ENSG00000162434","patient5","XGBoost","all",4.95278807755872e-05,"JAK1"
"ENSG00000162434","patient1","XGBoost","all",2.40561041982775e-05,"JAK1"
"ENSG00000162434","patient3","XGBoost","all",5.19675465330012e-05,"JAK1"
"ENSG00000162434","patient4","XGBoost","all",3.84680000498804e-05,"JAK1"
"ENSG00000162434","patient6","XGBoost","all",5.58478946507556e-05,"JAK1"
"ENSG00000162444","patient4","XGBoost","all",0.000119347712683657,"RBP7"
"ENSG00000162444","patient2","XGBoost","all",8.10856508693026e-05,"RBP7"
"ENSG00000162444","patient1","XGBoost","all",6.53218555558945e-05,"RBP7"
"ENSG00000162444","patient3","XGBoost","all",5.65293105956256e-05,"RBP7"
"ENSG00000162444","patient6","XGBoost","all",0.000118270655199312,"RBP7"
"ENSG00000162444","patient5","XGBoost","all",0.000113046964198184,"RBP7"
"ENSG00000162458","patient2","XGBoost","all",0.00016360280262906,"FBLIM1"
"ENSG00000162458","patient1","XGBoost","all",0.000535549839353721,"FBLIM1"
"ENSG00000162458","patient4","XGBoost","all",0.000259510574406705,"FBLIM1"
"ENSG00000162458","patient5","XGBoost","all",9.80002616816539e-05,"FBLIM1"
"ENSG00000162458","patient6","XGBoost","all",0.000235655648399056,"FBLIM1"
"ENSG00000162458","patient3","XGBoost","all",0.000192156644881414,"FBLIM1"
"ENSG00000162496","patient6","XGBoost","all",0.000131475240135821,"DHRS3"
"ENSG00000162496","patient3","XGBoost","all",0.000142703041863929,"DHRS3"
"ENSG00000162496","patient4","XGBoost","all",0.000228695004060203,"DHRS3"
"ENSG00000162496","patient5","XGBoost","all",0.000180399259812933,"DHRS3"
"ENSG00000162496","patient2","XGBoost","all",0.000120454493883341,"DHRS3"
"ENSG00000162496","patient1","XGBoost","all",0.000130256555228834,"DHRS3"
"ENSG00000162511","patient4","XGBoost","all",0.0091255576630875,"LAPTM5"
"ENSG00000162511","patient2","XGBoost","all",6.89476418904959e-05,"LAPTM5"
"ENSG00000162511","patient1","XGBoost","all",3.94027710292827e-05,"LAPTM5"
"ENSG00000162511","patient6","XGBoost","all",5.64910135869268e-05,"LAPTM5"
"ENSG00000162511","patient5","XGBoost","all",3.21287143331684e-05,"LAPTM5"
"ENSG00000162511","patient3","XGBoost","all",6.87868372052877e-05,"LAPTM5"
"ENSG00000162517","patient6","XGBoost","all",1.48842162773611e-05,"PEF1"
"ENSG00000162517","patient5","XGBoost","all",8.7936499111969e-06,"PEF1"
"ENSG00000162517","patient2","XGBoost","all",1.20988968463346e-05,"PEF1"
"ENSG00000162517","patient3","XGBoost","all",6.91783093738514e-06,"PEF1"
"ENSG00000162521","patient1","XGBoost","all",1.11471359051063e-05,"RBBP4"
"ENSG00000162521","patient5","XGBoost","all",5.74477202647353e-06,"RBBP4"
"ENSG00000162521","patient2","XGBoost","all",3.72571582704924e-06,"RBBP4"
"ENSG00000162576","patient3","XGBoost","all",1.79204476224123e-05,"MXRA8"
"ENSG00000162576","patient5","XGBoost","all",1.85034619542888e-05,"MXRA8"
"ENSG00000162576","patient4","XGBoost","all",2.44349077751397e-05,"MXRA8"
"ENSG00000162576","patient2","XGBoost","all",2.10422193708281e-05,"MXRA8"
"ENSG00000162576","patient1","XGBoost","all",3.46422904908112e-05,"MXRA8"
"ENSG00000162576","patient6","XGBoost","all",2.40599674654136e-05,"MXRA8"
"ENSG00000162585","patient6","XGBoost","all",9.88173216511241e-06,"FAAP20"
"ENSG00000162585","patient1","XGBoost","all",4.59391139724275e-06,"FAAP20"
"ENSG00000162585","patient4","XGBoost","all",9.14551819582586e-06,"FAAP20"
"ENSG00000162585","patient5","XGBoost","all",8.26285276746452e-06,"FAAP20"
"ENSG00000162585","patient3","XGBoost","all",1.48689543234776e-05,"FAAP20"
"ENSG00000162585","patient2","XGBoost","all",6.47972201358754e-06,"FAAP20"
"ENSG00000162599","patient2","XGBoost","all",5.06886552353533e-05,"NFIA"
"ENSG00000162599","patient1","XGBoost","all",4.31560318987912e-05,"NFIA"
"ENSG00000162599","patient3","XGBoost","all",4.27857773114109e-05,"NFIA"
"ENSG00000162599","patient4","XGBoost","all",2.67341595633224e-05,"NFIA"
"ENSG00000162599","patient6","XGBoost","all",5.42014810405388e-05,"NFIA"
"ENSG00000162599","patient5","XGBoost","all",6.76374746957211e-05,"NFIA"
"ENSG00000162604","patient2","XGBoost","all",7.5822455786594e-06,"TM2D1"
"ENSG00000162604","patient4","XGBoost","all",7.85259636403516e-06,"TM2D1"
"ENSG00000162604","patient5","XGBoost","all",1.45409355750817e-05,"TM2D1"
"ENSG00000162604","patient1","XGBoost","all",6.9500155204615e-06,"TM2D1"
"ENSG00000162604","patient3","XGBoost","all",1.7398608127433e-05,"TM2D1"
"ENSG00000162604","patient6","XGBoost","all",1.22941166850959e-05,"TM2D1"
"ENSG00000162614","patient6","XGBoost","all",9.11533676942133e-05,"NEXN"
"ENSG00000162614","patient2","XGBoost","all",0.00015696511952347,"NEXN"
"ENSG00000162614","patient3","XGBoost","all",0.000237388208393241,"NEXN"
"ENSG00000162614","patient5","XGBoost","all",0.000138365966254867,"NEXN"
"ENSG00000162614","patient1","XGBoost","all",0.00010622388400947,"NEXN"
"ENSG00000162614","patient4","XGBoost","all",0.000109376102769067,"NEXN"
"ENSG00000162616","patient4","XGBoost","all",3.63966304064207e-05,"DNAJB4"
"ENSG00000162616","patient3","XGBoost","all",2.47846420723805e-05,"DNAJB4"
"ENSG00000162616","patient5","XGBoost","all",2.34700343900735e-05,"DNAJB4"
"ENSG00000162616","patient1","XGBoost","all",3.4942320303883e-05,"DNAJB4"
"ENSG00000162616","patient6","XGBoost","all",2.30740974833537e-05,"DNAJB4"
"ENSG00000162616","patient2","XGBoost","all",3.09782852943296e-05,"DNAJB4"
"ENSG00000162618","patient3","XGBoost","all",0.00634503149657605,"ADGRL4"
"ENSG00000162618","patient5","XGBoost","all",0.00290041382442439,"ADGRL4"
"ENSG00000162618","patient1","XGBoost","all",0.00252541945968566,"ADGRL4"
"ENSG00000162618","patient2","XGBoost","all",0.00273815640144962,"ADGRL4"
"ENSG00000162618","patient4","XGBoost","all",0.00552937106590651,"ADGRL4"
"ENSG00000162618","patient6","XGBoost","all",0.001530543201004,"ADGRL4"
"ENSG00000162645","patient3","XGBoost","all",1.24819971225196e-05,"GBP2"
"ENSG00000162645","patient5","XGBoost","all",6.73379941919694e-06,"GBP2"
"ENSG00000162645","patient2","XGBoost","all",7.13930765238334e-06,"GBP2"
"ENSG00000162645","patient1","XGBoost","all",7.44718687701245e-06,"GBP2"
"ENSG00000162645","patient6","XGBoost","all",8.36008953489874e-06,"GBP2"
"ENSG00000162645","patient4","XGBoost","all",1.14713251902768e-05,"GBP2"
"ENSG00000162733","patient1","XGBoost","all",1.31467987362288e-05,"DDR2"
"ENSG00000162733","patient4","XGBoost","all",2.75281855710775e-06,"DDR2"
"ENSG00000162733","patient2","XGBoost","all",1.35964833453598e-05,"DDR2"
"ENSG00000162733","patient6","XGBoost","all",8.87446718203494e-06,"DDR2"
"ENSG00000162733","patient3","XGBoost","all",1.96076961887551e-05,"DDR2"
"ENSG00000162733","patient5","XGBoost","all",9.79118771219266e-06,"DDR2"
"ENSG00000162734","patient5","XGBoost","all",6.80857151056342e-06,"PEA15"
"ENSG00000162734","patient2","XGBoost","all",3.34239251992546e-06,"PEA15"
"ENSG00000162734","patient1","XGBoost","all",2.99654531418796e-06,"PEA15"
"ENSG00000162734","patient3","XGBoost","all",2.19925392142481e-05,"PEA15"
"ENSG00000162734","patient4","XGBoost","all",2.56597602476947e-05,"PEA15"
"ENSG00000162734","patient6","XGBoost","all",1.12453832396074e-05,"PEA15"
"ENSG00000162772","patient6","XGBoost","all",3.23725740389451e-05,"ATF3"
"ENSG00000162772","patient2","XGBoost","all",2.3150887543129e-05,"ATF3"
"ENSG00000162772","patient4","XGBoost","all",2.66187982913805e-05,"ATF3"
"ENSG00000162772","patient3","XGBoost","all",2.53736845829493e-05,"ATF3"
"ENSG00000162772","patient1","XGBoost","all",1.89996284485016e-05,"ATF3"
"ENSG00000162772","patient5","XGBoost","all",3.49193532696493e-05,"ATF3"
"ENSG00000162909","patient3","XGBoost","all",9.55188419745849e-06,"CAPN2"
"ENSG00000162909","patient2","XGBoost","all",1.41063806002965e-05,"CAPN2"
"ENSG00000162909","patient6","XGBoost","all",1.76285405395276e-05,"CAPN2"
"ENSG00000162909","patient4","XGBoost","all",1.60103131969622e-05,"CAPN2"
"ENSG00000162909","patient1","XGBoost","all",9.4147876580404e-06,"CAPN2"
"ENSG00000162909","patient5","XGBoost","all",1.07197455987948e-05,"CAPN2"
"ENSG00000162924","patient4","XGBoost","all",1.4364511287326e-05,"REL"
"ENSG00000162924","patient3","XGBoost","all",6.42942226865066e-06,"REL"
"ENSG00000162924","patient5","XGBoost","all",1.72033452920972e-05,"REL"
"ENSG00000162924","patient1","XGBoost","all",1.34883994625914e-05,"REL"
"ENSG00000162924","patient6","XGBoost","all",1.43161206762073e-05,"REL"
"ENSG00000162961","patient5","XGBoost","all",6.88547013840482e-06,"DPY30"
"ENSG00000162961","patient6","XGBoost","all",1.39985300946137e-05,"DPY30"
"ENSG00000162961","patient1","XGBoost","all",2.69117176438658e-06,"DPY30"
"ENSG00000162961","patient2","XGBoost","all",9.90150463580651e-06,"DPY30"
"ENSG00000162961","patient3","XGBoost","all",1.32066358836089e-05,"DPY30"
"ENSG00000162998","patient5","XGBoost","all",3.67161556945675e-05,"FRZB"
"ENSG00000162998","patient4","XGBoost","all",2.85957861802801e-05,"FRZB"
"ENSG00000162998","patient6","XGBoost","all",4.05140092240166e-05,"FRZB"
"ENSG00000162998","patient3","XGBoost","all",0.000101766554389434,"FRZB"
"ENSG00000162998","patient2","XGBoost","all",6.19432647790925e-05,"FRZB"
"ENSG00000162998","patient1","XGBoost","all",3.56096262550784e-05,"FRZB"
"ENSG00000163001","patient6","XGBoost","all",2.17787141016002e-05,"CFAP36"
"ENSG00000163001","patient2","XGBoost","all",2.60130050772004e-05,"CFAP36"
"ENSG00000163001","patient1","XGBoost","all",1.45727683007384e-05,"CFAP36"
"ENSG00000163001","patient5","XGBoost","all",2.16122893356675e-05,"CFAP36"
"ENSG00000163001","patient4","XGBoost","all",1.25381900334317e-05,"CFAP36"
"ENSG00000163001","patient3","XGBoost","all",1.28877906109989e-05,"CFAP36"
"ENSG00000163017","patient2","XGBoost","all",0.000987888989133295,"ACTG2"
"ENSG00000163017","patient1","XGBoost","all",0.000747694532353557,"ACTG2"
"ENSG00000163017","patient6","XGBoost","all",0.000583998038816965,"ACTG2"
"ENSG00000163017","patient3","XGBoost","all",0.000842614000112773,"ACTG2"
"ENSG00000163017","patient5","XGBoost","all",0.000581012022885566,"ACTG2"
"ENSG00000163017","patient4","XGBoost","all",0.000583036777713476,"ACTG2"
"ENSG00000163069","patient5","XGBoost","all",1.2855723616671e-05,"SGCB"
"ENSG00000163069","patient1","XGBoost","all",1.00709421713847e-05,"SGCB"
"ENSG00000163069","patient6","XGBoost","all",1.30539920111285e-05,"SGCB"
"ENSG00000163069","patient2","XGBoost","all",1.53500935160006e-05,"SGCB"
"ENSG00000163069","patient3","XGBoost","all",5.18488940295877e-06,"SGCB"
"ENSG00000163069","patient4","XGBoost","all",1.13976907345786e-05,"SGCB"
"ENSG00000163110","patient1","XGBoost","all",1.61378575696544e-05,"PDLIM5"
"ENSG00000163110","patient2","XGBoost","all",1.39682670338674e-05,"PDLIM5"
"ENSG00000163110","patient4","XGBoost","all",1.7253705670236e-05,"PDLIM5"
"ENSG00000163110","patient5","XGBoost","all",1.37236930382054e-05,"PDLIM5"
"ENSG00000163110","patient6","XGBoost","all",1.7941805177099e-05,"PDLIM5"
"ENSG00000163110","patient3","XGBoost","all",2.48314057827206e-05,"PDLIM5"
"ENSG00000163131","patient5","XGBoost","all",5.03828879343376e-05,"CTSS"
"ENSG00000163131","patient2","XGBoost","all",0.000310093849925045,"CTSS"
"ENSG00000163131","patient1","XGBoost","all",0.000208109877949577,"CTSS"
"ENSG00000163131","patient6","XGBoost","all",3.96988710655686e-05,"CTSS"
"ENSG00000163131","patient3","XGBoost","all",0.000113190675609965,"CTSS"
"ENSG00000163131","patient4","XGBoost","all",5.9124347472849e-05,"CTSS"
"ENSG00000163171","patient2","XGBoost","all",1.07284714902882e-05,"CDC42EP3"
"ENSG00000163171","patient3","XGBoost","all",1.17322234170963e-05,"CDC42EP3"
"ENSG00000163171","patient5","XGBoost","all",9.07703027090112e-06,"CDC42EP3"
"ENSG00000163171","patient1","XGBoost","all",1.71535256117747e-05,"CDC42EP3"
"ENSG00000163171","patient4","XGBoost","all",2.22457373430749e-05,"CDC42EP3"
"ENSG00000163171","patient6","XGBoost","all",1.09766497929836e-05,"CDC42EP3"
"ENSG00000163220","patient3","XGBoost","all",6.83390234363868e-05,"S100A9"
"ENSG00000163220","patient4","XGBoost","all",6.21497653136202e-05,"S100A9"
"ENSG00000163220","patient2","XGBoost","all",4.9394770522481e-05,"S100A9"
"ENSG00000163220","patient6","XGBoost","all",4.64655863927065e-05,"S100A9"
"ENSG00000163220","patient1","XGBoost","all",6.23256038759945e-05,"S100A9"
"ENSG00000163220","patient5","XGBoost","all",8.17904987087128e-05,"S100A9"
"ENSG00000163319","patient2","XGBoost","all",1.1257334655647e-05,"MRPS18C"
"ENSG00000163319","patient3","XGBoost","all",5.16811937174038e-06,"MRPS18C"
"ENSG00000163319","patient6","XGBoost","all",6.16617727962743e-06,"MRPS18C"
"ENSG00000163319","patient4","XGBoost","all",7.57802770436153e-06,"MRPS18C"
"ENSG00000163319","patient5","XGBoost","all",2.3673506111853e-05,"MRPS18C"
"ENSG00000163319","patient1","XGBoost","all",9.75873153418123e-06,"MRPS18C"
"ENSG00000163320","patient1","XGBoost","all",8.44781551151693e-06,"CGGBP1"
"ENSG00000163320","patient4","XGBoost","all",3.3785640328926e-05,"CGGBP1"
"ENSG00000163320","patient5","XGBoost","all",1.07687063112132e-05,"CGGBP1"
"ENSG00000163320","patient2","XGBoost","all",5.40931062247888e-06,"CGGBP1"
"ENSG00000163320","patient6","XGBoost","all",1.21985632533573e-05,"CGGBP1"
"ENSG00000163320","patient3","XGBoost","all",5.93258268993466e-06,"CGGBP1"
"ENSG00000163344","patient3","XGBoost","all",1.26116422763328e-05,"PMVK"
"ENSG00000163346","patient1","XGBoost","all",2.56681764343969e-06,"PBXIP1"
"ENSG00000163346","patient2","XGBoost","all",1.02954458131682e-05,"PBXIP1"
"ENSG00000163346","patient6","XGBoost","all",9.40049685399392e-06,"PBXIP1"
"ENSG00000163346","patient5","XGBoost","all",1.12374146346973e-05,"PBXIP1"
"ENSG00000163346","patient4","XGBoost","all",1.07714650145983e-05,"PBXIP1"
"ENSG00000163346","patient3","XGBoost","all",1.26170449163263e-05,"PBXIP1"
"ENSG00000163359","patient4","XGBoost","all",0.000129302974414436,"COL6A3"
"ENSG00000163359","patient2","XGBoost","all",0.000104314452138308,"COL6A3"
"ENSG00000163359","patient6","XGBoost","all",0.000111273215270776,"COL6A3"
"ENSG00000163359","patient5","XGBoost","all",8.57514363853786e-05,"COL6A3"
"ENSG00000163359","patient3","XGBoost","all",0.000105747661336391,"COL6A3"
"ENSG00000163359","patient1","XGBoost","all",2.77532820296361e-05,"COL6A3"
"ENSG00000163399","patient6","XGBoost","all",9.5277786170287e-06,"ATP1A1"
"ENSG00000163399","patient3","XGBoost","all",5.85629789871993e-06,"ATP1A1"
"ENSG00000163399","patient1","XGBoost","all",7.10463748602726e-06,"ATP1A1"
"ENSG00000163399","patient5","XGBoost","all",9.62782879214122e-06,"ATP1A1"
"ENSG00000163399","patient2","XGBoost","all",5.69994854449062e-06,"ATP1A1"
"ENSG00000163399","patient4","XGBoost","all",1.07741139353303e-05,"ATP1A1"
"ENSG00000163430","patient6","XGBoost","all",8.11153624016554e-05,"FSTL1"
"ENSG00000163430","patient2","XGBoost","all",9.02259472720857e-05,"FSTL1"
"ENSG00000163430","patient5","XGBoost","all",8.86419512383106e-05,"FSTL1"
"ENSG00000163430","patient1","XGBoost","all",9.17465479631641e-05,"FSTL1"
"ENSG00000163430","patient3","XGBoost","all",9.63053880717082e-05,"FSTL1"
"ENSG00000163430","patient4","XGBoost","all",0.000122171463813612,"FSTL1"
"ENSG00000163431","patient2","XGBoost","all",5.53200770056016e-05,"LMOD1"
"ENSG00000163431","patient3","XGBoost","all",0.000112643717859514,"LMOD1"
"ENSG00000163431","patient4","XGBoost","all",0.000108392350156435,"LMOD1"
"ENSG00000163431","patient5","XGBoost","all",0.000135246814631899,"LMOD1"
"ENSG00000163431","patient1","XGBoost","all",0.000105854276570619,"LMOD1"
"ENSG00000163431","patient6","XGBoost","all",8.91373952725376e-05,"LMOD1"
"ENSG00000163453","patient3","XGBoost","all",0.000551464350236288,"IGFBP7"
"ENSG00000163453","patient1","XGBoost","all",0.00189263029087369,"IGFBP7"
"ENSG00000163453","patient4","XGBoost","all",0.000506077141842385,"IGFBP7"
"ENSG00000163453","patient5","XGBoost","all",0.000506229658425968,"IGFBP7"
"ENSG00000163453","patient2","XGBoost","all",0.000533710169666238,"IGFBP7"
"ENSG00000163453","patient6","XGBoost","all",0.000563163677868655,"IGFBP7"
"ENSG00000163463","patient6","XGBoost","all",2.06130308008156e-05,"KRTCAP2"
"ENSG00000163463","patient2","XGBoost","all",4.47764538956642e-06,"KRTCAP2"
"ENSG00000163463","patient5","XGBoost","all",1.70064515738159e-05,"KRTCAP2"
"ENSG00000163463","patient3","XGBoost","all",2.36856288825216e-05,"KRTCAP2"
"ENSG00000163463","patient4","XGBoost","all",2.44407873851066e-05,"KRTCAP2"
"ENSG00000163463","patient1","XGBoost","all",1.07533208556511e-05,"KRTCAP2"
"ENSG00000163468","patient6","XGBoost","all",1.28045041076407e-05,"CCT3"
"ENSG00000163468","patient1","XGBoost","all",6.49624723666763e-06,"CCT3"
"ENSG00000163468","patient2","XGBoost","all",5.7566916641446e-06,"CCT3"
"ENSG00000163468","patient3","XGBoost","all",1.17849048464184e-05,"CCT3"
"ENSG00000163468","patient5","XGBoost","all",1.37104564336167e-05,"CCT3"
"ENSG00000163468","patient4","XGBoost","all",1.59567448658004e-05,"CCT3"
"ENSG00000163513","patient5","XGBoost","all",4.13866125760808e-05,"TGFBR2"
"ENSG00000163513","patient2","XGBoost","all",5.05270453092995e-06,"TGFBR2"
"ENSG00000163513","patient6","XGBoost","all",1.69697836215621e-05,"TGFBR2"
"ENSG00000163513","patient3","XGBoost","all",1.76082581716646e-05,"TGFBR2"
"ENSG00000163513","patient1","XGBoost","all",1.33508275404342e-05,"TGFBR2"
"ENSG00000163513","patient4","XGBoost","all",1.09696574104336e-05,"TGFBR2"
"ENSG00000163520","patient4","XGBoost","all",0.00012613627645568,"FBLN2"
"ENSG00000163520","patient5","XGBoost","all",0.000113444731915845,"FBLN2"
"ENSG00000163520","patient1","XGBoost","all",0.000108553762850918,"FBLN2"
"ENSG00000163520","patient3","XGBoost","all",0.00011284087704863,"FBLN2"
"ENSG00000163520","patient2","XGBoost","all",0.000107334986704157,"FBLN2"
"ENSG00000163520","patient6","XGBoost","all",0.000144591730017608,"FBLN2"
"ENSG00000163541","patient1","XGBoost","all",1.03781458440968e-05,"SUCLG1"
"ENSG00000163541","patient3","XGBoost","all",7.41190775074639e-06,"SUCLG1"
"ENSG00000163541","patient5","XGBoost","all",6.85194928975826e-06,"SUCLG1"
"ENSG00000163541","patient6","XGBoost","all",1.12735609111602e-05,"SUCLG1"
"ENSG00000163541","patient2","XGBoost","all",5.96285078805127e-06,"SUCLG1"
"ENSG00000163541","patient4","XGBoost","all",1.6785782907962e-05,"SUCLG1"
"ENSG00000163563","patient2","XGBoost","all",0.000408840410257617,"MNDA"
"ENSG00000163563","patient3","XGBoost","all",0.00015774906502022,"MNDA"
"ENSG00000163563","patient6","XGBoost","all",0.00019359560282957,"MNDA"
"ENSG00000163563","patient5","XGBoost","all",0.000415055430033249,"MNDA"
"ENSG00000163563","patient1","XGBoost","all",0.000556952305692297,"MNDA"
"ENSG00000163565","patient5","XGBoost","all",1.77342633322181e-05,"IFI16"
"ENSG00000163565","patient6","XGBoost","all",7.89361592095836e-06,"IFI16"
"ENSG00000163565","patient3","XGBoost","all",1.94485527116073e-05,"IFI16"
"ENSG00000163565","patient1","XGBoost","all",1.71053740319449e-05,"IFI16"
"ENSG00000163565","patient2","XGBoost","all",1.64779990444462e-05,"IFI16"
"ENSG00000163565","patient4","XGBoost","all",1.49319034267534e-05,"IFI16"
"ENSG00000163584","patient1","XGBoost","all",9.42677223226965e-06,"RPL22L1"
"ENSG00000163584","patient4","XGBoost","all",1.20872257415348e-05,"RPL22L1"
"ENSG00000163584","patient3","XGBoost","all",7.43451736672614e-06,"RPL22L1"
"ENSG00000163584","patient6","XGBoost","all",1.12300390123151e-05,"RPL22L1"
"ENSG00000163584","patient2","XGBoost","all",6.67076604310223e-06,"RPL22L1"
"ENSG00000163584","patient5","XGBoost","all",2.09837629613571e-05,"RPL22L1"
"ENSG00000163634","patient1","XGBoost","all",8.74212963875167e-06,"THOC7"
"ENSG00000163634","patient4","XGBoost","all",5.78219226073771e-06,"THOC7"
"ENSG00000163634","patient5","XGBoost","all",2.25341165483321e-05,"THOC7"
"ENSG00000163634","patient2","XGBoost","all",8.95582961704993e-06,"THOC7"
"ENSG00000163634","patient3","XGBoost","all",7.37425615941814e-06,"THOC7"
"ENSG00000163634","patient6","XGBoost","all",9.16086217354791e-06,"THOC7"
"ENSG00000163660","patient6","XGBoost","all",4.6741604666472e-06,"CCNL1"
"ENSG00000163660","patient4","XGBoost","all",7.96253594463569e-06,"CCNL1"
"ENSG00000163660","patient5","XGBoost","all",4.62557990960318e-06,"CCNL1"
"ENSG00000163660","patient3","XGBoost","all",4.05229860072212e-06,"CCNL1"
"ENSG00000163660","patient1","XGBoost","all",1.2077116796439e-05,"CCNL1"
"ENSG00000163660","patient2","XGBoost","all",1.06753383873022e-05,"CCNL1"
"ENSG00000163681","patient3","XGBoost","all",1.50614694572663e-05,"SLMAP"
"ENSG00000163681","patient4","XGBoost","all",2.82162156390635e-05,"SLMAP"
"ENSG00000163681","patient5","XGBoost","all",1.59058372019808e-05,"SLMAP"
"ENSG00000163681","patient2","XGBoost","all",1.6737020207576e-05,"SLMAP"
"ENSG00000163681","patient6","XGBoost","all",1.13682174314532e-05,"SLMAP"
"ENSG00000163681","patient1","XGBoost","all",9.61661772277304e-06,"SLMAP"
"ENSG00000163683","patient4","XGBoost","all",2.57830316157507e-05,"SMIM14"
"ENSG00000163683","patient3","XGBoost","all",1.70536887826721e-05,"SMIM14"
"ENSG00000163683","patient2","XGBoost","all",1.0523424254147e-05,"SMIM14"
"ENSG00000163683","patient6","XGBoost","all",7.60086857724833e-06,"SMIM14"
"ENSG00000163683","patient5","XGBoost","all",7.51970964204947e-06,"SMIM14"
"ENSG00000163683","patient1","XGBoost","all",5.33510839895933e-06,"SMIM14"
"ENSG00000163710","patient2","XGBoost","all",0.000218632641400116,"PCOLCE2"
"ENSG00000163710","patient5","XGBoost","all",0.000108311372062427,"PCOLCE2"
"ENSG00000163710","patient3","XGBoost","all",0.000253598228136247,"PCOLCE2"
"ENSG00000163710","patient6","XGBoost","all",0.00010698322167845,"PCOLCE2"
"ENSG00000163710","patient4","XGBoost","all",0.000184654209300114,"PCOLCE2"
"ENSG00000163710","patient1","XGBoost","all",0.000463812510799296,"PCOLCE2"
"ENSG00000163714","patient3","XGBoost","all",3.63411363171845e-06,"U2SURP"
"ENSG00000163714","patient5","XGBoost","all",1.13365853222154e-05,"U2SURP"
"ENSG00000163714","patient4","XGBoost","all",1.911737581017e-05,"U2SURP"
"ENSG00000163714","patient1","XGBoost","all",1.07468979295996e-05,"U2SURP"
"ENSG00000163714","patient2","XGBoost","all",1.75558156738646e-05,"U2SURP"
"ENSG00000163714","patient6","XGBoost","all",1.12799011717676e-05,"U2SURP"
"ENSG00000163754","patient5","XGBoost","all",1.11617466700929e-05,"GYG1"
"ENSG00000163754","patient3","XGBoost","all",2.85226431155671e-06,"GYG1"
"ENSG00000163754","patient6","XGBoost","all",4.77636000508484e-06,"GYG1"
"ENSG00000163754","patient2","XGBoost","all",7.75969562887893e-06,"GYG1"
"ENSG00000163754","patient1","XGBoost","all",2.71532105544418e-06,"GYG1"
"ENSG00000163848","patient2","XGBoost","all",8.29219183816706e-06,"ZNF148"
"ENSG00000163848","patient3","XGBoost","all",5.74823258220194e-06,"ZNF148"
"ENSG00000163848","patient1","XGBoost","all",8.97043862899669e-06,"ZNF148"
"ENSG00000163848","patient6","XGBoost","all",1.64233675294181e-05,"ZNF148"
"ENSG00000163875","patient4","XGBoost","all",1.86336475221008e-05,"MEAF6"
"ENSG00000163875","patient3","XGBoost","all",2.54115500951535e-05,"MEAF6"
"ENSG00000163875","patient1","XGBoost","all",1.1276512727565e-05,"MEAF6"
"ENSG00000163875","patient6","XGBoost","all",7.27948337030796e-06,"MEAF6"
"ENSG00000163875","patient2","XGBoost","all",1.81147925758568e-05,"MEAF6"
"ENSG00000163875","patient5","XGBoost","all",1.98231266325313e-05,"MEAF6"
"ENSG00000163902","patient1","XGBoost","all",1.86638581956548e-06,"RPN1"
"ENSG00000163902","patient5","XGBoost","all",1.17907612798184e-05,"RPN1"
"ENSG00000163902","patient6","XGBoost","all",7.43804394201119e-06,"RPN1"
"ENSG00000163902","patient4","XGBoost","all",1.54466528498918e-05,"RPN1"
"ENSG00000163902","patient2","XGBoost","all",5.18763441398813e-06,"RPN1"
"ENSG00000163902","patient3","XGBoost","all",7.91411810889995e-06,"RPN1"
"ENSG00000163931","patient1","XGBoost","all",3.33048259294616e-05,"TKT"
"ENSG00000163931","patient2","XGBoost","all",1.63902493883377e-05,"TKT"
"ENSG00000163931","patient3","XGBoost","all",1.39565393070101e-05,"TKT"
"ENSG00000163931","patient5","XGBoost","all",1.42586115088232e-05,"TKT"
"ENSG00000163931","patient6","XGBoost","all",2.49246640710325e-05,"TKT"
"ENSG00000163931","patient4","XGBoost","all",5.75369701132497e-05,"TKT"
"ENSG00000163956","patient4","XGBoost","all",1.33345439299999e-05,"LRPAP1"
"ENSG00000163956","patient1","XGBoost","all",9.15564743784345e-06,"LRPAP1"
"ENSG00000163956","patient3","XGBoost","all",1.47615523892504e-05,"LRPAP1"
"ENSG00000163956","patient2","XGBoost","all",1.50777310155294e-05,"LRPAP1"
"ENSG00000163956","patient5","XGBoost","all",1.25893679483957e-05,"LRPAP1"
"ENSG00000163956","patient6","XGBoost","all",4.38804535987161e-06,"LRPAP1"
"ENSG00000164022","patient1","XGBoost","all",1.25402280567191e-05,"AIMP1"
"ENSG00000164022","patient5","XGBoost","all",1.10863716467375e-05,"AIMP1"
"ENSG00000164022","patient6","XGBoost","all",1.29725231475464e-05,"AIMP1"
"ENSG00000164022","patient3","XGBoost","all",2.43458858043955e-05,"AIMP1"
"ENSG00000164022","patient4","XGBoost","all",1.87214913068196e-05,"AIMP1"
"ENSG00000164022","patient2","XGBoost","all",1.39051420731931e-05,"AIMP1"
"ENSG00000164031","patient4","XGBoost","all",3.05725247398214e-05,"DNAJB14"
"ENSG00000164031","patient3","XGBoost","all",3.04866226095997e-05,"DNAJB14"
"ENSG00000164031","patient2","XGBoost","all",5.45477498949241e-06,"DNAJB14"
"ENSG00000164031","patient5","XGBoost","all",9.021056792972e-06,"DNAJB14"
"ENSG00000164031","patient6","XGBoost","all",2.25168515944846e-05,"DNAJB14"
"ENSG00000164031","patient1","XGBoost","all",9.80226494649614e-06,"DNAJB14"
"ENSG00000164032","patient1","XGBoost","all",2.80053824325789e-05,"H2AZ1"
"ENSG00000164032","patient6","XGBoost","all",2.38868614226064e-05,"H2AZ1"
"ENSG00000164032","patient4","XGBoost","all",1.54627728891913e-05,"H2AZ1"
"ENSG00000164032","patient5","XGBoost","all",3.29363611066946e-05,"H2AZ1"
"ENSG00000164032","patient3","XGBoost","all",2.16367857632828e-05,"H2AZ1"
"ENSG00000164032","patient2","XGBoost","all",2.44709285932803e-05,"H2AZ1"
"ENSG00000164035","patient1","XGBoost","all",0.00017889340108149,"EMCN"
"ENSG00000164035","patient4","XGBoost","all",0.000111033044649251,"EMCN"
"ENSG00000164035","patient2","XGBoost","all",0.000159792919858817,"EMCN"
"ENSG00000164039","patient3","XGBoost","all",3.05041671557624e-05,"BDH2"
"ENSG00000164039","patient1","XGBoost","all",5.81114030847488e-06,"BDH2"
"ENSG00000164039","patient2","XGBoost","all",1.83674542673058e-05,"BDH2"
"ENSG00000164039","patient4","XGBoost","all",1.08996667484954e-05,"BDH2"
"ENSG00000164039","patient6","XGBoost","all",2.47944419178978e-05,"BDH2"
"ENSG00000164039","patient5","XGBoost","all",1.7670073549731e-05,"BDH2"
"ENSG00000164040","patient5","XGBoost","all",1.07274232944424e-05,"PGRMC2"
"ENSG00000164040","patient6","XGBoost","all",6.80594755672985e-06,"PGRMC2"
"ENSG00000164040","patient3","XGBoost","all",6.63559951227982e-06,"PGRMC2"
"ENSG00000164040","patient4","XGBoost","all",1.04807828340397e-05,"PGRMC2"
"ENSG00000164040","patient1","XGBoost","all",1.96927238585711e-05,"PGRMC2"
"ENSG00000164040","patient2","XGBoost","all",7.70523549771369e-06,"PGRMC2"
"ENSG00000164054","patient2","XGBoost","all",7.17648352113144e-06,"SHISA5"
"ENSG00000164054","patient6","XGBoost","all",6.66913833230444e-06,"SHISA5"
"ENSG00000164054","patient3","XGBoost","all",5.93137464385354e-06,"SHISA5"
"ENSG00000164054","patient5","XGBoost","all",2.20275738550572e-06,"SHISA5"
"ENSG00000164054","patient4","XGBoost","all",1.22138972776051e-05,"SHISA5"
"ENSG00000164054","patient1","XGBoost","all",5.08109918800339e-06,"SHISA5"
"ENSG00000164056","patient5","XGBoost","all",1.51182716285778e-05,"SPRY1"
"ENSG00000164056","patient4","XGBoost","all",3.54647187450822e-05,"SPRY1"
"ENSG00000164056","patient1","XGBoost","all",1.29010242452347e-05,"SPRY1"
"ENSG00000164056","patient3","XGBoost","all",1.57484983491841e-05,"SPRY1"
"ENSG00000164056","patient2","XGBoost","all",2.4103692459941e-05,"SPRY1"
"ENSG00000164056","patient6","XGBoost","all",2.61152617366988e-05,"SPRY1"
"ENSG00000164104","patient2","XGBoost","all",4.16400941786685e-05,"HMGB2"
"ENSG00000164104","patient4","XGBoost","all",7.67546317320014e-05,"HMGB2"
"ENSG00000164104","patient1","XGBoost","all",3.00372457995763e-05,"HMGB2"
"ENSG00000164104","patient6","XGBoost","all",4.91007705439643e-05,"HMGB2"
"ENSG00000164104","patient5","XGBoost","all",3.4031527391278e-05,"HMGB2"
"ENSG00000164104","patient3","XGBoost","all",2.87707344377646e-05,"HMGB2"
"ENSG00000164105","patient2","XGBoost","all",1.01137738790489e-05,"SAP30"
"ENSG00000164105","patient1","XGBoost","all",1.33022819796682e-05,"SAP30"
"ENSG00000164105","patient6","XGBoost","all",1.08334448288923e-05,"SAP30"
"ENSG00000164105","patient4","XGBoost","all",1.02712109159209e-05,"SAP30"
"ENSG00000164105","patient3","XGBoost","all",1.38131834939378e-05,"SAP30"
"ENSG00000164105","patient5","XGBoost","all",1.89477515322233e-05,"SAP30"
"ENSG00000164106","patient4","XGBoost","all",0.000255698318739876,"SCRG1"
"ENSG00000164106","patient2","XGBoost","all",4.42047205487706e-05,"SCRG1"
"ENSG00000164106","patient5","XGBoost","all",4.4697279577994e-05,"SCRG1"
"ENSG00000164106","patient1","XGBoost","all",5.16220838399192e-05,"SCRG1"
"ENSG00000164106","patient6","XGBoost","all",2.68400856780856e-05,"SCRG1"
"ENSG00000164106","patient3","XGBoost","all",8.68814968306597e-05,"SCRG1"
"ENSG00000164116","patient4","XGBoost","all",0.000239234550401839,"GUCY1A1"
"ENSG00000164116","patient1","XGBoost","all",0.00021207184503606,"GUCY1A1"
"ENSG00000164116","patient2","XGBoost","all",0.000205452879114952,"GUCY1A1"
"ENSG00000164116","patient3","XGBoost","all",0.000304957347286116,"GUCY1A1"
"ENSG00000164116","patient6","XGBoost","all",0.000287745761488116,"GUCY1A1"
"ENSG00000164116","patient5","XGBoost","all",0.000146658454137054,"GUCY1A1"
"ENSG00000164125","patient2","XGBoost","all",3.15522667598589e-05,"GASK1B"
"ENSG00000164125","patient4","XGBoost","all",5.42411325836962e-05,"GASK1B"
"ENSG00000164125","patient6","XGBoost","all",1.64126572260497e-05,"GASK1B"
"ENSG00000164125","patient3","XGBoost","all",4.50031020850399e-05,"GASK1B"
"ENSG00000164125","patient5","XGBoost","all",4.76947505358737e-05,"GASK1B"
"ENSG00000164125","patient1","XGBoost","all",3.24109157701924e-05,"GASK1B"
"ENSG00000164172","patient2","XGBoost","all",3.60500100142264e-06,"MOCS2"
"ENSG00000164172","patient4","XGBoost","all",5.00734016952102e-06,"MOCS2"
"ENSG00000164172","patient5","XGBoost","all",3.31812305418186e-06,"MOCS2"
"ENSG00000164172","patient3","XGBoost","all",6.25113059735552e-06,"MOCS2"
"ENSG00000164172","patient1","XGBoost","all",7.36780860516321e-06,"MOCS2"
"ENSG00000164172","patient6","XGBoost","all",4.98527173435227e-06,"MOCS2"
"ENSG00000164176","patient3","XGBoost","all",0.000116819526181268,"EDIL3"
"ENSG00000164176","patient6","XGBoost","all",6.6443939609481e-05,"EDIL3"
"ENSG00000164176","patient2","XGBoost","all",4.05368172931876e-05,"EDIL3"
"ENSG00000164176","patient4","XGBoost","all",4.23161558851047e-05,"EDIL3"
"ENSG00000164176","patient1","XGBoost","all",4.91329715304814e-05,"EDIL3"
"ENSG00000164176","patient5","XGBoost","all",4.71829651242123e-05,"EDIL3"
"ENSG00000164182","patient3","XGBoost","all",1.24213149007218e-05,"NDUFAF2"
"ENSG00000164182","patient1","XGBoost","all",2.18400103096828e-05,"NDUFAF2"
"ENSG00000164182","patient2","XGBoost","all",4.82686762526261e-06,"NDUFAF2"
"ENSG00000164182","patient6","XGBoost","all",9.4872789043313e-06,"NDUFAF2"
"ENSG00000164182","patient4","XGBoost","all",8.59715982702299e-06,"NDUFAF2"
"ENSG00000164182","patient5","XGBoost","all",1.85635257600294e-05,"NDUFAF2"
"ENSG00000164190","patient6","XGBoost","all",3.43789784568413e-06,"NIPBL"
"ENSG00000164190","patient4","XGBoost","all",4.15795734059896e-06,"NIPBL"
"ENSG00000164190","patient3","XGBoost","all",8.35783172767938e-06,"NIPBL"
"ENSG00000164190","patient2","XGBoost","all",4.33286674680158e-06,"NIPBL"
"ENSG00000164190","patient1","XGBoost","all",1.73710771451049e-05,"NIPBL"
"ENSG00000164190","patient5","XGBoost","all",9.45556151320523e-06,"NIPBL"
"ENSG00000164258","patient6","XGBoost","all",2.30365196677367e-05,"NDUFS4"
"ENSG00000164258","patient5","XGBoost","all",9.70225601880969e-06,"NDUFS4"
"ENSG00000164258","patient3","XGBoost","all",2.04864937671499e-05,"NDUFS4"
"ENSG00000164258","patient4","XGBoost","all",1.65938253756891e-05,"NDUFS4"
"ENSG00000164258","patient1","XGBoost","all",1.38205950049515e-05,"NDUFS4"
"ENSG00000164258","patient2","XGBoost","all",1.32214561026016e-05,"NDUFS4"
"ENSG00000164294","patient3","XGBoost","all",1.95886238530744e-05,"GPX8"
"ENSG00000164323","patient5","XGBoost","all",1.01967485970522e-05,"CFAP97"
"ENSG00000164323","patient6","XGBoost","all",1.33728415405879e-05,"CFAP97"
"ENSG00000164323","patient3","XGBoost","all",1.14522685045746e-05,"CFAP97"
"ENSG00000164323","patient1","XGBoost","all",1.71148192064935e-05,"CFAP97"
"ENSG00000164323","patient2","XGBoost","all",5.69268114078845e-06,"CFAP97"
"ENSG00000164323","patient4","XGBoost","all",6.39972974886145e-06,"CFAP97"
"ENSG00000164330","patient5","XGBoost","all",2.51657302353037e-05,"EBF1"
"ENSG00000164330","patient4","XGBoost","all",2.009962266903e-05,"EBF1"
"ENSG00000164330","patient6","XGBoost","all",4.15142966485841e-05,"EBF1"
"ENSG00000164330","patient1","XGBoost","all",1.65009524740081e-05,"EBF1"
"ENSG00000164330","patient2","XGBoost","all",2.1865133427301e-05,"EBF1"
"ENSG00000164330","patient3","XGBoost","all",3.60133245738185e-05,"EBF1"
"ENSG00000164346","patient6","XGBoost","all",1.46797105099887e-05,"NSA2"
"ENSG00000164346","patient1","XGBoost","all",1.14075232378906e-05,"NSA2"
"ENSG00000164346","patient4","XGBoost","all",1.19885605737823e-05,"NSA2"
"ENSG00000164346","patient3","XGBoost","all",1.72790915960846e-05,"NSA2"
"ENSG00000164346","patient5","XGBoost","all",2.2319919146956e-05,"NSA2"
"ENSG00000164346","patient2","XGBoost","all",7.54215577445984e-06,"NSA2"
"ENSG00000164442","patient1","XGBoost","all",8.48400991804726e-06,"CITED2"
"ENSG00000164442","patient4","XGBoost","all",1.4743033993396e-05,"CITED2"
"ENSG00000164442","patient2","XGBoost","all",1.13800396945815e-05,"CITED2"
"ENSG00000164442","patient6","XGBoost","all",3.7682855967694e-06,"CITED2"
"ENSG00000164442","patient3","XGBoost","all",2.05238570963049e-05,"CITED2"
"ENSG00000164442","patient5","XGBoost","all",1.99903681865985e-05,"CITED2"
"ENSG00000164463","patient2","XGBoost","all",1.21481988709431e-05,"CREBRF"
"ENSG00000164463","patient1","XGBoost","all",1.91013747658319e-05,"CREBRF"
"ENSG00000164463","patient5","XGBoost","all",2.10880856949703e-05,"CREBRF"
"ENSG00000164463","patient4","XGBoost","all",2.91570281955348e-05,"CREBRF"
"ENSG00000164463","patient3","XGBoost","all",2.28089750643939e-05,"CREBRF"
"ENSG00000164463","patient6","XGBoost","all",2.52915001410055e-05,"CREBRF"
"ENSG00000164548","patient6","XGBoost","all",1.4389192286398e-05,"TRA2A"
"ENSG00000164548","patient2","XGBoost","all",3.60834982315395e-06,"TRA2A"
"ENSG00000164548","patient1","XGBoost","all",1.06125911614792e-05,"TRA2A"
"ENSG00000164615","patient1","XGBoost","all",1.30692378125325e-05,"CAMLG"
"ENSG00000164615","patient3","XGBoost","all",4.8567461580936e-06,"CAMLG"
"ENSG00000164615","patient4","XGBoost","all",1.3284326878743e-05,"CAMLG"
"ENSG00000164615","patient5","XGBoost","all",9.58739747492802e-06,"CAMLG"
"ENSG00000164615","patient2","XGBoost","all",1.03413878313756e-05,"CAMLG"
"ENSG00000164615","patient6","XGBoost","all",1.12780796093472e-05,"CAMLG"
"ENSG00000164684","patient1","XGBoost","all",1.08644930928226e-05,"ZNF704"
"ENSG00000164684","patient3","XGBoost","all",6.82870103201557e-06,"ZNF704"
"ENSG00000164684","patient4","XGBoost","all",4.69163094351652e-06,"ZNF704"
"ENSG00000164687","patient3","XGBoost","all",0.000826533461669293,"FABP5"
"ENSG00000164687","patient1","XGBoost","all",0.000338257884024841,"FABP5"
"ENSG00000164687","patient4","XGBoost","all",0.00091726045551075,"FABP5"
"ENSG00000164687","patient2","XGBoost","all",0.000844915538920506,"FABP5"
"ENSG00000164687","patient5","XGBoost","all",0.00067209082372895,"FABP5"
"ENSG00000164687","patient6","XGBoost","all",0.000802858975587493,"FABP5"
"ENSG00000164692","patient2","XGBoost","all",0.000446103456269893,"COL1A2"
"ENSG00000164692","patient4","XGBoost","all",0.000566444335871285,"COL1A2"
"ENSG00000164692","patient3","XGBoost","all",0.000563243701484364,"COL1A2"
"ENSG00000164692","patient6","XGBoost","all",0.0010356706365747,"COL1A2"
"ENSG00000164692","patient1","XGBoost","all",0.000375075396584948,"COL1A2"
"ENSG00000164692","patient5","XGBoost","all",0.00055168436937755,"COL1A2"
"ENSG00000164713","patient3","XGBoost","all",3.55089112857939e-05,"BRI3"
"ENSG00000164713","patient2","XGBoost","all",3.58468773303912e-05,"BRI3"
"ENSG00000164713","patient5","XGBoost","all",4.29910719467778e-05,"BRI3"
"ENSG00000164713","patient6","XGBoost","all",1.85742621762605e-05,"BRI3"
"ENSG00000164713","patient4","XGBoost","all",2.33237592676152e-05,"BRI3"
"ENSG00000164733","patient2","XGBoost","all",7.64342914382006e-05,"CTSB"
"ENSG00000164733","patient1","XGBoost","all",0.000272774128964547,"CTSB"
"ENSG00000164733","patient3","XGBoost","all",6.32598075324931e-05,"CTSB"
"ENSG00000164733","patient6","XGBoost","all",6.06338482653393e-05,"CTSB"
"ENSG00000164733","patient5","XGBoost","all",4.50898487509493e-05,"CTSB"
"ENSG00000164733","patient4","XGBoost","all",0.000118235605969186,"CTSB"
"ENSG00000164741","patient5","XGBoost","all",4.65081462827762e-05,"DLC1"
"ENSG00000164741","patient4","XGBoost","all",2.59566381813281e-05,"DLC1"
"ENSG00000164741","patient2","XGBoost","all",2.73311855246294e-05,"DLC1"
"ENSG00000164741","patient3","XGBoost","all",2.71516750470776e-05,"DLC1"
"ENSG00000164741","patient6","XGBoost","all",3.15172206757919e-05,"DLC1"
"ENSG00000164741","patient1","XGBoost","all",3.27081936412364e-05,"DLC1"
"ENSG00000164754","patient2","XGBoost","all",4.62133517182727e-06,"RAD21"
"ENSG00000164754","patient5","XGBoost","all",1.54110516824891e-05,"RAD21"
"ENSG00000164754","patient3","XGBoost","all",1.82150197028694e-05,"RAD21"
"ENSG00000164754","patient6","XGBoost","all",9.86337855453208e-06,"RAD21"
"ENSG00000164754","patient4","XGBoost","all",5.25218119202209e-06,"RAD21"
"ENSG00000164754","patient1","XGBoost","all",1.32692438640212e-05,"RAD21"
"ENSG00000164761","patient6","XGBoost","all",0.000143809537884663,"TNFRSF11B"
"ENSG00000164761","patient1","XGBoost","all",0.000245224114437608,"TNFRSF11B"
"ENSG00000164761","patient4","XGBoost","all",0.000185286313000457,"TNFRSF11B"
"ENSG00000164761","patient2","XGBoost","all",0.000198629546280314,"TNFRSF11B"
"ENSG00000164761","patient3","XGBoost","all",0.00017743831816362,"TNFRSF11B"
"ENSG00000164761","patient5","XGBoost","all",0.000174070464070241,"TNFRSF11B"
"ENSG00000164898","patient5","XGBoost","all",4.1845750710451e-06,"FMC1"
"ENSG00000164924","patient5","XGBoost","all",2.06708397091746e-05,"YWHAZ"
"ENSG00000164932","patient5","XGBoost","all",5.98984876790474e-05,"CTHRC1"
"ENSG00000164932","patient4","XGBoost","all",9.08979357311521e-05,"CTHRC1"
"ENSG00000164932","patient2","XGBoost","all",8.89353679581089e-05,"CTHRC1"
"ENSG00000164932","patient3","XGBoost","all",5.91412329066437e-05,"CTHRC1"
"ENSG00000164932","patient1","XGBoost","all",0.000100675281636484,"CTHRC1"
"ENSG00000164932","patient6","XGBoost","all",5.17007297607011e-05,"CTHRC1"
"ENSG00000164949","patient6","XGBoost","all",2.30141971706645e-05,"GEM"
"ENSG00000164949","patient5","XGBoost","all",9.35087686540327e-06,"GEM"
"ENSG00000164949","patient2","XGBoost","all",4.357659541244e-06,"GEM"
"ENSG00000164949","patient4","XGBoost","all",1.35063408207247e-05,"GEM"
"ENSG00000164949","patient3","XGBoost","all",1.23877346332977e-05,"GEM"
"ENSG00000164949","patient1","XGBoost","all",4.35400292691661e-06,"GEM"
"ENSG00000164985","patient4","XGBoost","all",1.78187169587317e-05,"PSIP1"
"ENSG00000164985","patient2","XGBoost","all",1.48626537622381e-05,"PSIP1"
"ENSG00000164985","patient1","XGBoost","all",9.26176679545206e-06,"PSIP1"
"ENSG00000164985","patient5","XGBoost","all",1.17148840714646e-05,"PSIP1"
"ENSG00000164985","patient6","XGBoost","all",7.21134228362308e-06,"PSIP1"
"ENSG00000164985","patient3","XGBoost","all",5.10542121119181e-06,"PSIP1"
"ENSG00000165092","patient3","XGBoost","all",9.20654641739565e-05,"ALDH1A1"
"ENSG00000165092","patient4","XGBoost","all",5.72117794458123e-05,"ALDH1A1"
"ENSG00000165092","patient1","XGBoost","all",0.000126626562996142,"ALDH1A1"
"ENSG00000165092","patient2","XGBoost","all",0.000126841661438246,"ALDH1A1"
"ENSG00000165092","patient6","XGBoost","all",5.16134711594767e-05,"ALDH1A1"
"ENSG00000165092","patient5","XGBoost","all",0.000195641070501084,"ALDH1A1"
"ENSG00000165168","patient5","XGBoost","all",3.53578940693146e-05,"CYBB"
"ENSG00000165168","patient3","XGBoost","all",0.000147603341022762,"CYBB"
"ENSG00000165168","patient6","XGBoost","all",0.000120446743028869,"CYBB"
"ENSG00000165168","patient2","XGBoost","all",3.47879048958703e-05,"CYBB"
"ENSG00000165168","patient1","XGBoost","all",0.000114943564881083,"CYBB"
"ENSG00000165168","patient4","XGBoost","all",0.000179461496826667,"CYBB"
"ENSG00000165169","patient6","XGBoost","all",9.55249951647568e-06,"DYNLT3"
"ENSG00000165169","patient4","XGBoost","all",9.03225096457333e-06,"DYNLT3"
"ENSG00000165169","patient2","XGBoost","all",7.76609786547371e-06,"DYNLT3"
"ENSG00000165169","patient1","XGBoost","all",6.1839058896235e-06,"DYNLT3"
"ENSG00000165169","patient3","XGBoost","all",1.99240730268609e-05,"DYNLT3"
"ENSG00000165169","patient5","XGBoost","all",1.36368646319919e-05,"DYNLT3"
"ENSG00000165264","patient4","XGBoost","all",1.08373890006295e-05,"NDUFB6"
"ENSG00000165264","patient2","XGBoost","all",7.77605814291778e-06,"NDUFB6"
"ENSG00000165264","patient5","XGBoost","all",8.58984727430267e-06,"NDUFB6"
"ENSG00000165264","patient1","XGBoost","all",4.55504317836275e-06,"NDUFB6"
"ENSG00000165264","patient3","XGBoost","all",6.62579177112893e-06,"NDUFB6"
"ENSG00000165264","patient6","XGBoost","all",6.53765082987416e-06,"NDUFB6"
"ENSG00000165280","patient1","XGBoost","all",1.60670328312877e-05,"VCP"
"ENSG00000165280","patient6","XGBoost","all",8.30634953151179e-06,"VCP"
"ENSG00000165280","patient4","XGBoost","all",1.40377496819706e-05,"VCP"
"ENSG00000165280","patient3","XGBoost","all",7.34893232750229e-06,"VCP"
"ENSG00000165280","patient5","XGBoost","all",5.88993836498389e-06,"VCP"
"ENSG00000165280","patient2","XGBoost","all",1.21379537133793e-05,"VCP"
"ENSG00000165283","patient5","XGBoost","all",3.99547142005458e-06,"STOML2"
"ENSG00000165389","patient5","XGBoost","all",4.55961310520027e-06,"SPTSSA"
"ENSG00000165389","patient1","XGBoost","all",1.71902813670825e-05,"SPTSSA"
"ENSG00000165389","patient4","XGBoost","all",2.1789609652015e-05,"SPTSSA"
"ENSG00000165389","patient2","XGBoost","all",4.03119876657266e-06,"SPTSSA"
"ENSG00000165389","patient6","XGBoost","all",1.35530446352619e-05,"SPTSSA"
"ENSG00000165389","patient3","XGBoost","all",1.18911279400742e-05,"SPTSSA"
"ENSG00000165410","patient6","XGBoost","all",2.15341880174973e-05,"CFL2"
"ENSG00000165410","patient4","XGBoost","all",2.54372932758985e-05,"CFL2"
"ENSG00000165410","patient3","XGBoost","all",1.96272676731462e-05,"CFL2"
"ENSG00000165410","patient2","XGBoost","all",2.25403387864746e-05,"CFL2"
"ENSG00000165410","patient5","XGBoost","all",1.94413668366723e-05,"CFL2"
"ENSG00000165410","patient1","XGBoost","all",3.11725033482675e-05,"CFL2"
"ENSG00000165416","patient3","XGBoost","all",1.77956740993263e-05,"SUGT1"
"ENSG00000165416","patient6","XGBoost","all",8.6788928318094e-06,"SUGT1"
"ENSG00000165416","patient4","XGBoost","all",4.04182241432447e-06,"SUGT1"
"ENSG00000165416","patient5","XGBoost","all",4.47002888131005e-06,"SUGT1"
"ENSG00000165416","patient2","XGBoost","all",1.31306563212385e-05,"SUGT1"
"ENSG00000165416","patient1","XGBoost","all",1.60493259061303e-05,"SUGT1"
"ENSG00000165457","patient5","XGBoost","all",7.07625471418182e-05,"FOLR2"
"ENSG00000165457","patient6","XGBoost","all",0.000110083539411004,"FOLR2"
"ENSG00000165457","patient1","XGBoost","all",0.000111851199626335,"FOLR2"
"ENSG00000165457","patient2","XGBoost","all",1.25259012235558e-05,"FOLR2"
"ENSG00000165457","patient4","XGBoost","all",6.76625319438016e-05,"FOLR2"
"ENSG00000165457","patient3","XGBoost","all",7.22935981260545e-05,"FOLR2"
"ENSG00000165476","patient3","XGBoost","all",1.2926372227128e-05,"REEP3"
"ENSG00000165476","patient5","XGBoost","all",1.00867313335492e-05,"REEP3"
"ENSG00000165476","patient6","XGBoost","all",1.66885545839184e-05,"REEP3"
"ENSG00000165476","patient4","XGBoost","all",3.84619574795485e-05,"REEP3"
"ENSG00000165476","patient1","XGBoost","all",6.45634778009288e-06,"REEP3"
"ENSG00000165476","patient2","XGBoost","all",7.85794111073977e-06,"REEP3"
"ENSG00000165507","patient3","XGBoost","all",4.46146339117548e-05,"DEPP1"
"ENSG00000165507","patient1","XGBoost","all",3.81240392500484e-05,"DEPP1"
"ENSG00000165507","patient4","XGBoost","all",2.5528772706359e-05,"DEPP1"
"ENSG00000165507","patient6","XGBoost","all",1.90504047943177e-05,"DEPP1"
"ENSG00000165507","patient2","XGBoost","all",4.26427958813554e-05,"DEPP1"
"ENSG00000165507","patient5","XGBoost","all",1.99169267304826e-05,"DEPP1"
"ENSG00000165512","patient5","XGBoost","all",2.14059238503321e-05,"ZNF22"
"ENSG00000165512","patient1","XGBoost","all",3.59679526570863e-06,"ZNF22"
"ENSG00000165512","patient2","XGBoost","all",1.46375366229703e-05,"ZNF22"
"ENSG00000165512","patient6","XGBoost","all",7.73954204029298e-06,"ZNF22"
"ENSG00000165512","patient3","XGBoost","all",1.18162670122782e-05,"ZNF22"
"ENSG00000165512","patient4","XGBoost","all",9.74481553030229e-06,"ZNF22"
"ENSG00000165525","patient6","XGBoost","all",1.3097864566074e-05,"NEMF"
"ENSG00000165525","patient2","XGBoost","all",1.24817612530345e-05,"NEMF"
"ENSG00000165525","patient3","XGBoost","all",1.64356850267124e-05,"NEMF"
"ENSG00000165525","patient4","XGBoost","all",3.01714963925518e-06,"NEMF"
"ENSG00000165525","patient5","XGBoost","all",9.62710883864807e-06,"NEMF"
"ENSG00000165525","patient1","XGBoost","all",4.78831692085599e-06,"NEMF"
"ENSG00000165527","patient2","XGBoost","all",6.71184272993381e-06,"ARF6"
"ENSG00000165527","patient1","XGBoost","all",1.78648448618389e-05,"ARF6"
"ENSG00000165527","patient5","XGBoost","all",8.95128252730768e-06,"ARF6"
"ENSG00000165527","patient6","XGBoost","all",2.01675055103449e-05,"ARF6"
"ENSG00000165527","patient4","XGBoost","all",5.71305632591354e-06,"ARF6"
"ENSG00000165527","patient3","XGBoost","all",2.47935463391938e-05,"ARF6"
"ENSG00000165637","patient1","XGBoost","all",1.66151180776156e-05,"VDAC2"
"ENSG00000165637","patient2","XGBoost","all",1.33259801317674e-05,"VDAC2"
"ENSG00000165655","patient1","XGBoost","all",8.48301607891881e-06,"ZNF503"
"ENSG00000165655","patient6","XGBoost","all",2.40484701418117e-06,"ZNF503"
"ENSG00000165655","patient4","XGBoost","all",8.08468207137176e-06,"ZNF503"
"ENSG00000165655","patient2","XGBoost","all",2.08917895091514e-05,"ZNF503"
"ENSG00000165655","patient5","XGBoost","all",1.92973931875333e-05,"ZNF503"
"ENSG00000165655","patient3","XGBoost","all",1.92835817870528e-05,"ZNF503"
"ENSG00000165669","patient6","XGBoost","all",9.55864631164834e-06,"FAM204A"
"ENSG00000165669","patient1","XGBoost","all",6.27800845839624e-06,"FAM204A"
"ENSG00000165669","patient2","XGBoost","all",6.78602406569553e-06,"FAM204A"
"ENSG00000165669","patient4","XGBoost","all",9.3112545905787e-06,"FAM204A"
"ENSG00000165669","patient5","XGBoost","all",1.33015941473784e-05,"FAM204A"
"ENSG00000165669","patient3","XGBoost","all",9.21134492056094e-06,"FAM204A"
"ENSG00000165672","patient2","XGBoost","all",5.76720920131489e-06,"PRDX3"
"ENSG00000165672","patient4","XGBoost","all",2.59013298408697e-06,"PRDX3"
"ENSG00000165672","patient5","XGBoost","all",6.83404809951258e-06,"PRDX3"
"ENSG00000165672","patient1","XGBoost","all",3.69091968116862e-06,"PRDX3"
"ENSG00000165672","patient3","XGBoost","all",1.24030041840461e-05,"PRDX3"
"ENSG00000165672","patient6","XGBoost","all",1.08322939940636e-05,"PRDX3"
"ENSG00000165678","patient2","XGBoost","all",1.70916545076261e-05,"GHITM"
"ENSG00000165678","patient6","XGBoost","all",9.57769625553971e-06,"GHITM"
"ENSG00000165678","patient4","XGBoost","all",1.60623774039556e-05,"GHITM"
"ENSG00000165678","patient1","XGBoost","all",1.36896348530914e-05,"GHITM"
"ENSG00000165678","patient3","XGBoost","all",1.67513806557879e-05,"GHITM"
"ENSG00000165678","patient5","XGBoost","all",1.13562480348399e-05,"GHITM"
"ENSG00000165732","patient4","XGBoost","all",5.57026230613824e-06,"DDX21"
"ENSG00000165732","patient3","XGBoost","all",1.13101537360164e-05,"DDX21"
"ENSG00000165732","patient2","XGBoost","all",6.8954904030824e-06,"DDX21"
"ENSG00000165732","patient5","XGBoost","all",3.9169984267435e-06,"DDX21"
"ENSG00000165732","patient6","XGBoost","all",1.18217964319147e-05,"DDX21"
"ENSG00000165732","patient1","XGBoost","all",5.29386999965415e-06,"DDX21"
"ENSG00000165775","patient3","XGBoost","all",1.40706031317771e-05,"FUNDC2"
"ENSG00000165775","patient1","XGBoost","all",2.17209954820714e-05,"FUNDC2"
"ENSG00000165775","patient4","XGBoost","all",1.45627167199905e-05,"FUNDC2"
"ENSG00000165775","patient6","XGBoost","all",1.37535303047037e-05,"FUNDC2"
"ENSG00000165775","patient2","XGBoost","all",1.58365134910433e-05,"FUNDC2"
"ENSG00000165775","patient5","XGBoost","all",2.10548283384526e-05,"FUNDC2"
"ENSG00000165795","patient6","XGBoost","all",0.000184701245693797,"NDRG2"
"ENSG00000165795","patient5","XGBoost","all",0.000512539829925014,"NDRG2"
"ENSG00000165795","patient2","XGBoost","all",0.000169981127715582,"NDRG2"
"ENSG00000165795","patient3","XGBoost","all",0.00031648710597294,"NDRG2"
"ENSG00000165795","patient1","XGBoost","all",0.000251971698554013,"NDRG2"
"ENSG00000165795","patient4","XGBoost","all",9.31466649173937e-05,"NDRG2"
"ENSG00000165813","patient1","XGBoost","all",2.07314368231944e-05,"CCDC186"
"ENSG00000165813","patient6","XGBoost","all",2.43985963461296e-06,"CCDC186"
"ENSG00000165813","patient4","XGBoost","all",1.01792980108896e-05,"CCDC186"
"ENSG00000165813","patient5","XGBoost","all",1.1299238412863e-05,"CCDC186"
"ENSG00000165813","patient3","XGBoost","all",1.21990677995212e-05,"CCDC186"
"ENSG00000165813","patient2","XGBoost","all",9.73684984787196e-06,"CCDC186"
"ENSG00000165916","patient2","XGBoost","all",1.01616436079975e-05,"PSMC3"
"ENSG00000165916","patient4","XGBoost","all",9.81973003966709e-06,"PSMC3"
"ENSG00000165916","patient5","XGBoost","all",6.45861133976837e-06,"PSMC3"
"ENSG00000165916","patient3","XGBoost","all",2.18328707965112e-05,"PSMC3"
"ENSG00000165916","patient1","XGBoost","all",1.56217069961259e-05,"PSMC3"
"ENSG00000165916","patient6","XGBoost","all",4.06077759455639e-06,"PSMC3"
"ENSG00000165949","patient3","XGBoost","all",0.00120572743370843,"IFI27"
"ENSG00000165949","patient4","XGBoost","all",0.00104041604348663,"IFI27"
"ENSG00000165949","patient6","XGBoost","all",0.000948225352586091,"IFI27"
"ENSG00000165949","patient5","XGBoost","all",0.00557056196427344,"IFI27"
"ENSG00000165949","patient1","XGBoost","all",0.0042290225081019,"IFI27"
"ENSG00000165949","patient2","XGBoost","all",0.00147970320674553,"IFI27"
"ENSG00000166012","patient2","XGBoost","all",5.24458510795571e-06,"TAF1D"
"ENSG00000166012","patient3","XGBoost","all",1.10366369315578e-05,"TAF1D"
"ENSG00000166012","patient1","XGBoost","all",6.30408155392174e-06,"TAF1D"
"ENSG00000166012","patient4","XGBoost","all",3.15625729187518e-06,"TAF1D"
"ENSG00000166012","patient6","XGBoost","all",6.36729740189198e-06,"TAF1D"
"ENSG00000166012","patient5","XGBoost","all",1.07389634747077e-05,"TAF1D"
"ENSG00000166033","patient5","XGBoost","all",1.49201363973837e-05,"HTRA1"
"ENSG00000166033","patient6","XGBoost","all",1.36721012722406e-05,"HTRA1"
"ENSG00000166033","patient4","XGBoost","all",2.96363207024705e-05,"HTRA1"
"ENSG00000166033","patient2","XGBoost","all",2.82513154154171e-05,"HTRA1"
"ENSG00000166033","patient1","XGBoost","all",4.3306194918461e-05,"HTRA1"
"ENSG00000166033","patient3","XGBoost","all",1.90189024939568e-05,"HTRA1"
"ENSG00000166147","patient2","XGBoost","all",2.8847868860506e-05,"FBN1"
"ENSG00000166147","patient1","XGBoost","all",2.39240954054294e-05,"FBN1"
"ENSG00000166147","patient5","XGBoost","all",2.38204820213069e-05,"FBN1"
"ENSG00000166147","patient4","XGBoost","all",2.44780906422441e-05,"FBN1"
"ENSG00000166147","patient6","XGBoost","all",5.51911193309561e-05,"FBN1"
"ENSG00000166147","patient3","XGBoost","all",3.50012391180428e-05,"FBN1"
"ENSG00000166164","patient4","XGBoost","all",1.4356563710328e-05,"BRD7"
"ENSG00000166164","patient6","XGBoost","all",4.05856341110667e-06,"BRD7"
"ENSG00000166164","patient1","XGBoost","all",1.0036039311382e-05,"BRD7"
"ENSG00000166164","patient2","XGBoost","all",1.09684629245857e-05,"BRD7"
"ENSG00000166164","patient5","XGBoost","all",1.25859022519249e-05,"BRD7"
"ENSG00000166164","patient3","XGBoost","all",6.8200979233148e-06,"BRD7"
"ENSG00000166165","patient5","XGBoost","all",6.26148373347391e-05,"CKB"
"ENSG00000166165","patient2","XGBoost","all",3.32443283503495e-05,"CKB"
"ENSG00000166165","patient6","XGBoost","all",5.79478424514251e-05,"CKB"
"ENSG00000166165","patient3","XGBoost","all",6.01199649118105e-05,"CKB"
"ENSG00000166165","patient1","XGBoost","all",5.51584507984121e-05,"CKB"
"ENSG00000166165","patient4","XGBoost","all",2.38483433487775e-05,"CKB"
"ENSG00000166173","patient4","XGBoost","all",8.66998029569836e-05,"LARP6"
"ENSG00000166200","patient5","XGBoost","all",4.4933665341547e-06,"COPS2"
"ENSG00000166200","patient3","XGBoost","all",6.71564157334685e-06,"COPS2"
"ENSG00000166200","patient1","XGBoost","all",1.43516576088007e-05,"COPS2"
"ENSG00000166200","patient4","XGBoost","all",1.08042941949165e-05,"COPS2"
"ENSG00000166200","patient6","XGBoost","all",1.08514563186119e-05,"COPS2"
"ENSG00000166200","patient2","XGBoost","all",8.32578466503917e-06,"COPS2"
"ENSG00000166226","patient5","XGBoost","all",3.6565029009108e-05,"CCT2"
"ENSG00000166226","patient6","XGBoost","all",1.34636650269552e-05,"CCT2"
"ENSG00000166226","patient3","XGBoost","all",1.7086937548597e-05,"CCT2"
"ENSG00000166226","patient4","XGBoost","all",2.17451116947655e-05,"CCT2"
"ENSG00000166226","patient1","XGBoost","all",3.18341217551212e-05,"CCT2"
"ENSG00000166226","patient2","XGBoost","all",1.940522056783e-05,"CCT2"
"ENSG00000166228","patient3","XGBoost","all",9.70310729210524e-06,"PCBD1"
"ENSG00000166228","patient5","XGBoost","all",4.64755321570435e-06,"PCBD1"
"ENSG00000166228","patient2","XGBoost","all",1.17291882430412e-05,"PCBD1"
"ENSG00000166228","patient6","XGBoost","all",4.93989004232528e-07,"PCBD1"
"ENSG00000166228","patient4","XGBoost","all",1.3598741792049e-05,"PCBD1"
"ENSG00000166228","patient1","XGBoost","all",7.4366123398179e-06,"PCBD1"
"ENSG00000166275","patient6","XGBoost","all",8.01643446486466e-06,"BORCS7"
"ENSG00000166275","patient5","XGBoost","all",1.23990801327792e-05,"BORCS7"
"ENSG00000166275","patient4","XGBoost","all",8.82281104435008e-06,"BORCS7"
"ENSG00000166275","patient2","XGBoost","all",1.04077892423882e-05,"BORCS7"
"ENSG00000166275","patient3","XGBoost","all",5.98831780183105e-06,"BORCS7"
"ENSG00000166275","patient1","XGBoost","all",4.14690781055677e-06,"BORCS7"
"ENSG00000166333","patient2","XGBoost","all",1.49506297434301e-05,"ILK"
"ENSG00000166333","patient5","XGBoost","all",1.95750162442228e-05,"ILK"
"ENSG00000166333","patient1","XGBoost","all",3.28883229101561e-05,"ILK"
"ENSG00000166333","patient3","XGBoost","all",1.27995186648869e-05,"ILK"
"ENSG00000166333","patient6","XGBoost","all",8.4673938579874e-06,"ILK"
"ENSG00000166333","patient4","XGBoost","all",1.39680401266618e-05,"ILK"
"ENSG00000166337","patient1","XGBoost","all",1.17137301092116e-05,"TAF10"
"ENSG00000166337","patient3","XGBoost","all",1.77034984765214e-05,"TAF10"
"ENSG00000166337","patient6","XGBoost","all",6.60976222559094e-06,"TAF10"
"ENSG00000166337","patient4","XGBoost","all",5.14866917561555e-06,"TAF10"
"ENSG00000166337","patient5","XGBoost","all",4.47832423350667e-06,"TAF10"
"ENSG00000166337","patient2","XGBoost","all",8.41767067521929e-06,"TAF10"
"ENSG00000166340","patient3","XGBoost","all",1.07565667141668e-05,"TPP1"
"ENSG00000166340","patient2","XGBoost","all",9.2064721466339e-06,"TPP1"
"ENSG00000166340","patient1","XGBoost","all",1.93594293167574e-05,"TPP1"
"ENSG00000166340","patient6","XGBoost","all",1.03696406111892e-05,"TPP1"
"ENSG00000166340","patient4","XGBoost","all",1.61621873682717e-05,"TPP1"
"ENSG00000166340","patient5","XGBoost","all",1.6967758529676e-05,"TPP1"
"ENSG00000166347","patient2","XGBoost","all",3.27147881835052e-05,"CYB5A"
"ENSG00000166347","patient5","XGBoost","all",5.29209495159498e-05,"CYB5A"
"ENSG00000166347","patient1","XGBoost","all",2.97250114642714e-05,"CYB5A"
"ENSG00000166347","patient4","XGBoost","all",7.20423981169469e-05,"CYB5A"
"ENSG00000166347","patient3","XGBoost","all",5.53886055925057e-05,"CYB5A"
"ENSG00000166347","patient6","XGBoost","all",5.48903147209055e-05,"CYB5A"
"ENSG00000166398","patient4","XGBoost","all",2.31964627785453e-05,"GARRE1"
"ENSG00000166398","patient3","XGBoost","all",3.01571177052585e-05,"GARRE1"
"ENSG00000166482","patient2","XGBoost","all",0.00021078781398579,"MFAP4"
"ENSG00000166482","patient3","XGBoost","all",0.000228889899681298,"MFAP4"
"ENSG00000166482","patient4","XGBoost","all",0.000141830402545367,"MFAP4"
"ENSG00000166482","patient5","XGBoost","all",0.00015659172300492,"MFAP4"
"ENSG00000166482","patient6","XGBoost","all",0.000121501914890222,"MFAP4"
"ENSG00000166482","patient1","XGBoost","all",0.000208268347153796,"MFAP4"
"ENSG00000166503","patient1","XGBoost","all",3.27119557148373e-06,"HDGFL3"
"ENSG00000166503","patient5","XGBoost","all",1.0799414768873e-05,"HDGFL3"
"ENSG00000166503","patient6","XGBoost","all",4.70934592568428e-06,"HDGFL3"
"ENSG00000166503","patient2","XGBoost","all",1.05469956168518e-05,"HDGFL3"
"ENSG00000166503","patient3","XGBoost","all",9.0351211510662e-06,"HDGFL3"
"ENSG00000166503","patient4","XGBoost","all",5.56542156849781e-06,"HDGFL3"
"ENSG00000166557","patient2","XGBoost","all",1.19278135049351e-05,"TMED3"
"ENSG00000166557","patient3","XGBoost","all",1.26625372387657e-05,"TMED3"
"ENSG00000166557","patient1","XGBoost","all",1.83943052518621e-06,"TMED3"
"ENSG00000166557","patient6","XGBoost","all",1.5921990474988e-05,"TMED3"
"ENSG00000166557","patient5","XGBoost","all",1.0809288748912e-05,"TMED3"
"ENSG00000166557","patient4","XGBoost","all",1.14198753438592e-05,"TMED3"
"ENSG00000166562","patient4","XGBoost","all",5.56708066797322e-05,"SEC11C"
"ENSG00000166562","patient6","XGBoost","all",0.000125148579010462,"SEC11C"
"ENSG00000166562","patient3","XGBoost","all",0.000328611692136998,"SEC11C"
"ENSG00000166562","patient5","XGBoost","all",0.000474314599010381,"SEC11C"
"ENSG00000166562","patient1","XGBoost","all",0.000134055159453154,"SEC11C"
"ENSG00000166562","patient2","XGBoost","all",0.000185776134238966,"SEC11C"
"ENSG00000166592","patient2","XGBoost","all",3.58520670171921e-05,"RRAD"
"ENSG00000166592","patient3","XGBoost","all",2.90436671320302e-05,"RRAD"
"ENSG00000166592","patient1","XGBoost","all",2.78622695980826e-05,"RRAD"
"ENSG00000166592","patient4","XGBoost","all",8.76177978031565e-05,"RRAD"
"ENSG00000166592","patient5","XGBoost","all",5.04652214748243e-05,"RRAD"
"ENSG00000166592","patient6","XGBoost","all",3.79981704853497e-05,"RRAD"
"ENSG00000166595","patient1","XGBoost","all",4.71379972206123e-06,"CIAO2B"
"ENSG00000166595","patient6","XGBoost","all",1.02742649969458e-05,"CIAO2B"
"ENSG00000166595","patient4","XGBoost","all",1.21706761148149e-05,"CIAO2B"
"ENSG00000166595","patient2","XGBoost","all",1.08602269008801e-05,"CIAO2B"
"ENSG00000166595","patient5","XGBoost","all",2.06980041977018e-05,"CIAO2B"
"ENSG00000166681","patient4","XGBoost","all",1.20842346040364e-05,"BEX3"
"ENSG00000166681","patient3","XGBoost","all",2.455336933082e-05,"BEX3"
"ENSG00000166681","patient1","XGBoost","all",1.28245164059204e-05,"BEX3"
"ENSG00000166681","patient6","XGBoost","all",3.58778696941843e-06,"BEX3"
"ENSG00000166681","patient2","XGBoost","all",2.34476207812369e-05,"BEX3"
"ENSG00000166681","patient5","XGBoost","all",1.91605276260575e-05,"BEX3"
"ENSG00000166734","patient6","XGBoost","all",2.39040997618571e-05,"GOLM2"
"ENSG00000166734","patient5","XGBoost","all",8.5626610864236e-06,"GOLM2"
"ENSG00000166734","patient2","XGBoost","all",1.43721665149079e-05,"GOLM2"
"ENSG00000166734","patient4","XGBoost","all",7.94972725995171e-06,"GOLM2"
"ENSG00000166734","patient3","XGBoost","all",1.89624501402584e-05,"GOLM2"
"ENSG00000166734","patient1","XGBoost","all",1.02445618680697e-05,"GOLM2"
"ENSG00000166741","patient6","XGBoost","all",0.00024349580100065,"NNMT"
"ENSG00000166741","patient1","XGBoost","all",5.39590780363198e-05,"NNMT"
"ENSG00000166741","patient3","XGBoost","all",0.000210884352513849,"NNMT"
"ENSG00000166741","patient2","XGBoost","all",0.000425608635694018,"NNMT"
"ENSG00000166741","patient5","XGBoost","all",0.000185882624010827,"NNMT"
"ENSG00000166741","patient4","XGBoost","all",0.00025081115043227,"NNMT"
"ENSG00000166750","patient4","XGBoost","all",5.18164624246495e-06,"SLFN5"
"ENSG00000166848","patient1","XGBoost","all",1.83140157139566e-05,"TERF2IP"
"ENSG00000166848","patient6","XGBoost","all",6.63042035090853e-06,"TERF2IP"
"ENSG00000166848","patient3","XGBoost","all",8.31278469443914e-06,"TERF2IP"
"ENSG00000166848","patient4","XGBoost","all",6.8677225840924e-06,"TERF2IP"
"ENSG00000166848","patient5","XGBoost","all",1.99474406689532e-05,"TERF2IP"
"ENSG00000166848","patient2","XGBoost","all",5.83938387572484e-06,"TERF2IP"
"ENSG00000166927","patient3","XGBoost","all",0.000168524693449882,"MS4A7"
"ENSG00000166927","patient2","XGBoost","all",4.79194783600348e-05,"MS4A7"
"ENSG00000166927","patient1","XGBoost","all",0.000117958733570444,"MS4A7"
"ENSG00000166927","patient6","XGBoost","all",0.000131965492927754,"MS4A7"
"ENSG00000166927","patient4","XGBoost","all",0.000108585881885833,"MS4A7"
"ENSG00000166927","patient5","XGBoost","all",9.75850724844166e-05,"MS4A7"
"ENSG00000166946","patient4","XGBoost","all",1.11217385414066e-05,"CCNDBP1"
"ENSG00000166946","patient5","XGBoost","all",1.435531776996e-05,"CCNDBP1"
"ENSG00000166946","patient6","XGBoost","all",7.91463537142611e-06,"CCNDBP1"
"ENSG00000166946","patient3","XGBoost","all",1.6484342543672e-06,"CCNDBP1"
"ENSG00000166946","patient1","XGBoost","all",1.10653128408406e-06,"CCNDBP1"
"ENSG00000166946","patient2","XGBoost","all",4.00847053059643e-06,"CCNDBP1"
"ENSG00000167085","patient3","XGBoost","all",6.97246723939237e-06,"PHB1"
"ENSG00000167085","patient1","XGBoost","all",6.62065782574682e-06,"PHB1"
"ENSG00000167085","patient5","XGBoost","all",5.65578995959534e-06,"PHB1"
"ENSG00000167085","patient2","XGBoost","all",1.17371990983262e-05,"PHB1"
"ENSG00000167085","patient6","XGBoost","all",7.02377612210952e-06,"PHB1"
"ENSG00000167085","patient4","XGBoost","all",1.12337094229561e-05,"PHB1"
"ENSG00000167088","patient4","XGBoost","all",1.35521049800097e-05,"SNRPD1"
"ENSG00000167088","patient1","XGBoost","all",6.5355468350501e-06,"SNRPD1"
"ENSG00000167088","patient3","XGBoost","all",1.21086012679696e-05,"SNRPD1"
"ENSG00000167088","patient5","XGBoost","all",8.17157599413509e-06,"SNRPD1"
"ENSG00000167088","patient2","XGBoost","all",1.17503022679923e-05,"SNRPD1"
"ENSG00000167088","patient6","XGBoost","all",1.38279703983371e-05,"SNRPD1"
"ENSG00000167110","patient1","XGBoost","all",1.55074999208409e-05,"GOLGA2"
"ENSG00000167110","patient2","XGBoost","all",1.0481415292189e-05,"GOLGA2"
"ENSG00000167110","patient6","XGBoost","all",5.98792946613018e-06,"GOLGA2"
"ENSG00000167110","patient4","XGBoost","all",1.10254566689914e-05,"GOLGA2"
"ENSG00000167110","patient3","XGBoost","all",5.14908951680101e-06,"GOLGA2"
"ENSG00000167157","patient4","XGBoost","all",1.05874607629361e-05,"PRRX2"
"ENSG00000167397","patient2","XGBoost","all",3.14345119242066e-05,"VKORC1"
"ENSG00000167397","patient3","XGBoost","all",2.26076284879198e-05,"VKORC1"
"ENSG00000167397","patient1","XGBoost","all",1.44179648965836e-05,"VKORC1"
"ENSG00000167397","patient6","XGBoost","all",1.88945726542602e-05,"VKORC1"
"ENSG00000167397","patient4","XGBoost","all",2.14506912034353e-05,"VKORC1"
"ENSG00000167397","patient5","XGBoost","all",1.5752106594307e-05,"VKORC1"
"ENSG00000167470","patient6","XGBoost","all",4.94994579949401e-06,"MIDN"
"ENSG00000167470","patient4","XGBoost","all",1.00478549953339e-05,"MIDN"
"ENSG00000167470","patient3","XGBoost","all",1.3398924959167e-05,"MIDN"
"ENSG00000167470","patient5","XGBoost","all",6.36634879588641e-06,"MIDN"
"ENSG00000167470","patient2","XGBoost","all",6.13522497193345e-06,"MIDN"
"ENSG00000167515","patient6","XGBoost","all",2.18943452623521e-05,"TRAPPC2L"
"ENSG00000167515","patient4","XGBoost","all",2.72619246308083e-05,"TRAPPC2L"
"ENSG00000167515","patient1","XGBoost","all",1.11409684742108e-05,"TRAPPC2L"
"ENSG00000167515","patient3","XGBoost","all",1.41508264945794e-05,"TRAPPC2L"
"ENSG00000167515","patient5","XGBoost","all",1.85550397635278e-05,"TRAPPC2L"
"ENSG00000167515","patient2","XGBoost","all",2.41252775568685e-05,"TRAPPC2L"
"ENSG00000167522","patient2","XGBoost","all",9.51508416202257e-06,"ANKRD11"
"ENSG00000167522","patient6","XGBoost","all",1.01276886131463e-05,"ANKRD11"
"ENSG00000167522","patient5","XGBoost","all",1.74270904082586e-05,"ANKRD11"
"ENSG00000167522","patient1","XGBoost","all",5.2319487120488e-06,"ANKRD11"
"ENSG00000167522","patient3","XGBoost","all",1.42621138994675e-05,"ANKRD11"
"ENSG00000167522","patient4","XGBoost","all",9.6772831254691e-06,"ANKRD11"
"ENSG00000167552","patient5","XGBoost","all",9.52676499117531e-05,"TUBA1A"
"ENSG00000167552","patient3","XGBoost","all",3.20553453561682e-05,"TUBA1A"
"ENSG00000167552","patient2","XGBoost","all",8.79168313946305e-05,"TUBA1A"
"ENSG00000167552","patient6","XGBoost","all",6.08207415654511e-05,"TUBA1A"
"ENSG00000167552","patient4","XGBoost","all",0.00010253118730285,"TUBA1A"
"ENSG00000167552","patient1","XGBoost","all",9.76123316501275e-05,"TUBA1A"
"ENSG00000167553","patient2","XGBoost","all",8.15633494335653e-06,"TUBA1C"
"ENSG00000167553","patient3","XGBoost","all",1.60675499568234e-05,"TUBA1C"
"ENSG00000167553","patient4","XGBoost","all",1.79066780749133e-05,"TUBA1C"
"ENSG00000167553","patient5","XGBoost","all",1.95845345098879e-05,"TUBA1C"
"ENSG00000167553","patient6","XGBoost","all",1.91598038074993e-05,"TUBA1C"
"ENSG00000167553","patient1","XGBoost","all",2.77663544948338e-05,"TUBA1C"
"ENSG00000167601","patient6","XGBoost","all",6.31421845282504e-05,"AXL"
"ENSG00000167601","patient1","XGBoost","all",3.42850682722165e-05,"AXL"
"ENSG00000167601","patient2","XGBoost","all",6.05198115875409e-05,"AXL"
"ENSG00000167601","patient5","XGBoost","all",3.45183554484794e-05,"AXL"
"ENSG00000167601","patient3","XGBoost","all",4.35627955851251e-05,"AXL"
"ENSG00000167601","patient4","XGBoost","all",1.9092609093907e-05,"AXL"
"ENSG00000167641","patient3","XGBoost","all",0.0160825938316679,"PPP1R14A"
"ENSG00000167641","patient1","XGBoost","all",0.0108427625914396,"PPP1R14A"
"ENSG00000167641","patient6","XGBoost","all",0.00626598289953632,"PPP1R14A"
"ENSG00000167641","patient5","XGBoost","all",0.00493185049701778,"PPP1R14A"
"ENSG00000167641","patient2","XGBoost","all",0.00575860144783384,"PPP1R14A"
"ENSG00000167641","patient4","XGBoost","all",0.00687393497867974,"PPP1R14A"
"ENSG00000167642","patient1","XGBoost","all",0.000429975224078001,"SPINT2"
"ENSG00000167642","patient4","XGBoost","all",0.00110529001722088,"SPINT2"
"ENSG00000167642","patient3","XGBoost","all",0.000214694656537336,"SPINT2"
"ENSG00000167642","patient2","XGBoost","all",0.000335325770295091,"SPINT2"
"ENSG00000167642","patient6","XGBoost","all",0.000288951779486963,"SPINT2"
"ENSG00000167642","patient5","XGBoost","all",0.000140825891570609,"SPINT2"
"ENSG00000167775","patient6","XGBoost","all",1.65415322338411e-05,"CD320"
"ENSG00000167775","patient2","XGBoost","all",1.21934967837527e-05,"CD320"
"ENSG00000167775","patient4","XGBoost","all",1.91588475934426e-05,"CD320"
"ENSG00000167775","patient5","XGBoost","all",9.72976227212759e-06,"CD320"
"ENSG00000167775","patient1","XGBoost","all",1.05461550152698e-05,"CD320"
"ENSG00000167775","patient3","XGBoost","all",1.6629791671131e-05,"CD320"
"ENSG00000167779","patient2","XGBoost","all",0.00010740233683834,"IGFBP6"
"ENSG00000167779","patient4","XGBoost","all",0.000127349874885432,"IGFBP6"
"ENSG00000167779","patient3","XGBoost","all",0.000217904088680969,"IGFBP6"
"ENSG00000167779","patient1","XGBoost","all",0.000140687002042207,"IGFBP6"
"ENSG00000167779","patient6","XGBoost","all",0.000163180071071865,"IGFBP6"
"ENSG00000167779","patient5","XGBoost","all",9.07532981669803e-05,"IGFBP6"
"ENSG00000167792","patient2","XGBoost","all",7.24659561084048e-06,"NDUFV1"
"ENSG00000167792","patient6","XGBoost","all",1.06048198964765e-05,"NDUFV1"
"ENSG00000167792","patient4","XGBoost","all",1.429218621816e-05,"NDUFV1"
"ENSG00000167792","patient1","XGBoost","all",1.56576066575198e-05,"NDUFV1"
"ENSG00000167792","patient5","XGBoost","all",6.06453832423676e-06,"NDUFV1"
"ENSG00000167792","patient3","XGBoost","all",1.42044189840857e-05,"NDUFV1"
"ENSG00000167797","patient4","XGBoost","all",1.35055765366132e-05,"CDK2AP2"
"ENSG00000167797","patient3","XGBoost","all",5.38987301361547e-06,"CDK2AP2"
"ENSG00000167797","patient5","XGBoost","all",1.38825586424837e-05,"CDK2AP2"
"ENSG00000167797","patient1","XGBoost","all",1.20384807448964e-05,"CDK2AP2"
"ENSG00000167797","patient6","XGBoost","all",1.52628053724941e-05,"CDK2AP2"
"ENSG00000167797","patient2","XGBoost","all",1.19243054661391e-05,"CDK2AP2"
"ENSG00000167815","patient1","XGBoost","all",8.98708950750935e-06,"PRDX2"
"ENSG00000167815","patient5","XGBoost","all",1.54733055728063e-05,"PRDX2"
"ENSG00000167815","patient2","XGBoost","all",2.08914197571253e-05,"PRDX2"
"ENSG00000167815","patient3","XGBoost","all",2.22239606384032e-05,"PRDX2"
"ENSG00000167815","patient4","XGBoost","all",1.49452759543e-05,"PRDX2"
"ENSG00000167815","patient6","XGBoost","all",1.49579507911737e-05,"PRDX2"
"ENSG00000168003","patient1","XGBoost","all",0.000112840322832598,"SLC3A2"
"ENSG00000168003","patient5","XGBoost","all",8.24637737962648e-05,"SLC3A2"
"ENSG00000168003","patient3","XGBoost","all",0.000102896936572415,"SLC3A2"
"ENSG00000168003","patient2","XGBoost","all",6.98936807399828e-05,"SLC3A2"
"ENSG00000168003","patient6","XGBoost","all",7.01509990863173e-05,"SLC3A2"
"ENSG00000168003","patient4","XGBoost","all",4.90968421530865e-05,"SLC3A2"
"ENSG00000168036","patient2","XGBoost","all",1.23437779551128e-05,"CTNNB1"
"ENSG00000168036","patient1","XGBoost","all",2.22678780497521e-05,"CTNNB1"
"ENSG00000168036","patient4","XGBoost","all",3.23171947028644e-05,"CTNNB1"
"ENSG00000168036","patient6","XGBoost","all",2.73706276468018e-05,"CTNNB1"
"ENSG00000168036","patient5","XGBoost","all",2.40168782044508e-05,"CTNNB1"
"ENSG00000168036","patient3","XGBoost","all",1.51582724465358e-05,"CTNNB1"
"ENSG00000168056","patient5","XGBoost","all",2.16830338723473e-05,"LTBP3"
"ENSG00000168056","patient1","XGBoost","all",2.54542492294532e-05,"LTBP3"
"ENSG00000168056","patient3","XGBoost","all",1.25615961701415e-05,"LTBP3"
"ENSG00000168056","patient6","XGBoost","all",1.26942387676226e-05,"LTBP3"
"ENSG00000168056","patient4","XGBoost","all",3.20796995262137e-05,"LTBP3"
"ENSG00000168056","patient2","XGBoost","all",2.63844940167619e-05,"LTBP3"
"ENSG00000168066","patient2","XGBoost","all",4.18144572600151e-06,"SF1"
"ENSG00000168066","patient5","XGBoost","all",1.35168300177327e-05,"SF1"
"ENSG00000168066","patient6","XGBoost","all",6.91706713199465e-06,"SF1"
"ENSG00000168066","patient1","XGBoost","all",7.66453401421778e-06,"SF1"
"ENSG00000168066","patient3","XGBoost","all",9.49673736797084e-06,"SF1"
"ENSG00000168066","patient4","XGBoost","all",2.9375512416012e-05,"SF1"
"ENSG00000168079","patient4","XGBoost","all",0.00165411622567624,"SCARA5"
"ENSG00000168090","patient4","XGBoost","all",8.31404389620845e-06,"COPS6"
"ENSG00000168090","patient6","XGBoost","all",1.56268504190631e-05,"COPS6"
"ENSG00000168090","patient2","XGBoost","all",1.02433015665794e-05,"COPS6"
"ENSG00000168090","patient1","XGBoost","all",9.00925463799699e-06,"COPS6"
"ENSG00000168090","patient3","XGBoost","all",9.38985127131665e-06,"COPS6"
"ENSG00000168090","patient5","XGBoost","all",1.46315164192003e-05,"COPS6"
"ENSG00000168140","patient6","XGBoost","all",2.17951231000534e-05,"VASN"
"ENSG00000168140","patient4","XGBoost","all",1.45137748335892e-05,"VASN"
"ENSG00000168140","patient3","XGBoost","all",3.19192491983526e-05,"VASN"
"ENSG00000168140","patient2","XGBoost","all",1.8031493102497e-05,"VASN"
"ENSG00000168140","patient1","XGBoost","all",1.21262311116392e-05,"VASN"
"ENSG00000168140","patient5","XGBoost","all",2.97311560543634e-05,"VASN"
"ENSG00000168172","patient6","XGBoost","all",1.01898216023048e-05,"HOOK3"
"ENSG00000168172","patient3","XGBoost","all",4.6160360543456e-07,"HOOK3"
"ENSG00000168172","patient4","XGBoost","all",7.00128001038313e-06,"HOOK3"
"ENSG00000168172","patient2","XGBoost","all",2.01337583802813e-05,"HOOK3"
"ENSG00000168172","patient5","XGBoost","all",6.94449470019027e-06,"HOOK3"
"ENSG00000168172","patient1","XGBoost","all",1.16416071592263e-05,"HOOK3"
"ENSG00000168209","patient2","XGBoost","all",6.22865999309278e-05,"DDIT4"
"ENSG00000168209","patient5","XGBoost","all",5.24733600865903e-05,"DDIT4"
"ENSG00000168209","patient1","XGBoost","all",4.24086856100381e-05,"DDIT4"
"ENSG00000168209","patient3","XGBoost","all",6.22475400163975e-05,"DDIT4"
"ENSG00000168209","patient4","XGBoost","all",3.65489787923922e-05,"DDIT4"
"ENSG00000168209","patient6","XGBoost","all",3.60100855370748e-05,"DDIT4"
"ENSG00000168214","patient5","XGBoost","all",7.9479641739918e-06,"RBPJ"
"ENSG00000168214","patient4","XGBoost","all",1.5669626628423e-05,"RBPJ"
"ENSG00000168214","patient6","XGBoost","all",8.7414867239153e-06,"RBPJ"
"ENSG00000168214","patient1","XGBoost","all",9.55928683146999e-06,"RBPJ"
"ENSG00000168214","patient3","XGBoost","all",4.5381474255001e-06,"RBPJ"
"ENSG00000168214","patient2","XGBoost","all",2.91767573664521e-06,"RBPJ"
"ENSG00000168259","patient6","XGBoost","all",1.19622793657901e-05,"DNAJC7"
"ENSG00000168259","patient4","XGBoost","all",1.1450428782681e-05,"DNAJC7"
"ENSG00000168259","patient3","XGBoost","all",8.52807178132617e-06,"DNAJC7"
"ENSG00000168259","patient2","XGBoost","all",4.93557504990546e-06,"DNAJC7"
"ENSG00000168259","patient5","XGBoost","all",4.86014099016407e-06,"DNAJC7"
"ENSG00000168264","patient6","XGBoost","all",1.16373292737067e-05,"IRF2BP2"
"ENSG00000168264","patient2","XGBoost","all",8.56110748656546e-06,"IRF2BP2"
"ENSG00000168264","patient4","XGBoost","all",9.69605860391522e-06,"IRF2BP2"
"ENSG00000168264","patient1","XGBoost","all",7.81050469163264e-06,"IRF2BP2"
"ENSG00000168264","patient3","XGBoost","all",1.29721512945713e-05,"IRF2BP2"
"ENSG00000168264","patient5","XGBoost","all",9.09799649458642e-06,"IRF2BP2"
"ENSG00000168288","patient1","XGBoost","all",7.75992849980094e-06,"MMADHC"
"ENSG00000168288","patient5","XGBoost","all",1.38285505058448e-05,"MMADHC"
"ENSG00000168288","patient6","XGBoost","all",6.24835741319009e-06,"MMADHC"
"ENSG00000168288","patient4","XGBoost","all",8.62342985265252e-06,"MMADHC"
"ENSG00000168288","patient3","XGBoost","all",1.05249321277205e-05,"MMADHC"
"ENSG00000168288","patient2","XGBoost","all",1.49577931954951e-05,"MMADHC"
"ENSG00000168291","patient5","XGBoost","all",2.02247568348104e-05,"PDHB"
"ENSG00000168291","patient6","XGBoost","all",1.90291790755555e-05,"PDHB"
"ENSG00000168291","patient4","XGBoost","all",2.854494254642e-05,"PDHB"
"ENSG00000168291","patient2","XGBoost","all",1.11778577076819e-05,"PDHB"
"ENSG00000168291","patient3","XGBoost","all",1.50967724704677e-05,"PDHB"
"ENSG00000168291","patient1","XGBoost","all",5.19509223980996e-06,"PDHB"
"ENSG00000168298","patient3","XGBoost","all",5.4106866803977e-06,"H1-4"
"ENSG00000168298","patient1","XGBoost","all",4.08288294616726e-06,"H1-4"
"ENSG00000168298","patient4","XGBoost","all",4.95797540097274e-06,"H1-4"
"ENSG00000168298","patient2","XGBoost","all",5.49311241909839e-06,"H1-4"
"ENSG00000168300","patient4","XGBoost","all",1.5381033599743e-05,"PCMTD1"
"ENSG00000168300","patient6","XGBoost","all",1.89626241209275e-05,"PCMTD1"
"ENSG00000168300","patient3","XGBoost","all",1.86508220421637e-05,"PCMTD1"
"ENSG00000168300","patient2","XGBoost","all",7.44810257001982e-06,"PCMTD1"
"ENSG00000168300","patient5","XGBoost","all",2.31095012101213e-05,"PCMTD1"
"ENSG00000168300","patient1","XGBoost","all",2.89860454166341e-05,"PCMTD1"
"ENSG00000168374","patient2","XGBoost","all",2.21266954842473e-05,"ARF4"
"ENSG00000168374","patient3","XGBoost","all",2.13427386234149e-05,"ARF4"
"ENSG00000168374","patient5","XGBoost","all",2.29820066687092e-05,"ARF4"
"ENSG00000168374","patient4","XGBoost","all",9.14096752763501e-06,"ARF4"
"ENSG00000168374","patient6","XGBoost","all",2.06951753708792e-05,"ARF4"
"ENSG00000168374","patient1","XGBoost","all",1.97122673865887e-05,"ARF4"
"ENSG00000168386","patient6","XGBoost","all",0.000108006062051563,"FILIP1L"
"ENSG00000168386","patient3","XGBoost","all",8.02572199531094e-05,"FILIP1L"
"ENSG00000168386","patient4","XGBoost","all",0.000187779867320564,"FILIP1L"
"ENSG00000168386","patient2","XGBoost","all",0.000142324244605516,"FILIP1L"
"ENSG00000168386","patient1","XGBoost","all",0.000170100042812551,"FILIP1L"
"ENSG00000168386","patient5","XGBoost","all",0.000104821521113197,"FILIP1L"
"ENSG00000168461","patient6","XGBoost","all",5.61722679028846e-05,"RAB31"
"ENSG00000168461","patient3","XGBoost","all",3.07670046052886e-05,"RAB31"
"ENSG00000168461","patient5","XGBoost","all",5.09215526430457e-05,"RAB31"
"ENSG00000168461","patient4","XGBoost","all",2.81076123334555e-05,"RAB31"
"ENSG00000168461","patient2","XGBoost","all",2.0059452697308e-05,"RAB31"
"ENSG00000168461","patient1","XGBoost","all",7.34948390012438e-05,"RAB31"
"ENSG00000168477","patient1","XGBoost","all",4.72304420331339e-06,"TNXB"
"ENSG00000168477","patient3","XGBoost","all",1.01868711469278e-05,"TNXB"
"ENSG00000168477","patient4","XGBoost","all",2.46082047160237e-05,"TNXB"
"ENSG00000168477","patient2","XGBoost","all",2.20514499600474e-06,"TNXB"
"ENSG00000168477","patient6","XGBoost","all",1.9553025148674e-05,"TNXB"
"ENSG00000168497","patient5","XGBoost","all",6.75375274813999e-05,"CAVIN2"
"ENSG00000168497","patient4","XGBoost","all",0.000105693550515898,"CAVIN2"
"ENSG00000168497","patient2","XGBoost","all",6.90222975878428e-05,"CAVIN2"
"ENSG00000168497","patient3","XGBoost","all",0.000119404042345461,"CAVIN2"
"ENSG00000168497","patient6","XGBoost","all",6.02593219443356e-05,"CAVIN2"
"ENSG00000168497","patient1","XGBoost","all",7.34794115372171e-05,"CAVIN2"
"ENSG00000168542","patient1","XGBoost","all",8.79252646557821e-05,"COL3A1"
"ENSG00000168542","patient6","XGBoost","all",0.000160260165547359,"COL3A1"
"ENSG00000168542","patient2","XGBoost","all",0.000144196279376156,"COL3A1"
"ENSG00000168542","patient3","XGBoost","all",0.000163315717087306,"COL3A1"
"ENSG00000168542","patient5","XGBoost","all",0.000167383827417172,"COL3A1"
"ENSG00000168542","patient4","XGBoost","all",0.000222882742352927,"COL3A1"
"ENSG00000168610","patient4","XGBoost","all",6.13955048941168e-06,"STAT3"
"ENSG00000168610","patient1","XGBoost","all",8.05757591311402e-06,"STAT3"
"ENSG00000168610","patient6","XGBoost","all",1.24006307872361e-05,"STAT3"
"ENSG00000168610","patient5","XGBoost","all",6.26107594065572e-06,"STAT3"
"ENSG00000168610","patient3","XGBoost","all",2.27353248377253e-06,"STAT3"
"ENSG00000168610","patient2","XGBoost","all",4.42092167860421e-06,"STAT3"
"ENSG00000168615","patient2","XGBoost","all",1.749019718974e-05,"ADAM9"
"ENSG00000168615","patient4","XGBoost","all",8.54478355093068e-06,"ADAM9"
"ENSG00000168615","patient5","XGBoost","all",2.32900088178976e-05,"ADAM9"
"ENSG00000168615","patient3","XGBoost","all",7.89436835711225e-06,"ADAM9"
"ENSG00000168615","patient6","XGBoost","all",2.78935078152865e-05,"ADAM9"
"ENSG00000168701","patient5","XGBoost","all",2.56045097278386e-05,"TMEM208"
"ENSG00000168701","patient6","XGBoost","all",1.82613730892389e-05,"TMEM208"
"ENSG00000168701","patient3","XGBoost","all",1.37894124848339e-05,"TMEM208"
"ENSG00000168701","patient4","XGBoost","all",1.14321764070064e-05,"TMEM208"
"ENSG00000168701","patient1","XGBoost","all",9.31753361206117e-06,"TMEM208"
"ENSG00000168701","patient2","XGBoost","all",2.17603896522692e-05,"TMEM208"
"ENSG00000168710","patient3","XGBoost","all",1.27060944117213e-05,"AHCYL1"
"ENSG00000168710","patient2","XGBoost","all",9.91688026721333e-06,"AHCYL1"
"ENSG00000168710","patient4","XGBoost","all",9.75864923568172e-06,"AHCYL1"
"ENSG00000168710","patient1","XGBoost","all",5.99609880612535e-06,"AHCYL1"
"ENSG00000168710","patient5","XGBoost","all",1.93398619188837e-05,"AHCYL1"
"ENSG00000168710","patient6","XGBoost","all",5.01023126487776e-06,"AHCYL1"
"ENSG00000168724","patient2","XGBoost","all",1.21182344825481e-05,"DNAJC21"
"ENSG00000168724","patient4","XGBoost","all",5.21729260009199e-06,"DNAJC21"
"ENSG00000168724","patient1","XGBoost","all",8.19792273483482e-06,"DNAJC21"
"ENSG00000168724","patient3","XGBoost","all",1.09611031391627e-05,"DNAJC21"
"ENSG00000168724","patient6","XGBoost","all",8.87543308666864e-06,"DNAJC21"
"ENSG00000168724","patient5","XGBoost","all",1.16507214131673e-05,"DNAJC21"
"ENSG00000168734","patient6","XGBoost","all",5.80179544672263e-06,"PKIG"
"ENSG00000168734","patient4","XGBoost","all",1.44142288650643e-05,"PKIG"
"ENSG00000168734","patient2","XGBoost","all",1.56088291410888e-05,"PKIG"
"ENSG00000168734","patient5","XGBoost","all",2.02651951268152e-05,"PKIG"
"ENSG00000168734","patient3","XGBoost","all",1.46261571636664e-05,"PKIG"
"ENSG00000168734","patient1","XGBoost","all",1.72738349481763e-05,"PKIG"
"ENSG00000168894","patient1","XGBoost","all",2.11811068165733e-05,"RNF181"
"ENSG00000168894","patient4","XGBoost","all",4.24767761392003e-06,"RNF181"
"ENSG00000168894","patient3","XGBoost","all",9.72165392861216e-06,"RNF181"
"ENSG00000168894","patient5","XGBoost","all",1.69787678507995e-05,"RNF181"
"ENSG00000168894","patient6","XGBoost","all",1.38753338663476e-05,"RNF181"
"ENSG00000168894","patient2","XGBoost","all",8.10251036460631e-06,"RNF181"
"ENSG00000168899","patient6","XGBoost","all",3.18713876048698e-05,"VAMP5"
"ENSG00000168899","patient4","XGBoost","all",1.84476168583006e-05,"VAMP5"
"ENSG00000168899","patient1","XGBoost","all",3.03757968765119e-05,"VAMP5"
"ENSG00000168899","patient2","XGBoost","all",1.61153986277903e-05,"VAMP5"
"ENSG00000168899","patient3","XGBoost","all",1.70847770994673e-05,"VAMP5"
"ENSG00000168899","patient5","XGBoost","all",2.32426933813306e-05,"VAMP5"
"ENSG00000168906","patient4","XGBoost","all",8.3889567759696e-06,"MAT2A"
"ENSG00000168938","patient6","XGBoost","all",0.000396647522981214,"PPIC"
"ENSG00000168938","patient2","XGBoost","all",0.000789258769141105,"PPIC"
"ENSG00000168938","patient4","XGBoost","all",0.000627612877717137,"PPIC"
"ENSG00000168938","patient5","XGBoost","all",0.000250512618147681,"PPIC"
"ENSG00000168938","patient3","XGBoost","all",0.000513534243030622,"PPIC"
"ENSG00000168938","patient1","XGBoost","all",0.000345027602167976,"PPIC"
"ENSG00000168994","patient3","XGBoost","all",2.00297104931544e-05,"PXDC1"
"ENSG00000168994","patient5","XGBoost","all",3.09384211902675e-05,"PXDC1"
"ENSG00000168994","patient1","XGBoost","all",2.17743798989218e-05,"PXDC1"
"ENSG00000168994","patient6","XGBoost","all",2.25492428294027e-05,"PXDC1"
"ENSG00000168994","patient4","XGBoost","all",1.14898008216514e-05,"PXDC1"
"ENSG00000168994","patient2","XGBoost","all",7.61854509563027e-06,"PXDC1"
"ENSG00000169021","patient3","XGBoost","all",7.90717023194111e-06,"UQCRFS1"
"ENSG00000169021","patient6","XGBoost","all",1.06198397846576e-05,"UQCRFS1"
"ENSG00000169021","patient1","XGBoost","all",3.35308440723788e-07,"UQCRFS1"
"ENSG00000169021","patient2","XGBoost","all",1.55739895524916e-05,"UQCRFS1"
"ENSG00000169021","patient5","XGBoost","all",1.90345613389925e-05,"UQCRFS1"
"ENSG00000169021","patient4","XGBoost","all",1.06182219762232e-05,"UQCRFS1"
"ENSG00000169045","patient4","XGBoost","all",6.49897798879961e-05,"HNRNPH1"
"ENSG00000169045","patient3","XGBoost","all",3.50180372168939e-05,"HNRNPH1"
"ENSG00000169045","patient6","XGBoost","all",1.92559262552224e-05,"HNRNPH1"
"ENSG00000169045","patient2","XGBoost","all",9.6882939065332e-06,"HNRNPH1"
"ENSG00000169045","patient5","XGBoost","all",4.25571221099687e-05,"HNRNPH1"
"ENSG00000169045","patient1","XGBoost","all",2.88595360644476e-05,"HNRNPH1"
"ENSG00000169062","patient2","XGBoost","all",5.74674651890088e-06,"UPF3A"
"ENSG00000169062","patient6","XGBoost","all",1.17382072725204e-05,"UPF3A"
"ENSG00000169062","patient1","XGBoost","all",4.72112280568392e-06,"UPF3A"
"ENSG00000169062","patient4","XGBoost","all",1.36274431863234e-05,"UPF3A"
"ENSG00000169062","patient5","XGBoost","all",1.10925334876676e-05,"UPF3A"
"ENSG00000169062","patient3","XGBoost","all",7.2688083392913e-06,"UPF3A"
"ENSG00000169139","patient6","XGBoost","all",1.71585873928419e-05,"UBE2V2"
"ENSG00000169139","patient5","XGBoost","all",5.09881022300395e-06,"UBE2V2"
"ENSG00000169139","patient3","XGBoost","all",1.23352663662668e-05,"UBE2V2"
"ENSG00000169139","patient2","XGBoost","all",1.59578382101365e-05,"UBE2V2"
"ENSG00000169139","patient1","XGBoost","all",1.43228229438937e-05,"UBE2V2"
"ENSG00000169223","patient2","XGBoost","all",1.5614270154e-05,"LMAN2"
"ENSG00000169223","patient1","XGBoost","all",8.03389928809497e-06,"LMAN2"
"ENSG00000169223","patient5","XGBoost","all",1.24967349655797e-05,"LMAN2"
"ENSG00000169223","patient3","XGBoost","all",1.14099796851811e-05,"LMAN2"
"ENSG00000169223","patient4","XGBoost","all",6.68681661636856e-06,"LMAN2"
"ENSG00000169223","patient6","XGBoost","all",8.89429454401514e-06,"LMAN2"
"ENSG00000169230","patient4","XGBoost","all",5.26666103524849e-06,"PRELID1"
"ENSG00000169230","patient2","XGBoost","all",5.25054620801397e-06,"PRELID1"
"ENSG00000169230","patient6","XGBoost","all",3.94207801510795e-06,"PRELID1"
"ENSG00000169230","patient3","XGBoost","all",3.38136270320808e-06,"PRELID1"
"ENSG00000169230","patient1","XGBoost","all",5.9870835299479e-06,"PRELID1"
"ENSG00000169230","patient5","XGBoost","all",9.00521859109957e-06,"PRELID1"
"ENSG00000169398","patient2","XGBoost","all",2.79438212090897e-05,"PTK2"
"ENSG00000169398","patient1","XGBoost","all",4.20422240941509e-05,"PTK2"
"ENSG00000169398","patient5","XGBoost","all",3.31859842498132e-05,"PTK2"
"ENSG00000169398","patient3","XGBoost","all",5.46015952415666e-05,"PTK2"
"ENSG00000169398","patient4","XGBoost","all",2.30121464577843e-05,"PTK2"
"ENSG00000169398","patient6","XGBoost","all",4.10338081709452e-05,"PTK2"
"ENSG00000169413","patient5","XGBoost","all",3.49406899322687e-05,"RNASE6"
"ENSG00000169413","patient3","XGBoost","all",5.64821129748564e-06,"RNASE6"
"ENSG00000169413","patient1","XGBoost","all",4.52432569929765e-05,"RNASE6"
"ENSG00000169413","patient6","XGBoost","all",7.83837158156237e-05,"RNASE6"
"ENSG00000169429","patient3","XGBoost","all",5.83906042763015e-05,"CXCL8"
"ENSG00000169429","patient5","XGBoost","all",0.00039921520082139,"CXCL8"
"ENSG00000169429","patient1","XGBoost","all",0.00018309923348067,"CXCL8"
"ENSG00000169439","patient1","XGBoost","all",2.00274432487328e-05,"SDC2"
"ENSG00000169439","patient2","XGBoost","all",1.68897027933406e-05,"SDC2"
"ENSG00000169439","patient5","XGBoost","all",2.26842497134706e-05,"SDC2"
"ENSG00000169439","patient4","XGBoost","all",3.51418844845217e-05,"SDC2"
"ENSG00000169439","patient6","XGBoost","all",3.10403255340952e-05,"SDC2"
"ENSG00000169439","patient3","XGBoost","all",1.99218898201913e-05,"SDC2"
"ENSG00000169504","patient2","XGBoost","all",2.4687461169493e-05,"CLIC4"
"ENSG00000169504","patient6","XGBoost","all",1.38093180543649e-05,"CLIC4"
"ENSG00000169504","patient5","XGBoost","all",2.73386103258206e-05,"CLIC4"
"ENSG00000169504","patient1","XGBoost","all",1.40412080367593e-05,"CLIC4"
"ENSG00000169504","patient4","XGBoost","all",5.14209470265257e-05,"CLIC4"
"ENSG00000169504","patient3","XGBoost","all",2.89220113919227e-05,"CLIC4"
"ENSG00000169554","patient1","XGBoost","all",6.85674171872948e-05,"ZEB2"
"ENSG00000169554","patient2","XGBoost","all",8.09742673479226e-05,"ZEB2"
"ENSG00000169554","patient5","XGBoost","all",8.43738499374075e-05,"ZEB2"
"ENSG00000169554","patient3","XGBoost","all",0.000111672656662493,"ZEB2"
"ENSG00000169554","patient4","XGBoost","all",0.000104526812968687,"ZEB2"
"ENSG00000169554","patient6","XGBoost","all",5.16467642847303e-05,"ZEB2"
"ENSG00000169604","patient5","XGBoost","all",1.06372082393967e-05,"ANTXR1"
"ENSG00000169604","patient6","XGBoost","all",1.15027192960615e-05,"ANTXR1"
"ENSG00000169604","patient2","XGBoost","all",1.86107353103767e-05,"ANTXR1"
"ENSG00000169604","patient1","XGBoost","all",2.40074134866403e-05,"ANTXR1"
"ENSG00000169604","patient4","XGBoost","all",6.2818429986639e-06,"ANTXR1"
"ENSG00000169604","patient3","XGBoost","all",3.41442842265302e-05,"ANTXR1"
"ENSG00000169641","patient2","XGBoost","all",2.22278124656065e-06,"LUZP1"
"ENSG00000169641","patient4","XGBoost","all",4.51534286513406e-06,"LUZP1"
"ENSG00000169641","patient1","XGBoost","all",1.630322588365e-05,"LUZP1"
"ENSG00000169641","patient3","XGBoost","all",1.18938717408123e-05,"LUZP1"
"ENSG00000169641","patient6","XGBoost","all",1.47057870900188e-05,"LUZP1"
"ENSG00000169689","patient4","XGBoost","all",7.58818746831347e-06,"CENPX"
"ENSG00000169689","patient3","XGBoost","all",9.05039449473794e-06,"CENPX"
"ENSG00000169689","patient6","XGBoost","all",1.67502202686996e-05,"CENPX"
"ENSG00000169689","patient5","XGBoost","all",1.15021017778157e-05,"CENPX"
"ENSG00000169689","patient1","XGBoost","all",9.76423986163085e-06,"CENPX"
"ENSG00000169689","patient2","XGBoost","all",6.1329669844714e-06,"CENPX"
"ENSG00000169715","patient1","XGBoost","all",5.24729049262752e-05,"MT1E"
"ENSG00000169715","patient2","XGBoost","all",4.60280059490753e-05,"MT1E"
"ENSG00000169715","patient5","XGBoost","all",5.26499246121566e-05,"MT1E"
"ENSG00000169715","patient6","XGBoost","all",5.03364911772021e-05,"MT1E"
"ENSG00000169715","patient4","XGBoost","all",0.000111249286535106,"MT1E"
"ENSG00000169715","patient3","XGBoost","all",4.78249035328588e-05,"MT1E"
"ENSG00000169738","patient5","XGBoost","all",2.74130670016094e-05,"DCXR"
"ENSG00000169738","patient4","XGBoost","all",1.5911642325597e-05,"DCXR"
"ENSG00000169738","patient2","XGBoost","all",1.55759870029388e-05,"DCXR"
"ENSG00000169738","patient3","XGBoost","all",4.32584574856738e-05,"DCXR"
"ENSG00000169738","patient6","XGBoost","all",1.70899043184318e-05,"DCXR"
"ENSG00000169738","patient1","XGBoost","all",2.79915545903983e-05,"DCXR"
"ENSG00000169756","patient2","XGBoost","all",8.19925446902297e-06,"LIMS1"
"ENSG00000169756","patient6","XGBoost","all",8.45123878291722e-06,"LIMS1"
"ENSG00000169756","patient4","XGBoost","all",1.00179305835207e-05,"LIMS1"
"ENSG00000169756","patient3","XGBoost","all",1.66304910861934e-05,"LIMS1"
"ENSG00000169756","patient1","XGBoost","all",1.43136191937534e-05,"LIMS1"
"ENSG00000169756","patient5","XGBoost","all",7.4088732280165e-06,"LIMS1"
"ENSG00000169764","patient2","XGBoost","all",1.73077581188547e-05,"UGP2"
"ENSG00000169764","patient3","XGBoost","all",1.5642876054584e-05,"UGP2"
"ENSG00000169764","patient5","XGBoost","all",7.13736861355341e-06,"UGP2"
"ENSG00000169764","patient4","XGBoost","all",1.33680135445523e-05,"UGP2"
"ENSG00000169764","patient1","XGBoost","all",3.23090879906384e-06,"UGP2"
"ENSG00000169764","patient6","XGBoost","all",1.61014879898412e-05,"UGP2"
"ENSG00000169813","patient4","XGBoost","all",6.45912269086699e-06,"HNRNPF"
"ENSG00000169813","patient1","XGBoost","all",1.74397172147466e-05,"HNRNPF"
"ENSG00000169813","patient3","XGBoost","all",2.25811963638065e-05,"HNRNPF"
"ENSG00000169813","patient5","XGBoost","all",1.7981758388908e-05,"HNRNPF"
"ENSG00000169813","patient6","XGBoost","all",9.19149870542384e-06,"HNRNPF"
"ENSG00000169813","patient2","XGBoost","all",1.85240199072666e-05,"HNRNPF"
"ENSG00000169851","patient1","XGBoost","all",0.000871932113443301,"PCDH7"
"ENSG00000169851","patient4","XGBoost","all",0.0024227042638699,"PCDH7"
"ENSG00000169851","patient2","XGBoost","all",0.00209993448733265,"PCDH7"
"ENSG00000169851","patient6","XGBoost","all",0.0017082043760917,"PCDH7"
"ENSG00000169851","patient3","XGBoost","all",0.00119168762152826,"PCDH7"
"ENSG00000169851","patient5","XGBoost","all",0.00089559360152961,"PCDH7"
"ENSG00000169895","patient2","XGBoost","all",9.12128114822939e-06,"SYAP1"
"ENSG00000169895","patient5","XGBoost","all",2.49489924598152e-06,"SYAP1"
"ENSG00000169895","patient4","XGBoost","all",5.40750808606372e-06,"SYAP1"
"ENSG00000169895","patient3","XGBoost","all",5.75495743526889e-06,"SYAP1"
"ENSG00000169895","patient6","XGBoost","all",2.29117956315523e-05,"SYAP1"
"ENSG00000169895","patient1","XGBoost","all",5.27995773298724e-06,"SYAP1"
"ENSG00000169908","patient3","XGBoost","all",6.6420271518745e-05,"TM4SF1"
"ENSG00000169908","patient2","XGBoost","all",0.000107334081403823,"TM4SF1"
"ENSG00000169908","patient5","XGBoost","all",6.78345420088167e-05,"TM4SF1"
"ENSG00000169908","patient6","XGBoost","all",7.85591206830084e-05,"TM4SF1"
"ENSG00000169908","patient4","XGBoost","all",7.68314382112031e-05,"TM4SF1"
"ENSG00000169908","patient1","XGBoost","all",8.66840232729998e-05,"TM4SF1"
"ENSG00000169926","patient1","XGBoost","all",8.92869886673327e-06,"KLF13"
"ENSG00000169926","patient4","XGBoost","all",1.68011761440338e-05,"KLF13"
"ENSG00000169967","patient4","XGBoost","all",4.04544298623244e-06,"MAP3K2"
"ENSG00000169967","patient3","XGBoost","all",1.03436326682234e-05,"MAP3K2"
"ENSG00000169976","patient3","XGBoost","all",2.06318021771533e-05,"SF3B5"
"ENSG00000169976","patient5","XGBoost","all",1.54214270725497e-05,"SF3B5"
"ENSG00000169976","patient2","XGBoost","all",8.34477557648796e-06,"SF3B5"
"ENSG00000169976","patient4","XGBoost","all",1.09133399379153e-05,"SF3B5"
"ENSG00000169976","patient6","XGBoost","all",6.95777595806636e-06,"SF3B5"
"ENSG00000169976","patient1","XGBoost","all",8.34048532903871e-06,"SF3B5"
"ENSG00000170017","patient5","XGBoost","all",0.00010008760912725,"ALCAM"
"ENSG00000170017","patient2","XGBoost","all",7.16429525745732e-05,"ALCAM"
"ENSG00000170017","patient6","XGBoost","all",9.67404673641859e-05,"ALCAM"
"ENSG00000170017","patient4","XGBoost","all",0.000136524530394509,"ALCAM"
"ENSG00000170017","patient3","XGBoost","all",0.000113599753011464,"ALCAM"
"ENSG00000170017","patient1","XGBoost","all",0.000110521759834579,"ALCAM"
"ENSG00000170035","patient2","XGBoost","all",1.34893828946028e-05,"UBE2E3"
"ENSG00000170035","patient6","XGBoost","all",1.85669047995808e-05,"UBE2E3"
"ENSG00000170035","patient1","XGBoost","all",8.60674979097609e-06,"UBE2E3"
"ENSG00000170035","patient5","XGBoost","all",1.4081439401407e-05,"UBE2E3"
"ENSG00000170043","patient6","XGBoost","all",1.18493211576253e-05,"TRAPPC1"
"ENSG00000170043","patient5","XGBoost","all",1.83090125129907e-05,"TRAPPC1"
"ENSG00000170043","patient4","XGBoost","all",9.73830444892127e-06,"TRAPPC1"
"ENSG00000170043","patient2","XGBoost","all",2.14804584199322e-05,"TRAPPC1"
"ENSG00000170043","patient3","XGBoost","all",3.26139367610616e-06,"TRAPPC1"
"ENSG00000170043","patient1","XGBoost","all",9.3676625022285e-06,"TRAPPC1"
"ENSG00000170248","patient5","XGBoost","all",3.10105378234593e-06,"PDCD6IP"
"ENSG00000170248","patient1","XGBoost","all",9.88815575284282e-06,"PDCD6IP"
"ENSG00000170248","patient2","XGBoost","all",4.46438070010948e-06,"PDCD6IP"
"ENSG00000170248","patient6","XGBoost","all",7.1239947736511e-06,"PDCD6IP"
"ENSG00000170248","patient4","XGBoost","all",7.04981123666477e-06,"PDCD6IP"
"ENSG00000170248","patient3","XGBoost","all",8.98443176507786e-06,"PDCD6IP"
"ENSG00000170275","patient6","XGBoost","all",2.00067613398011e-05,"CRTAP"
"ENSG00000170275","patient4","XGBoost","all",1.63446850513601e-05,"CRTAP"
"ENSG00000170275","patient1","XGBoost","all",1.34210894488921e-05,"CRTAP"
"ENSG00000170275","patient2","XGBoost","all",3.45558716831174e-05,"CRTAP"
"ENSG00000170275","patient5","XGBoost","all",3.16341861059908e-05,"CRTAP"
"ENSG00000170275","patient3","XGBoost","all",2.76899394172521e-05,"CRTAP"
"ENSG00000170323","patient4","XGBoost","all",0.0177018246937164,"FABP4"
"ENSG00000170323","patient3","XGBoost","all",0.0342242019100553,"FABP4"
"ENSG00000170323","patient1","XGBoost","all",0.0233722764165807,"FABP4"
"ENSG00000170323","patient6","XGBoost","all",0.0253084296639011,"FABP4"
"ENSG00000170323","patient2","XGBoost","all",0.0226298445041701,"FABP4"
"ENSG00000170323","patient5","XGBoost","all",0.032414861701215,"FABP4"
"ENSG00000170345","patient3","XGBoost","all",6.50231042116347e-05,"FOS"
"ENSG00000170345","patient1","XGBoost","all",0.000101022636558098,"FOS"
"ENSG00000170345","patient2","XGBoost","all",0.000138624576887618,"FOS"
"ENSG00000170345","patient6","XGBoost","all",6.93419095677845e-05,"FOS"
"ENSG00000170345","patient4","XGBoost","all",0.000127456151117029,"FOS"
"ENSG00000170345","patient5","XGBoost","all",0.000100251377235077,"FOS"
"ENSG00000170348","patient2","XGBoost","all",1.31747410263325e-05,"TMED10"
"ENSG00000170348","patient3","XGBoost","all",1.98783789209003e-05,"TMED10"
"ENSG00000170348","patient6","XGBoost","all",2.5656003245442e-05,"TMED10"
"ENSG00000170348","patient4","XGBoost","all",2.80776048118561e-05,"TMED10"
"ENSG00000170348","patient1","XGBoost","all",2.26394672423348e-05,"TMED10"
"ENSG00000170348","patient5","XGBoost","all",3.26836845547892e-05,"TMED10"
"ENSG00000170430","patient5","XGBoost","all",1.12689003941372e-05,"MGMT"
"ENSG00000170430","patient2","XGBoost","all",1.05389235748437e-05,"MGMT"
"ENSG00000170430","patient1","XGBoost","all",2.3355733471071e-05,"MGMT"
"ENSG00000170430","patient4","XGBoost","all",7.81202249237335e-06,"MGMT"
"ENSG00000170430","patient6","XGBoost","all",1.51749877130649e-05,"MGMT"
"ENSG00000170430","patient3","XGBoost","all",1.07990338009569e-05,"MGMT"
"ENSG00000170458","patient4","XGBoost","all",0.000404033786169594,"CD14"
"ENSG00000170458","patient1","XGBoost","all",0.00119270326322017,"CD14"
"ENSG00000170458","patient5","XGBoost","all",0.000819312965027228,"CD14"
"ENSG00000170458","patient6","XGBoost","all",0.000864963747243267,"CD14"
"ENSG00000170458","patient2","XGBoost","all",0.000538896530014748,"CD14"
"ENSG00000170458","patient3","XGBoost","all",0.000184112261096444,"CD14"
"ENSG00000170515","patient2","XGBoost","all",1.02314820022566e-05,"PA2G4"
"ENSG00000170515","patient4","XGBoost","all",8.62609751382652e-06,"PA2G4"
"ENSG00000170515","patient6","XGBoost","all",3.94882227706434e-06,"PA2G4"
"ENSG00000170515","patient1","XGBoost","all",1.41703419536784e-05,"PA2G4"
"ENSG00000170540","patient1","XGBoost","all",4.88014410160924e-06,"ARL6IP1"
"ENSG00000170540","patient2","XGBoost","all",1.39039762358438e-05,"ARL6IP1"
"ENSG00000170540","patient4","XGBoost","all",1.1990723057825e-05,"ARL6IP1"
"ENSG00000170540","patient5","XGBoost","all",1.00233576016845e-05,"ARL6IP1"
"ENSG00000170540","patient3","XGBoost","all",1.23231616307463e-05,"ARL6IP1"
"ENSG00000170540","patient6","XGBoost","all",7.89000907088655e-06,"ARL6IP1"
"ENSG00000170759","patient4","XGBoost","all",2.2691272610414e-05,"KIF5B"
"ENSG00000170759","patient3","XGBoost","all",1.49822762524409e-05,"KIF5B"
"ENSG00000170759","patient2","XGBoost","all",2.32232378826474e-05,"KIF5B"
"ENSG00000170759","patient5","XGBoost","all",1.51034323718644e-05,"KIF5B"
"ENSG00000170759","patient1","XGBoost","all",3.01305629984565e-05,"KIF5B"
"ENSG00000170759","patient6","XGBoost","all",3.47019206337692e-05,"KIF5B"
"ENSG00000170776","patient4","XGBoost","all",5.94533636348533e-06,"AKAP13"
"ENSG00000170776","patient6","XGBoost","all",2.10203182171273e-05,"AKAP13"
"ENSG00000170776","patient2","XGBoost","all",8.99421474598312e-06,"AKAP13"
"ENSG00000170776","patient1","XGBoost","all",8.94752034322319e-06,"AKAP13"
"ENSG00000170776","patient3","XGBoost","all",2.20744769783963e-05,"AKAP13"
"ENSG00000170776","patient5","XGBoost","all",4.19983242776885e-06,"AKAP13"
"ENSG00000170860","patient1","XGBoost","all",7.82034310655172e-06,"LSM3"
"ENSG00000170860","patient6","XGBoost","all",8.09004735151056e-06,"LSM3"
"ENSG00000170860","patient3","XGBoost","all",1.15399313071995e-05,"LSM3"
"ENSG00000170860","patient2","XGBoost","all",1.41488718189006e-05,"LSM3"
"ENSG00000170860","patient5","XGBoost","all",1.48924619740895e-05,"LSM3"
"ENSG00000170860","patient4","XGBoost","all",5.74555714109641e-06,"LSM3"
"ENSG00000170876","patient3","XGBoost","all",1.57096041961724e-05,"TMEM43"
"ENSG00000170876","patient5","XGBoost","all",1.46954706087251e-05,"TMEM43"
"ENSG00000170876","patient2","XGBoost","all",1.06865158199924e-05,"TMEM43"
"ENSG00000170876","patient1","XGBoost","all",1.20065090438135e-05,"TMEM43"
"ENSG00000170876","patient4","XGBoost","all",8.86515629517874e-06,"TMEM43"
"ENSG00000170876","patient6","XGBoost","all",8.12992114662501e-06,"TMEM43"
"ENSG00000170891","patient4","XGBoost","all",8.42160067035288e-05,"CYTL1"
"ENSG00000170891","patient3","XGBoost","all",3.58914989107457e-05,"CYTL1"
"ENSG00000170891","patient1","XGBoost","all",3.36940642830794e-05,"CYTL1"
"ENSG00000170891","patient5","XGBoost","all",7.18117479995063e-05,"CYTL1"
"ENSG00000170891","patient6","XGBoost","all",5.65181613395478e-05,"CYTL1"
"ENSG00000170891","patient2","XGBoost","all",3.49381005374023e-05,"CYTL1"
"ENSG00000170906","patient5","XGBoost","all",8.5138437447224e-06,"NDUFA3"
"ENSG00000170906","patient4","XGBoost","all",1.88341963248131e-05,"NDUFA3"
"ENSG00000170906","patient6","XGBoost","all",1.93118576814197e-05,"NDUFA3"
"ENSG00000170906","patient3","XGBoost","all",8.18045415090716e-06,"NDUFA3"
"ENSG00000170906","patient2","XGBoost","all",1.62292190913497e-05,"NDUFA3"
"ENSG00000170906","patient1","XGBoost","all",2.49873521974708e-05,"NDUFA3"
"ENSG00000170955","patient2","XGBoost","all",2.26548540154069e-05,"CAVIN3"
"ENSG00000170955","patient3","XGBoost","all",2.39345144428647e-05,"CAVIN3"
"ENSG00000170955","patient6","XGBoost","all",1.94050624996822e-05,"CAVIN3"
"ENSG00000170955","patient4","XGBoost","all",3.80420477295956e-05,"CAVIN3"
"ENSG00000170955","patient5","XGBoost","all",1.82043239903045e-05,"CAVIN3"
"ENSG00000170955","patient1","XGBoost","all",1.75142803286128e-05,"CAVIN3"
"ENSG00000170962","patient6","XGBoost","all",0.0001213528440826,"PDGFD"
"ENSG00000170962","patient3","XGBoost","all",0.000204067188796023,"PDGFD"
"ENSG00000170962","patient2","XGBoost","all",0.000136311071356215,"PDGFD"
"ENSG00000170962","patient1","XGBoost","all",0.000191789173234996,"PDGFD"
"ENSG00000170962","patient5","XGBoost","all",0.000212350947734333,"PDGFD"
"ENSG00000170962","patient4","XGBoost","all",9.35531988805926e-05,"PDGFD"
"ENSG00000171055","patient4","XGBoost","all",3.84002289081125e-06,"FEZ2"
"ENSG00000171055","patient3","XGBoost","all",1.15563121844841e-05,"FEZ2"
"ENSG00000171055","patient5","XGBoost","all",4.16154430903284e-06,"FEZ2"
"ENSG00000171055","patient6","XGBoost","all",5.43173127794253e-06,"FEZ2"
"ENSG00000171055","patient1","XGBoost","all",9.69465483019485e-06,"FEZ2"
"ENSG00000171055","patient2","XGBoost","all",4.90288061518936e-06,"FEZ2"
"ENSG00000171105","patient5","XGBoost","all",1.91215276910852e-05,"INSR"
"ENSG00000171105","patient6","XGBoost","all",1.18137960671725e-05,"INSR"
"ENSG00000171159","patient1","XGBoost","all",1.44241797236819e-05,"BBLN"
"ENSG00000171159","patient6","XGBoost","all",1.4302653490394e-05,"BBLN"
"ENSG00000171159","patient3","XGBoost","all",1.89955593266047e-05,"BBLN"
"ENSG00000171159","patient2","XGBoost","all",3.21193321519031e-05,"BBLN"
"ENSG00000171159","patient5","XGBoost","all",1.22411352009981e-05,"BBLN"
"ENSG00000171159","patient4","XGBoost","all",1.81087782602998e-05,"BBLN"
"ENSG00000171206","patient6","XGBoost","all",1.08437447294819e-05,"TRIM8"
"ENSG00000171206","patient4","XGBoost","all",7.64386206219208e-06,"TRIM8"
"ENSG00000171222","patient3","XGBoost","all",1.02408581004607e-05,"SCAND1"
"ENSG00000171222","patient1","XGBoost","all",1.22389614989793e-05,"SCAND1"
"ENSG00000171222","patient2","XGBoost","all",8.63846790024579e-06,"SCAND1"
"ENSG00000171222","patient4","XGBoost","all",1.60063614081125e-05,"SCAND1"
"ENSG00000171222","patient5","XGBoost","all",1.64083647401986e-05,"SCAND1"
"ENSG00000171222","patient6","XGBoost","all",1.1866891659957e-05,"SCAND1"
"ENSG00000171223","patient4","XGBoost","all",6.30014678833371e-05,"JUNB"
"ENSG00000171223","patient3","XGBoost","all",7.08943128505558e-05,"JUNB"
"ENSG00000171223","patient1","XGBoost","all",7.4866283677772e-05,"JUNB"
"ENSG00000171223","patient5","XGBoost","all",7.83162030948046e-05,"JUNB"
"ENSG00000171223","patient6","XGBoost","all",4.97371409505593e-05,"JUNB"
"ENSG00000171223","patient2","XGBoost","all",9.48331785752579e-05,"JUNB"
"ENSG00000171298","patient6","XGBoost","all",5.6931674502e-06,"GAA"
"ENSG00000171298","patient5","XGBoost","all",1.58942094493315e-05,"GAA"
"ENSG00000171298","patient4","XGBoost","all",1.21951674280612e-05,"GAA"
"ENSG00000171314","patient3","XGBoost","all",1.80468581712083e-05,"PGAM1"
"ENSG00000171314","patient4","XGBoost","all",1.08140490023615e-05,"PGAM1"
"ENSG00000171314","patient5","XGBoost","all",1.18568745548459e-05,"PGAM1"
"ENSG00000171314","patient1","XGBoost","all",1.5679822146473e-05,"PGAM1"
"ENSG00000171314","patient6","XGBoost","all",1.51813834527308e-05,"PGAM1"
"ENSG00000171314","patient2","XGBoost","all",2.36301440661068e-05,"PGAM1"
"ENSG00000171490","patient3","XGBoost","all",2.94155071294295e-05,"RSL1D1"
"ENSG00000171490","patient1","XGBoost","all",2.08723220361569e-05,"RSL1D1"
"ENSG00000171490","patient5","XGBoost","all",1.16957026194636e-05,"RSL1D1"
"ENSG00000171490","patient6","XGBoost","all",1.58437593123578e-05,"RSL1D1"
"ENSG00000171490","patient4","XGBoost","all",1.06478693554161e-05,"RSL1D1"
"ENSG00000171490","patient2","XGBoost","all",9.88557306051697e-06,"RSL1D1"
"ENSG00000171634","patient5","XGBoost","all",1.13210896601104e-05,"BPTF"
"ENSG00000171634","patient4","XGBoost","all",9.19653049366364e-06,"BPTF"
"ENSG00000171634","patient6","XGBoost","all",9.37189882188249e-06,"BPTF"
"ENSG00000171634","patient1","XGBoost","all",3.44991221138897e-06,"BPTF"
"ENSG00000171634","patient2","XGBoost","all",9.41715645636924e-06,"BPTF"
"ENSG00000171634","patient3","XGBoost","all",1.11542516911478e-05,"BPTF"
"ENSG00000171659","patient6","XGBoost","all",2.03765093490748e-05,"GPR34"
"ENSG00000171659","patient4","XGBoost","all",1.37378211303056e-05,"GPR34"
"ENSG00000171659","patient1","XGBoost","all",1.28057356605423e-05,"GPR34"
"ENSG00000171659","patient2","XGBoost","all",1.59863604340453e-05,"GPR34"
"ENSG00000171659","patient5","XGBoost","all",1.17241884435193e-05,"GPR34"
"ENSG00000171659","patient3","XGBoost","all",2.17358220258099e-05,"GPR34"
"ENSG00000171735","patient2","XGBoost","all",1.30650194153048e-05,"CAMTA1"
"ENSG00000171735","patient1","XGBoost","all",1.71077038515411e-05,"CAMTA1"
"ENSG00000171735","patient6","XGBoost","all",1.75404298368664e-05,"CAMTA1"
"ENSG00000171735","patient4","XGBoost","all",1.99683124661717e-05,"CAMTA1"
"ENSG00000171735","patient3","XGBoost","all",1.26393215136375e-05,"CAMTA1"
"ENSG00000171735","patient5","XGBoost","all",3.92905512907898e-05,"CAMTA1"
"ENSG00000171860","patient4","XGBoost","all",2.7776867976781e-05,"C3AR1"
"ENSG00000171860","patient5","XGBoost","all",2.72166568688822e-05,"C3AR1"
"ENSG00000171860","patient3","XGBoost","all",2.28174287319154e-05,"C3AR1"
"ENSG00000171860","patient2","XGBoost","all",4.59881464174899e-05,"C3AR1"
"ENSG00000171860","patient1","XGBoost","all",2.37654780880768e-05,"C3AR1"
"ENSG00000171860","patient6","XGBoost","all",3.03143237296204e-05,"C3AR1"
"ENSG00000171862","patient4","XGBoost","all",3.24537750439247e-05,"PTEN"
"ENSG00000171862","patient3","XGBoost","all",2.43993174739526e-05,"PTEN"
"ENSG00000171862","patient1","XGBoost","all",2.59614952413718e-05,"PTEN"
"ENSG00000171862","patient2","XGBoost","all",3.73710214989658e-05,"PTEN"
"ENSG00000171862","patient6","XGBoost","all",1.5049583702779e-05,"PTEN"
"ENSG00000171862","patient5","XGBoost","all",5.19389825498134e-05,"PTEN"
"ENSG00000171867","patient6","XGBoost","all",2.3386965232276e-05,"PRNP"
"ENSG00000171867","patient2","XGBoost","all",3.86297100296499e-05,"PRNP"
"ENSG00000171867","patient1","XGBoost","all",2.07345871895524e-05,"PRNP"
"ENSG00000171867","patient3","XGBoost","all",2.81809803747788e-05,"PRNP"
"ENSG00000171867","patient5","XGBoost","all",1.91255901197301e-05,"PRNP"
"ENSG00000171867","patient4","XGBoost","all",3.79410383769936e-05,"PRNP"
"ENSG00000171988","patient1","XGBoost","all",6.76564799421527e-06,"JMJD1C"
"ENSG00000171988","patient6","XGBoost","all",8.17722913557706e-06,"JMJD1C"
"ENSG00000171988","patient3","XGBoost","all",5.8718667111192e-06,"JMJD1C"
"ENSG00000171988","patient2","XGBoost","all",2.08668555904926e-05,"JMJD1C"
"ENSG00000171988","patient5","XGBoost","all",4.17862286135282e-06,"JMJD1C"
"ENSG00000171988","patient4","XGBoost","all",4.56872419927711e-06,"JMJD1C"
"ENSG00000171992","patient4","XGBoost","all",2.66498536481264e-05,"SYNPO"
"ENSG00000171992","patient1","XGBoost","all",1.49902192441008e-05,"SYNPO"
"ENSG00000171992","patient3","XGBoost","all",8.88156692573984e-06,"SYNPO"
"ENSG00000171992","patient6","XGBoost","all",1.94505197641447e-05,"SYNPO"
"ENSG00000171992","patient2","XGBoost","all",1.98736858581876e-05,"SYNPO"
"ENSG00000171992","patient5","XGBoost","all",3.06835127050356e-05,"SYNPO"
"ENSG00000172037","patient1","XGBoost","all",2.92590949412353e-05,"LAMB2"
"ENSG00000172037","patient2","XGBoost","all",2.6172848483343e-05,"LAMB2"
"ENSG00000172037","patient3","XGBoost","all",3.68243244062453e-05,"LAMB2"
"ENSG00000172037","patient6","XGBoost","all",3.02605943952832e-05,"LAMB2"
"ENSG00000172037","patient4","XGBoost","all",2.18011635418889e-05,"LAMB2"
"ENSG00000172037","patient5","XGBoost","all",2.31729253154811e-05,"LAMB2"
"ENSG00000172115","patient4","XGBoost","all",8.63858435178976e-06,"CYCS"
"ENSG00000172115","patient6","XGBoost","all",8.16093180651075e-06,"CYCS"
"ENSG00000172115","patient1","XGBoost","all",8.3670805233612e-06,"CYCS"
"ENSG00000172115","patient2","XGBoost","all",1.90596419028112e-05,"CYCS"
"ENSG00000172115","patient3","XGBoost","all",1.19971773178415e-05,"CYCS"
"ENSG00000172115","patient5","XGBoost","all",8.37979134921014e-06,"CYCS"
"ENSG00000172201","patient3","XGBoost","all",0.000115293836425651,"ID4"
"ENSG00000172201","patient2","XGBoost","all",0.000101228135923738,"ID4"
"ENSG00000172201","patient4","XGBoost","all",0.000120592104103968,"ID4"
"ENSG00000172201","patient1","XGBoost","all",6.26507951482527e-05,"ID4"
"ENSG00000172201","patient5","XGBoost","all",7.18124237793191e-05,"ID4"
"ENSG00000172201","patient6","XGBoost","all",0.00014199108798169,"ID4"
"ENSG00000172216","patient3","XGBoost","all",2.58771344684477e-05,"CEBPB"
"ENSG00000172216","patient6","XGBoost","all",1.90963940887256e-05,"CEBPB"
"ENSG00000172216","patient2","XGBoost","all",1.85933951246104e-05,"CEBPB"
"ENSG00000172216","patient4","XGBoost","all",1.59296298906786e-05,"CEBPB"
"ENSG00000172216","patient1","XGBoost","all",4.14464952960425e-05,"CEBPB"
"ENSG00000172216","patient5","XGBoost","all",2.84314578796704e-05,"CEBPB"
"ENSG00000172239","patient2","XGBoost","all",1.0944979723396e-05,"PAIP1"
"ENSG00000172239","patient6","XGBoost","all",1.25963082716088e-05,"PAIP1"
"ENSG00000172239","patient5","XGBoost","all",2.5409303521647e-06,"PAIP1"
"ENSG00000172239","patient1","XGBoost","all",7.64864295608201e-06,"PAIP1"
"ENSG00000172301","patient6","XGBoost","all",1.43479272472014e-05,"COPRS"
"ENSG00000172301","patient2","XGBoost","all",1.51440179481567e-05,"COPRS"
"ENSG00000172301","patient1","XGBoost","all",2.21813548003237e-05,"COPRS"
"ENSG00000172301","patient5","XGBoost","all",2.56001621077131e-05,"COPRS"
"ENSG00000172301","patient3","XGBoost","all",1.58984432286681e-05,"COPRS"
"ENSG00000172301","patient4","XGBoost","all",2.31444996069781e-05,"COPRS"
"ENSG00000172348","patient4","XGBoost","all",8.37031052509288e-05,"RCAN2"
"ENSG00000172348","patient5","XGBoost","all",5.69712637227102e-05,"RCAN2"
"ENSG00000172348","patient3","XGBoost","all",5.29888078289007e-05,"RCAN2"
"ENSG00000172348","patient2","XGBoost","all",3.93312625234113e-05,"RCAN2"
"ENSG00000172348","patient1","XGBoost","all",4.1199487022643e-05,"RCAN2"
"ENSG00000172348","patient6","XGBoost","all",3.21591389882358e-05,"RCAN2"
"ENSG00000172354","patient2","XGBoost","all",1.12418498092289e-05,"GNB2"
"ENSG00000172354","patient4","XGBoost","all",1.97354779559582e-05,"GNB2"
"ENSG00000172354","patient6","XGBoost","all",1.13140648914775e-05,"GNB2"
"ENSG00000172354","patient1","XGBoost","all",1.57699889789952e-05,"GNB2"
"ENSG00000172354","patient3","XGBoost","all",1.39014797147591e-05,"GNB2"
"ENSG00000172354","patient5","XGBoost","all",8.3163044707255e-06,"GNB2"
"ENSG00000172380","patient2","XGBoost","all",4.33920582290791e-06,"GNG12"
"ENSG00000172380","patient4","XGBoost","all",7.78507862563481e-06,"GNG12"
"ENSG00000172380","patient1","XGBoost","all",3.14776363993677e-06,"GNG12"
"ENSG00000172380","patient3","XGBoost","all",8.00032139462686e-06,"GNG12"
"ENSG00000172380","patient5","XGBoost","all",1.25803061440949e-05,"GNG12"
"ENSG00000172380","patient6","XGBoost","all",7.05249649265762e-06,"GNG12"
"ENSG00000172403","patient4","XGBoost","all",0.000170655379442101,"SYNPO2"
"ENSG00000172403","patient1","XGBoost","all",0.000127252820873409,"SYNPO2"
"ENSG00000172403","patient3","XGBoost","all",0.000119199770666514,"SYNPO2"
"ENSG00000172403","patient2","XGBoost","all",0.000208576838980637,"SYNPO2"
"ENSG00000172403","patient6","XGBoost","all",0.000139342887589786,"SYNPO2"
"ENSG00000172403","patient5","XGBoost","all",0.000152534787395958,"SYNPO2"
"ENSG00000172465","patient1","XGBoost","all",2.24783083036045e-05,"TCEAL1"
"ENSG00000172465","patient5","XGBoost","all",3.74647678316092e-05,"TCEAL1"
"ENSG00000172465","patient3","XGBoost","all",8.66056845490007e-06,"TCEAL1"
"ENSG00000172465","patient6","XGBoost","all",9.78827555727674e-06,"TCEAL1"
"ENSG00000172465","patient4","XGBoost","all",2.26202789274296e-05,"TCEAL1"
"ENSG00000172465","patient2","XGBoost","all",3.18715259230035e-06,"TCEAL1"
"ENSG00000172493","patient4","XGBoost","all",6.81776382501393e-06,"AFF1"
"ENSG00000172500","patient5","XGBoost","all",2.52766480219059e-05,"FIBP"
"ENSG00000172500","patient3","XGBoost","all",2.05490785192908e-05,"FIBP"
"ENSG00000172500","patient4","XGBoost","all",1.85281339450119e-05,"FIBP"
"ENSG00000172500","patient2","XGBoost","all",1.40247838284378e-05,"FIBP"
"ENSG00000172531","patient4","XGBoost","all",9.01031324024562e-06,"PPP1CA"
"ENSG00000172531","patient3","XGBoost","all",7.23754251368414e-06,"PPP1CA"
"ENSG00000172531","patient6","XGBoost","all",7.70527163008598e-06,"PPP1CA"
"ENSG00000172531","patient1","XGBoost","all",1.12208251514825e-05,"PPP1CA"
"ENSG00000172531","patient2","XGBoost","all",1.1223430631785e-05,"PPP1CA"
"ENSG00000172531","patient5","XGBoost","all",6.76429398324635e-06,"PPP1CA"
"ENSG00000172590","patient4","XGBoost","all",6.44029302809953e-06,"MRPL52"
"ENSG00000172590","patient6","XGBoost","all",3.91832479846963e-06,"MRPL52"
"ENSG00000172590","patient2","XGBoost","all",6.60324090173258e-06,"MRPL52"
"ENSG00000172590","patient5","XGBoost","all",1.62647801294379e-05,"MRPL52"
"ENSG00000172590","patient3","XGBoost","all",5.24050958927821e-06,"MRPL52"
"ENSG00000172590","patient1","XGBoost","all",8.91219165796048e-06,"MRPL52"
"ENSG00000172638","patient2","XGBoost","all",6.03077002455196e-06,"EFEMP2"
"ENSG00000172638","patient5","XGBoost","all",1.14533309347255e-05,"EFEMP2"
"ENSG00000172638","patient1","XGBoost","all",1.16040923241072e-05,"EFEMP2"
"ENSG00000172638","patient4","XGBoost","all",1.52290665410254e-05,"EFEMP2"
"ENSG00000172638","patient3","XGBoost","all",1.74103768099463e-05,"EFEMP2"
"ENSG00000172638","patient6","XGBoost","all",1.18859572517879e-05,"EFEMP2"
"ENSG00000172725","patient6","XGBoost","all",9.07738752862049e-06,"CORO1B"
"ENSG00000172725","patient1","XGBoost","all",1.15717836656447e-05,"CORO1B"
"ENSG00000172725","patient2","XGBoost","all",4.34045653216355e-06,"CORO1B"
"ENSG00000172725","patient4","XGBoost","all",2.21676634396349e-06,"CORO1B"
"ENSG00000172725","patient5","XGBoost","all",6.1286959451846e-06,"CORO1B"
"ENSG00000172725","patient3","XGBoost","all",4.20164154327338e-06,"CORO1B"
"ENSG00000172889","patient1","XGBoost","all",0.000716914632489309,"EGFL7"
"ENSG00000172889","patient3","XGBoost","all",0.000858657640998083,"EGFL7"
"ENSG00000172889","patient4","XGBoost","all",0.000642653989032453,"EGFL7"
"ENSG00000172889","patient5","XGBoost","all",0.000397217397300889,"EGFL7"
"ENSG00000172889","patient2","XGBoost","all",0.000579023314680298,"EGFL7"
"ENSG00000172889","patient6","XGBoost","all",0.000780936109821457,"EGFL7"
"ENSG00000172922","patient3","XGBoost","all",1.5664941765358e-05,"RNASEH2C"
"ENSG00000172922","patient6","XGBoost","all",6.94057460485466e-06,"RNASEH2C"
"ENSG00000172922","patient5","XGBoost","all",6.8035791096992e-06,"RNASEH2C"
"ENSG00000172922","patient2","XGBoost","all",1.1408798770322e-05,"RNASEH2C"
"ENSG00000172922","patient4","XGBoost","all",8.41125545750564e-06,"RNASEH2C"
"ENSG00000172922","patient1","XGBoost","all",1.68892932620344e-05,"RNASEH2C"
"ENSG00000172935","patient5","XGBoost","all",0.000193898798547201,"MRGPRF"
"ENSG00000172935","patient1","XGBoost","all",0.000197993940489246,"MRGPRF"
"ENSG00000172935","patient3","XGBoost","all",6.38454470322488e-05,"MRGPRF"
"ENSG00000172935","patient4","XGBoost","all",7.48442147817818e-05,"MRGPRF"
"ENSG00000172935","patient2","XGBoost","all",0.000167355325149043,"MRGPRF"
"ENSG00000172935","patient6","XGBoost","all",9.06581815336946e-05,"MRGPRF"
"ENSG00000173141","patient6","XGBoost","all",1.05031033103557e-05,"MRPL57"
"ENSG00000173141","patient1","XGBoost","all",2.13409012630576e-06,"MRPL57"
"ENSG00000173141","patient4","XGBoost","all",7.61472637854515e-06,"MRPL57"
"ENSG00000173141","patient2","XGBoost","all",6.22929659818261e-06,"MRPL57"
"ENSG00000173141","patient5","XGBoost","all",1.2827749277336e-05,"MRPL57"
"ENSG00000173141","patient3","XGBoost","all",1.36508812702394e-05,"MRPL57"
"ENSG00000173193","patient1","XGBoost","all",1.80310100244949e-05,"PARP14"
"ENSG00000173193","patient3","XGBoost","all",2.59957103548099e-05,"PARP14"
"ENSG00000173193","patient5","XGBoost","all",1.21266486460042e-05,"PARP14"
"ENSG00000173193","patient2","XGBoost","all",1.98111911865542e-05,"PARP14"
"ENSG00000173193","patient6","XGBoost","all",1.05778940600896e-05,"PARP14"
"ENSG00000173193","patient4","XGBoost","all",1.3560274183104e-05,"PARP14"
"ENSG00000173221","patient2","XGBoost","all",7.01378473457355e-06,"GLRX"
"ENSG00000173221","patient3","XGBoost","all",1.39684126742074e-05,"GLRX"
"ENSG00000173221","patient4","XGBoost","all",1.58877930761886e-05,"GLRX"
"ENSG00000173221","patient1","XGBoost","all",9.14621115008289e-06,"GLRX"
"ENSG00000173221","patient5","XGBoost","all",1.04729480212694e-05,"GLRX"
"ENSG00000173221","patient6","XGBoost","all",5.94649834539313e-06,"GLRX"
"ENSG00000173230","patient2","XGBoost","all",3.55779116799395e-06,"GOLGB1"
"ENSG00000173230","patient3","XGBoost","all",7.2112590721654e-06,"GOLGB1"
"ENSG00000173230","patient1","XGBoost","all",2.26300324357055e-05,"GOLGB1"
"ENSG00000173230","patient6","XGBoost","all",1.13650088925706e-05,"GOLGB1"
"ENSG00000173230","patient5","XGBoost","all",1.65535799022504e-05,"GOLGB1"
"ENSG00000173230","patient4","XGBoost","all",2.28557289515003e-05,"GOLGB1"
"ENSG00000173267","patient6","XGBoost","all",0.000137986512807193,"SNCG"
"ENSG00000173267","patient5","XGBoost","all",8.09498472211218e-05,"SNCG"
"ENSG00000173267","patient4","XGBoost","all",0.000116921389291708,"SNCG"
"ENSG00000173267","patient1","XGBoost","all",4.56554558446109e-05,"SNCG"
"ENSG00000173267","patient2","XGBoost","all",5.95975263450849e-05,"SNCG"
"ENSG00000173267","patient3","XGBoost","all",4.00913665037769e-05,"SNCG"
"ENSG00000173272","patient2","XGBoost","all",3.44220240813457e-05,"MZT2A"
"ENSG00000173272","patient5","XGBoost","all",2.65222900113953e-05,"MZT2A"
"ENSG00000173272","patient3","XGBoost","all",3.05766999872175e-05,"MZT2A"
"ENSG00000173272","patient1","XGBoost","all",2.93103717081903e-05,"MZT2A"
"ENSG00000173272","patient6","XGBoost","all",3.1914868961326e-05,"MZT2A"
"ENSG00000173272","patient4","XGBoost","all",3.43196647040291e-05,"MZT2A"
"ENSG00000173369","patient1","XGBoost","all",8.14365171276494e-05,"C1QB"
"ENSG00000173369","patient5","XGBoost","all",7.82826806962043e-05,"C1QB"
"ENSG00000173369","patient6","XGBoost","all",0.000121706533038251,"C1QB"
"ENSG00000173369","patient3","XGBoost","all",7.93740696158993e-05,"C1QB"
"ENSG00000173369","patient4","XGBoost","all",7.58142917605884e-05,"C1QB"
"ENSG00000173369","patient2","XGBoost","all",0.000108372860903849,"C1QB"
"ENSG00000173372","patient4","XGBoost","all",0.000575701579693311,"C1QA"
"ENSG00000173372","patient2","XGBoost","all",0.00017405978994442,"C1QA"
"ENSG00000173372","patient6","XGBoost","all",0.000286161712029802,"C1QA"
"ENSG00000173372","patient1","XGBoost","all",0.000534863826713715,"C1QA"
"ENSG00000173372","patient3","XGBoost","all",0.000519876302137591,"C1QA"
"ENSG00000173372","patient5","XGBoost","all",4.5174699416243e-05,"C1QA"
"ENSG00000173418","patient5","XGBoost","all",1.24570956747066e-05,"NAA20"
"ENSG00000173418","patient2","XGBoost","all",1.15332446702194e-05,"NAA20"
"ENSG00000173418","patient6","XGBoost","all",1.45073000892225e-05,"NAA20"
"ENSG00000173418","patient4","XGBoost","all",1.61278858410563e-05,"NAA20"
"ENSG00000173418","patient1","XGBoost","all",1.20461478212726e-05,"NAA20"
"ENSG00000173418","patient3","XGBoost","all",1.01401787435463e-05,"NAA20"
"ENSG00000173436","patient3","XGBoost","all",1.27787516510616e-05,"MICOS10"
"ENSG00000173436","patient1","XGBoost","all",1.01009706281509e-05,"MICOS10"
"ENSG00000173436","patient4","XGBoost","all",1.54043190062887e-05,"MICOS10"
"ENSG00000173436","patient5","XGBoost","all",1.82666507284455e-05,"MICOS10"
"ENSG00000173436","patient2","XGBoost","all",6.07699889664443e-06,"MICOS10"
"ENSG00000173436","patient6","XGBoost","all",1.59130085576725e-05,"MICOS10"
"ENSG00000173457","patient4","XGBoost","all",2.18755272452203e-05,"PPP1R14B"
"ENSG00000173457","patient1","XGBoost","all",1.50174246645349e-05,"PPP1R14B"
"ENSG00000173457","patient2","XGBoost","all",2.02931780848139e-05,"PPP1R14B"
"ENSG00000173457","patient5","XGBoost","all",3.73625266858136e-05,"PPP1R14B"
"ENSG00000173457","patient3","XGBoost","all",5.17405264170802e-06,"PPP1R14B"
"ENSG00000173457","patient6","XGBoost","all",1.82493611618059e-05,"PPP1R14B"
"ENSG00000173486","patient6","XGBoost","all",1.893277781e-05,"FKBP2"
"ENSG00000173486","patient1","XGBoost","all",1.26335215574979e-05,"FKBP2"
"ENSG00000173486","patient4","XGBoost","all",1.93643569096636e-05,"FKBP2"
"ENSG00000173486","patient5","XGBoost","all",1.31576390976837e-05,"FKBP2"
"ENSG00000173486","patient3","XGBoost","all",2.10709028425768e-05,"FKBP2"
"ENSG00000173486","patient2","XGBoost","all",2.45702932000458e-05,"FKBP2"
"ENSG00000173511","patient4","XGBoost","all",2.04279747675471e-05,"VEGFB"
"ENSG00000173511","patient2","XGBoost","all",2.19974572822889e-05,"VEGFB"
"ENSG00000173511","patient6","XGBoost","all",3.09799899241778e-05,"VEGFB"
"ENSG00000173511","patient1","XGBoost","all",2.09474938950035e-05,"VEGFB"
"ENSG00000173511","patient3","XGBoost","all",1.74832100409293e-05,"VEGFB"
"ENSG00000173511","patient5","XGBoost","all",2.37474854019025e-05,"VEGFB"
"ENSG00000173598","patient5","XGBoost","all",1.31804466663633e-05,"NUDT4"
"ENSG00000173598","patient1","XGBoost","all",1.40830603650045e-05,"NUDT4"
"ENSG00000173598","patient3","XGBoost","all",2.67876575747574e-05,"NUDT4"
"ENSG00000173598","patient6","XGBoost","all",2.25534819984873e-05,"NUDT4"
"ENSG00000173598","patient4","XGBoost","all",3.26345600135775e-05,"NUDT4"
"ENSG00000173598","patient2","XGBoost","all",2.77074115008246e-05,"NUDT4"
"ENSG00000173641","patient5","XGBoost","all",0.00115120283942823,"HSPB7"
"ENSG00000173641","patient1","XGBoost","all",0.000142432864872175,"HSPB7"
"ENSG00000173641","patient6","XGBoost","all",0.000847363035853002,"HSPB7"
"ENSG00000173641","patient4","XGBoost","all",0.00102641730488642,"HSPB7"
"ENSG00000173641","patient3","XGBoost","all",0.00047275768340982,"HSPB7"
"ENSG00000173641","patient2","XGBoost","all",0.000670141372271483,"HSPB7"
"ENSG00000173674","patient3","XGBoost","all",1.29285008157017e-05,"EIF1AX"
"ENSG00000173674","patient5","XGBoost","all",2.4130168970166e-05,"EIF1AX"
"ENSG00000173674","patient1","XGBoost","all",7.37930810887895e-06,"EIF1AX"
"ENSG00000173674","patient6","XGBoost","all",3.05049156336316e-05,"EIF1AX"
"ENSG00000173692","patient6","XGBoost","all",1.70523083654303e-06,"PSMD1"
"ENSG00000173692","patient4","XGBoost","all",1.55473444297822e-05,"PSMD1"
"ENSG00000173692","patient2","XGBoost","all",1.11581174233545e-05,"PSMD1"
"ENSG00000173692","patient5","XGBoost","all",4.80565004294796e-06,"PSMD1"
"ENSG00000173692","patient3","XGBoost","all",7.0477901452502e-06,"PSMD1"
"ENSG00000173692","patient1","XGBoost","all",4.06961274993578e-06,"PSMD1"
"ENSG00000173705","patient1","XGBoost","all",4.85002825809403e-05,"SUSD5"
"ENSG00000173705","patient3","XGBoost","all",0.00012113942917756,"SUSD5"
"ENSG00000173705","patient2","XGBoost","all",9.63943058415065e-05,"SUSD5"
"ENSG00000173705","patient4","XGBoost","all",8.56415057550152e-05,"SUSD5"
"ENSG00000173705","patient6","XGBoost","all",0.000103583510495486,"SUSD5"
"ENSG00000173705","patient5","XGBoost","all",6.04976067818282e-05,"SUSD5"
"ENSG00000173706","patient6","XGBoost","all",1.04413558295268e-05,"HEG1"
"ENSG00000173706","patient3","XGBoost","all",1.27639592500684e-05,"HEG1"
"ENSG00000173706","patient1","XGBoost","all",5.37154497046358e-06,"HEG1"
"ENSG00000173706","patient4","XGBoost","all",1.56026401408123e-05,"HEG1"
"ENSG00000173706","patient2","XGBoost","all",1.03468485819394e-05,"HEG1"
"ENSG00000173821","patient2","XGBoost","all",9.53786799238708e-06,"RNF213"
"ENSG00000173821","patient4","XGBoost","all",1.68527710251763e-05,"RNF213"
"ENSG00000173821","patient6","XGBoost","all",9.6215353807962e-06,"RNF213"
"ENSG00000173821","patient3","XGBoost","all",5.71716967799303e-06,"RNF213"
"ENSG00000173821","patient5","XGBoost","all",8.73899776879611e-06,"RNF213"
"ENSG00000173821","patient1","XGBoost","all",3.64178351928124e-06,"RNF213"
"ENSG00000173848","patient1","XGBoost","all",1.84292240340268e-05,"NET1"
"ENSG00000173848","patient5","XGBoost","all",4.16136776930653e-05,"NET1"
"ENSG00000173848","patient2","XGBoost","all",3.53921823423591e-05,"NET1"
"ENSG00000173848","patient3","XGBoost","all",3.13653822587612e-05,"NET1"
"ENSG00000173848","patient6","XGBoost","all",2.88988651722759e-05,"NET1"
"ENSG00000173848","patient4","XGBoost","all",3.85736570320904e-05,"NET1"
"ENSG00000173905","patient6","XGBoost","all",1.09367994697785e-05,"GOLIM4"
"ENSG00000173905","patient3","XGBoost","all",1.37814488630069e-05,"GOLIM4"
"ENSG00000173905","patient2","XGBoost","all",1.47712736938873e-05,"GOLIM4"
"ENSG00000173905","patient1","XGBoost","all",1.46036572948125e-05,"GOLIM4"
"ENSG00000173905","patient5","XGBoost","all",2.49056340550415e-05,"GOLIM4"
"ENSG00000173905","patient4","XGBoost","all",1.24819825591598e-05,"GOLIM4"
"ENSG00000173918","patient4","XGBoost","all",0.000171138589516209,"C1QTNF1"
"ENSG00000173918","patient6","XGBoost","all",0.000299605124355328,"C1QTNF1"
"ENSG00000173918","patient5","XGBoost","all",0.000438040871399355,"C1QTNF1"
"ENSG00000173918","patient1","XGBoost","all",0.000367734009141175,"C1QTNF1"
"ENSG00000173918","patient2","XGBoost","all",0.000236189636069765,"C1QTNF1"
"ENSG00000173918","patient3","XGBoost","all",0.000144000913472556,"C1QTNF1"
"ENSG00000174059","patient6","XGBoost","all",0.000578772287057795,"CD34"
"ENSG00000174059","patient2","XGBoost","all",0.000490185013866187,"CD34"
"ENSG00000174059","patient3","XGBoost","all",0.000259649233478441,"CD34"
"ENSG00000174059","patient5","XGBoost","all",0.0004260809326733,"CD34"
"ENSG00000174059","patient1","XGBoost","all",0.000752919015793375,"CD34"
"ENSG00000174059","patient4","XGBoost","all",0.000352110207452666,"CD34"
"ENSG00000174080","patient5","XGBoost","all",1.84398611542073e-05,"CTSF"
"ENSG00000174080","patient1","XGBoost","all",1.71121665002654e-05,"CTSF"
"ENSG00000174080","patient2","XGBoost","all",1.43935147600037e-05,"CTSF"
"ENSG00000174080","patient3","XGBoost","all",2.37523464039247e-05,"CTSF"
"ENSG00000174080","patient6","XGBoost","all",1.7663419796838e-05,"CTSF"
"ENSG00000174080","patient4","XGBoost","all",1.82931418395667e-05,"CTSF"
"ENSG00000174099","patient2","XGBoost","all",2.95564505902944e-05,"MSRB3"
"ENSG00000174099","patient6","XGBoost","all",4.01712823613073e-05,"MSRB3"
"ENSG00000174099","patient1","XGBoost","all",6.06080662017527e-05,"MSRB3"
"ENSG00000174099","patient4","XGBoost","all",5.56305945800806e-05,"MSRB3"
"ENSG00000174099","patient5","XGBoost","all",6.31901553485192e-05,"MSRB3"
"ENSG00000174099","patient3","XGBoost","all",2.92078339568384e-05,"MSRB3"
"ENSG00000174307","patient2","XGBoost","all",2.05277811399406e-05,"PHLDA3"
"ENSG00000174307","patient4","XGBoost","all",1.17694905107932e-05,"PHLDA3"
"ENSG00000174307","patient6","XGBoost","all",9.36905231941999e-06,"PHLDA3"
"ENSG00000174307","patient3","XGBoost","all",1.66518452445504e-05,"PHLDA3"
"ENSG00000174307","patient1","XGBoost","all",2.42454742456211e-05,"PHLDA3"
"ENSG00000174307","patient5","XGBoost","all",2.09566852702369e-05,"PHLDA3"
"ENSG00000174348","patient2","XGBoost","all",3.60980823830755e-05,"PODN"
"ENSG00000174348","patient1","XGBoost","all",7.02761687904338e-05,"PODN"
"ENSG00000174348","patient3","XGBoost","all",5.42496665744889e-05,"PODN"
"ENSG00000174348","patient6","XGBoost","all",3.45936624976365e-05,"PODN"
"ENSG00000174348","patient4","XGBoost","all",2.74514328687962e-05,"PODN"
"ENSG00000174437","patient6","XGBoost","all",5.6330601579464e-06,"ATP2A2"
"ENSG00000174437","patient2","XGBoost","all",5.32335676379982e-06,"ATP2A2"
"ENSG00000174437","patient4","XGBoost","all",1.10488406665579e-05,"ATP2A2"
"ENSG00000174437","patient3","XGBoost","all",5.5192325603018e-06,"ATP2A2"
"ENSG00000174695","patient1","XGBoost","all",2.69023928112385e-05,"TMEM167A"
"ENSG00000174695","patient5","XGBoost","all",2.4995901808513e-05,"TMEM167A"
"ENSG00000174695","patient4","XGBoost","all",1.57194191679292e-05,"TMEM167A"
"ENSG00000174695","patient6","XGBoost","all",1.91165671279164e-05,"TMEM167A"
"ENSG00000174695","patient3","XGBoost","all",1.82425790837969e-05,"TMEM167A"
"ENSG00000174695","patient2","XGBoost","all",2.05491385959409e-05,"TMEM167A"
"ENSG00000174718","patient2","XGBoost","all",1.035923724858e-05,"RESF1"
"ENSG00000174718","patient5","XGBoost","all",1.03823276533314e-05,"RESF1"
"ENSG00000174718","patient3","XGBoost","all",2.59930188964138e-05,"RESF1"
"ENSG00000174718","patient4","XGBoost","all",9.28108981222719e-06,"RESF1"
"ENSG00000174718","patient6","XGBoost","all",2.73197490825469e-05,"RESF1"
"ENSG00000174718","patient1","XGBoost","all",1.36216612925522e-05,"RESF1"
"ENSG00000174720","patient6","XGBoost","all",9.09441319814697e-06,"LARP7"
"ENSG00000174720","patient4","XGBoost","all",1.21677713463099e-05,"LARP7"
"ENSG00000174720","patient1","XGBoost","all",1.17671360024664e-05,"LARP7"
"ENSG00000174720","patient5","XGBoost","all",7.61136847896569e-06,"LARP7"
"ENSG00000174720","patient2","XGBoost","all",2.08887880701066e-05,"LARP7"
"ENSG00000174720","patient3","XGBoost","all",7.30107018656533e-06,"LARP7"
"ENSG00000174780","patient1","XGBoost","all",5.0223130851598e-06,"SRP72"
"ENSG00000174780","patient6","XGBoost","all",1.79847886445688e-05,"SRP72"
"ENSG00000174780","patient2","XGBoost","all",6.39320859245612e-06,"SRP72"
"ENSG00000174780","patient5","XGBoost","all",2.14552294274485e-05,"SRP72"
"ENSG00000174780","patient4","XGBoost","all",1.09453372055705e-05,"SRP72"
"ENSG00000174780","patient3","XGBoost","all",1.87351751398895e-05,"SRP72"
"ENSG00000174851","patient4","XGBoost","all",1.24436770957779e-05,"YIF1A"
"ENSG00000174851","patient5","XGBoost","all",2.11715739509627e-05,"YIF1A"
"ENSG00000174851","patient3","XGBoost","all",1.35972918150717e-05,"YIF1A"
"ENSG00000174851","patient1","XGBoost","all",8.30060512717136e-06,"YIF1A"
"ENSG00000174851","patient2","XGBoost","all",1.13399735755651e-05,"YIF1A"
"ENSG00000174851","patient6","XGBoost","all",1.18006845163494e-05,"YIF1A"
"ENSG00000174891","patient3","XGBoost","all",2.09934164532506e-05,"RSRC1"
"ENSG00000174891","patient5","XGBoost","all",2.09903952132347e-05,"RSRC1"
"ENSG00000174891","patient1","XGBoost","all",1.09602334225734e-05,"RSRC1"
"ENSG00000174891","patient6","XGBoost","all",7.12347981418511e-06,"RSRC1"
"ENSG00000174891","patient4","XGBoost","all",7.6700620148647e-06,"RSRC1"
"ENSG00000174891","patient2","XGBoost","all",1.43214341684047e-05,"RSRC1"
"ENSG00000174917","patient1","XGBoost","all",5.13566962077345e-06,"MICOS13"
"ENSG00000174917","patient5","XGBoost","all",1.38925310445826e-05,"MICOS13"
"ENSG00000174917","patient6","XGBoost","all",6.25334057067443e-06,"MICOS13"
"ENSG00000174917","patient3","XGBoost","all",6.34025215829377e-06,"MICOS13"
"ENSG00000174917","patient4","XGBoost","all",1.44743498325002e-05,"MICOS13"
"ENSG00000174917","patient2","XGBoost","all",2.45964064434499e-06,"MICOS13"
"ENSG00000174953","patient6","XGBoost","all",6.24768455178841e-06,"DHX36"
"ENSG00000174953","patient3","XGBoost","all",4.26394486050313e-06,"DHX36"
"ENSG00000174953","patient5","XGBoost","all",1.18881347960226e-05,"DHX36"
"ENSG00000174953","patient1","XGBoost","all",9.16831999757965e-06,"DHX36"
"ENSG00000174953","patient2","XGBoost","all",9.08242757900687e-06,"DHX36"
"ENSG00000174953","patient4","XGBoost","all",1.52918274663733e-05,"DHX36"
"ENSG00000175166","patient6","XGBoost","all",9.21635545743712e-06,"PSMD2"
"ENSG00000175166","patient3","XGBoost","all",8.61708183031847e-06,"PSMD2"
"ENSG00000175166","patient4","XGBoost","all",9.11892632347557e-06,"PSMD2"
"ENSG00000175166","patient5","XGBoost","all",1.01370234561949e-05,"PSMD2"
"ENSG00000175166","patient2","XGBoost","all",7.86748755540015e-06,"PSMD2"
"ENSG00000175183","patient2","XGBoost","all",0.00026305836049797,"CSRP2"
"ENSG00000175183","patient5","XGBoost","all",0.000135158913657726,"CSRP2"
"ENSG00000175183","patient6","XGBoost","all",0.000121180625704729,"CSRP2"
"ENSG00000175183","patient3","XGBoost","all",8.92631553177235e-05,"CSRP2"
"ENSG00000175183","patient1","XGBoost","all",8.64897225394288e-05,"CSRP2"
"ENSG00000175183","patient4","XGBoost","all",0.000400703710667367,"CSRP2"
"ENSG00000175197","patient2","XGBoost","all",2.29859149789869e-05,"DDIT3"
"ENSG00000175197","patient5","XGBoost","all",1.95409823609019e-05,"DDIT3"
"ENSG00000175197","patient1","XGBoost","all",9.36416407000586e-06,"DDIT3"
"ENSG00000175197","patient3","XGBoost","all",1.56679533464833e-05,"DDIT3"
"ENSG00000175197","patient6","XGBoost","all",9.66758299934257e-06,"DDIT3"
"ENSG00000175197","patient4","XGBoost","all",3.73780266121757e-05,"DDIT3"
"ENSG00000175203","patient1","XGBoost","all",1.52236692412234e-05,"DCTN2"
"ENSG00000175203","patient2","XGBoost","all",3.39614637208705e-06,"DCTN2"
"ENSG00000175203","patient6","XGBoost","all",1.37763393104427e-05,"DCTN2"
"ENSG00000175203","patient5","XGBoost","all",1.08569242509178e-05,"DCTN2"
"ENSG00000175203","patient4","XGBoost","all",9.5383585995592e-06,"DCTN2"
"ENSG00000175203","patient3","XGBoost","all",1.48694307146481e-05,"DCTN2"
"ENSG00000175334","patient1","XGBoost","all",7.53167060858711e-06,"BANF1"
"ENSG00000175334","patient5","XGBoost","all",7.96072339284131e-06,"BANF1"
"ENSG00000175334","patient3","XGBoost","all",1.13852376877043e-05,"BANF1"
"ENSG00000175334","patient4","XGBoost","all",7.6413206953009e-06,"BANF1"
"ENSG00000175334","patient2","XGBoost","all",1.20715957252024e-05,"BANF1"
"ENSG00000175334","patient6","XGBoost","all",1.87081772431347e-05,"BANF1"
"ENSG00000175416","patient4","XGBoost","all",1.03405318107593e-05,"CLTB"
"ENSG00000175416","patient6","XGBoost","all",8.47135918812945e-06,"CLTB"
"ENSG00000175416","patient1","XGBoost","all",7.62742871191399e-06,"CLTB"
"ENSG00000175416","patient5","XGBoost","all",9.4641459317667e-06,"CLTB"
"ENSG00000175416","patient2","XGBoost","all",2.58161654149487e-05,"CLTB"
"ENSG00000175416","patient3","XGBoost","all",1.7554532171257e-05,"CLTB"
"ENSG00000175550","patient6","XGBoost","all",6.70986849647558e-06,"DRAP1"
"ENSG00000175550","patient4","XGBoost","all",9.86196040343847e-06,"DRAP1"
"ENSG00000175550","patient2","XGBoost","all",1.01507944782629e-05,"DRAP1"
"ENSG00000175550","patient5","XGBoost","all",8.5889421013425e-06,"DRAP1"
"ENSG00000175550","patient1","XGBoost","all",1.87132428173243e-05,"DRAP1"
"ENSG00000175550","patient3","XGBoost","all",9.09436737209066e-06,"DRAP1"
"ENSG00000175602","patient2","XGBoost","all",1.61668046861704e-05,"CCDC85B"
"ENSG00000175602","patient1","XGBoost","all",2.91287464966182e-05,"CCDC85B"
"ENSG00000175602","patient5","XGBoost","all",1.81582485166967e-05,"CCDC85B"
"ENSG00000175602","patient3","XGBoost","all",1.74050560970968e-05,"CCDC85B"
"ENSG00000175602","patient4","XGBoost","all",1.92205085363271e-05,"CCDC85B"
"ENSG00000175602","patient6","XGBoost","all",1.27693517226577e-05,"CCDC85B"
"ENSG00000175701","patient4","XGBoost","all",4.75132495479628e-06,"MTLN"
"ENSG00000175701","patient1","XGBoost","all",3.87577079679702e-06,"MTLN"
"ENSG00000175701","patient3","XGBoost","all",7.26813775044627e-06,"MTLN"
"ENSG00000175701","patient2","XGBoost","all",6.42748828964012e-06,"MTLN"
"ENSG00000175701","patient5","XGBoost","all",3.59816985096812e-06,"MTLN"
"ENSG00000175701","patient6","XGBoost","all",3.12593447654225e-06,"MTLN"
"ENSG00000175756","patient4","XGBoost","all",1.07318974231899e-05,"AURKAIP1"
"ENSG00000175756","patient6","XGBoost","all",2.24600168554119e-05,"AURKAIP1"
"ENSG00000175756","patient5","XGBoost","all",1.18099853555462e-05,"AURKAIP1"
"ENSG00000175756","patient2","XGBoost","all",8.22582069155512e-06,"AURKAIP1"
"ENSG00000175756","patient1","XGBoost","all",9.57005465630428e-06,"AURKAIP1"
"ENSG00000175756","patient3","XGBoost","all",9.63132014937713e-06,"AURKAIP1"
"ENSG00000175899","patient6","XGBoost","all",0.00384052904971588,"A2M"
"ENSG00000175899","patient3","XGBoost","all",0.00280403847782167,"A2M"
"ENSG00000175899","patient5","XGBoost","all",0.00693254680150455,"A2M"
"ENSG00000175899","patient4","XGBoost","all",0.00252652414825708,"A2M"
"ENSG00000175899","patient1","XGBoost","all",0.0039015814802832,"A2M"
"ENSG00000175899","patient2","XGBoost","all",0.00539124050936939,"A2M"
"ENSG00000176014","patient4","XGBoost","all",1.35983482427677e-05,"TUBB6"
"ENSG00000176014","patient1","XGBoost","all",5.50102584239888e-06,"TUBB6"
"ENSG00000176014","patient5","XGBoost","all",1.03257961920707e-05,"TUBB6"
"ENSG00000176014","patient2","XGBoost","all",1.02904061325273e-05,"TUBB6"
"ENSG00000176014","patient6","XGBoost","all",1.49616835360321e-05,"TUBB6"
"ENSG00000176014","patient3","XGBoost","all",1.10421806682992e-05,"TUBB6"
"ENSG00000176046","patient3","XGBoost","all",9.40541575978332e-05,"NUPR1"
"ENSG00000176046","patient5","XGBoost","all",5.47159260954107e-05,"NUPR1"
"ENSG00000176046","patient6","XGBoost","all",0.000103230879909566,"NUPR1"
"ENSG00000176046","patient1","XGBoost","all",4.47669192298394e-05,"NUPR1"
"ENSG00000176046","patient4","XGBoost","all",6.98942089574563e-05,"NUPR1"
"ENSG00000176046","patient2","XGBoost","all",8.55460024565864e-05,"NUPR1"
"ENSG00000176101","patient6","XGBoost","all",4.19145567174871e-06,"SSNA1"
"ENSG00000176101","patient1","XGBoost","all",6.51732299505546e-06,"SSNA1"
"ENSG00000176101","patient3","XGBoost","all",7.51376670681686e-06,"SSNA1"
"ENSG00000176101","patient5","XGBoost","all",3.20314613258644e-06,"SSNA1"
"ENSG00000176101","patient2","XGBoost","all",1.33844667440712e-05,"SSNA1"
"ENSG00000176101","patient4","XGBoost","all",5.67768944531236e-06,"SSNA1"
"ENSG00000176171","patient3","XGBoost","all",7.00865552089929e-06,"BNIP3"
"ENSG00000176171","patient2","XGBoost","all",8.04218815060688e-06,"BNIP3"
"ENSG00000176171","patient6","XGBoost","all",2.7989762914861e-06,"BNIP3"
"ENSG00000176171","patient4","XGBoost","all",8.02524472266677e-06,"BNIP3"
"ENSG00000176171","patient5","XGBoost","all",5.84451968425599e-06,"BNIP3"
"ENSG00000176209","patient6","XGBoost","all",1.71824078244934e-05,"SMIM19"
"ENSG00000176209","patient2","XGBoost","all",8.6251719595055e-06,"SMIM19"
"ENSG00000176209","patient3","XGBoost","all",5.11626593758156e-06,"SMIM19"
"ENSG00000176209","patient4","XGBoost","all",6.32863869705896e-06,"SMIM19"
"ENSG00000176209","patient1","XGBoost","all",8.35874990014518e-06,"SMIM19"
"ENSG00000176209","patient5","XGBoost","all",1.55949738382642e-05,"SMIM19"
"ENSG00000176386","patient5","XGBoost","all",8.65216316276778e-06,"CDC26"
"ENSG00000176386","patient2","XGBoost","all",5.18697122885941e-06,"CDC26"
"ENSG00000176386","patient6","XGBoost","all",9.22187277867691e-06,"CDC26"
"ENSG00000176386","patient1","XGBoost","all",5.56335888451646e-06,"CDC26"
"ENSG00000176386","patient3","XGBoost","all",7.12977266589369e-06,"CDC26"
"ENSG00000176435","patient1","XGBoost","all",0.000513054700954712,"CLEC14A"
"ENSG00000176435","patient5","XGBoost","all",0.00148684583371395,"CLEC14A"
"ENSG00000176435","patient3","XGBoost","all",0.0138650754429573,"CLEC14A"
"ENSG00000176435","patient2","XGBoost","all",0.000877029026095541,"CLEC14A"
"ENSG00000176435","patient4","XGBoost","all",0.000979367284027417,"CLEC14A"
"ENSG00000176435","patient6","XGBoost","all",0.014157668319964,"CLEC14A"
"ENSG00000176485","patient6","XGBoost","all",6.4284580849869e-06,"PLAAT3"
"ENSG00000176485","patient4","XGBoost","all",1.98380761721184e-05,"PLAAT3"
"ENSG00000176485","patient5","XGBoost","all",1.0474026014067e-05,"PLAAT3"
"ENSG00000176485","patient1","XGBoost","all",1.89272070505515e-05,"PLAAT3"
"ENSG00000176485","patient2","XGBoost","all",1.83966580981525e-05,"PLAAT3"
"ENSG00000176485","patient3","XGBoost","all",2.02956490367964e-05,"PLAAT3"
"ENSG00000176658","patient4","XGBoost","all",1.46416970904605e-05,"MYO1D"
"ENSG00000176658","patient3","XGBoost","all",1.57882102564661e-05,"MYO1D"
"ENSG00000176658","patient6","XGBoost","all",2.33528982452834e-05,"MYO1D"
"ENSG00000176658","patient5","XGBoost","all",2.37557590547474e-05,"MYO1D"
"ENSG00000176658","patient1","XGBoost","all",2.1151410133227e-05,"MYO1D"
"ENSG00000176658","patient2","XGBoost","all",1.84336254057044e-05,"MYO1D"
"ENSG00000176731","patient1","XGBoost","all",2.32174550492651e-05,"RBIS"
"ENSG00000176731","patient5","XGBoost","all",1.44462845525497e-05,"RBIS"
"ENSG00000176731","patient6","XGBoost","all",1.79943125496095e-05,"RBIS"
"ENSG00000176731","patient2","XGBoost","all",2.36268386672113e-05,"RBIS"
"ENSG00000176845","patient4","XGBoost","all",2.00701789902933e-05,"METRNL"
"ENSG00000176845","patient2","XGBoost","all",1.07710462649552e-05,"METRNL"
"ENSG00000176845","patient5","XGBoost","all",1.70592507465696e-05,"METRNL"
"ENSG00000176845","patient1","XGBoost","all",2.1367156167455e-05,"METRNL"
"ENSG00000176845","patient6","XGBoost","all",1.73083922310835e-05,"METRNL"
"ENSG00000176845","patient3","XGBoost","all",2.51907928542376e-05,"METRNL"
"ENSG00000176971","patient1","XGBoost","all",4.8079860488112e-05,"FIBIN"
"ENSG00000176971","patient2","XGBoost","all",0.000116564218338051,"FIBIN"
"ENSG00000176971","patient4","XGBoost","all",6.45299187749755e-05,"FIBIN"
"ENSG00000176971","patient5","XGBoost","all",0.000172333697551897,"FIBIN"
"ENSG00000176971","patient6","XGBoost","all",0.000142122519293791,"FIBIN"
"ENSG00000176971","patient3","XGBoost","all",9.32424234554494e-05,"FIBIN"
"ENSG00000176973","patient5","XGBoost","all",1.7337600731544e-05,"FAM89B"
"ENSG00000176973","patient2","XGBoost","all",5.9276269731493e-06,"FAM89B"
"ENSG00000176973","patient6","XGBoost","all",5.68545657233992e-06,"FAM89B"
"ENSG00000176973","patient1","XGBoost","all",1.91084516113695e-05,"FAM89B"
"ENSG00000176973","patient4","XGBoost","all",3.11440658501401e-05,"FAM89B"
"ENSG00000176973","patient3","XGBoost","all",5.77490441906984e-06,"FAM89B"
"ENSG00000176978","patient2","XGBoost","all",2.15327460934635e-05,"DPP7"
"ENSG00000176978","patient6","XGBoost","all",1.39135119938283e-05,"DPP7"
"ENSG00000176978","patient4","XGBoost","all",2.61332106255474e-05,"DPP7"
"ENSG00000176978","patient5","XGBoost","all",4.53316477277957e-05,"DPP7"
"ENSG00000176978","patient1","XGBoost","all",8.7485377534897e-06,"DPP7"
"ENSG00000176978","patient3","XGBoost","all",1.43870785858895e-05,"DPP7"
"ENSG00000177105","patient6","XGBoost","all",4.50515382837336e-06,"RHOG"
"ENSG00000177105","patient5","XGBoost","all",5.2138346119314e-06,"RHOG"
"ENSG00000177105","patient3","XGBoost","all",8.73802981093228e-06,"RHOG"
"ENSG00000177105","patient4","XGBoost","all",1.55669192288183e-05,"RHOG"
"ENSG00000177105","patient2","XGBoost","all",6.37976264555577e-06,"RHOG"
"ENSG00000177105","patient1","XGBoost","all",2.31727719087483e-06,"RHOG"
"ENSG00000177119","patient6","XGBoost","all",5.73569001472233e-07,"ANO6"
"ENSG00000177119","patient5","XGBoost","all",1.06887759739367e-05,"ANO6"
"ENSG00000177119","patient4","XGBoost","all",5.33364059704364e-06,"ANO6"
"ENSG00000177119","patient2","XGBoost","all",4.05130353955212e-06,"ANO6"
"ENSG00000177119","patient3","XGBoost","all",3.03791937456168e-06,"ANO6"
"ENSG00000177119","patient1","XGBoost","all",1.13094523479779e-05,"ANO6"
"ENSG00000177156","patient2","XGBoost","all",1.55961680948418e-05,"TALDO1"
"ENSG00000177156","patient1","XGBoost","all",8.99773143617983e-06,"TALDO1"
"ENSG00000177156","patient4","XGBoost","all",1.84761593662192e-05,"TALDO1"
"ENSG00000177156","patient6","XGBoost","all",8.8605106424749e-06,"TALDO1"
"ENSG00000177156","patient5","XGBoost","all",9.57565890058925e-06,"TALDO1"
"ENSG00000177156","patient3","XGBoost","all",1.64310349027078e-05,"TALDO1"
"ENSG00000177200","patient6","XGBoost","all",3.73293512309681e-06,"CHD9"
"ENSG00000177200","patient2","XGBoost","all",1.13027470468419e-05,"CHD9"
"ENSG00000177200","patient3","XGBoost","all",8.52198944947159e-06,"CHD9"
"ENSG00000177200","patient1","XGBoost","all",1.1302268860984e-05,"CHD9"
"ENSG00000177200","patient4","XGBoost","all",6.27352590903847e-06,"CHD9"
"ENSG00000177200","patient5","XGBoost","all",1.29217035956803e-05,"CHD9"
"ENSG00000177311","patient4","XGBoost","all",7.92992757561196e-06,"ZBTB38"
"ENSG00000177311","patient5","XGBoost","all",1.76850213032034e-05,"ZBTB38"
"ENSG00000177311","patient6","XGBoost","all",9.15128492325865e-06,"ZBTB38"
"ENSG00000177311","patient3","XGBoost","all",4.17120636787585e-06,"ZBTB38"
"ENSG00000177311","patient1","XGBoost","all",9.47109138475988e-06,"ZBTB38"
"ENSG00000177311","patient2","XGBoost","all",1.42638475930612e-05,"ZBTB38"
"ENSG00000177410","patient1","XGBoost","all",2.1935079686937e-05,"ZFAS1"
"ENSG00000177410","patient2","XGBoost","all",2.43369546705316e-05,"ZFAS1"
"ENSG00000177410","patient6","XGBoost","all",7.86359947425155e-05,"ZFAS1"
"ENSG00000177410","patient3","XGBoost","all",5.18650829849517e-05,"ZFAS1"
"ENSG00000177410","patient5","XGBoost","all",6.25158634913408e-05,"ZFAS1"
"ENSG00000177410","patient4","XGBoost","all",2.43470688792318e-05,"ZFAS1"
"ENSG00000177425","patient5","XGBoost","all",8.63177662176587e-06,"PAWR"
"ENSG00000177425","patient1","XGBoost","all",4.19255887040357e-06,"PAWR"
"ENSG00000177425","patient4","XGBoost","all",2.25878172227343e-05,"PAWR"
"ENSG00000177425","patient3","XGBoost","all",1.10654320469067e-05,"PAWR"
"ENSG00000177425","patient2","XGBoost","all",1.6854030275802e-05,"PAWR"
"ENSG00000177425","patient6","XGBoost","all",1.02160461264908e-05,"PAWR"
"ENSG00000177469","patient5","XGBoost","all",2.56972930561634e-05,"CAVIN1"
"ENSG00000177469","patient4","XGBoost","all",3.3597456958705e-05,"CAVIN1"
"ENSG00000177469","patient3","XGBoost","all",2.87619894737313e-05,"CAVIN1"
"ENSG00000177469","patient1","XGBoost","all",4.82697711483943e-05,"CAVIN1"
"ENSG00000177469","patient6","XGBoost","all",4.76970479413003e-05,"CAVIN1"
"ENSG00000177469","patient2","XGBoost","all",4.2365687133346e-05,"CAVIN1"
"ENSG00000177556","patient4","XGBoost","all",5.03231221584384e-06,"ATOX1"
"ENSG00000177556","patient3","XGBoost","all",1.04520852422135e-05,"ATOX1"
"ENSG00000177556","patient2","XGBoost","all",1.06417383232908e-05,"ATOX1"
"ENSG00000177556","patient1","XGBoost","all",5.1349123923764e-06,"ATOX1"
"ENSG00000177556","patient5","XGBoost","all",1.46884229692561e-05,"ATOX1"
"ENSG00000177556","patient6","XGBoost","all",8.63684752944407e-06,"ATOX1"
"ENSG00000177565","patient3","XGBoost","all",5.51623690945449e-06,"TBL1XR1"
"ENSG00000177565","patient6","XGBoost","all",1.05441414544285e-05,"TBL1XR1"
"ENSG00000177565","patient5","XGBoost","all",1.82902441236505e-05,"TBL1XR1"
"ENSG00000177565","patient2","XGBoost","all",6.21639606841688e-06,"TBL1XR1"
"ENSG00000177565","patient4","XGBoost","all",4.95632827908414e-06,"TBL1XR1"
"ENSG00000177565","patient1","XGBoost","all",4.82348527365124e-06,"TBL1XR1"
"ENSG00000177575","patient6","XGBoost","all",0.000543894657133089,"CD163"
"ENSG00000177575","patient5","XGBoost","all",0.00104281609001752,"CD163"
"ENSG00000177575","patient3","XGBoost","all",0.000734413270163169,"CD163"
"ENSG00000177575","patient4","XGBoost","all",0.00159224708462946,"CD163"
"ENSG00000177575","patient2","XGBoost","all",0.00108273785256318,"CD163"
"ENSG00000177575","patient1","XGBoost","all",0.00078741558369627,"CD163"
"ENSG00000177606","patient5","XGBoost","all",3.58349140195092e-05,"JUN"
"ENSG00000177606","patient4","XGBoost","all",4.7124901146689e-05,"JUN"
"ENSG00000177606","patient2","XGBoost","all",4.0196266466218e-05,"JUN"
"ENSG00000177606","patient6","XGBoost","all",2.79315749846501e-05,"JUN"
"ENSG00000177606","patient1","XGBoost","all",3.13774030577001e-05,"JUN"
"ENSG00000177606","patient3","XGBoost","all",3.98530798883917e-05,"JUN"
"ENSG00000177666","patient4","XGBoost","all",4.93524609667235e-06,"PNPLA2"
"ENSG00000177666","patient2","XGBoost","all",3.46868981164051e-06,"PNPLA2"
"ENSG00000177666","patient6","XGBoost","all",1.46500405940165e-05,"PNPLA2"
"ENSG00000177666","patient5","XGBoost","all",3.95005351430354e-06,"PNPLA2"
"ENSG00000177666","patient1","XGBoost","all",2.27265329561161e-06,"PNPLA2"
"ENSG00000177666","patient3","XGBoost","all",4.99709494154861e-06,"PNPLA2"
"ENSG00000177674","patient5","XGBoost","all",6.66296653515626e-06,"AGTRAP"
"ENSG00000177674","patient3","XGBoost","all",1.47391786931018e-05,"AGTRAP"
"ENSG00000177674","patient4","XGBoost","all",2.32490386810847e-05,"AGTRAP"
"ENSG00000177674","patient6","XGBoost","all",6.56303818929299e-06,"AGTRAP"
"ENSG00000177674","patient2","XGBoost","all",1.06684742896356e-05,"AGTRAP"
"ENSG00000177697","patient6","XGBoost","all",3.68999184238093e-05,"CD151"
"ENSG00000177697","patient1","XGBoost","all",4.34787704175521e-05,"CD151"
"ENSG00000177697","patient4","XGBoost","all",3.22258228262447e-05,"CD151"
"ENSG00000177697","patient2","XGBoost","all",4.48972068807526e-05,"CD151"
"ENSG00000177697","patient3","XGBoost","all",2.26897877587906e-05,"CD151"
"ENSG00000177697","patient5","XGBoost","all",5.49897533154916e-05,"CD151"
"ENSG00000177733","patient5","XGBoost","all",3.96124766740557e-06,"HNRNPA0"
"ENSG00000177733","patient2","XGBoost","all",7.93287774067586e-06,"HNRNPA0"
"ENSG00000177733","patient3","XGBoost","all",1.70443718458003e-05,"HNRNPA0"
"ENSG00000177733","patient4","XGBoost","all",4.01755802338639e-06,"HNRNPA0"
"ENSG00000177733","patient6","XGBoost","all",6.98821902450755e-06,"HNRNPA0"
"ENSG00000177733","patient1","XGBoost","all",6.96351973544453e-06,"HNRNPA0"
"ENSG00000177830","patient2","XGBoost","all",1.47767923415655e-05,"CHID1"
"ENSG00000177830","patient6","XGBoost","all",8.14735650766034e-06,"CHID1"
"ENSG00000177830","patient1","XGBoost","all",4.85985926735642e-06,"CHID1"
"ENSG00000177830","patient3","XGBoost","all",1.15802993902179e-05,"CHID1"
"ENSG00000177879","patient5","XGBoost","all",1.19993741980173e-05,"AP3S1"
"ENSG00000177879","patient3","XGBoost","all",1.30079458706364e-05,"AP3S1"
"ENSG00000177879","patient1","XGBoost","all",1.3178234267767e-05,"AP3S1"
"ENSG00000177879","patient4","XGBoost","all",3.66806507672606e-05,"AP3S1"
"ENSG00000177879","patient6","XGBoost","all",7.20167470204628e-06,"AP3S1"
"ENSG00000177879","patient2","XGBoost","all",1.84637608537556e-05,"AP3S1"
"ENSG00000177885","patient3","XGBoost","all",1.56193204835253e-05,"GRB2"
"ENSG00000177885","patient1","XGBoost","all",1.98920530330379e-05,"GRB2"
"ENSG00000177885","patient6","XGBoost","all",1.26070043495776e-05,"GRB2"
"ENSG00000177885","patient5","XGBoost","all",1.74371573575331e-05,"GRB2"
"ENSG00000177885","patient2","XGBoost","all",1.31048210497758e-05,"GRB2"
"ENSG00000177885","patient4","XGBoost","all",2.08857467286893e-05,"GRB2"
"ENSG00000177889","patient6","XGBoost","all",2.20319628451105e-06,"UBE2N"
"ENSG00000177889","patient1","XGBoost","all",7.52314891942837e-06,"UBE2N"
"ENSG00000177889","patient3","XGBoost","all",4.94281251928823e-06,"UBE2N"
"ENSG00000177889","patient2","XGBoost","all",1.1837161098045e-05,"UBE2N"
"ENSG00000177889","patient4","XGBoost","all",7.93648510069699e-06,"UBE2N"
"ENSG00000177889","patient5","XGBoost","all",8.78089224230109e-06,"UBE2N"
"ENSG00000177971","patient3","XGBoost","all",7.1067359667468e-06,"IMP3"
"ENSG00000177971","patient6","XGBoost","all",4.16195041477698e-06,"IMP3"
"ENSG00000177971","patient4","XGBoost","all",1.32145659909193e-05,"IMP3"
"ENSG00000177971","patient2","XGBoost","all",9.04507538722852e-06,"IMP3"
"ENSG00000177971","patient1","XGBoost","all",2.50458865079867e-05,"IMP3"
"ENSG00000177971","patient5","XGBoost","all",3.43666180812624e-05,"IMP3"
"ENSG00000178035","patient1","XGBoost","all",1.32097882898124e-05,"IMPDH2"
"ENSG00000178035","patient2","XGBoost","all",1.0687517176903e-05,"IMPDH2"
"ENSG00000178035","patient6","XGBoost","all",8.16490282681264e-06,"IMPDH2"
"ENSG00000178035","patient4","XGBoost","all",8.07172753716116e-06,"IMPDH2"
"ENSG00000178035","patient3","XGBoost","all",7.38147105817953e-06,"IMPDH2"
"ENSG00000178035","patient5","XGBoost","all",8.39278383609135e-06,"IMPDH2"
"ENSG00000178057","patient6","XGBoost","all",8.50394815610222e-06,"NDUFAF3"
"ENSG00000178057","patient4","XGBoost","all",1.4262771872289e-05,"NDUFAF3"
"ENSG00000178057","patient5","XGBoost","all",8.12595155705366e-06,"NDUFAF3"
"ENSG00000178057","patient1","XGBoost","all",8.34423036962929e-06,"NDUFAF3"
"ENSG00000178057","patient2","XGBoost","all",6.3374155118159e-06,"NDUFAF3"
"ENSG00000178057","patient3","XGBoost","all",1.18337212868656e-05,"NDUFAF3"
"ENSG00000178104","patient1","XGBoost","all",1.05778830702475e-05,"PDE4DIP"
"ENSG00000178104","patient6","XGBoost","all",3.89038504672528e-06,"PDE4DIP"
"ENSG00000178104","patient5","XGBoost","all",2.08766255118266e-05,"PDE4DIP"
"ENSG00000178104","patient2","XGBoost","all",8.84491453595925e-06,"PDE4DIP"
"ENSG00000178104","patient3","XGBoost","all",6.90000723206523e-06,"PDE4DIP"
"ENSG00000178104","patient4","XGBoost","all",9.8082217786953e-06,"PDE4DIP"
"ENSG00000178127","patient1","XGBoost","all",8.78527795691844e-06,"NDUFV2"
"ENSG00000178127","patient3","XGBoost","all",2.77500830439369e-05,"NDUFV2"
"ENSG00000178127","patient2","XGBoost","all",1.04658350471165e-05,"NDUFV2"
"ENSG00000178209","patient1","XGBoost","all",2.37258133908193e-06,"PLEC"
"ENSG00000178209","patient5","XGBoost","all",2.9254917280833e-05,"PLEC"
"ENSG00000178209","patient4","XGBoost","all",1.62691040341027e-05,"PLEC"
"ENSG00000178209","patient6","XGBoost","all",4.00796508722419e-06,"PLEC"
"ENSG00000178209","patient3","XGBoost","all",1.28595651927343e-05,"PLEC"
"ENSG00000178209","patient2","XGBoost","all",1.79785659290201e-05,"PLEC"
"ENSG00000178449","patient6","XGBoost","all",1.38373235985825e-05,"COX14"
"ENSG00000178449","patient4","XGBoost","all",2.72491566862156e-06,"COX14"
"ENSG00000178449","patient1","XGBoost","all",1.5856955086694e-05,"COX14"
"ENSG00000178449","patient5","XGBoost","all",7.37752386450213e-06,"COX14"
"ENSG00000178449","patient3","XGBoost","all",9.31951757680921e-06,"COX14"
"ENSG00000178449","patient2","XGBoost","all",1.12401971097812e-05,"COX14"
"ENSG00000178573","patient4","XGBoost","all",1.98997110413445e-05,"MAF"
"ENSG00000178573","patient1","XGBoost","all",2.96606148359158e-05,"MAF"
"ENSG00000178573","patient2","XGBoost","all",6.8920369717921e-06,"MAF"
"ENSG00000178573","patient5","XGBoost","all",2.00735216525919e-05,"MAF"
"ENSG00000178573","patient3","XGBoost","all",1.29938999169547e-05,"MAF"
"ENSG00000178573","patient6","XGBoost","all",2.14179039109031e-05,"MAF"
"ENSG00000178695","patient3","XGBoost","all",5.62706757051509e-05,"KCTD12"
"ENSG00000178695","patient5","XGBoost","all",0.000939772291399204,"KCTD12"
"ENSG00000178695","patient4","XGBoost","all",0.000132561490761212,"KCTD12"
"ENSG00000178695","patient6","XGBoost","all",4.19920936806162e-05,"KCTD12"
"ENSG00000178695","patient2","XGBoost","all",5.73038321535593e-05,"KCTD12"
"ENSG00000178695","patient1","XGBoost","all",9.31406894963306e-05,"KCTD12"
"ENSG00000178719","patient4","XGBoost","all",8.69235964261504e-06,"GRINA"
"ENSG00000178719","patient2","XGBoost","all",5.99999441863338e-06,"GRINA"
"ENSG00000178719","patient1","XGBoost","all",1.35771033076336e-06,"GRINA"
"ENSG00000178719","patient5","XGBoost","all",1.55183627268339e-05,"GRINA"
"ENSG00000178719","patient6","XGBoost","all",2.871873107079e-06,"GRINA"
"ENSG00000178726","patient4","XGBoost","all",2.05456761503296e-05,"THBD"
"ENSG00000178726","patient3","XGBoost","all",1.56274221677617e-05,"THBD"
"ENSG00000178741","patient1","XGBoost","all",5.50258584398165e-06,"COX5A"
"ENSG00000178741","patient6","XGBoost","all",7.42496582087724e-06,"COX5A"
"ENSG00000178741","patient2","XGBoost","all",9.29869303898715e-06,"COX5A"
"ENSG00000178741","patient3","XGBoost","all",6.44362904228155e-06,"COX5A"
"ENSG00000178741","patient5","XGBoost","all",1.01394754829466e-05,"COX5A"
"ENSG00000178741","patient4","XGBoost","all",7.86528608765274e-06,"COX5A"
"ENSG00000178913","patient1","XGBoost","all",5.78564078106039e-06,"TAF7"
"ENSG00000178913","patient2","XGBoost","all",9.92225680379257e-06,"TAF7"
"ENSG00000178913","patient4","XGBoost","all",5.12358509404184e-06,"TAF7"
"ENSG00000178913","patient5","XGBoost","all",6.98412624129482e-06,"TAF7"
"ENSG00000178913","patient6","XGBoost","all",3.24739342788056e-06,"TAF7"
"ENSG00000178913","patient3","XGBoost","all",1.14664912084835e-05,"TAF7"
"ENSG00000178922","patient1","XGBoost","all",3.29671102106011e-06,"HYI"
"ENSG00000178951","patient6","XGBoost","all",4.19292124354381e-06,"ZBTB7A"
"ENSG00000178951","patient5","XGBoost","all",2.40501123116631e-05,"ZBTB7A"
"ENSG00000178951","patient2","XGBoost","all",2.36213828510606e-06,"ZBTB7A"
"ENSG00000178951","patient3","XGBoost","all",1.07587241289578e-05,"ZBTB7A"
"ENSG00000178951","patient1","XGBoost","all",5.99000506151401e-06,"ZBTB7A"
"ENSG00000178951","patient4","XGBoost","all",4.61675921124751e-06,"ZBTB7A"
"ENSG00000178952","patient6","XGBoost","all",9.6380275978372e-06,"TUFM"
"ENSG00000178952","patient5","XGBoost","all",1.76365976497417e-05,"TUFM"
"ENSG00000178952","patient4","XGBoost","all",2.47205801466791e-06,"TUFM"
"ENSG00000178952","patient1","XGBoost","all",1.56373936581369e-05,"TUFM"
"ENSG00000178952","patient3","XGBoost","all",1.65192385761998e-05,"TUFM"
"ENSG00000178952","patient2","XGBoost","all",1.15725976020537e-05,"TUFM"
"ENSG00000178996","patient4","XGBoost","all",1.22726746368321e-05,"SNX18"
"ENSG00000179085","patient2","XGBoost","all",1.27717981635233e-05,"DPM3"
"ENSG00000179085","patient3","XGBoost","all",5.22345281305595e-06,"DPM3"
"ENSG00000179085","patient6","XGBoost","all",1.04083571700452e-05,"DPM3"
"ENSG00000179085","patient1","XGBoost","all",7.43778243357568e-06,"DPM3"
"ENSG00000179085","patient5","XGBoost","all",1.14846283747909e-05,"DPM3"
"ENSG00000179085","patient4","XGBoost","all",9.51615117582753e-06,"DPM3"
"ENSG00000179091","patient6","XGBoost","all",1.43328426334521e-05,"CYC1"
"ENSG00000179091","patient4","XGBoost","all",3.4047612559791e-06,"CYC1"
"ENSG00000179091","patient1","XGBoost","all",1.7968124150105e-05,"CYC1"
"ENSG00000179091","patient2","XGBoost","all",1.01321831876665e-05,"CYC1"
"ENSG00000179091","patient5","XGBoost","all",2.06575070074565e-05,"CYC1"
"ENSG00000179091","patient3","XGBoost","all",6.91416090476948e-06,"CYC1"
"ENSG00000179144","patient1","XGBoost","all",0.000288847176670202,"GIMAP7"
"ENSG00000179144","patient2","XGBoost","all",0.000468872812355797,"GIMAP7"
"ENSG00000179144","patient6","XGBoost","all",0.000323408542428887,"GIMAP7"
"ENSG00000179144","patient5","XGBoost","all",0.000424081070814286,"GIMAP7"
"ENSG00000179144","patient3","XGBoost","all",0.000557546815601764,"GIMAP7"
"ENSG00000179144","patient4","XGBoost","all",0.000394216167281454,"GIMAP7"
"ENSG00000179163","patient6","XGBoost","all",7.37133037417745e-06,"FUCA1"
"ENSG00000179163","patient5","XGBoost","all",7.25487680328338e-06,"FUCA1"
"ENSG00000179262","patient3","XGBoost","all",1.45708305496129e-05,"RAD23A"
"ENSG00000179262","patient4","XGBoost","all",1.25156273561045e-05,"RAD23A"
"ENSG00000179262","patient6","XGBoost","all",1.4017986173664e-05,"RAD23A"
"ENSG00000179262","patient1","XGBoost","all",8.38749051321216e-06,"RAD23A"
"ENSG00000179262","patient2","XGBoost","all",3.35598682818149e-06,"RAD23A"
"ENSG00000179262","patient5","XGBoost","all",1.24801202369041e-05,"RAD23A"
"ENSG00000179271","patient5","XGBoost","all",2.03990770274206e-05,"GADD45GIP1"
"ENSG00000179271","patient6","XGBoost","all",1.30259281427725e-05,"GADD45GIP1"
"ENSG00000179271","patient3","XGBoost","all",1.08740024477755e-05,"GADD45GIP1"
"ENSG00000179271","patient2","XGBoost","all",3.82524326944907e-06,"GADD45GIP1"
"ENSG00000179271","patient1","XGBoost","all",1.88176773880349e-05,"GADD45GIP1"
"ENSG00000179271","patient4","XGBoost","all",1.65010455215163e-05,"GADD45GIP1"
"ENSG00000179295","patient4","XGBoost","all",1.00466384962097e-05,"PTPN11"
"ENSG00000179295","patient2","XGBoost","all",8.65124276695638e-06,"PTPN11"
"ENSG00000179295","patient3","XGBoost","all",1.19742976457205e-05,"PTPN11"
"ENSG00000179344","patient6","XGBoost","all",0.00010097836185297,"HLA-DQB1"
"ENSG00000179344","patient2","XGBoost","all",0.000118357860415777,"HLA-DQB1"
"ENSG00000179344","patient3","XGBoost","all",0.000116039191375393,"HLA-DQB1"
"ENSG00000179344","patient5","XGBoost","all",8.12709232297606e-05,"HLA-DQB1"
"ENSG00000179344","patient4","XGBoost","all",3.72212326674487e-05,"HLA-DQB1"
"ENSG00000179344","patient1","XGBoost","all",6.93039245569093e-05,"HLA-DQB1"
"ENSG00000179632","patient4","XGBoost","all",1.4925844560385e-05,"MAF1"
"ENSG00000179632","patient2","XGBoost","all",1.07262845583757e-05,"MAF1"
"ENSG00000179632","patient1","XGBoost","all",1.27625888235068e-05,"MAF1"
"ENSG00000179632","patient3","XGBoost","all",1.74937316102512e-05,"MAF1"
"ENSG00000179632","patient5","XGBoost","all",2.23541901731929e-05,"MAF1"
"ENSG00000179632","patient6","XGBoost","all",2.1380038742214e-05,"MAF1"
"ENSG00000179820","patient4","XGBoost","all",1.56577028185206e-05,"MYADM"
"ENSG00000179820","patient1","XGBoost","all",1.62918182100773e-05,"MYADM"
"ENSG00000179820","patient6","XGBoost","all",1.30457782653921e-05,"MYADM"
"ENSG00000179820","patient3","XGBoost","all",1.36059457489451e-05,"MYADM"
"ENSG00000179820","patient5","XGBoost","all",1.51134218234539e-05,"MYADM"
"ENSG00000179820","patient2","XGBoost","all",2.24847365031432e-05,"MYADM"
"ENSG00000179912","patient2","XGBoost","all",8.56747551122899e-06,"R3HDM2"
"ENSG00000179912","patient1","XGBoost","all",7.14474430098947e-06,"R3HDM2"
"ENSG00000179912","patient5","XGBoost","all",6.44120419726421e-06,"R3HDM2"
"ENSG00000179912","patient6","XGBoost","all",4.8951652081254e-06,"R3HDM2"
"ENSG00000179912","patient3","XGBoost","all",8.59022717454598e-06,"R3HDM2"
"ENSG00000179950","patient6","XGBoost","all",6.39387756106835e-06,"PUF60"
"ENSG00000179950","patient3","XGBoost","all",9.48507564589546e-06,"PUF60"
"ENSG00000179950","patient2","XGBoost","all",9.27621514223857e-06,"PUF60"
"ENSG00000179950","patient1","XGBoost","all",9.64103713515859e-06,"PUF60"
"ENSG00000179950","patient4","XGBoost","all",6.67766516967466e-06,"PUF60"
"ENSG00000179950","patient5","XGBoost","all",9.72230389492838e-06,"PUF60"
"ENSG00000180304","patient1","XGBoost","all",1.73071307806763e-05,"OAZ2"
"ENSG00000180304","patient5","XGBoost","all",1.47831220403528e-05,"OAZ2"
"ENSG00000180304","patient4","XGBoost","all",1.74758402028878e-05,"OAZ2"
"ENSG00000180304","patient6","XGBoost","all",1.40853918071889e-05,"OAZ2"
"ENSG00000180304","patient3","XGBoost","all",3.23330146530903e-05,"OAZ2"
"ENSG00000180304","patient2","XGBoost","all",1.26553539080063e-05,"OAZ2"
"ENSG00000180353","patient6","XGBoost","all",1.19507667498835e-05,"HCLS1"
"ENSG00000180353","patient4","XGBoost","all",1.12643736748261e-05,"HCLS1"
"ENSG00000180353","patient1","XGBoost","all",1.46057945673347e-05,"HCLS1"
"ENSG00000180353","patient2","XGBoost","all",1.44068179378833e-05,"HCLS1"
"ENSG00000180353","patient5","XGBoost","all",1.99543457126819e-05,"HCLS1"
"ENSG00000180353","patient3","XGBoost","all",8.06214832068615e-06,"HCLS1"
"ENSG00000180370","patient2","XGBoost","all",6.91786303235024e-06,"PAK2"
"ENSG00000180370","patient6","XGBoost","all",6.60726709049887e-06,"PAK2"
"ENSG00000180370","patient1","XGBoost","all",1.01474951852049e-05,"PAK2"
"ENSG00000180370","patient3","XGBoost","all",4.86885354866044e-06,"PAK2"
"ENSG00000180370","patient4","XGBoost","all",9.16577090998012e-06,"PAK2"
"ENSG00000180370","patient5","XGBoost","all",9.51629567392058e-06,"PAK2"
"ENSG00000180398","patient6","XGBoost","all",1.19590203267388e-05,"MCFD2"
"ENSG00000180398","patient1","XGBoost","all",2.27813137095363e-05,"MCFD2"
"ENSG00000180398","patient5","XGBoost","all",1.31406981037545e-05,"MCFD2"
"ENSG00000180398","patient2","XGBoost","all",1.02470576418768e-05,"MCFD2"
"ENSG00000180398","patient4","XGBoost","all",2.18382093216499e-05,"MCFD2"
"ENSG00000180398","patient3","XGBoost","all",2.39446415481601e-05,"MCFD2"
"ENSG00000180628","patient3","XGBoost","all",2.08157710960912e-05,"PCGF5"
"ENSG00000180628","patient6","XGBoost","all",1.35079102873707e-05,"PCGF5"
"ENSG00000180628","patient4","XGBoost","all",7.25709926526903e-06,"PCGF5"
"ENSG00000180628","patient2","XGBoost","all",1.09710123713851e-05,"PCGF5"
"ENSG00000180628","patient1","XGBoost","all",1.41384265355864e-05,"PCGF5"
"ENSG00000180628","patient5","XGBoost","all",4.39708031047035e-06,"PCGF5"
"ENSG00000180817","patient1","XGBoost","all",1.30931965930716e-05,"PPA1"
"ENSG00000180817","patient5","XGBoost","all",1.53023053810192e-05,"PPA1"
"ENSG00000180817","patient2","XGBoost","all",1.5929151505789e-05,"PPA1"
"ENSG00000180817","patient6","XGBoost","all",1.59159219195132e-05,"PPA1"
"ENSG00000180817","patient4","XGBoost","all",1.13826389004712e-05,"PPA1"
"ENSG00000180817","patient3","XGBoost","all",1.16179274654215e-05,"PPA1"
"ENSG00000180957","patient6","XGBoost","all",1.06332393998228e-05,"PITPNB"
"ENSG00000180957","patient3","XGBoost","all",2.98566696279761e-05,"PITPNB"
"ENSG00000180957","patient5","XGBoost","all",8.22857631638974e-06,"PITPNB"
"ENSG00000180957","patient1","XGBoost","all",1.4943221465584e-05,"PITPNB"
"ENSG00000180957","patient4","XGBoost","all",6.37210674480203e-06,"PITPNB"
"ENSG00000180957","patient2","XGBoost","all",9.67402753120475e-06,"PITPNB"
"ENSG00000180964","patient6","XGBoost","all",3.59221640322284e-06,"TCEAL8"
"ENSG00000180964","patient3","XGBoost","all",1.08482166377979e-05,"TCEAL8"
"ENSG00000180964","patient4","XGBoost","all",1.54479011262872e-05,"TCEAL8"
"ENSG00000180964","patient1","XGBoost","all",4.96593567215621e-06,"TCEAL8"
"ENSG00000180964","patient5","XGBoost","all",1.62022069486588e-05,"TCEAL8"
"ENSG00000180964","patient2","XGBoost","all",5.19059506188418e-06,"TCEAL8"
"ENSG00000181019","patient5","XGBoost","all",1.18980405501124e-05,"NQO1"
"ENSG00000181019","patient4","XGBoost","all",2.14012082886225e-05,"NQO1"
"ENSG00000181019","patient1","XGBoost","all",2.10011612079396e-05,"NQO1"
"ENSG00000181019","patient2","XGBoost","all",9.48427434417274e-06,"NQO1"
"ENSG00000181061","patient6","XGBoost","all",5.4290764627398e-06,"HIGD1A"
"ENSG00000181061","patient3","XGBoost","all",1.32747643724913e-05,"HIGD1A"
"ENSG00000181061","patient2","XGBoost","all",8.26357947897786e-06,"HIGD1A"
"ENSG00000181061","patient4","XGBoost","all",1.56729053909655e-05,"HIGD1A"
"ENSG00000181061","patient1","XGBoost","all",1.28703248359719e-05,"HIGD1A"
"ENSG00000181061","patient5","XGBoost","all",7.85714463700354e-06,"HIGD1A"
"ENSG00000181104","patient5","XGBoost","all",0.000152274295977502,"F2R"
"ENSG00000181104","patient4","XGBoost","all",8.74267430713054e-05,"F2R"
"ENSG00000181104","patient3","XGBoost","all",5.6065439106508e-05,"F2R"
"ENSG00000181222","patient5","XGBoost","all",1.05510354635978e-05,"POLR2A"
"ENSG00000181222","patient1","XGBoost","all",9.3413102134456e-06,"POLR2A"
"ENSG00000181222","patient4","XGBoost","all",9.3390719248733e-06,"POLR2A"
"ENSG00000181222","patient3","XGBoost","all",1.09004095385949e-05,"POLR2A"
"ENSG00000181222","patient6","XGBoost","all",8.82417043662425e-06,"POLR2A"
"ENSG00000181222","patient2","XGBoost","all",4.474404138042e-06,"POLR2A"
"ENSG00000181350","patient5","XGBoost","all",1.41947844155017e-05,"LRRC75A"
"ENSG00000181350","patient2","XGBoost","all",1.29395195247564e-05,"LRRC75A"
"ENSG00000181350","patient6","XGBoost","all",1.63151890555232e-05,"LRRC75A"
"ENSG00000181350","patient4","XGBoost","all",1.68667269508294e-05,"LRRC75A"
"ENSG00000181350","patient1","XGBoost","all",3.09179916635048e-05,"LRRC75A"
"ENSG00000181649","patient4","XGBoost","all",0.00214242808037475,"PHLDA2"
"ENSG00000181649","patient5","XGBoost","all",0.000864868013781464,"PHLDA2"
"ENSG00000181649","patient1","XGBoost","all",0.0013929761079347,"PHLDA2"
"ENSG00000181649","patient6","XGBoost","all",0.00309807262308618,"PHLDA2"
"ENSG00000181649","patient2","XGBoost","all",0.0029764007955831,"PHLDA2"
"ENSG00000181649","patient3","XGBoost","all",0.0012959088527304,"PHLDA2"
"ENSG00000181722","patient2","XGBoost","all",1.11667414617149e-05,"ZBTB20"
"ENSG00000181722","patient3","XGBoost","all",2.11451531097165e-05,"ZBTB20"
"ENSG00000181722","patient4","XGBoost","all",1.33683883533917e-05,"ZBTB20"
"ENSG00000181722","patient6","XGBoost","all",2.91150770209896e-05,"ZBTB20"
"ENSG00000181722","patient5","XGBoost","all",2.09261093336183e-05,"ZBTB20"
"ENSG00000181722","patient1","XGBoost","all",1.98172529381574e-05,"ZBTB20"
"ENSG00000181904","patient5","XGBoost","all",1.79621390749871e-05,"C5orf24"
"ENSG00000181904","patient4","XGBoost","all",1.59719523270562e-05,"C5orf24"
"ENSG00000181904","patient2","XGBoost","all",1.93420403417282e-05,"C5orf24"
"ENSG00000181904","patient6","XGBoost","all",1.41672561368801e-05,"C5orf24"
"ENSG00000181904","patient3","XGBoost","all",1.52287980629638e-05,"C5orf24"
"ENSG00000181904","patient1","XGBoost","all",7.84493433017259e-06,"C5orf24"
"ENSG00000181924","patient3","XGBoost","all",4.59284896578862e-06,"COA4"
"ENSG00000181924","patient2","XGBoost","all",1.42201668519246e-05,"COA4"
"ENSG00000181924","patient5","XGBoost","all",1.78208793947748e-05,"COA4"
"ENSG00000182004","patient5","XGBoost","all",3.24417127581053e-06,"SNRPE"
"ENSG00000182004","patient1","XGBoost","all",3.8376505492432e-06,"SNRPE"
"ENSG00000182004","patient6","XGBoost","all",4.03154084200235e-06,"SNRPE"
"ENSG00000182004","patient4","XGBoost","all",1.21568839643285e-05,"SNRPE"
"ENSG00000182004","patient2","XGBoost","all",7.62934093370278e-06,"SNRPE"
"ENSG00000182004","patient3","XGBoost","all",4.12467971524395e-06,"SNRPE"
"ENSG00000182117","patient5","XGBoost","all",2.03206369706256e-05,"NOP10"
"ENSG00000182117","patient3","XGBoost","all",1.42035981954767e-05,"NOP10"
"ENSG00000182117","patient2","XGBoost","all",1.41799454633741e-05,"NOP10"
"ENSG00000182117","patient4","XGBoost","all",1.57351872128405e-05,"NOP10"
"ENSG00000182117","patient1","XGBoost","all",1.53705530361087e-05,"NOP10"
"ENSG00000182117","patient6","XGBoost","all",1.15831148532427e-05,"NOP10"
"ENSG00000182154","patient4","XGBoost","all",9.99446021696076e-06,"MRPL41"
"ENSG00000182154","patient2","XGBoost","all",6.92751145488259e-06,"MRPL41"
"ENSG00000182154","patient6","XGBoost","all",7.66724500311125e-06,"MRPL41"
"ENSG00000182154","patient1","XGBoost","all",3.17998417108465e-06,"MRPL41"
"ENSG00000182154","patient3","XGBoost","all",9.7127466274602e-06,"MRPL41"
"ENSG00000182154","patient5","XGBoost","all",3.1642763937249e-06,"MRPL41"
"ENSG00000182158","patient4","XGBoost","all",1.36910352095324e-05,"CREB3L2"
"ENSG00000182158","patient3","XGBoost","all",1.40447278088088e-05,"CREB3L2"
"ENSG00000182195","patient4","XGBoost","all",1.61567721953449e-05,"LDOC1"
"ENSG00000182195","patient5","XGBoost","all",2.45359778476175e-05,"LDOC1"
"ENSG00000182195","patient2","XGBoost","all",2.49987923754937e-05,"LDOC1"
"ENSG00000182195","patient3","XGBoost","all",2.96060878723191e-06,"LDOC1"
"ENSG00000182195","patient1","XGBoost","all",6.6642278220058e-05,"LDOC1"
"ENSG00000182195","patient6","XGBoost","all",2.51089655033349e-05,"LDOC1"
"ENSG00000182208","patient6","XGBoost","all",1.22849626404451e-05,"MOB2"
"ENSG00000182208","patient5","XGBoost","all",1.2186613254708e-05,"MOB2"
"ENSG00000182208","patient4","XGBoost","all",2.06241415660463e-06,"MOB2"
"ENSG00000182208","patient1","XGBoost","all",3.86126274504901e-06,"MOB2"
"ENSG00000182208","patient3","XGBoost","all",4.74607206890813e-06,"MOB2"
"ENSG00000182208","patient2","XGBoost","all",4.84534864735152e-06,"MOB2"
"ENSG00000182220","patient1","XGBoost","all",4.15007743162216e-06,"ATP6AP2"
"ENSG00000182240","patient6","XGBoost","all",2.22737025290642e-05,"BACE2"
"ENSG00000182240","patient4","XGBoost","all",1.51395605605842e-05,"BACE2"
"ENSG00000182240","patient5","XGBoost","all",4.40403224029843e-05,"BACE2"
"ENSG00000182240","patient3","XGBoost","all",4.56196705988109e-05,"BACE2"
"ENSG00000182240","patient2","XGBoost","all",4.95028381182175e-05,"BACE2"
"ENSG00000182287","patient4","XGBoost","all",0.000184117261416063,"AP1S2"
"ENSG00000182287","patient1","XGBoost","all",0.000185578789530709,"AP1S2"
"ENSG00000182287","patient3","XGBoost","all",0.000287182215659554,"AP1S2"
"ENSG00000182287","patient6","XGBoost","all",0.000194683493110033,"AP1S2"
"ENSG00000182287","patient5","XGBoost","all",0.00012657960994346,"AP1S2"
"ENSG00000182287","patient2","XGBoost","all",0.000151293707677167,"AP1S2"
"ENSG00000182326","patient6","XGBoost","all",0.000294057013660614,"C1S"
"ENSG00000182326","patient1","XGBoost","all",0.000343889690431925,"C1S"
"ENSG00000182326","patient2","XGBoost","all",0.000349758552457101,"C1S"
"ENSG00000182326","patient3","XGBoost","all",0.000392483355855315,"C1S"
"ENSG00000182326","patient4","XGBoost","all",0.00039961244984278,"C1S"
"ENSG00000182326","patient5","XGBoost","all",0.000391261458420009,"C1S"
"ENSG00000182463","patient4","XGBoost","all",1.45454641061547e-05,"TSHZ2"
"ENSG00000182463","patient6","XGBoost","all",1.5449146727101e-05,"TSHZ2"
"ENSG00000182463","patient3","XGBoost","all",1.51091055399727e-05,"TSHZ2"
"ENSG00000182463","patient1","XGBoost","all",1.14167114361519e-05,"TSHZ2"
"ENSG00000182463","patient2","XGBoost","all",3.00987518074925e-05,"TSHZ2"
"ENSG00000182492","patient6","XGBoost","all",0.00659821612878384,"BGN"
"ENSG00000182492","patient5","XGBoost","all",0.00654691792442493,"BGN"
"ENSG00000182492","patient4","XGBoost","all",0.00553007609762937,"BGN"
"ENSG00000182492","patient2","XGBoost","all",0.0068821669138424,"BGN"
"ENSG00000182492","patient1","XGBoost","all",0.00491491836386462,"BGN"
"ENSG00000182492","patient3","XGBoost","all",0.00543691462082792,"BGN"
"ENSG00000182512","patient2","XGBoost","all",8.492659280974e-06,"GLRX5"
"ENSG00000182512","patient4","XGBoost","all",7.06393256708831e-06,"GLRX5"
"ENSG00000182512","patient5","XGBoost","all",6.31788833102438e-06,"GLRX5"
"ENSG00000182512","patient1","XGBoost","all",6.16613934892976e-06,"GLRX5"
"ENSG00000182534","patient3","XGBoost","all",1.93153983451277e-05,"MXRA7"
"ENSG00000182534","patient5","XGBoost","all",4.49059777436463e-05,"MXRA7"
"ENSG00000182534","patient6","XGBoost","all",1.50932130033912e-05,"MXRA7"
"ENSG00000182534","patient2","XGBoost","all",2.25819799701717e-05,"MXRA7"
"ENSG00000182534","patient4","XGBoost","all",1.56245159402014e-05,"MXRA7"
"ENSG00000182534","patient1","XGBoost","all",1.81343589259339e-05,"MXRA7"
"ENSG00000182551","patient3","XGBoost","all",1.43292865716704e-05,"ADI1"
"ENSG00000182551","patient1","XGBoost","all",1.62058326113249e-05,"ADI1"
"ENSG00000182551","patient6","XGBoost","all",1.47613486558261e-05,"ADI1"
"ENSG00000182551","patient5","XGBoost","all",2.06936488278079e-05,"ADI1"
"ENSG00000182551","patient2","XGBoost","all",8.57441855950611e-06,"ADI1"
"ENSG00000182551","patient4","XGBoost","all",1.59109041151438e-05,"ADI1"
"ENSG00000182578","patient1","XGBoost","all",6.95157381874323e-05,"CSF1R"
"ENSG00000182578","patient5","XGBoost","all",8.7277638593817e-05,"CSF1R"
"ENSG00000182578","patient4","XGBoost","all",8.14045036746021e-05,"CSF1R"
"ENSG00000182578","patient3","XGBoost","all",4.26151655512776e-05,"CSF1R"
"ENSG00000182578","patient6","XGBoost","all",0.000251859425547353,"CSF1R"
"ENSG00000182578","patient2","XGBoost","all",7.4828588657229e-05,"CSF1R"
"ENSG00000182636","patient6","XGBoost","all",1.29583845228714e-05,"NDN"
"ENSG00000182636","patient4","XGBoost","all",9.05040637883087e-06,"NDN"
"ENSG00000182636","patient1","XGBoost","all",1.87936519565855e-05,"NDN"
"ENSG00000182636","patient3","XGBoost","all",6.43150458355971e-06,"NDN"
"ENSG00000182636","patient2","XGBoost","all",1.5920497203028e-05,"NDN"
"ENSG00000182636","patient5","XGBoost","all",7.85707178917969e-06,"NDN"
"ENSG00000182670","patient5","XGBoost","all",1.3571865773674e-05,"TTC3"
"ENSG00000182670","patient2","XGBoost","all",1.64143306404024e-05,"TTC3"
"ENSG00000182670","patient1","XGBoost","all",1.76789006712823e-05,"TTC3"
"ENSG00000182670","patient4","XGBoost","all",2.0128595392312e-05,"TTC3"
"ENSG00000182670","patient3","XGBoost","all",1.82668143467166e-05,"TTC3"
"ENSG00000182670","patient6","XGBoost","all",1.08837863843117e-05,"TTC3"
"ENSG00000182774","patient2","XGBoost","all",1.74572379415176e-05,"RPS17"
"ENSG00000182774","patient3","XGBoost","all",1.13863588758411e-05,"RPS17"
"ENSG00000182774","patient6","XGBoost","all",8.4090277546464e-06,"RPS17"
"ENSG00000182774","patient4","XGBoost","all",1.62574947377046e-05,"RPS17"
"ENSG00000182774","patient1","XGBoost","all",2.0257378521188e-05,"RPS17"
"ENSG00000182774","patient5","XGBoost","all",2.47908088351644e-05,"RPS17"
"ENSG00000182809","patient6","XGBoost","all",5.51150987954258e-05,"CRIP2"
"ENSG00000182809","patient3","XGBoost","all",1.79200486068779e-05,"CRIP2"
"ENSG00000182809","patient1","XGBoost","all",6.16879649855186e-05,"CRIP2"
"ENSG00000182809","patient5","XGBoost","all",5.87501951814798e-05,"CRIP2"
"ENSG00000182809","patient2","XGBoost","all",7.71549052410386e-05,"CRIP2"
"ENSG00000182809","patient4","XGBoost","all",5.41588310809889e-05,"CRIP2"
"ENSG00000182827","patient1","XGBoost","all",1.67723860843184e-05,"ACBD3"
"ENSG00000182827","patient2","XGBoost","all",1.46204582900624e-05,"ACBD3"
"ENSG00000182827","patient4","XGBoost","all",1.56359019808995e-05,"ACBD3"
"ENSG00000182827","patient6","XGBoost","all",9.66200735396436e-06,"ACBD3"
"ENSG00000182827","patient3","XGBoost","all",9.90873152751265e-06,"ACBD3"
"ENSG00000182871","patient2","XGBoost","all",0.00086403783997539,"COL18A1"
"ENSG00000182871","patient4","XGBoost","all",0.000551035690267308,"COL18A1"
"ENSG00000182871","patient6","XGBoost","all",0.00071001964767214,"COL18A1"
"ENSG00000182871","patient3","XGBoost","all",0.000994140328359698,"COL18A1"
"ENSG00000182871","patient1","XGBoost","all",0.000652809846252745,"COL18A1"
"ENSG00000182871","patient5","XGBoost","all",0.000734251803621571,"COL18A1"
"ENSG00000182934","patient1","XGBoost","all",7.07690626396779e-06,"SRPRA"
"ENSG00000182934","patient3","XGBoost","all",5.28413503485376e-06,"SRPRA"
"ENSG00000182934","patient4","XGBoost","all",8.92248901077058e-06,"SRPRA"
"ENSG00000182934","patient2","XGBoost","all",3.46426824848819e-06,"SRPRA"
"ENSG00000182934","patient5","XGBoost","all",9.58087991962406e-06,"SRPRA"
"ENSG00000182934","patient6","XGBoost","all",5.88908498819119e-06,"SRPRA"
"ENSG00000182944","patient1","XGBoost","all",6.12536935741053e-06,"EWSR1"
"ENSG00000182944","patient6","XGBoost","all",2.07319963952368e-05,"EWSR1"
"ENSG00000182944","patient5","XGBoost","all",1.80524564269769e-05,"EWSR1"
"ENSG00000182944","patient2","XGBoost","all",1.2867673153302e-05,"EWSR1"
"ENSG00000182944","patient3","XGBoost","all",2.03240125174702e-05,"EWSR1"
"ENSG00000182944","patient4","XGBoost","all",2.27417381762275e-05,"EWSR1"
"ENSG00000183011","patient4","XGBoost","all",7.43349734189782e-06,"NAA38"
"ENSG00000183011","patient5","XGBoost","all",1.3715422485268e-05,"NAA38"
"ENSG00000183011","patient1","XGBoost","all",6.48466108676856e-06,"NAA38"
"ENSG00000183011","patient2","XGBoost","all",1.99681305260716e-05,"NAA38"
"ENSG00000183011","patient3","XGBoost","all",8.97095474989597e-06,"NAA38"
"ENSG00000183011","patient6","XGBoost","all",9.24671530529058e-06,"NAA38"
"ENSG00000183087","patient4","XGBoost","all",0.000180135944148235,"GAS6"
"ENSG00000183087","patient6","XGBoost","all",0.000196496856010104,"GAS6"
"ENSG00000183087","patient2","XGBoost","all",0.000271789750635159,"GAS6"
"ENSG00000183087","patient1","XGBoost","all",0.000174534644833823,"GAS6"
"ENSG00000183087","patient5","XGBoost","all",0.000262355454771876,"GAS6"
"ENSG00000183087","patient3","XGBoost","all",0.000330922523090937,"GAS6"
"ENSG00000183172","patient4","XGBoost","all",4.73459992514197e-05,"SMDT1"
"ENSG00000183172","patient1","XGBoost","all",1.45648220311048e-05,"SMDT1"
"ENSG00000183172","patient5","XGBoost","all",4.3818775121168e-05,"SMDT1"
"ENSG00000183172","patient2","XGBoost","all",2.12244558018129e-05,"SMDT1"
"ENSG00000183172","patient6","XGBoost","all",3.44530444224648e-05,"SMDT1"
"ENSG00000183172","patient3","XGBoost","all",3.45362661639897e-05,"SMDT1"
"ENSG00000183255","patient2","XGBoost","all",2.41551366777828e-05,"PTTG1IP"
"ENSG00000183255","patient1","XGBoost","all",2.19693352925446e-05,"PTTG1IP"
"ENSG00000183255","patient4","XGBoost","all",2.7972710484154e-05,"PTTG1IP"
"ENSG00000183255","patient6","XGBoost","all",3.06133387843998e-05,"PTTG1IP"
"ENSG00000183255","patient5","XGBoost","all",3.62904020129184e-05,"PTTG1IP"
"ENSG00000183255","patient3","XGBoost","all",2.72815295702587e-05,"PTTG1IP"
"ENSG00000183283","patient4","XGBoost","all",1.06623149769658e-05,"DAZAP2"
"ENSG00000183283","patient3","XGBoost","all",6.56791479542718e-06,"DAZAP2"
"ENSG00000183283","patient6","XGBoost","all",6.96444553667478e-06,"DAZAP2"
"ENSG00000183283","patient5","XGBoost","all",1.041339802518e-05,"DAZAP2"
"ENSG00000183283","patient2","XGBoost","all",4.70567613532474e-06,"DAZAP2"
"ENSG00000183283","patient1","XGBoost","all",1.30361848855721e-05,"DAZAP2"
"ENSG00000183291","patient3","XGBoost","all",7.21785496583907e-06,"SELENOF"
"ENSG00000183291","patient4","XGBoost","all",1.75362365733404e-05,"SELENOF"
"ENSG00000183291","patient1","XGBoost","all",1.15566079939456e-05,"SELENOF"
"ENSG00000183291","patient5","XGBoost","all",1.42563191273025e-05,"SELENOF"
"ENSG00000183291","patient2","XGBoost","all",1.14185228538562e-05,"SELENOF"
"ENSG00000183291","patient6","XGBoost","all",1.30503616891473e-05,"SELENOF"
"ENSG00000183617","patient6","XGBoost","all",1.18570185213558e-05,"MRPL54"
"ENSG00000183617","patient2","XGBoost","all",2.55343064718705e-05,"MRPL54"
"ENSG00000183617","patient4","XGBoost","all",1.79115717746723e-05,"MRPL54"
"ENSG00000183617","patient1","XGBoost","all",1.80682975059533e-05,"MRPL54"
"ENSG00000183617","patient3","XGBoost","all",9.69725481140456e-06,"MRPL54"
"ENSG00000183617","patient5","XGBoost","all",6.5559220828477e-06,"MRPL54"
"ENSG00000183722","patient2","XGBoost","all",0.000137631546634725,"LHFPL6"
"ENSG00000183722","patient5","XGBoost","all",0.00027083952933088,"LHFPL6"
"ENSG00000183722","patient6","XGBoost","all",0.000452887014432509,"LHFPL6"
"ENSG00000183722","patient3","XGBoost","all",0.000105597971341355,"LHFPL6"
"ENSG00000183722","patient4","XGBoost","all",0.000132416573367881,"LHFPL6"
"ENSG00000183722","patient1","XGBoost","all",5.8913539383993e-05,"LHFPL6"
"ENSG00000183741","patient6","XGBoost","all",1.03122724196311e-05,"CBX6"
"ENSG00000183741","patient3","XGBoost","all",1.13073363525657e-05,"CBX6"
"ENSG00000183741","patient1","XGBoost","all",1.42217209186959e-05,"CBX6"
"ENSG00000183741","patient5","XGBoost","all",9.77652515020087e-06,"CBX6"
"ENSG00000183741","patient4","XGBoost","all",2.18187828165458e-05,"CBX6"
"ENSG00000183741","patient2","XGBoost","all",1.44513026594041e-05,"CBX6"
"ENSG00000183963","patient4","XGBoost","all",3.64844138958045e-05,"SMTN"
"ENSG00000183963","patient1","XGBoost","all",8.17283977560942e-06,"SMTN"
"ENSG00000183963","patient5","XGBoost","all",1.8325268427385e-05,"SMTN"
"ENSG00000183963","patient2","XGBoost","all",2.78379826522581e-05,"SMTN"
"ENSG00000183963","patient6","XGBoost","all",2.35785699847396e-05,"SMTN"
"ENSG00000183963","patient3","XGBoost","all",3.26327496607864e-05,"SMTN"
"ENSG00000183978","patient3","XGBoost","all",6.72717206027495e-06,"COA3"
"ENSG00000183978","patient5","XGBoost","all",2.99081390674283e-06,"COA3"
"ENSG00000183978","patient2","XGBoost","all",8.66134844510824e-06,"COA3"
"ENSG00000183978","patient6","XGBoost","all",2.53134413973681e-05,"COA3"
"ENSG00000183978","patient1","XGBoost","all",4.64950899459637e-06,"COA3"
"ENSG00000184007","patient3","XGBoost","all",1.88323725931854e-05,"PTP4A2"
"ENSG00000184007","patient5","XGBoost","all",2.18599331879125e-05,"PTP4A2"
"ENSG00000184007","patient2","XGBoost","all",1.03382252015009e-05,"PTP4A2"
"ENSG00000184007","patient1","XGBoost","all",1.96704224640002e-05,"PTP4A2"
"ENSG00000184007","patient6","XGBoost","all",2.26660774589619e-05,"PTP4A2"
"ENSG00000184007","patient4","XGBoost","all",9.07969280081537e-06,"PTP4A2"
"ENSG00000184060","patient3","XGBoost","all",8.85589217255735e-05,"ADAP2"
"ENSG00000184060","patient6","XGBoost","all",0.000112599876038658,"ADAP2"
"ENSG00000184060","patient5","XGBoost","all",7.87247832894696e-05,"ADAP2"
"ENSG00000184076","patient1","XGBoost","all",1.44662408914459e-05,"UQCR10"
"ENSG00000184113","patient5","XGBoost","all",0.000377394555859838,"CLDN5"
"ENSG00000184113","patient1","XGBoost","all",0.000246464449368011,"CLDN5"
"ENSG00000184113","patient4","XGBoost","all",0.0041996295064547,"CLDN5"
"ENSG00000184113","patient6","XGBoost","all",0.000352147832758467,"CLDN5"
"ENSG00000184113","patient3","XGBoost","all",0.000481824530088801,"CLDN5"
"ENSG00000184113","patient2","XGBoost","all",0.000302924460774194,"CLDN5"
"ENSG00000184203","patient1","XGBoost","all",9.78595028479742e-06,"PPP1R2"
"ENSG00000184203","patient6","XGBoost","all",1.37890411697569e-05,"PPP1R2"
"ENSG00000184203","patient3","XGBoost","all",5.22015486621911e-06,"PPP1R2"
"ENSG00000184203","patient2","XGBoost","all",1.40004815146635e-05,"PPP1R2"
"ENSG00000184203","patient4","XGBoost","all",1.16958071669855e-05,"PPP1R2"
"ENSG00000184203","patient5","XGBoost","all",1.11855973576119e-05,"PPP1R2"
"ENSG00000184347","patient6","XGBoost","all",9.37025024032137e-05,"SLIT3"
"ENSG00000184347","patient3","XGBoost","all",0.000158998193012528,"SLIT3"
"ENSG00000184347","patient1","XGBoost","all",0.000175201379068322,"SLIT3"
"ENSG00000184347","patient2","XGBoost","all",0.000130725652514935,"SLIT3"
"ENSG00000184347","patient4","XGBoost","all",0.000362749016211792,"SLIT3"
"ENSG00000184432","patient1","XGBoost","all",1.60895934238428e-05,"COPB2"
"ENSG00000184432","patient3","XGBoost","all",3.61713165194428e-05,"COPB2"
"ENSG00000184432","patient5","XGBoost","all",3.13247316501865e-05,"COPB2"
"ENSG00000184432","patient6","XGBoost","all",1.21335830504664e-05,"COPB2"
"ENSG00000184432","patient2","XGBoost","all",2.20910756004491e-05,"COPB2"
"ENSG00000184432","patient4","XGBoost","all",1.80189773215981e-05,"COPB2"
"ENSG00000184489","patient4","XGBoost","all",0.00118509376774913,"PTP4A3"
"ENSG00000184489","patient3","XGBoost","all",0.00126068100616649,"PTP4A3"
"ENSG00000184489","patient5","XGBoost","all",0.000916814030021163,"PTP4A3"
"ENSG00000184489","patient2","XGBoost","all",0.000622428507659288,"PTP4A3"
"ENSG00000184489","patient6","XGBoost","all",0.00089912154918693,"PTP4A3"
"ENSG00000184500","patient1","XGBoost","all",7.75518813895058e-06,"PROS1"
"ENSG00000184500","patient2","XGBoost","all",1.60552895804394e-05,"PROS1"
"ENSG00000184500","patient6","XGBoost","all",6.36539759977371e-06,"PROS1"
"ENSG00000184500","patient4","XGBoost","all",2.58514994130786e-05,"PROS1"
"ENSG00000184500","patient5","XGBoost","all",6.11445187069152e-06,"PROS1"
"ENSG00000184500","patient3","XGBoost","all",4.55058631756612e-06,"PROS1"
"ENSG00000184557","patient3","XGBoost","all",3.05485140153557e-05,"SOCS3"
"ENSG00000184557","patient4","XGBoost","all",1.06185348601239e-05,"SOCS3"
"ENSG00000184584","patient6","XGBoost","all",1.10239200846266e-05,"STING1"
"ENSG00000184584","patient4","XGBoost","all",9.03388708663729e-06,"STING1"
"ENSG00000184584","patient2","XGBoost","all",1.20252767178296e-05,"STING1"
"ENSG00000184584","patient3","XGBoost","all",9.42110192523047e-06,"STING1"
"ENSG00000184584","patient5","XGBoost","all",8.91926513374908e-06,"STING1"
"ENSG00000184584","patient1","XGBoost","all",7.44989512566575e-06,"STING1"
"ENSG00000184743","patient4","XGBoost","all",1.76379678403591e-05,"ATL3"
"ENSG00000184743","patient2","XGBoost","all",3.40910940441948e-06,"ATL3"
"ENSG00000184743","patient6","XGBoost","all",1.10134288524123e-05,"ATL3"
"ENSG00000184743","patient3","XGBoost","all",9.17048224034014e-06,"ATL3"
"ENSG00000184743","patient1","XGBoost","all",2.30358190994908e-06,"ATL3"
"ENSG00000184743","patient5","XGBoost","all",9.63237635629385e-06,"ATL3"
"ENSG00000184752","patient5","XGBoost","all",1.34865904210668e-05,"NDUFA12"
"ENSG00000184752","patient4","XGBoost","all",8.22708580107304e-06,"NDUFA12"
"ENSG00000184752","patient2","XGBoost","all",1.43117403492712e-05,"NDUFA12"
"ENSG00000184752","patient1","XGBoost","all",1.52520817836988e-05,"NDUFA12"
"ENSG00000184752","patient6","XGBoost","all",1.21806705457244e-05,"NDUFA12"
"ENSG00000184752","patient3","XGBoost","all",3.29833523218674e-05,"NDUFA12"
"ENSG00000184785","patient1","XGBoost","all",8.7678354137051e-06,"SMIM10"
"ENSG00000184785","patient4","XGBoost","all",3.18111241413615e-06,"SMIM10"
"ENSG00000184785","patient5","XGBoost","all",9.76918456948278e-06,"SMIM10"
"ENSG00000184785","patient6","XGBoost","all",4.50188803225727e-06,"SMIM10"
"ENSG00000184785","patient3","XGBoost","all",8.57050093888293e-06,"SMIM10"
"ENSG00000184785","patient2","XGBoost","all",1.24296327965678e-05,"SMIM10"
"ENSG00000184840","patient6","XGBoost","all",2.19228373152365e-05,"TMED9"
"ENSG00000184840","patient3","XGBoost","all",2.19074138773321e-05,"TMED9"
"ENSG00000184840","patient4","XGBoost","all",2.22995224115221e-05,"TMED9"
"ENSG00000184840","patient5","XGBoost","all",1.48489036252887e-05,"TMED9"
"ENSG00000184840","patient2","XGBoost","all",3.1247520034779e-05,"TMED9"
"ENSG00000184840","patient1","XGBoost","all",4.54134567573998e-06,"TMED9"
"ENSG00000184897","patient3","XGBoost","all",2.04688748796899e-06,"H1-10"
"ENSG00000184897","patient4","XGBoost","all",7.01015238745208e-06,"H1-10"
"ENSG00000184897","patient1","XGBoost","all",3.59836674605927e-06,"H1-10"
"ENSG00000184897","patient2","XGBoost","all",8.42691381795076e-06,"H1-10"
"ENSG00000184897","patient5","XGBoost","all",9.57355561341981e-06,"H1-10"
"ENSG00000184897","patient6","XGBoost","all",1.24989041153806e-05,"H1-10"
"ENSG00000184900","patient1","XGBoost","all",8.48194670209208e-06,"SUMO3"
"ENSG00000184900","patient5","XGBoost","all",8.64481870716544e-06,"SUMO3"
"ENSG00000184900","patient6","XGBoost","all",6.46689795982039e-06,"SUMO3"
"ENSG00000184900","patient4","XGBoost","all",8.01761980719141e-06,"SUMO3"
"ENSG00000184900","patient2","XGBoost","all",3.87341630032661e-06,"SUMO3"
"ENSG00000184900","patient3","XGBoost","all",1.24389079963031e-05,"SUMO3"
"ENSG00000184905","patient6","XGBoost","all",1.74725149340353e-05,"TCEAL2"
"ENSG00000184905","patient3","XGBoost","all",4.26912060782298e-05,"TCEAL2"
"ENSG00000184905","patient1","XGBoost","all",2.78491556612074e-05,"TCEAL2"
"ENSG00000184905","patient4","XGBoost","all",1.46778938467201e-05,"TCEAL2"
"ENSG00000184905","patient2","XGBoost","all",4.38884522979227e-05,"TCEAL2"
"ENSG00000184905","patient5","XGBoost","all",3.64372787253355e-05,"TCEAL2"
"ENSG00000184983","patient3","XGBoost","all",1.01817544933535e-05,"NDUFA6"
"ENSG00000184983","patient6","XGBoost","all",1.21884233885133e-05,"NDUFA6"
"ENSG00000184983","patient1","XGBoost","all",1.03669425666488e-05,"NDUFA6"
"ENSG00000184983","patient2","XGBoost","all",7.66028167798179e-06,"NDUFA6"
"ENSG00000184983","patient4","XGBoost","all",8.90849723383716e-06,"NDUFA6"
"ENSG00000184983","patient5","XGBoost","all",1.94349918771087e-05,"NDUFA6"
"ENSG00000184990","patient2","XGBoost","all",3.45406815856454e-05,"SIVA1"
"ENSG00000184990","patient4","XGBoost","all",2.12930824568837e-05,"SIVA1"
"ENSG00000184990","patient5","XGBoost","all",1.84495251155201e-05,"SIVA1"
"ENSG00000184990","patient1","XGBoost","all",1.37193004326796e-05,"SIVA1"
"ENSG00000184990","patient3","XGBoost","all",1.45186429589085e-05,"SIVA1"
"ENSG00000184990","patient6","XGBoost","all",2.78023542996481e-05,"SIVA1"
"ENSG00000185043","patient5","XGBoost","all",6.51566358547194e-06,"CIB1"
"ENSG00000185043","patient6","XGBoost","all",1.46599713454861e-05,"CIB1"
"ENSG00000185043","patient3","XGBoost","all",8.98167582698511e-06,"CIB1"
"ENSG00000185043","patient1","XGBoost","all",7.85892065340645e-06,"CIB1"
"ENSG00000185043","patient2","XGBoost","all",9.65790121107584e-06,"CIB1"
"ENSG00000185043","patient4","XGBoost","all",5.03877889052542e-06,"CIB1"
"ENSG00000185129","patient2","XGBoost","all",2.49367240371574e-05,"PURA"
"ENSG00000185129","patient6","XGBoost","all",2.27358416637426e-05,"PURA"
"ENSG00000185129","patient5","XGBoost","all",2.81959207157676e-05,"PURA"
"ENSG00000185129","patient1","XGBoost","all",1.79555404582491e-05,"PURA"
"ENSG00000185129","patient4","XGBoost","all",1.87476154829225e-05,"PURA"
"ENSG00000185129","patient3","XGBoost","all",1.72606519200156e-05,"PURA"
"ENSG00000185187","patient1","XGBoost","all",6.69397308646e-06,"SIGIRR"
"ENSG00000185215","patient1","XGBoost","all",1.45720529143017e-05,"TNFAIP2"
"ENSG00000185215","patient3","XGBoost","all",1.46020584459867e-05,"TNFAIP2"
"ENSG00000185215","patient4","XGBoost","all",9.68383331733771e-06,"TNFAIP2"
"ENSG00000185215","patient6","XGBoost","all",6.48905899860706e-06,"TNFAIP2"
"ENSG00000185222","patient3","XGBoost","all",1.12935634893639e-05,"TCEAL9"
"ENSG00000185222","patient1","XGBoost","all",1.98062466511775e-05,"TCEAL9"
"ENSG00000185222","patient6","XGBoost","all",6.28805765842927e-06,"TCEAL9"
"ENSG00000185222","patient4","XGBoost","all",2.68442832891354e-05,"TCEAL9"
"ENSG00000185222","patient2","XGBoost","all",1.05458718864949e-05,"TCEAL9"
"ENSG00000185222","patient5","XGBoost","all",9.72980412087746e-06,"TCEAL9"
"ENSG00000185236","patient1","XGBoost","all",1.29264745250322e-05,"RAB11B"
"ENSG00000185236","patient6","XGBoost","all",6.38733672232642e-06,"RAB11B"
"ENSG00000185236","patient3","XGBoost","all",6.60269514379341e-06,"RAB11B"
"ENSG00000185236","patient2","XGBoost","all",9.11088598450547e-06,"RAB11B"
"ENSG00000185236","patient4","XGBoost","all",1.32698519243275e-05,"RAB11B"
"ENSG00000185236","patient5","XGBoost","all",1.35233723722958e-05,"RAB11B"
"ENSG00000185339","patient4","XGBoost","all",9.94687986440853e-06,"TCN2"
"ENSG00000185432","patient6","XGBoost","all",5.72909248776295e-05,"TMT1A"
"ENSG00000185432","patient5","XGBoost","all",5.11755528554101e-05,"TMT1A"
"ENSG00000185432","patient1","XGBoost","all",1.919009897643e-05,"TMT1A"
"ENSG00000185432","patient2","XGBoost","all",1.90060897036674e-05,"TMT1A"
"ENSG00000185432","patient3","XGBoost","all",4.18040595169975e-05,"TMT1A"
"ENSG00000185432","patient4","XGBoost","all",5.73702746967492e-05,"TMT1A"
"ENSG00000185475","patient2","XGBoost","all",6.23215921573721e-06,"TMEM179B"
"ENSG00000185475","patient6","XGBoost","all",7.69241684772595e-06,"TMEM179B"
"ENSG00000185475","patient4","XGBoost","all",6.09746067895506e-06,"TMEM179B"
"ENSG00000185475","patient5","XGBoost","all",8.07900035960595e-06,"TMEM179B"
"ENSG00000185475","patient3","XGBoost","all",9.59018362009179e-06,"TMEM179B"
"ENSG00000185475","patient1","XGBoost","all",9.5320147601256e-06,"TMEM179B"
"ENSG00000185532","patient1","XGBoost","all",5.11525222526579e-06,"PRKG1"
"ENSG00000185532","patient5","XGBoost","all",1.19219524608025e-05,"PRKG1"
"ENSG00000185532","patient3","XGBoost","all",1.78482880146131e-05,"PRKG1"
"ENSG00000185532","patient2","XGBoost","all",7.28324053673255e-06,"PRKG1"
"ENSG00000185532","patient6","XGBoost","all",5.78593554869441e-06,"PRKG1"
"ENSG00000185532","patient4","XGBoost","all",7.27084089804227e-06,"PRKG1"
"ENSG00000185551","patient2","XGBoost","all",0.0046920158375167,"NR2F2"
"ENSG00000185551","patient5","XGBoost","all",0.00277925198463829,"NR2F2"
"ENSG00000185551","patient4","XGBoost","all",0.00683454998761954,"NR2F2"
"ENSG00000185551","patient6","XGBoost","all",0.00384649597893583,"NR2F2"
"ENSG00000185551","patient1","XGBoost","all",0.00289274628804818,"NR2F2"
"ENSG00000185551","patient3","XGBoost","all",0.00313850979349257,"NR2F2"
"ENSG00000185608","patient6","XGBoost","all",5.23626575202403e-06,"MRPL40"
"ENSG00000185608","patient4","XGBoost","all",1.75207977083664e-06,"MRPL40"
"ENSG00000185608","patient5","XGBoost","all",1.5890438411982e-05,"MRPL40"
"ENSG00000185608","patient3","XGBoost","all",5.4178124454608e-06,"MRPL40"
"ENSG00000185608","patient2","XGBoost","all",3.76625828141603e-06,"MRPL40"
"ENSG00000185608","patient1","XGBoost","all",5.72978472628812e-06,"MRPL40"
"ENSG00000185624","patient6","XGBoost","all",2.95366694991519e-05,"P4HB"
"ENSG00000185624","patient4","XGBoost","all",3.60894631553452e-05,"P4HB"
"ENSG00000185624","patient1","XGBoost","all",9.14082427540307e-06,"P4HB"
"ENSG00000185624","patient2","XGBoost","all",2.37510306093114e-05,"P4HB"
"ENSG00000185624","patient5","XGBoost","all",3.97263827713894e-05,"P4HB"
"ENSG00000185624","patient3","XGBoost","all",3.74069113613038e-05,"P4HB"
"ENSG00000185627","patient5","XGBoost","all",1.26545427264584e-05,"PSMD13"
"ENSG00000185627","patient6","XGBoost","all",2.04645005583793e-05,"PSMD13"
"ENSG00000185627","patient4","XGBoost","all",8.48740602123848e-06,"PSMD13"
"ENSG00000185627","patient3","XGBoost","all",1.31725678462444e-05,"PSMD13"
"ENSG00000185627","patient2","XGBoost","all",8.7525804810642e-06,"PSMD13"
"ENSG00000185627","patient1","XGBoost","all",3.63805551170106e-05,"PSMD13"
"ENSG00000185630","patient6","XGBoost","all",7.03273385624565e-06,"PBX1"
"ENSG00000185630","patient2","XGBoost","all",1.22349695394806e-05,"PBX1"
"ENSG00000185630","patient4","XGBoost","all",8.33667175768166e-06,"PBX1"
"ENSG00000185630","patient3","XGBoost","all",2.51332617931437e-05,"PBX1"
"ENSG00000185630","patient5","XGBoost","all",1.48073540164817e-05,"PBX1"
"ENSG00000185630","patient1","XGBoost","all",1.1591135387154e-05,"PBX1"
"ENSG00000185633","patient1","XGBoost","all",0.000414549987672857,"COXFA4L2"
"ENSG00000185633","patient3","XGBoost","all",0.000581199946717181,"COXFA4L2"
"ENSG00000185633","patient5","XGBoost","all",0.000527835269011147,"COXFA4L2"
"ENSG00000185633","patient6","XGBoost","all",0.000692351928959539,"COXFA4L2"
"ENSG00000185633","patient2","XGBoost","all",0.000572009005582086,"COXFA4L2"
"ENSG00000185633","patient4","XGBoost","all",0.00101874925054325,"COXFA4L2"
"ENSG00000185650","patient1","XGBoost","all",5.16860864873386e-05,"ZFP36L1"
"ENSG00000185650","patient6","XGBoost","all",6.05380885653063e-05,"ZFP36L1"
"ENSG00000185650","patient4","XGBoost","all",2.64845075434475e-05,"ZFP36L1"
"ENSG00000185650","patient5","XGBoost","all",7.93089174398893e-05,"ZFP36L1"
"ENSG00000185650","patient2","XGBoost","all",4.83586490263436e-05,"ZFP36L1"
"ENSG00000185650","patient3","XGBoost","all",2.90577646694691e-05,"ZFP36L1"
"ENSG00000185651","patient3","XGBoost","all",1.73441114050044e-05,"UBE2L3"
"ENSG00000185651","patient5","XGBoost","all",1.51939605175572e-05,"UBE2L3"
"ENSG00000185651","patient6","XGBoost","all",8.3458684029059e-06,"UBE2L3"
"ENSG00000185651","patient4","XGBoost","all",1.11632013618592e-05,"UBE2L3"
"ENSG00000185651","patient2","XGBoost","all",1.58824101126497e-05,"UBE2L3"
"ENSG00000185651","patient1","XGBoost","all",3.9801353840518e-06,"UBE2L3"
"ENSG00000185825","patient6","XGBoost","all",1.15144694761416e-05,"BCAP31"
"ENSG00000185825","patient2","XGBoost","all",1.31302615681857e-05,"BCAP31"
"ENSG00000185825","patient4","XGBoost","all",6.26326266525479e-06,"BCAP31"
"ENSG00000185825","patient5","XGBoost","all",1.03404944029975e-05,"BCAP31"
"ENSG00000185825","patient3","XGBoost","all",4.8806237483431e-06,"BCAP31"
"ENSG00000185825","patient1","XGBoost","all",8.13591739302599e-06,"BCAP31"
"ENSG00000185862","patient5","XGBoost","all",3.02573281362582e-05,"EVI2B"
"ENSG00000185862","patient6","XGBoost","all",4.04338519422789e-05,"EVI2B"
"ENSG00000185885","patient5","XGBoost","all",0.000149246864414622,"IFITM1"
"ENSG00000185885","patient2","XGBoost","all",0.000141046476343947,"IFITM1"
"ENSG00000185885","patient3","XGBoost","all",0.000206056452675569,"IFITM1"
"ENSG00000185885","patient6","XGBoost","all",0.000148520921954477,"IFITM1"
"ENSG00000185885","patient1","XGBoost","all",8.39717163198305e-05,"IFITM1"
"ENSG00000185885","patient4","XGBoost","all",0.000170601811110939,"IFITM1"
"ENSG00000185896","patient1","XGBoost","all",1.21064705978803e-05,"LAMP1"
"ENSG00000185896","patient2","XGBoost","all",1.1510406890271e-05,"LAMP1"
"ENSG00000185896","patient3","XGBoost","all",1.75769483481468e-05,"LAMP1"
"ENSG00000185896","patient4","XGBoost","all",1.61120721672429e-05,"LAMP1"
"ENSG00000185896","patient5","XGBoost","all",1.04627175518796e-05,"LAMP1"
"ENSG00000185896","patient6","XGBoost","all",1.6399825915599e-05,"LAMP1"
"ENSG00000186010","patient1","XGBoost","all",7.00156555614857e-06,"NDUFA13"
"ENSG00000186010","patient5","XGBoost","all",1.33341090760743e-05,"NDUFA13"
"ENSG00000186010","patient3","XGBoost","all",2.5564060507979e-05,"NDUFA13"
"ENSG00000186010","patient2","XGBoost","all",1.95391510677428e-05,"NDUFA13"
"ENSG00000186010","patient6","XGBoost","all",2.33673469836701e-05,"NDUFA13"
"ENSG00000186010","patient4","XGBoost","all",1.93294296146468e-05,"NDUFA13"
"ENSG00000186063","patient5","XGBoost","all",7.92572931320393e-06,"AIDA"
"ENSG00000186063","patient6","XGBoost","all",7.40108564254737e-06,"AIDA"
"ENSG00000186063","patient4","XGBoost","all",1.69885355459096e-06,"AIDA"
"ENSG00000186063","patient2","XGBoost","all",1.15292602960731e-05,"AIDA"
"ENSG00000186063","patient1","XGBoost","all",6.5418127611796e-06,"AIDA"
"ENSG00000186063","patient3","XGBoost","all",7.64699162167044e-06,"AIDA"
"ENSG00000186184","patient4","XGBoost","all",1.03929610489702e-05,"POLR1D"
"ENSG00000186184","patient3","XGBoost","all",1.41388894062701e-05,"POLR1D"
"ENSG00000186184","patient6","XGBoost","all",1.64856278359031e-05,"POLR1D"
"ENSG00000186184","patient5","XGBoost","all",1.45104045871203e-05,"POLR1D"
"ENSG00000186184","patient2","XGBoost","all",1.50076228733509e-05,"POLR1D"
"ENSG00000186184","patient1","XGBoost","all",1.04460631216451e-05,"POLR1D"
"ENSG00000186298","patient2","XGBoost","all",1.06540611977559e-05,"PPP1CC"
"ENSG00000186298","patient6","XGBoost","all",2.33219181700068e-05,"PPP1CC"
"ENSG00000186298","patient5","XGBoost","all",1.59726169570988e-05,"PPP1CC"
"ENSG00000186298","patient3","XGBoost","all",2.36484612682104e-05,"PPP1CC"
"ENSG00000186298","patient4","XGBoost","all",6.97344963925933e-06,"PPP1CC"
"ENSG00000186298","patient1","XGBoost","all",2.4193363972005e-06,"PPP1CC"
"ENSG00000186340","patient2","XGBoost","all",0.00413631874389547,"THBS2"
"ENSG00000186340","patient6","XGBoost","all",0.00280431670992393,"THBS2"
"ENSG00000186340","patient3","XGBoost","all",0.00449007861272231,"THBS2"
"ENSG00000186340","patient5","XGBoost","all",0.00142105141516143,"THBS2"
"ENSG00000186340","patient1","XGBoost","all",0.00158320095764569,"THBS2"
"ENSG00000186340","patient4","XGBoost","all",0.0041760902076604,"THBS2"
"ENSG00000186395","patient6","XGBoost","all",1.01923615474056e-05,"KRT10"
"ENSG00000186395","patient2","XGBoost","all",1.12927795322586e-05,"KRT10"
"ENSG00000186395","patient5","XGBoost","all",1.00328681175811e-05,"KRT10"
"ENSG00000186395","patient4","XGBoost","all",1.79976555874498e-05,"KRT10"
"ENSG00000186395","patient3","XGBoost","all",6.71293418467274e-06,"KRT10"
"ENSG00000186395","patient1","XGBoost","all",1.91696119677494e-05,"KRT10"
"ENSG00000186522","patient6","XGBoost","all",5.92867214150344e-06,"SEPTIN10"
"ENSG00000186522","patient3","XGBoost","all",1.06296661196763e-05,"SEPTIN10"
"ENSG00000186522","patient4","XGBoost","all",1.11729064663929e-05,"SEPTIN10"
"ENSG00000186522","patient1","XGBoost","all",4.62989141001176e-06,"SEPTIN10"
"ENSG00000186522","patient5","XGBoost","all",1.00356479595401e-05,"SEPTIN10"
"ENSG00000186522","patient2","XGBoost","all",8.07872254564416e-06,"SEPTIN10"
"ENSG00000186591","patient5","XGBoost","all",8.51529295143089e-06,"UBE2H"
"ENSG00000186591","patient6","XGBoost","all",9.14389340561988e-06,"UBE2H"
"ENSG00000186591","patient1","XGBoost","all",3.02707032023556e-06,"UBE2H"
"ENSG00000186591","patient4","XGBoost","all",5.21187253835422e-06,"UBE2H"
"ENSG00000186591","patient3","XGBoost","all",7.38869505995692e-06,"UBE2H"
"ENSG00000186591","patient2","XGBoost","all",1.68787799763695e-05,"UBE2H"
"ENSG00000186834","patient2","XGBoost","all",8.68955684034007e-06,"HEXIM1"
"ENSG00000186834","patient6","XGBoost","all",9.38524864814905e-06,"HEXIM1"
"ENSG00000186834","patient5","XGBoost","all",2.62617148954401e-05,"HEXIM1"
"ENSG00000186834","patient3","XGBoost","all",1.34456871523378e-05,"HEXIM1"
"ENSG00000186834","patient1","XGBoost","all",1.34874159913823e-05,"HEXIM1"
"ENSG00000186834","patient4","XGBoost","all",1.20925325458189e-05,"HEXIM1"
"ENSG00000187051","patient3","XGBoost","all",1.45661136701577e-05,"RPS19BP1"
"ENSG00000187051","patient1","XGBoost","all",1.14160552949687e-05,"RPS19BP1"
"ENSG00000187051","patient4","XGBoost","all",6.08345423558879e-06,"RPS19BP1"
"ENSG00000187051","patient2","XGBoost","all",4.96582004192889e-06,"RPS19BP1"
"ENSG00000187051","patient5","XGBoost","all",1.19697452831087e-05,"RPS19BP1"
"ENSG00000187051","patient6","XGBoost","all",9.61673573096687e-06,"RPS19BP1"
"ENSG00000187134","patient1","XGBoost","all",0.000115838251153174,"AKR1C1"
"ENSG00000187134","patient5","XGBoost","all",7.79202519228783e-05,"AKR1C1"
"ENSG00000187134","patient6","XGBoost","all",8.30590072015401e-05,"AKR1C1"
"ENSG00000187134","patient4","XGBoost","all",0.000101656996202771,"AKR1C1"
"ENSG00000187134","patient2","XGBoost","all",8.51158005796374e-05,"AKR1C1"
"ENSG00000187134","patient3","XGBoost","all",0.000101720129007855,"AKR1C1"
"ENSG00000187193","patient6","XGBoost","all",0.000810800982050314,"MT1X"
"ENSG00000187193","patient4","XGBoost","all",0.000637825199645981,"MT1X"
"ENSG00000187193","patient3","XGBoost","all",0.000648555613816275,"MT1X"
"ENSG00000187193","patient1","XGBoost","all",0.000529429804661111,"MT1X"
"ENSG00000187193","patient2","XGBoost","all",0.000652806091969787,"MT1X"
"ENSG00000187193","patient5","XGBoost","all",0.000548431103360923,"MT1X"
"ENSG00000187231","patient5","XGBoost","all",2.79688122000796e-05,"SESTD1"
"ENSG00000187231","patient1","XGBoost","all",2.2216229518831e-05,"SESTD1"
"ENSG00000187231","patient6","XGBoost","all",2.5546544485582e-05,"SESTD1"
"ENSG00000187231","patient2","XGBoost","all",2.51853000345099e-05,"SESTD1"
"ENSG00000187231","patient3","XGBoost","all",2.78476491693806e-05,"SESTD1"
"ENSG00000187231","patient4","XGBoost","all",1.29645774578908e-05,"SESTD1"
"ENSG00000187239","patient3","XGBoost","all",1.14255314294254e-05,"FNBP1"
"ENSG00000187239","patient4","XGBoost","all",3.26574950553387e-05,"FNBP1"
"ENSG00000187244","patient2","XGBoost","all",3.85842555314627e-05,"BCAM"
"ENSG00000187244","patient3","XGBoost","all",8.57167416592786e-05,"BCAM"
"ENSG00000187244","patient5","XGBoost","all",6.4127734740626e-05,"BCAM"
"ENSG00000187244","patient4","XGBoost","all",9.28320014895311e-05,"BCAM"
"ENSG00000187244","patient6","XGBoost","all",5.48969949685636e-05,"BCAM"
"ENSG00000187244","patient1","XGBoost","all",5.70862854246858e-05,"BCAM"
"ENSG00000187257","patient4","XGBoost","all",6.49602099149766e-06,"RSBN1L"
"ENSG00000187257","patient6","XGBoost","all",1.18080255338196e-05,"RSBN1L"
"ENSG00000187257","patient5","XGBoost","all",1.02045735383012e-05,"RSBN1L"
"ENSG00000187257","patient3","XGBoost","all",7.6659585140825e-06,"RSBN1L"
"ENSG00000187257","patient1","XGBoost","all",8.8774280243036e-06,"RSBN1L"
"ENSG00000187257","patient2","XGBoost","all",3.319809684657e-06,"RSBN1L"
"ENSG00000187479","patient6","XGBoost","all",0.00050239891609576,"C11orf96"
"ENSG00000187479","patient4","XGBoost","all",0.00106573971916649,"C11orf96"
"ENSG00000187479","patient2","XGBoost","all",0.000771682552629471,"C11orf96"
"ENSG00000187479","patient1","XGBoost","all",0.000688088641087427,"C11orf96"
"ENSG00000187479","patient5","XGBoost","all",0.000642001783365506,"C11orf96"
"ENSG00000187479","patient3","XGBoost","all",0.000671597022256768,"C11orf96"
"ENSG00000187498","patient4","XGBoost","all",7.12374782087959e-05,"COL4A1"
"ENSG00000187498","patient6","XGBoost","all",5.73010249113545e-05,"COL4A1"
"ENSG00000187498","patient2","XGBoost","all",1.95768407733813e-05,"COL4A1"
"ENSG00000187498","patient5","XGBoost","all",6.36352648519605e-05,"COL4A1"
"ENSG00000187498","patient3","XGBoost","all",6.55890326474207e-05,"COL4A1"
"ENSG00000187498","patient1","XGBoost","all",3.48453121257061e-05,"COL4A1"
"ENSG00000187513","patient2","XGBoost","all",0.00115933392432917,"GJA4"
"ENSG00000187513","patient5","XGBoost","all",0.00515776778029099,"GJA4"
"ENSG00000187513","patient6","XGBoost","all",0.00145933717800048,"GJA4"
"ENSG00000187513","patient1","XGBoost","all",0.000460134755043185,"GJA4"
"ENSG00000187513","patient4","XGBoost","all",0.00112110243949869,"GJA4"
"ENSG00000187608","patient3","XGBoost","all",6.76327386312991e-06,"ISG15"
"ENSG00000187608","patient2","XGBoost","all",7.58036194867576e-06,"ISG15"
"ENSG00000187608","patient1","XGBoost","all",9.35888309621677e-06,"ISG15"
"ENSG00000187608","patient4","XGBoost","all",1.33072187360074e-05,"ISG15"
"ENSG00000187735","patient5","XGBoost","all",1.78225967434733e-05,"TCEA1"
"ENSG00000187735","patient1","XGBoost","all",1.21548702672094e-05,"TCEA1"
"ENSG00000187735","patient2","XGBoost","all",8.76994566785718e-06,"TCEA1"
"ENSG00000187735","patient6","XGBoost","all",1.42302618543048e-05,"TCEA1"
"ENSG00000187735","patient4","XGBoost","all",1.39986310463676e-05,"TCEA1"
"ENSG00000187735","patient3","XGBoost","all",1.16635616431934e-05,"TCEA1"
"ENSG00000187837","patient1","XGBoost","all",1.51765548236137e-06,"H1-2"
"ENSG00000187837","patient4","XGBoost","all",8.1951732728076e-06,"H1-2"
"ENSG00000187837","patient3","XGBoost","all",1.02383980103878e-05,"H1-2"
"ENSG00000187837","patient6","XGBoost","all",1.26533734621552e-05,"H1-2"
"ENSG00000187837","patient2","XGBoost","all",6.84192372966001e-06,"H1-2"
"ENSG00000187837","patient5","XGBoost","all",2.10458975052394e-05,"H1-2"
"ENSG00000187955","patient6","XGBoost","all",0.000130478631399593,"COL14A1"
"ENSG00000187955","patient2","XGBoost","all",0.000139490854566941,"COL14A1"
"ENSG00000187955","patient3","XGBoost","all",0.000247634101978717,"COL14A1"
"ENSG00000187955","patient4","XGBoost","all",0.000182505192301969,"COL14A1"
"ENSG00000187955","patient1","XGBoost","all",0.000114432112456161,"COL14A1"
"ENSG00000187955","patient5","XGBoost","all",0.00017842517678384,"COL14A1"
"ENSG00000188229","patient5","XGBoost","all",5.15625266955122e-05,"TUBB4B"
"ENSG00000188229","patient1","XGBoost","all",3.03790050069921e-05,"TUBB4B"
"ENSG00000188229","patient6","XGBoost","all",5.01083157674141e-05,"TUBB4B"
"ENSG00000188229","patient4","XGBoost","all",3.95376816629432e-05,"TUBB4B"
"ENSG00000188229","patient2","XGBoost","all",1.74200522039432e-05,"TUBB4B"
"ENSG00000188229","patient3","XGBoost","all",3.10036405404399e-05,"TUBB4B"
"ENSG00000188257","patient6","XGBoost","all",1.30412574333952e-05,"PLA2G2A"
"ENSG00000188257","patient2","XGBoost","all",5.38818179428827e-05,"PLA2G2A"
"ENSG00000188257","patient3","XGBoost","all",4.50657702814942e-05,"PLA2G2A"
"ENSG00000188257","patient4","XGBoost","all",3.14423387244973e-05,"PLA2G2A"
"ENSG00000188257","patient1","XGBoost","all",1.44554315949341e-05,"PLA2G2A"
"ENSG00000188290","patient3","XGBoost","all",0.000869492900251196,"HES4"
"ENSG00000188290","patient1","XGBoost","all",0.00105189682274679,"HES4"
"ENSG00000188290","patient4","XGBoost","all",0.000730831451394531,"HES4"
"ENSG00000188290","patient5","XGBoost","all",0.000660746601009883,"HES4"
"ENSG00000188290","patient6","XGBoost","all",0.000597657745498523,"HES4"
"ENSG00000188290","patient2","XGBoost","all",0.000765992213690129,"HES4"
"ENSG00000188313","patient3","XGBoost","all",1.27012591930581e-05,"PLSCR1"
"ENSG00000188313","patient6","XGBoost","all",8.06487621816584e-06,"PLSCR1"
"ENSG00000188313","patient1","XGBoost","all",2.89158249798537e-05,"PLSCR1"
"ENSG00000188313","patient4","XGBoost","all",1.38373393955684e-05,"PLSCR1"
"ENSG00000188313","patient5","XGBoost","all",8.49723289093106e-06,"PLSCR1"
"ENSG00000188313","patient2","XGBoost","all",8.31296505964927e-06,"PLSCR1"
"ENSG00000188483","patient1","XGBoost","all",1.84154895031205e-05,"IER5L"
"ENSG00000188483","patient2","XGBoost","all",7.49658877165258e-06,"IER5L"
"ENSG00000188483","patient3","XGBoost","all",1.44734480016584e-05,"IER5L"
"ENSG00000188483","patient6","XGBoost","all",1.42670487377033e-05,"IER5L"
"ENSG00000188483","patient5","XGBoost","all",8.133352585966e-06,"IER5L"
"ENSG00000188483","patient4","XGBoost","all",1.10788335217244e-05,"IER5L"
"ENSG00000188529","patient3","XGBoost","all",1.55651150576086e-05,"SRSF10"
"ENSG00000188529","patient1","XGBoost","all",1.07255940769856e-05,"SRSF10"
"ENSG00000188529","patient4","XGBoost","all",9.19563910046744e-06,"SRSF10"
"ENSG00000188529","patient6","XGBoost","all",7.53588339546753e-06,"SRSF10"
"ENSG00000188529","patient2","XGBoost","all",5.22151277890178e-06,"SRSF10"
"ENSG00000188529","patient5","XGBoost","all",3.33454248869138e-06,"SRSF10"
"ENSG00000188643","patient2","XGBoost","all",7.79431586636315e-05,"S100A16"
"ENSG00000188643","patient6","XGBoost","all",8.32480286214341e-05,"S100A16"
"ENSG00000188643","patient5","XGBoost","all",5.76362310584359e-05,"S100A16"
"ENSG00000188643","patient4","XGBoost","all",0.000144570131311161,"S100A16"
"ENSG00000188643","patient3","XGBoost","all",0.000125255218280514,"S100A16"
"ENSG00000188643","patient1","XGBoost","all",3.04052358430052e-05,"S100A16"
"ENSG00000188783","patient6","XGBoost","all",0.000340373344315504,"PRELP"
"ENSG00000188783","patient5","XGBoost","all",0.000519946475869565,"PRELP"
"ENSG00000188783","patient1","XGBoost","all",0.000185425948625578,"PRELP"
"ENSG00000188783","patient4","XGBoost","all",0.000622654919427003,"PRELP"
"ENSG00000188783","patient2","XGBoost","all",0.000391583406854606,"PRELP"
"ENSG00000188783","patient3","XGBoost","all",0.00042014487262229,"PRELP"
"ENSG00000188994","patient3","XGBoost","all",5.00930701679941e-06,"ZNF292"
"ENSG00000188994","patient1","XGBoost","all",1.35070291325729e-05,"ZNF292"
"ENSG00000188994","patient4","XGBoost","all",2.403089643839e-05,"ZNF292"
"ENSG00000188994","patient6","XGBoost","all",1.63157395784882e-05,"ZNF292"
"ENSG00000188994","patient5","XGBoost","all",1.17808718002425e-05,"ZNF292"
"ENSG00000188994","patient2","XGBoost","all",1.5224355457777e-05,"ZNF292"
"ENSG00000189058","patient2","XGBoost","all",9.55009007323938e-05,"APOD"
"ENSG00000189058","patient4","XGBoost","all",7.72269690905616e-05,"APOD"
"ENSG00000189058","patient3","XGBoost","all",7.00031700653013e-05,"APOD"
"ENSG00000189058","patient6","XGBoost","all",6.97911932088329e-05,"APOD"
"ENSG00000189058","patient5","XGBoost","all",5.89336725005433e-05,"APOD"
"ENSG00000189058","patient1","XGBoost","all",0.000151913823553915,"APOD"
"ENSG00000189060","patient2","XGBoost","all",8.33440607171248e-06,"H1-0"
"ENSG00000189060","patient4","XGBoost","all",2.60599941631852e-05,"H1-0"
"ENSG00000189060","patient3","XGBoost","all",1.98934959961308e-05,"H1-0"
"ENSG00000189060","patient5","XGBoost","all",2.31193666654149e-05,"H1-0"
"ENSG00000189060","patient1","XGBoost","all",3.30764680618824e-05,"H1-0"
"ENSG00000189060","patient6","XGBoost","all",3.84339229262864e-05,"H1-0"
"ENSG00000189067","patient2","XGBoost","all",2.02363046966525e-05,"LITAF"
"ENSG00000189067","patient6","XGBoost","all",1.5533629952861e-05,"LITAF"
"ENSG00000189067","patient5","XGBoost","all",2.36755985493466e-05,"LITAF"
"ENSG00000189067","patient4","XGBoost","all",2.68676078061687e-05,"LITAF"
"ENSG00000189067","patient1","XGBoost","all",2.14354748315961e-05,"LITAF"
"ENSG00000189067","patient3","XGBoost","all",1.26096145795197e-05,"LITAF"
"ENSG00000189129","patient6","XGBoost","all",0.00117304220242711,"PLAC9"
"ENSG00000189129","patient1","XGBoost","all",0.00137573697145041,"PLAC9"
"ENSG00000189129","patient5","XGBoost","all",0.0016086902483098,"PLAC9"
"ENSG00000189129","patient3","XGBoost","all",0.00215843432881306,"PLAC9"
"ENSG00000189129","patient2","XGBoost","all",0.00192828583850803,"PLAC9"
"ENSG00000189129","patient4","XGBoost","all",0.00160767121798652,"PLAC9"
"ENSG00000189171","patient4","XGBoost","all",6.72212743860421e-05,"S100A13"
"ENSG00000189171","patient6","XGBoost","all",0.000157115805977603,"S100A13"
"ENSG00000189171","patient3","XGBoost","all",8.18342810623301e-05,"S100A13"
"ENSG00000189171","patient5","XGBoost","all",6.24867801601342e-05,"S100A13"
"ENSG00000189171","patient2","XGBoost","all",7.1547853932465e-05,"S100A13"
"ENSG00000189171","patient1","XGBoost","all",8.01390460747145e-05,"S100A13"
"ENSG00000189221","patient5","XGBoost","all",5.50031015167467e-05,"MAOA"
"ENSG00000189221","patient2","XGBoost","all",1.97142898388382e-05,"MAOA"
"ENSG00000189221","patient4","XGBoost","all",3.09549047177295e-05,"MAOA"
"ENSG00000189221","patient1","XGBoost","all",8.52160266067471e-05,"MAOA"
"ENSG00000189221","patient6","XGBoost","all",5.17015889748377e-05,"MAOA"
"ENSG00000189221","patient3","XGBoost","all",3.52903600090877e-05,"MAOA"
"ENSG00000189241","patient3","XGBoost","all",1.03410716863899e-05,"TSPYL1"
"ENSG00000189241","patient1","XGBoost","all",9.25724416090853e-06,"TSPYL1"
"ENSG00000189241","patient2","XGBoost","all",1.02434640732528e-05,"TSPYL1"
"ENSG00000189241","patient5","XGBoost","all",7.37199905454232e-06,"TSPYL1"
"ENSG00000189241","patient6","XGBoost","all",1.16959272510614e-05,"TSPYL1"
"ENSG00000189266","patient1","XGBoost","all",5.04093831174731e-06,"PNRC2"
"ENSG00000189266","patient6","XGBoost","all",5.13600726936354e-06,"PNRC2"
"ENSG00000189266","patient4","XGBoost","all",7.21496341850931e-06,"PNRC2"
"ENSG00000189266","patient3","XGBoost","all",6.32340854436274e-06,"PNRC2"
"ENSG00000189266","patient2","XGBoost","all",1.28461446376454e-05,"PNRC2"
"ENSG00000189266","patient5","XGBoost","all",3.50704497310118e-06,"PNRC2"
"ENSG00000189409","patient2","XGBoost","all",2.69315533240898e-05,"MMP23B"
"ENSG00000189409","patient6","XGBoost","all",2.24613810712347e-05,"MMP23B"
"ENSG00000189409","patient1","XGBoost","all",2.88222145169683e-05,"MMP23B"
"ENSG00000189409","patient4","XGBoost","all",1.11038397897239e-05,"MMP23B"
"ENSG00000189409","patient3","XGBoost","all",8.74187355943653e-06,"MMP23B"
"ENSG00000196126","patient5","XGBoost","all",0.000773825171863895,"HLA-DRB1"
"ENSG00000196126","patient6","XGBoost","all",0.00312522879714366,"HLA-DRB1"
"ENSG00000196126","patient3","XGBoost","all",0.00165595406016655,"HLA-DRB1"
"ENSG00000196126","patient2","XGBoost","all",0.00242788648113627,"HLA-DRB1"
"ENSG00000196126","patient1","XGBoost","all",0.00178939169224769,"HLA-DRB1"
"ENSG00000196126","patient4","XGBoost","all",0.00119726662019962,"HLA-DRB1"
"ENSG00000196139","patient3","XGBoost","all",7.6947839728181e-06,"AKR1C3"
"ENSG00000196139","patient2","XGBoost","all",2.107694448104e-05,"AKR1C3"
"ENSG00000196139","patient4","XGBoost","all",1.89919354396567e-05,"AKR1C3"
"ENSG00000196139","patient5","XGBoost","all",1.56690833244244e-05,"AKR1C3"
"ENSG00000196139","patient6","XGBoost","all",1.46099719109273e-05,"AKR1C3"
"ENSG00000196139","patient1","XGBoost","all",1.84804045274448e-05,"AKR1C3"
"ENSG00000196141","patient6","XGBoost","all",2.17148961138576e-05,"SPATS2L"
"ENSG00000196141","patient4","XGBoost","all",4.09065324323704e-05,"SPATS2L"
"ENSG00000196141","patient2","XGBoost","all",2.04029562771125e-05,"SPATS2L"
"ENSG00000196141","patient3","XGBoost","all",1.71676888863271e-05,"SPATS2L"
"ENSG00000196141","patient5","XGBoost","all",3.9122669605845e-05,"SPATS2L"
"ENSG00000196141","patient1","XGBoost","all",1.44624980725523e-05,"SPATS2L"
"ENSG00000196154","patient4","XGBoost","all",0.00192742198163211,"S100A4"
"ENSG00000196154","patient5","XGBoost","all",0.000997455963440457,"S100A4"
"ENSG00000196154","patient6","XGBoost","all",0.000675837173195389,"S100A4"
"ENSG00000196154","patient3","XGBoost","all",0.000580844176577353,"S100A4"
"ENSG00000196154","patient1","XGBoost","all",0.00154562515323623,"S100A4"
"ENSG00000196154","patient2","XGBoost","all",0.00126966283398005,"S100A4"
"ENSG00000196199","patient3","XGBoost","all",9.5287822600303e-06,"MPHOSPH8"
"ENSG00000196199","patient2","XGBoost","all",2.30361933594794e-05,"MPHOSPH8"
"ENSG00000196199","patient4","XGBoost","all",2.20290245017646e-05,"MPHOSPH8"
"ENSG00000196199","patient6","XGBoost","all",1.09497410270761e-05,"MPHOSPH8"
"ENSG00000196199","patient5","XGBoost","all",2.21914527845747e-05,"MPHOSPH8"
"ENSG00000196199","patient1","XGBoost","all",6.12735185170773e-06,"MPHOSPH8"
"ENSG00000196230","patient1","XGBoost","all",9.5579834358917e-06,"TUBB"
"ENSG00000196230","patient2","XGBoost","all",3.02757222327529e-05,"TUBB"
"ENSG00000196230","patient5","XGBoost","all",1.53394763706267e-05,"TUBB"
"ENSG00000196230","patient6","XGBoost","all",1.36214289762801e-05,"TUBB"
"ENSG00000196230","patient3","XGBoost","all",2.09436168870759e-05,"TUBB"
"ENSG00000196230","patient4","XGBoost","all",2.08242666718098e-05,"TUBB"
"ENSG00000196352","patient2","XGBoost","all",3.09890725794193e-05,"CD55"
"ENSG00000196352","patient6","XGBoost","all",4.87880621195177e-05,"CD55"
"ENSG00000196352","patient1","XGBoost","all",2.27973395506239e-05,"CD55"
"ENSG00000196352","patient5","XGBoost","all",3.86172514039787e-05,"CD55"
"ENSG00000196352","patient4","XGBoost","all",3.62678851997065e-05,"CD55"
"ENSG00000196352","patient3","XGBoost","all",3.01650798099162e-05,"CD55"
"ENSG00000196419","patient1","XGBoost","all",4.96161484175761e-06,"XRCC6"
"ENSG00000196419","patient5","XGBoost","all",2.30035742744297e-05,"XRCC6"
"ENSG00000196419","patient2","XGBoost","all",3.04120515153833e-06,"XRCC6"
"ENSG00000196419","patient6","XGBoost","all",1.04545441975078e-05,"XRCC6"
"ENSG00000196419","patient4","XGBoost","all",1.11393341868106e-05,"XRCC6"
"ENSG00000196419","patient3","XGBoost","all",1.34643437836214e-05,"XRCC6"
"ENSG00000196504","patient2","XGBoost","all",6.12324290093725e-06,"PRPF40A"
"ENSG00000196504","patient3","XGBoost","all",3.74396807017196e-06,"PRPF40A"
"ENSG00000196504","patient5","XGBoost","all",1.93558434914733e-05,"PRPF40A"
"ENSG00000196504","patient1","XGBoost","all",5.75714011127033e-06,"PRPF40A"
"ENSG00000196504","patient4","XGBoost","all",6.64279491078562e-06,"PRPF40A"
"ENSG00000196504","patient6","XGBoost","all",1.28792699629252e-05,"PRPF40A"
"ENSG00000196507","patient1","XGBoost","all",1.65080085837069e-05,"TCEAL3"
"ENSG00000196507","patient2","XGBoost","all",2.65125098001002e-05,"TCEAL3"
"ENSG00000196507","patient5","XGBoost","all",2.81943707620687e-05,"TCEAL3"
"ENSG00000196507","patient3","XGBoost","all",2.03385940319263e-05,"TCEAL3"
"ENSG00000196507","patient6","XGBoost","all",2.65333576116362e-05,"TCEAL3"
"ENSG00000196507","patient4","XGBoost","all",3.61185711357301e-05,"TCEAL3"
"ENSG00000196569","patient2","XGBoost","all",2.94698207170125e-05,"LAMA2"
"ENSG00000196569","patient5","XGBoost","all",4.02754600690468e-05,"LAMA2"
"ENSG00000196569","patient4","XGBoost","all",8.0954882990914e-05,"LAMA2"
"ENSG00000196569","patient1","XGBoost","all",0.000111488500184048,"LAMA2"
"ENSG00000196569","patient3","XGBoost","all",0.000237021854480149,"LAMA2"
"ENSG00000196616","patient4","XGBoost","all",0.000278525702365499,"ADH1B"
"ENSG00000196616","patient5","XGBoost","all",0.000215337993703634,"ADH1B"
"ENSG00000196616","patient2","XGBoost","all",0.000293719830150552,"ADH1B"
"ENSG00000196616","patient6","XGBoost","all",0.000287149705864024,"ADH1B"
"ENSG00000196616","patient1","XGBoost","all",0.000273602401307398,"ADH1B"
"ENSG00000196616","patient3","XGBoost","all",0.000201186387667196,"ADH1B"
"ENSG00000196628","patient4","XGBoost","all",1.36557119208288e-05,"TCF4"
"ENSG00000196628","patient1","XGBoost","all",2.58358182849978e-05,"TCF4"
"ENSG00000196628","patient5","XGBoost","all",2.24844064333003e-05,"TCF4"
"ENSG00000196628","patient6","XGBoost","all",4.63009899839476e-05,"TCF4"
"ENSG00000196628","patient3","XGBoost","all",3.91760612797307e-05,"TCF4"
"ENSG00000196628","patient2","XGBoost","all",4.42867449697698e-05,"TCF4"
"ENSG00000196735","patient2","XGBoost","all",2.95032010351578e-05,"HLA-DQA1"
"ENSG00000196735","patient3","XGBoost","all",0.000148323595923065,"HLA-DQA1"
"ENSG00000196735","patient6","XGBoost","all",6.35416792706543e-05,"HLA-DQA1"
"ENSG00000196735","patient5","XGBoost","all",0.000124873197718356,"HLA-DQA1"
"ENSG00000196735","patient4","XGBoost","all",1.97125445438008e-05,"HLA-DQA1"
"ENSG00000196735","patient1","XGBoost","all",5.15039369552725e-05,"HLA-DQA1"
"ENSG00000196776","patient4","XGBoost","all",6.04337168942727e-06,"CD47"
"ENSG00000196776","patient3","XGBoost","all",1.12162326098943e-05,"CD47"
"ENSG00000196776","patient5","XGBoost","all",1.46402612579696e-05,"CD47"
"ENSG00000196776","patient6","XGBoost","all",3.61583696800978e-06,"CD47"
"ENSG00000196776","patient2","XGBoost","all",6.95289078656931e-06,"CD47"
"ENSG00000196776","patient1","XGBoost","all",2.04755269504477e-05,"CD47"
"ENSG00000196843","patient5","XGBoost","all",3.70594270401749e-05,"ARID5A"
"ENSG00000196843","patient4","XGBoost","all",4.32382214811937e-05,"ARID5A"
"ENSG00000196843","patient6","XGBoost","all",2.81531896401367e-05,"ARID5A"
"ENSG00000196843","patient2","XGBoost","all",3.68356784622452e-05,"ARID5A"
"ENSG00000196923","patient6","XGBoost","all",2.00643286869539e-05,"PDLIM7"
"ENSG00000196923","patient3","XGBoost","all",2.88682580824671e-05,"PDLIM7"
"ENSG00000196923","patient4","XGBoost","all",2.47924216309622e-05,"PDLIM7"
"ENSG00000196923","patient1","XGBoost","all",1.50599642377214e-05,"PDLIM7"
"ENSG00000196923","patient5","XGBoost","all",1.9465939802615e-05,"PDLIM7"
"ENSG00000196923","patient2","XGBoost","all",3.8825486490346e-05,"PDLIM7"
"ENSG00000196924","patient6","XGBoost","all",7.11643425826493e-05,"FLNA"
"ENSG00000196924","patient3","XGBoost","all",9.15185549729246e-05,"FLNA"
"ENSG00000196924","patient4","XGBoost","all",0.000122424013268775,"FLNA"
"ENSG00000196924","patient2","XGBoost","all",4.23388228722589e-05,"FLNA"
"ENSG00000196924","patient1","XGBoost","all",4.70528232818337e-05,"FLNA"
"ENSG00000196924","patient5","XGBoost","all",6.35910167737637e-05,"FLNA"
"ENSG00000196937","patient1","XGBoost","all",9.21914131664794e-06,"FAM3C"
"ENSG00000196937","patient6","XGBoost","all",1.37179127491534e-05,"FAM3C"
"ENSG00000196937","patient4","XGBoost","all",1.17833022165233e-05,"FAM3C"
"ENSG00000196937","patient5","XGBoost","all",2.04147284598723e-05,"FAM3C"
"ENSG00000196937","patient2","XGBoost","all",7.74631678999755e-06,"FAM3C"
"ENSG00000196937","patient3","XGBoost","all",1.48553043509918e-05,"FAM3C"
"ENSG00000196954","patient4","XGBoost","all",1.36617221027881e-06,"CASP4"
"ENSG00000196954","patient6","XGBoost","all",1.77195261954505e-05,"CASP4"
"ENSG00000196954","patient2","XGBoost","all",4.27262150964745e-06,"CASP4"
"ENSG00000196954","patient3","XGBoost","all",1.37825746026517e-05,"CASP4"
"ENSG00000196954","patient5","XGBoost","all",6.55284077489425e-06,"CASP4"
"ENSG00000196975","patient3","XGBoost","all",3.18436152727816e-05,"ANXA4"
"ENSG00000196975","patient4","XGBoost","all",6.90877881843442e-06,"ANXA4"
"ENSG00000196975","patient5","XGBoost","all",1.47870062243223e-05,"ANXA4"
"ENSG00000196975","patient2","XGBoost","all",1.53482855470187e-05,"ANXA4"
"ENSG00000196975","patient1","XGBoost","all",1.43027313972806e-05,"ANXA4"
"ENSG00000196975","patient6","XGBoost","all",7.26458155294366e-06,"ANXA4"
"ENSG00000196998","patient5","XGBoost","all",8.25575087961607e-06,"WDR45"
"ENSG00000197006","patient6","XGBoost","all",1.33696963047335e-05,"METTL9"
"ENSG00000197043","patient1","XGBoost","all",3.13881679202717e-05,"ANXA6"
"ENSG00000197043","patient6","XGBoost","all",3.02299358140379e-05,"ANXA6"
"ENSG00000197043","patient2","XGBoost","all",3.04444528459577e-05,"ANXA6"
"ENSG00000197043","patient4","XGBoost","all",5.34779728986637e-05,"ANXA6"
"ENSG00000197043","patient3","XGBoost","all",2.04124543865474e-05,"ANXA6"
"ENSG00000197043","patient5","XGBoost","all",3.40458241641968e-05,"ANXA6"
"ENSG00000197061","patient1","XGBoost","all",2.06936131721912e-05,"H4C3"
"ENSG00000197061","patient5","XGBoost","all",2.82050592427765e-05,"H4C3"
"ENSG00000197061","patient2","XGBoost","all",2.17575487461325e-05,"H4C3"
"ENSG00000197061","patient3","XGBoost","all",2.58232051673494e-05,"H4C3"
"ENSG00000197061","patient4","XGBoost","all",3.25447134459736e-05,"H4C3"
"ENSG00000197061","patient6","XGBoost","all",9.89413955865462e-06,"H4C3"
"ENSG00000197102","patient2","XGBoost","all",6.95862260089606e-06,"DYNC1H1"
"ENSG00000197102","patient4","XGBoost","all",7.2823833806907e-06,"DYNC1H1"
"ENSG00000197102","patient6","XGBoost","all",7.28571338406835e-06,"DYNC1H1"
"ENSG00000197102","patient1","XGBoost","all",6.24685656350943e-06,"DYNC1H1"
"ENSG00000197102","patient3","XGBoost","all",7.01716456510143e-06,"DYNC1H1"
"ENSG00000197102","patient5","XGBoost","all",8.66781847010372e-06,"DYNC1H1"
"ENSG00000197170","patient5","XGBoost","all",1.00373335341877e-05,"PSMD12"
"ENSG00000197170","patient3","XGBoost","all",5.44197147062151e-06,"PSMD12"
"ENSG00000197170","patient2","XGBoost","all",2.84411350525464e-06,"PSMD12"
"ENSG00000197223","patient2","XGBoost","all",1.11988743602133e-05,"C1D"
"ENSG00000197223","patient5","XGBoost","all",2.85877780724866e-06,"C1D"
"ENSG00000197223","patient6","XGBoost","all",6.67777812875923e-06,"C1D"
"ENSG00000197223","patient1","XGBoost","all",8.22265392536721e-06,"C1D"
"ENSG00000197256","patient2","XGBoost","all",1.4330760867199e-05,"KANK2"
"ENSG00000197256","patient4","XGBoost","all",1.27568665471395e-05,"KANK2"
"ENSG00000197256","patient6","XGBoost","all",1.01590058303937e-05,"KANK2"
"ENSG00000197256","patient5","XGBoost","all",2.5199880365152e-05,"KANK2"
"ENSG00000197256","patient3","XGBoost","all",9.343502506789e-06,"KANK2"
"ENSG00000197256","patient1","XGBoost","all",1.0862843112511e-05,"KANK2"
"ENSG00000197321","patient5","XGBoost","all",0.000159715202098614,"SVIL"
"ENSG00000197321","patient2","XGBoost","all",0.000420637989467057,"SVIL"
"ENSG00000197321","patient3","XGBoost","all",0.000636293632797452,"SVIL"
"ENSG00000197321","patient4","XGBoost","all",0.000661553115285071,"SVIL"
"ENSG00000197321","patient1","XGBoost","all",0.000587870934242278,"SVIL"
"ENSG00000197321","patient6","XGBoost","all",0.000363306509342355,"SVIL"
"ENSG00000197324","patient2","XGBoost","all",1.34505681427638e-05,"LRP10"
"ENSG00000197324","patient4","XGBoost","all",1.81221784911085e-05,"LRP10"
"ENSG00000197324","patient6","XGBoost","all",1.73460497089383e-05,"LRP10"
"ENSG00000197324","patient3","XGBoost","all",7.19833885812859e-06,"LRP10"
"ENSG00000197324","patient5","XGBoost","all",3.08237711151583e-05,"LRP10"
"ENSG00000197324","patient1","XGBoost","all",2.84657502673364e-06,"LRP10"
"ENSG00000197345","patient6","XGBoost","all",9.28087689119054e-06,"MRPL21"
"ENSG00000197345","patient5","XGBoost","all",1.38377107322054e-05,"MRPL21"
"ENSG00000197345","patient4","XGBoost","all",3.65676947903051e-06,"MRPL21"
"ENSG00000197345","patient1","XGBoost","all",1.71449454179281e-05,"MRPL21"
"ENSG00000197345","patient2","XGBoost","all",5.36143563015621e-06,"MRPL21"
"ENSG00000197345","patient3","XGBoost","all",1.40037156874087e-05,"MRPL21"
"ENSG00000197405","patient2","XGBoost","all",0.000111692755131452,"C5AR1"
"ENSG00000197405","patient5","XGBoost","all",7.61731069145661e-05,"C5AR1"
"ENSG00000197405","patient3","XGBoost","all",5.02211511202253e-05,"C5AR1"
"ENSG00000197405","patient4","XGBoost","all",0.000173210115601619,"C5AR1"
"ENSG00000197405","patient6","XGBoost","all",9.03030245168036e-05,"C5AR1"
"ENSG00000197405","patient1","XGBoost","all",6.41691206574035e-05,"C5AR1"
"ENSG00000197448","patient6","XGBoost","all",2.58640297992185e-05,"GSTK1"
"ENSG00000197448","patient1","XGBoost","all",1.97469154920012e-05,"GSTK1"
"ENSG00000197448","patient2","XGBoost","all",2.33097440666395e-05,"GSTK1"
"ENSG00000197448","patient5","XGBoost","all",1.32658909639237e-05,"GSTK1"
"ENSG00000197448","patient4","XGBoost","all",1.28972495683156e-05,"GSTK1"
"ENSG00000197448","patient3","XGBoost","all",8.27184843150571e-06,"GSTK1"
"ENSG00000197451","patient5","XGBoost","all",1.98570783683061e-05,"HNRNPAB"
"ENSG00000197451","patient1","XGBoost","all",2.20665482371292e-06,"HNRNPAB"
"ENSG00000197451","patient2","XGBoost","all",1.16161178102822e-05,"HNRNPAB"
"ENSG00000197451","patient4","XGBoost","all",2.19546119103238e-05,"HNRNPAB"
"ENSG00000197451","patient3","XGBoost","all",1.15156679766472e-05,"HNRNPAB"
"ENSG00000197451","patient6","XGBoost","all",1.18670097307737e-05,"HNRNPAB"
"ENSG00000197461","patient6","XGBoost","all",9.53617814648403e-05,"PDGFA"
"ENSG00000197461","patient2","XGBoost","all",0.000159571037062896,"PDGFA"
"ENSG00000197461","patient4","XGBoost","all",9.33699206173562e-05,"PDGFA"
"ENSG00000197461","patient3","XGBoost","all",6.96370831740114e-05,"PDGFA"
"ENSG00000197461","patient5","XGBoost","all",0.000111097072846423,"PDGFA"
"ENSG00000197461","patient1","XGBoost","all",7.89968509068316e-05,"PDGFA"
"ENSG00000197614","patient4","XGBoost","all",5.15727706801221e-05,"MFAP5"
"ENSG00000197614","patient3","XGBoost","all",6.35867817983874e-05,"MFAP5"
"ENSG00000197614","patient1","XGBoost","all",8.98031259106791e-05,"MFAP5"
"ENSG00000197614","patient6","XGBoost","all",0.000115476627390899,"MFAP5"
"ENSG00000197614","patient5","XGBoost","all",3.73958072916369e-05,"MFAP5"
"ENSG00000197614","patient2","XGBoost","all",5.4505575136684e-05,"MFAP5"
"ENSG00000197622","patient5","XGBoost","all",3.93713387524618e-06,"CDC42SE1"
"ENSG00000197622","patient6","XGBoost","all",7.51998580013034e-06,"CDC42SE1"
"ENSG00000197694","patient2","XGBoost","all",7.72659032202703e-06,"SPTAN1"
"ENSG00000197694","patient3","XGBoost","all",1.28508050570076e-05,"SPTAN1"
"ENSG00000197694","patient1","XGBoost","all",2.04813822329135e-06,"SPTAN1"
"ENSG00000197694","patient4","XGBoost","all",3.06133430520306e-06,"SPTAN1"
"ENSG00000197694","patient6","XGBoost","all",1.30876397044674e-06,"SPTAN1"
"ENSG00000197694","patient5","XGBoost","all",1.81281519032595e-06,"SPTAN1"
"ENSG00000197712","patient1","XGBoost","all",2.22208254693758e-05,"FAM114A1"
"ENSG00000197712","patient4","XGBoost","all",1.79208181457788e-05,"FAM114A1"
"ENSG00000197712","patient3","XGBoost","all",2.74669215940306e-05,"FAM114A1"
"ENSG00000197712","patient6","XGBoost","all",1.48794934446897e-05,"FAM114A1"
"ENSG00000197712","patient5","XGBoost","all",1.60909078734467e-05,"FAM114A1"
"ENSG00000197712","patient2","XGBoost","all",1.63062196218302e-05,"FAM114A1"
"ENSG00000197747","patient1","XGBoost","all",0.000210945024011475,"S100A10"
"ENSG00000197747","patient3","XGBoost","all",0.000438781974902178,"S100A10"
"ENSG00000197747","patient4","XGBoost","all",0.000304414889622177,"S100A10"
"ENSG00000197747","patient5","XGBoost","all",0.00030635663154424,"S100A10"
"ENSG00000197747","patient6","XGBoost","all",0.000336294774302382,"S100A10"
"ENSG00000197747","patient2","XGBoost","all",0.000217359052257532,"S100A10"
"ENSG00000197766","patient2","XGBoost","all",8.61466218581192e-05,"CFD"
"ENSG00000197766","patient1","XGBoost","all",0.00010503686980727,"CFD"
"ENSG00000197766","patient4","XGBoost","all",8.77756086205607e-05,"CFD"
"ENSG00000197766","patient5","XGBoost","all",5.45995865707697e-05,"CFD"
"ENSG00000197766","patient3","XGBoost","all",0.000109895395956814,"CFD"
"ENSG00000197766","patient6","XGBoost","all",3.56356929348275e-05,"CFD"
"ENSG00000197858","patient5","XGBoost","all",1.3106456526638e-05,"GPAA1"
"ENSG00000197858","patient2","XGBoost","all",6.09635232298004e-06,"GPAA1"
"ENSG00000197858","patient6","XGBoost","all",1.17986723335742e-05,"GPAA1"
"ENSG00000197858","patient3","XGBoost","all",7.97489287802706e-06,"GPAA1"
"ENSG00000197858","patient4","XGBoost","all",6.65643673033534e-06,"GPAA1"
"ENSG00000197858","patient1","XGBoost","all",4.28938746140568e-06,"GPAA1"
"ENSG00000197879","patient5","XGBoost","all",6.03704137064105e-06,"MYO1C"
"ENSG00000197879","patient3","XGBoost","all",7.24230263246532e-06,"MYO1C"
"ENSG00000197879","patient1","XGBoost","all",1.50683400354432e-05,"MYO1C"
"ENSG00000197879","patient4","XGBoost","all",8.23385924864162e-06,"MYO1C"
"ENSG00000197879","patient6","XGBoost","all",1.7183413560246e-05,"MYO1C"
"ENSG00000197879","patient2","XGBoost","all",8.26100832076057e-06,"MYO1C"
"ENSG00000197894","patient1","XGBoost","all",3.14627191850873e-05,"ADH5"
"ENSG00000197894","patient3","XGBoost","all",6.50165864521816e-05,"ADH5"
"ENSG00000197894","patient4","XGBoost","all",5.60820599750997e-05,"ADH5"
"ENSG00000197894","patient5","XGBoost","all",3.22399638098621e-05,"ADH5"
"ENSG00000197894","patient6","XGBoost","all",6.06437662139492e-05,"ADH5"
"ENSG00000197894","patient2","XGBoost","all",3.86600665394107e-05,"ADH5"
"ENSG00000197943","patient4","XGBoost","all",0.000315866466460629,"PLCG2"
"ENSG00000197943","patient1","XGBoost","all",0.000237128463821729,"PLCG2"
"ENSG00000197943","patient2","XGBoost","all",0.00025257403521786,"PLCG2"
"ENSG00000197943","patient3","XGBoost","all",0.000373631835067983,"PLCG2"
"ENSG00000197943","patient5","XGBoost","all",0.000142848506749923,"PLCG2"
"ENSG00000197943","patient6","XGBoost","all",0.000134808945464582,"PLCG2"
"ENSG00000197965","patient3","XGBoost","all",8.58027681947782e-06,"MPZL1"
"ENSG00000197965","patient4","XGBoost","all",1.08814803717685e-05,"MPZL1"
"ENSG00000197982","patient3","XGBoost","all",1.33792290668906e-05,"C1orf122"
"ENSG00000197982","patient1","XGBoost","all",6.73713325367749e-06,"C1orf122"
"ENSG00000197982","patient6","XGBoost","all",7.49739159792546e-06,"C1orf122"
"ENSG00000197982","patient2","XGBoost","all",1.40838283583896e-05,"C1orf122"
"ENSG00000197982","patient4","XGBoost","all",9.48007582503979e-06,"C1orf122"
"ENSG00000197982","patient5","XGBoost","all",1.90887492702605e-05,"C1orf122"
"ENSG00000198160","patient4","XGBoost","all",1.53182400823221e-05,"MIER1"
"ENSG00000198160","patient2","XGBoost","all",1.3439840070632e-05,"MIER1"
"ENSG00000198160","patient5","XGBoost","all",7.62429974267578e-06,"MIER1"
"ENSG00000198160","patient3","XGBoost","all",3.42487815400701e-06,"MIER1"
"ENSG00000198160","patient6","XGBoost","all",1.34310220024639e-05,"MIER1"
"ENSG00000198160","patient1","XGBoost","all",8.48089657997275e-06,"MIER1"
"ENSG00000198168","patient5","XGBoost","all",2.39844934718656e-05,"SVIP"
"ENSG00000198168","patient2","XGBoost","all",3.68356363552529e-05,"SVIP"
"ENSG00000198168","patient1","XGBoost","all",1.90551767982382e-05,"SVIP"
"ENSG00000198168","patient3","XGBoost","all",1.79060603056309e-05,"SVIP"
"ENSG00000198171","patient2","XGBoost","all",5.25996962130623e-06,"DDRGK1"
"ENSG00000198171","patient5","XGBoost","all",1.2625927481269e-05,"DDRGK1"
"ENSG00000198171","patient4","XGBoost","all",6.98321340952448e-06,"DDRGK1"
"ENSG00000198189","patient2","XGBoost","all",7.13254882219754e-06,"HSD17B11"
"ENSG00000198189","patient5","XGBoost","all",5.12801871297168e-06,"HSD17B11"
"ENSG00000198189","patient1","XGBoost","all",1.19265538713077e-05,"HSD17B11"
"ENSG00000198189","patient6","XGBoost","all",5.82617386967393e-06,"HSD17B11"
"ENSG00000198189","patient3","XGBoost","all",6.68499930433541e-06,"HSD17B11"
"ENSG00000198189","patient4","XGBoost","all",1.47372700852882e-05,"HSD17B11"
"ENSG00000198355","patient1","XGBoost","all",8.1132657108935e-06,"PIM3"
"ENSG00000198355","patient4","XGBoost","all",1.00795801191797e-05,"PIM3"
"ENSG00000198355","patient6","XGBoost","all",8.8764630056006e-06,"PIM3"
"ENSG00000198363","patient2","XGBoost","all",1.13312140053234e-05,"ASPH"
"ENSG00000198363","patient6","XGBoost","all",1.30384208887124e-05,"ASPH"
"ENSG00000198363","patient5","XGBoost","all",8.34290787601378e-06,"ASPH"
"ENSG00000198363","patient3","XGBoost","all",1.69336958601532e-05,"ASPH"
"ENSG00000198363","patient4","XGBoost","all",2.30387399597382e-05,"ASPH"
"ENSG00000198363","patient1","XGBoost","all",6.48623626994755e-06,"ASPH"
"ENSG00000198399","patient4","XGBoost","all",1.38866854236748e-05,"ITSN2"
"ENSG00000198399","patient1","XGBoost","all",2.44304793989087e-05,"ITSN2"
"ENSG00000198399","patient3","XGBoost","all",4.9732401088391e-05,"ITSN2"
"ENSG00000198399","patient5","XGBoost","all",1.70886905671269e-05,"ITSN2"
"ENSG00000198399","patient6","XGBoost","all",2.55412327213666e-05,"ITSN2"
"ENSG00000198399","patient2","XGBoost","all",2.5905650668646e-05,"ITSN2"
"ENSG00000198431","patient3","XGBoost","all",6.75897906018306e-05,"TXNRD1"
"ENSG00000198431","patient5","XGBoost","all",4.0412730168438e-05,"TXNRD1"
"ENSG00000198431","patient4","XGBoost","all",4.72257573165479e-05,"TXNRD1"
"ENSG00000198431","patient6","XGBoost","all",5.71514078483878e-05,"TXNRD1"
"ENSG00000198431","patient1","XGBoost","all",3.72082113092252e-05,"TXNRD1"
"ENSG00000198431","patient2","XGBoost","all",4.71849903032341e-05,"TXNRD1"
"ENSG00000198467","patient1","XGBoost","all",0.00277579217624233,"TPM2"
"ENSG00000198467","patient2","XGBoost","all",0.00363410056219793,"TPM2"
"ENSG00000198467","patient5","XGBoost","all",0.00373858275737565,"TPM2"
"ENSG00000198467","patient3","XGBoost","all",0.00316263458221012,"TPM2"
"ENSG00000198467","patient6","XGBoost","all",0.00306645536371015,"TPM2"
"ENSG00000198467","patient4","XGBoost","all",0.00402852873677999,"TPM2"
"ENSG00000198502","patient4","XGBoost","all",0.000178050638134366,"HLA-DRB5"
"ENSG00000198502","patient2","XGBoost","all",1.19851605967598e-05,"HLA-DRB5"
"ENSG00000198502","patient6","XGBoost","all",0.000150022202347685,"HLA-DRB5"
"ENSG00000198502","patient5","XGBoost","all",0.000104683773628066,"HLA-DRB5"
"ENSG00000198523","patient6","XGBoost","all",0.00154460909405594,"PLN"
"ENSG00000198523","patient4","XGBoost","all",0.000775143425238704,"PLN"
"ENSG00000198523","patient2","XGBoost","all",0.000927042195697053,"PLN"
"ENSG00000198523","patient3","XGBoost","all",0.00180914301180438,"PLN"
"ENSG00000198523","patient1","XGBoost","all",0.000882597775762352,"PLN"
"ENSG00000198523","patient5","XGBoost","all",0.00150625690825553,"PLN"
"ENSG00000198542","patient5","XGBoost","all",2.92014066793315e-05,"ITGBL1"
"ENSG00000198542","patient2","XGBoost","all",5.50102379661404e-05,"ITGBL1"
"ENSG00000198542","patient1","XGBoost","all",5.75917185318456e-05,"ITGBL1"
"ENSG00000198542","patient4","XGBoost","all",3.60904506951567e-05,"ITGBL1"
"ENSG00000198542","patient3","XGBoost","all",8.03172755839728e-05,"ITGBL1"
"ENSG00000198542","patient6","XGBoost","all",6.3413462898865e-05,"ITGBL1"
"ENSG00000198625","patient5","XGBoost","all",3.90236686382569e-06,"MDM4"
"ENSG00000198625","patient3","XGBoost","all",1.33389649099716e-05,"MDM4"
"ENSG00000198625","patient1","XGBoost","all",1.57369419765602e-05,"MDM4"
"ENSG00000198625","patient2","XGBoost","all",4.43082734854264e-06,"MDM4"
"ENSG00000198625","patient6","XGBoost","all",1.29743596466364e-05,"MDM4"
"ENSG00000198677","patient5","XGBoost","all",4.59125618494058e-06,"SKIC3"
"ENSG00000198677","patient4","XGBoost","all",1.40594951130677e-05,"SKIC3"
"ENSG00000198677","patient6","XGBoost","all",4.53235065862293e-06,"SKIC3"
"ENSG00000198677","patient3","XGBoost","all",1.07751838990477e-05,"SKIC3"
"ENSG00000198677","patient2","XGBoost","all",5.69443318642115e-06,"SKIC3"
"ENSG00000198677","patient1","XGBoost","all",9.5559402152096e-06,"SKIC3"
"ENSG00000198695","patient4","XGBoost","all",8.64449655382964e-06,"MT-ND6"
"ENSG00000198818","patient3","XGBoost","all",1.42719254335418e-05,"SFT2D1"
"ENSG00000198818","patient5","XGBoost","all",1.63054958631549e-05,"SFT2D1"
"ENSG00000198818","patient6","XGBoost","all",1.15976617468867e-05,"SFT2D1"
"ENSG00000198830","patient1","XGBoost","all",6.64886893436011e-06,"HMGN2"
"ENSG00000198832","patient2","XGBoost","all",0.000216389075582923,"SELENOM"
"ENSG00000198832","patient5","XGBoost","all",0.000140338871319149,"SELENOM"
"ENSG00000198832","patient6","XGBoost","all",0.000155420377330481,"SELENOM"
"ENSG00000198832","patient4","XGBoost","all",7.28949089700739e-05,"SELENOM"
"ENSG00000198832","patient3","XGBoost","all",0.000187514398020032,"SELENOM"
"ENSG00000198832","patient1","XGBoost","all",0.000131184489937222,"SELENOM"
"ENSG00000198843","patient5","XGBoost","all",1.65469166512988e-05,"SELENOT"
"ENSG00000198843","patient6","XGBoost","all",1.30834883772254e-05,"SELENOT"
"ENSG00000198843","patient1","XGBoost","all",7.65678695674932e-06,"SELENOT"
"ENSG00000198843","patient4","XGBoost","all",4.66070391805802e-06,"SELENOT"
"ENSG00000198843","patient3","XGBoost","all",8.16290126031312e-06,"SELENOT"
"ENSG00000198843","patient2","XGBoost","all",1.47470042762007e-05,"SELENOT"
"ENSG00000198848","patient4","XGBoost","all",1.4217356448185e-05,"CES1"
"ENSG00000198848","patient1","XGBoost","all",2.05448690763441e-05,"CES1"
"ENSG00000198848","patient5","XGBoost","all",8.73845838490888e-06,"CES1"
"ENSG00000198848","patient2","XGBoost","all",1.46070051060227e-05,"CES1"
"ENSG00000198848","patient3","XGBoost","all",8.45981357446579e-06,"CES1"
"ENSG00000198856","patient4","XGBoost","all",4.44758435279452e-05,"OSTC"
"ENSG00000198856","patient5","XGBoost","all",3.43992322069951e-05,"OSTC"
"ENSG00000198856","patient1","XGBoost","all",2.02998218208374e-05,"OSTC"
"ENSG00000198856","patient6","XGBoost","all",2.97916427167303e-05,"OSTC"
"ENSG00000198856","patient2","XGBoost","all",9.63565621862841e-06,"OSTC"
"ENSG00000198856","patient3","XGBoost","all",2.03129887650992e-05,"OSTC"
"ENSG00000198898","patient1","XGBoost","all",1.21109073268062e-05,"CAPZA2"
"ENSG00000198898","patient3","XGBoost","all",4.7778748207421e-05,"CAPZA2"
"ENSG00000198898","patient2","XGBoost","all",1.86329256953185e-05,"CAPZA2"
"ENSG00000198898","patient4","XGBoost","all",7.87375350821482e-06,"CAPZA2"
"ENSG00000198900","patient4","XGBoost","all",2.69269889335477e-05,"TOP1"
"ENSG00000198900","patient1","XGBoost","all",2.87115917795236e-05,"TOP1"
"ENSG00000198900","patient5","XGBoost","all",1.01926481945418e-05,"TOP1"
"ENSG00000198900","patient6","XGBoost","all",5.86958872238697e-06,"TOP1"
"ENSG00000198900","patient3","XGBoost","all",2.41330770136133e-05,"TOP1"
"ENSG00000198900","patient2","XGBoost","all",1.82159269921424e-05,"TOP1"
"ENSG00000198931","patient6","XGBoost","all",1.58080407564702e-05,"APRT"
"ENSG00000198931","patient2","XGBoost","all",4.42152663765763e-06,"APRT"
"ENSG00000198931","patient5","XGBoost","all",4.93642699880597e-06,"APRT"
"ENSG00000198931","patient3","XGBoost","all",1.35992626180348e-05,"APRT"
"ENSG00000198931","patient1","XGBoost","all",8.17963668732394e-06,"APRT"
"ENSG00000198931","patient4","XGBoost","all",7.00752791077478e-06,"APRT"
"ENSG00000198947","patient3","XGBoost","all",5.7077617109613e-06,"DMD"
"ENSG00000198947","patient4","XGBoost","all",2.11762936521449e-05,"DMD"
"ENSG00000198947","patient1","XGBoost","all",4.24552745963053e-06,"DMD"
"ENSG00000198947","patient6","XGBoost","all",2.04964764116288e-05,"DMD"
"ENSG00000198947","patient2","XGBoost","all",7.17338997304094e-06,"DMD"
"ENSG00000198947","patient5","XGBoost","all",1.48239183716621e-05,"DMD"
"ENSG00000198959","patient1","XGBoost","all",4.65294062779563e-05,"TGM2"
"ENSG00000198959","patient6","XGBoost","all",0.000214305303755994,"TGM2"
"ENSG00000198959","patient4","XGBoost","all",0.000197141692586392,"TGM2"
"ENSG00000198959","patient2","XGBoost","all",0.000161464577979852,"TGM2"
"ENSG00000198959","patient3","XGBoost","all",0.000184787534960373,"TGM2"
"ENSG00000198959","patient5","XGBoost","all",0.000149313822414416,"TGM2"
"ENSG00000198961","patient5","XGBoost","all",8.29766550251913e-06,"PJA2"
"ENSG00000198961","patient6","XGBoost","all",4.74526648224635e-06,"PJA2"
"ENSG00000198961","patient4","XGBoost","all",1.14109557082844e-05,"PJA2"
"ENSG00000198961","patient3","XGBoost","all",8.05925583735346e-06,"PJA2"
"ENSG00000198961","patient2","XGBoost","all",9.72498093941756e-06,"PJA2"
"ENSG00000198961","patient1","XGBoost","all",8.78424412724385e-06,"PJA2"
"ENSG00000203667","patient3","XGBoost","all",1.55286544442064e-05,"COX20"
"ENSG00000203667","patient4","XGBoost","all",1.18514127232512e-06,"COX20"
"ENSG00000203667","patient1","XGBoost","all",1.20641420859097e-05,"COX20"
"ENSG00000203667","patient2","XGBoost","all",1.77063521188655e-05,"COX20"
"ENSG00000203667","patient6","XGBoost","all",1.23494421092696e-05,"COX20"
"ENSG00000203667","patient5","XGBoost","all",8.18537445693973e-06,"COX20"
"ENSG00000203747","patient4","XGBoost","all",3.3687056641356e-06,"FCGR3A"
"ENSG00000203747","patient6","XGBoost","all",1.30487399935914e-05,"FCGR3A"
"ENSG00000203747","patient5","XGBoost","all",1.19927636454914e-05,"FCGR3A"
"ENSG00000203747","patient3","XGBoost","all",1.78997458468684e-05,"FCGR3A"
"ENSG00000203747","patient2","XGBoost","all",2.77596741733293e-05,"FCGR3A"
"ENSG00000203747","patient1","XGBoost","all",1.7642793651501e-05,"FCGR3A"
"ENSG00000203883","patient4","XGBoost","all",0.00100174880809457,"SOX18"
"ENSG00000203883","patient3","XGBoost","all",0.00150605112738026,"SOX18"
"ENSG00000203883","patient5","XGBoost","all",0.000681397588912082,"SOX18"
"ENSG00000203883","patient1","XGBoost","all",0.0435742428165682,"SOX18"
"ENSG00000203883","patient6","XGBoost","all",0.00160285011061306,"SOX18"
"ENSG00000203883","patient2","XGBoost","all",0.000916555870334809,"SOX18"
"ENSG00000203950","patient5","XGBoost","all",2.28408027868301e-05,"RTL8A"
"ENSG00000203950","patient3","XGBoost","all",2.00640849987241e-05,"RTL8A"
"ENSG00000203950","patient4","XGBoost","all",1.04703158897999e-05,"RTL8A"
"ENSG00000203950","patient2","XGBoost","all",1.44105799344765e-05,"RTL8A"
"ENSG00000203950","patient1","XGBoost","all",1.12520155557842e-05,"RTL8A"
"ENSG00000203950","patient6","XGBoost","all",5.2103122217006e-06,"RTL8A"
"ENSG00000204103","patient2","XGBoost","all",6.89356203441944e-05,"MAFB"
"ENSG00000204103","patient5","XGBoost","all",5.4687394547721e-05,"MAFB"
"ENSG00000204103","patient1","XGBoost","all",3.72167218898989e-05,"MAFB"
"ENSG00000204103","patient3","XGBoost","all",3.88272276380916e-05,"MAFB"
"ENSG00000204103","patient4","XGBoost","all",4.08665354404005e-05,"MAFB"
"ENSG00000204103","patient6","XGBoost","all",7.35268400487309e-05,"MAFB"
"ENSG00000204217","patient2","XGBoost","all",5.15849933596484e-06,"BMPR2"
"ENSG00000204217","patient6","XGBoost","all",5.43988065374566e-06,"BMPR2"
"ENSG00000204217","patient4","XGBoost","all",1.09521285787793e-05,"BMPR2"
"ENSG00000204217","patient3","XGBoost","all",6.99532415397333e-06,"BMPR2"
"ENSG00000204217","patient5","XGBoost","all",4.2433872891738e-06,"BMPR2"
"ENSG00000204217","patient1","XGBoost","all",8.89006873971601e-06,"BMPR2"
"ENSG00000204256","patient2","XGBoost","all",1.66047331962063e-05,"BRD2"
"ENSG00000204256","patient6","XGBoost","all",2.44824163126326e-05,"BRD2"
"ENSG00000204256","patient3","XGBoost","all",1.25916414330205e-05,"BRD2"
"ENSG00000204256","patient5","XGBoost","all",1.8043235752422e-05,"BRD2"
"ENSG00000204256","patient4","XGBoost","all",8.08944214363154e-06,"BRD2"
"ENSG00000204256","patient1","XGBoost","all",1.86594540516184e-05,"BRD2"
"ENSG00000204257","patient3","XGBoost","all",4.55600701187473e-05,"HLA-DMA"
"ENSG00000204257","patient6","XGBoost","all",1.75242413321071e-05,"HLA-DMA"
"ENSG00000204257","patient1","XGBoost","all",1.19897811464712e-05,"HLA-DMA"
"ENSG00000204257","patient2","XGBoost","all",1.17305198766727e-05,"HLA-DMA"
"ENSG00000204257","patient5","XGBoost","all",1.85243010817708e-05,"HLA-DMA"
"ENSG00000204257","patient4","XGBoost","all",3.4728336707216e-05,"HLA-DMA"
"ENSG00000204262","patient5","XGBoost","all",5.11575981917618e-05,"COL5A2"
"ENSG00000204262","patient3","XGBoost","all",3.97938404946292e-05,"COL5A2"
"ENSG00000204262","patient2","XGBoost","all",4.37663709688117e-05,"COL5A2"
"ENSG00000204262","patient4","XGBoost","all",6.59602675269223e-05,"COL5A2"
"ENSG00000204262","patient6","XGBoost","all",4.69679905209887e-05,"COL5A2"
"ENSG00000204264","patient4","XGBoost","all",1.71385106178663e-05,"PSMB8"
"ENSG00000204264","patient1","XGBoost","all",8.38813036195059e-06,"PSMB8"
"ENSG00000204264","patient6","XGBoost","all",7.54995587203441e-06,"PSMB8"
"ENSG00000204264","patient2","XGBoost","all",1.87116262956131e-05,"PSMB8"
"ENSG00000204264","patient3","XGBoost","all",8.83680208599548e-06,"PSMB8"
"ENSG00000204264","patient5","XGBoost","all",4.78626748445454e-06,"PSMB8"
"ENSG00000204272","patient2","XGBoost","all",4.10260400149052e-06,"NBDY"
"ENSG00000204272","patient5","XGBoost","all",8.37134255159733e-06,"NBDY"
"ENSG00000204272","patient3","XGBoost","all",8.5943553923001e-06,"NBDY"
"ENSG00000204272","patient6","XGBoost","all",1.56939046852175e-05,"NBDY"
"ENSG00000204272","patient4","XGBoost","all",3.46994723525766e-06,"NBDY"
"ENSG00000204272","patient1","XGBoost","all",2.52032159816401e-06,"NBDY"
"ENSG00000204287","patient6","XGBoost","all",0.000344235915860907,"HLA-DRA"
"ENSG00000204287","patient2","XGBoost","all",0.00195895252942765,"HLA-DRA"
"ENSG00000204287","patient1","XGBoost","all",0.000913065287253636,"HLA-DRA"
"ENSG00000204287","patient5","XGBoost","all",0.000285492568407143,"HLA-DRA"
"ENSG00000204287","patient4","XGBoost","all",0.00042836152631994,"HLA-DRA"
"ENSG00000204287","patient3","XGBoost","all",0.000507794390912521,"HLA-DRA"
"ENSG00000204291","patient4","XGBoost","all",0.000149310478848375,"COL15A1"
"ENSG00000204370","patient2","XGBoost","all",8.15627770416388e-06,"SDHD"
"ENSG00000204370","patient3","XGBoost","all",1.38188683274272e-05,"SDHD"
"ENSG00000204370","patient4","XGBoost","all",2.63055216562236e-05,"SDHD"
"ENSG00000204370","patient1","XGBoost","all",1.27994675127158e-05,"SDHD"
"ENSG00000204370","patient6","XGBoost","all",1.83803329935002e-05,"SDHD"
"ENSG00000204370","patient5","XGBoost","all",2.83211507748256e-05,"SDHD"
"ENSG00000204387","patient6","XGBoost","all",3.13521406034461e-05,"SNHG32"
"ENSG00000204387","patient1","XGBoost","all",2.54797809714743e-05,"SNHG32"
"ENSG00000204387","patient2","XGBoost","all",1.63723039145571e-05,"SNHG32"
"ENSG00000204387","patient3","XGBoost","all",5.11722220941193e-05,"SNHG32"
"ENSG00000204387","patient4","XGBoost","all",4.80386785786174e-05,"SNHG32"
"ENSG00000204387","patient5","XGBoost","all",3.81475906339465e-05,"SNHG32"
"ENSG00000204388","patient4","XGBoost","all",3.55287589092948e-05,"HSPA1B"
"ENSG00000204388","patient5","XGBoost","all",2.16265396099754e-05,"HSPA1B"
"ENSG00000204388","patient6","XGBoost","all",1.05181082618672e-05,"HSPA1B"
"ENSG00000204388","patient1","XGBoost","all",1.47540676634159e-05,"HSPA1B"
"ENSG00000204388","patient2","XGBoost","all",2.36843883989365e-05,"HSPA1B"
"ENSG00000204388","patient3","XGBoost","all",1.56135825491093e-05,"HSPA1B"
"ENSG00000204389","patient1","XGBoost","all",1.31236767948962e-05,"HSPA1A"
"ENSG00000204389","patient3","XGBoost","all",3.4900917813091e-05,"HSPA1A"
"ENSG00000204389","patient5","XGBoost","all",2.45603214204127e-05,"HSPA1A"
"ENSG00000204389","patient2","XGBoost","all",1.4028111596673e-05,"HSPA1A"
"ENSG00000204389","patient4","XGBoost","all",3.41182978402848e-05,"HSPA1A"
"ENSG00000204389","patient6","XGBoost","all",1.91780521501225e-05,"HSPA1A"
"ENSG00000204392","patient6","XGBoost","all",8.8724521541798e-06,"LSM2"
"ENSG00000204392","patient3","XGBoost","all",1.3541526739081e-05,"LSM2"
"ENSG00000204392","patient5","XGBoost","all",7.77976629849232e-06,"LSM2"
"ENSG00000204392","patient2","XGBoost","all",6.53583879173106e-06,"LSM2"
"ENSG00000204392","patient1","XGBoost","all",5.73942763187046e-06,"LSM2"
"ENSG00000204392","patient4","XGBoost","all",1.01270944727841e-05,"LSM2"
"ENSG00000204435","patient6","XGBoost","all",1.0383127712562e-05,"CSNK2B"
"ENSG00000204435","patient2","XGBoost","all",1.63049472011566e-05,"CSNK2B"
"ENSG00000204435","patient5","XGBoost","all",2.8617055535394e-05,"CSNK2B"
"ENSG00000204435","patient3","XGBoost","all",9.38329103112229e-06,"CSNK2B"
"ENSG00000204435","patient1","XGBoost","all",1.50167359384623e-05,"CSNK2B"
"ENSG00000204435","patient4","XGBoost","all",6.16528356063875e-06,"CSNK2B"
"ENSG00000204472","patient5","XGBoost","all",0.00565134565025822,"AIF1"
"ENSG00000204472","patient3","XGBoost","all",0.00524332051262192,"AIF1"
"ENSG00000204472","patient1","XGBoost","all",0.00699334233865273,"AIF1"
"ENSG00000204472","patient4","XGBoost","all",0.00582427874354368,"AIF1"
"ENSG00000204472","patient6","XGBoost","all",0.00761455406035399,"AIF1"
"ENSG00000204472","patient2","XGBoost","all",0.013318628956204,"AIF1"
"ENSG00000204482","patient6","XGBoost","all",4.9504714991367e-05,"LST1"
"ENSG00000204482","patient5","XGBoost","all",5.47339055583182e-05,"LST1"
"ENSG00000204569","patient6","XGBoost","all",4.02132593817545e-06,"PPP1R10"
"ENSG00000204569","patient3","XGBoost","all",1.51171708121451e-05,"PPP1R10"
"ENSG00000204569","patient1","XGBoost","all",8.18529831186714e-06,"PPP1R10"
"ENSG00000204569","patient5","XGBoost","all",1.08556013654358e-05,"PPP1R10"
"ENSG00000204569","patient4","XGBoost","all",9.56626556205452e-06,"PPP1R10"
"ENSG00000204569","patient2","XGBoost","all",1.15519533332355e-05,"PPP1R10"
"ENSG00000204592","patient3","XGBoost","all",0.00049036704304642,"HLA-E"
"ENSG00000204592","patient1","XGBoost","all",0.00027704393438852,"HLA-E"
"ENSG00000204592","patient2","XGBoost","all",0.000299711339352315,"HLA-E"
"ENSG00000204592","patient4","XGBoost","all",0.000366130691483972,"HLA-E"
"ENSG00000204642","patient6","XGBoost","all",1.50745578143391e-05,"HLA-F"
"ENSG00000204642","patient1","XGBoost","all",5.78803391902133e-06,"HLA-F"
"ENSG00000204642","patient2","XGBoost","all",7.83740079355871e-06,"HLA-F"
"ENSG00000204642","patient4","XGBoost","all",5.10910973222548e-06,"HLA-F"
"ENSG00000204642","patient5","XGBoost","all",8.09010965274296e-06,"HLA-F"
"ENSG00000204642","patient3","XGBoost","all",1.78255350261314e-05,"HLA-F"
"ENSG00000205302","patient1","XGBoost","all",2.15644991447962e-05,"SNX2"
"ENSG00000205302","patient3","XGBoost","all",1.69940503733752e-05,"SNX2"
"ENSG00000205302","patient5","XGBoost","all",1.25059316158522e-05,"SNX2"
"ENSG00000205302","patient4","XGBoost","all",8.53327203075159e-06,"SNX2"
"ENSG00000205302","patient2","XGBoost","all",8.26338670790373e-06,"SNX2"
"ENSG00000205302","patient6","XGBoost","all",6.04407498459163e-06,"SNX2"
"ENSG00000205339","patient4","XGBoost","all",1.22064328780892e-05,"IPO7"
"ENSG00000205339","patient2","XGBoost","all",5.24050040074179e-06,"IPO7"
"ENSG00000205339","patient3","XGBoost","all",9.10319274609866e-06,"IPO7"
"ENSG00000205352","patient1","XGBoost","all",5.3609467351676e-06,"PRR13"
"ENSG00000205352","patient5","XGBoost","all",1.93454758511812e-05,"PRR13"
"ENSG00000205352","patient4","XGBoost","all",6.86288673526292e-06,"PRR13"
"ENSG00000205352","patient3","XGBoost","all",8.96112425120509e-06,"PRR13"
"ENSG00000205352","patient2","XGBoost","all",7.08984443694488e-06,"PRR13"
"ENSG00000205352","patient6","XGBoost","all",3.5747045806646e-06,"PRR13"
"ENSG00000205364","patient3","XGBoost","all",6.75629427733201e-05,"MT1M"
"ENSG00000205364","patient4","XGBoost","all",8.80366646067738e-05,"MT1M"
"ENSG00000205364","patient5","XGBoost","all",6.38111287984548e-05,"MT1M"
"ENSG00000205364","patient6","XGBoost","all",7.82644500652707e-05,"MT1M"
"ENSG00000205364","patient1","XGBoost","all",4.39265786288379e-05,"MT1M"
"ENSG00000205364","patient2","XGBoost","all",5.94378197866673e-05,"MT1M"
"ENSG00000205531","patient5","XGBoost","all",4.90226640677018e-06,"NAP1L4"
"ENSG00000205531","patient4","XGBoost","all",1.0115666877193e-05,"NAP1L4"
"ENSG00000205531","patient3","XGBoost","all",3.95341443442063e-06,"NAP1L4"
"ENSG00000205531","patient1","XGBoost","all",4.99167699426178e-06,"NAP1L4"
"ENSG00000205531","patient6","XGBoost","all",6.34145056206566e-06,"NAP1L4"
"ENSG00000205531","patient2","XGBoost","all",5.6701302147251e-06,"NAP1L4"
"ENSG00000205544","patient2","XGBoost","all",8.56909136705848e-06,"TMEM256"
"ENSG00000205544","patient3","XGBoost","all",1.78758640844032e-05,"TMEM256"
"ENSG00000205544","patient1","XGBoost","all",2.02040144698935e-06,"TMEM256"
"ENSG00000205544","patient6","XGBoost","all",3.42659505442184e-06,"TMEM256"
"ENSG00000205544","patient4","XGBoost","all",1.30313651338562e-05,"TMEM256"
"ENSG00000205544","patient5","XGBoost","all",8.42584667341987e-06,"TMEM256"
"ENSG00000205581","patient5","XGBoost","all",2.13617811689868e-05,"HMGN1"
"ENSG00000205581","patient6","XGBoost","all",2.4422200196072e-05,"HMGN1"
"ENSG00000205581","patient1","XGBoost","all",1.18116647350411e-05,"HMGN1"
"ENSG00000205581","patient2","XGBoost","all",1.27111219876199e-05,"HMGN1"
"ENSG00000205581","patient4","XGBoost","all",1.78184073340383e-05,"HMGN1"
"ENSG00000205581","patient3","XGBoost","all",7.93316616987131e-06,"HMGN1"
"ENSG00000205730","patient3","XGBoost","all",6.53738252119236e-06,"ITPRIPL2"
"ENSG00000205730","patient6","XGBoost","all",1.37644696370059e-05,"ITPRIPL2"
"ENSG00000205730","patient2","XGBoost","all",8.91282324571188e-06,"ITPRIPL2"
"ENSG00000205730","patient5","XGBoost","all",2.9632224059715e-06,"ITPRIPL2"
"ENSG00000205730","patient4","XGBoost","all",1.50326113026803e-05,"ITPRIPL2"
"ENSG00000205730","patient1","XGBoost","all",1.05905089743465e-05,"ITPRIPL2"
"ENSG00000205937","patient4","XGBoost","all",1.65982811194673e-06,"RNPS1"
"ENSG00000205937","patient3","XGBoost","all",3.16614578540269e-06,"RNPS1"
"ENSG00000205937","patient1","XGBoost","all",4.53513603260136e-06,"RNPS1"
"ENSG00000205937","patient5","XGBoost","all",5.46300826847728e-06,"RNPS1"
"ENSG00000205937","patient6","XGBoost","all",4.6214069947234e-06,"RNPS1"
"ENSG00000205937","patient2","XGBoost","all",1.08412623063015e-05,"RNPS1"
"ENSG00000205981","patient2","XGBoost","all",3.66149937418388e-06,"DNAJC19"
"ENSG00000205981","patient1","XGBoost","all",1.04103945167401e-05,"DNAJC19"
"ENSG00000205981","patient3","XGBoost","all",7.67602189826594e-06,"DNAJC19"
"ENSG00000205981","patient5","XGBoost","all",5.41031410508665e-06,"DNAJC19"
"ENSG00000205981","patient6","XGBoost","all",1.08191440346616e-05,"DNAJC19"
"ENSG00000205981","patient4","XGBoost","all",5.33857299988934e-06,"DNAJC19"
"ENSG00000211445","patient4","XGBoost","all",0.000149868363880112,"GPX3"
"ENSG00000211445","patient2","XGBoost","all",0.000143165563365155,"GPX3"
"ENSG00000211445","patient5","XGBoost","all",2.16870932010848e-05,"GPX3"
"ENSG00000211445","patient1","XGBoost","all",0.000114440063169189,"GPX3"
"ENSG00000211445","patient3","XGBoost","all",5.5687694286066e-05,"GPX3"
"ENSG00000211445","patient6","XGBoost","all",9.62217523927078e-05,"GPX3"
"ENSG00000211450","patient2","XGBoost","all",1.80314773123748e-05,"SELENOH"
"ENSG00000211450","patient1","XGBoost","all",6.63024963229796e-06,"SELENOH"
"ENSG00000211450","patient3","XGBoost","all",1.33809753287925e-05,"SELENOH"
"ENSG00000211450","patient4","XGBoost","all",1.47638163287363e-05,"SELENOH"
"ENSG00000211450","patient6","XGBoost","all",1.6242359277126e-05,"SELENOH"
"ENSG00000211450","patient5","XGBoost","all",1.33931204632533e-05,"SELENOH"
"ENSG00000211455","patient1","XGBoost","all",1.28351361176208e-05,"STK38L"
"ENSG00000211455","patient5","XGBoost","all",1.23227557627832e-05,"STK38L"
"ENSG00000211455","patient4","XGBoost","all",1.31220623545651e-05,"STK38L"
"ENSG00000211455","patient3","XGBoost","all",3.95989426464036e-06,"STK38L"
"ENSG00000211455","patient6","XGBoost","all",6.10944425216197e-06,"STK38L"
"ENSG00000211455","patient2","XGBoost","all",1.01418651642084e-05,"STK38L"
"ENSG00000212907","patient5","XGBoost","all",9.15731306764874e-05,"MT-ND4L"
"ENSG00000212907","patient6","XGBoost","all",9.95475142583248e-05,"MT-ND4L"
"ENSG00000212907","patient1","XGBoost","all",8.45043548474243e-05,"MT-ND4L"
"ENSG00000213088","patient2","XGBoost","all",0.000126019838216042,"ACKR1"
"ENSG00000213088","patient3","XGBoost","all",0.000302326939783949,"ACKR1"
"ENSG00000213088","patient5","XGBoost","all",0.000147587322789373,"ACKR1"
"ENSG00000213088","patient4","XGBoost","all",0.000152789200277081,"ACKR1"
"ENSG00000213088","patient6","XGBoost","all",0.000142693185424655,"ACKR1"
"ENSG00000213088","patient1","XGBoost","all",0.000222875406607294,"ACKR1"
"ENSG00000213145","patient1","XGBoost","all",0.000139322050645468,"CRIP1"
"ENSG00000213145","patient5","XGBoost","all",6.87913036279013e-05,"CRIP1"
"ENSG00000213145","patient4","XGBoost","all",0.000170937731088804,"CRIP1"
"ENSG00000213145","patient3","XGBoost","all",0.000147432058673784,"CRIP1"
"ENSG00000213145","patient2","XGBoost","all",0.000133944363640042,"CRIP1"
"ENSG00000213145","patient6","XGBoost","all",6.51544412755473e-05,"CRIP1"
"ENSG00000213203","patient6","XGBoost","all",9.37076463077137e-05,"GIMAP1"
"ENSG00000213203","patient5","XGBoost","all",4.6955698513247e-05,"GIMAP1"
"ENSG00000213203","patient1","XGBoost","all",3.77617663735879e-05,"GIMAP1"
"ENSG00000213203","patient4","XGBoost","all",5.48366321268678e-05,"GIMAP1"
"ENSG00000213246","patient6","XGBoost","all",2.51488734394085e-05,"SUPT4H1"
"ENSG00000213246","patient5","XGBoost","all",9.607387227783e-06,"SUPT4H1"
"ENSG00000213246","patient4","XGBoost","all",1.31039998277156e-05,"SUPT4H1"
"ENSG00000213246","patient3","XGBoost","all",1.40558228681384e-05,"SUPT4H1"
"ENSG00000213246","patient1","XGBoost","all",9.41374123874942e-06,"SUPT4H1"
"ENSG00000213246","patient2","XGBoost","all",5.71100820918676e-06,"SUPT4H1"
"ENSG00000213316","patient2","XGBoost","all",6.76015550339204e-05,"LTC4S"
"ENSG00000213316","patient3","XGBoost","all",3.39802782216712e-05,"LTC4S"
"ENSG00000213316","patient1","XGBoost","all",9.69422382097521e-05,"LTC4S"
"ENSG00000213316","patient5","XGBoost","all",2.63310164252263e-05,"LTC4S"
"ENSG00000213316","patient4","XGBoost","all",4.48180570351038e-05,"LTC4S"
"ENSG00000213316","patient6","XGBoost","all",0.000147249262271657,"LTC4S"
"ENSG00000213465","patient4","XGBoost","all",2.04157005928601e-05,"ARL2"
"ENSG00000213465","patient1","XGBoost","all",1.9075284637296e-05,"ARL2"
"ENSG00000213465","patient5","XGBoost","all",2.53067651722296e-05,"ARL2"
"ENSG00000213465","patient3","XGBoost","all",9.64640232971296e-06,"ARL2"
"ENSG00000213465","patient6","XGBoost","all",2.67494016006345e-05,"ARL2"
"ENSG00000213465","patient2","XGBoost","all",1.40548284832869e-05,"ARL2"
"ENSG00000213585","patient6","XGBoost","all",1.59457468923412e-05,"VDAC1"
"ENSG00000213585","patient5","XGBoost","all",1.29402704910397e-05,"VDAC1"
"ENSG00000213585","patient4","XGBoost","all",6.39179561609362e-06,"VDAC1"
"ENSG00000213585","patient1","XGBoost","all",1.15459890228109e-05,"VDAC1"
"ENSG00000213585","patient3","XGBoost","all",1.29665180448391e-05,"VDAC1"
"ENSG00000213585","patient2","XGBoost","all",1.32771518108222e-05,"VDAC1"
"ENSG00000213614","patient4","XGBoost","all",5.87617557720551e-06,"HEXA"
"ENSG00000213614","patient3","XGBoost","all",3.40506581898433e-06,"HEXA"
"ENSG00000213614","patient2","XGBoost","all",1.56539020446583e-05,"HEXA"
"ENSG00000213614","patient6","XGBoost","all",1.57920727454049e-05,"HEXA"
"ENSG00000213614","patient5","XGBoost","all",3.47991768346267e-06,"HEXA"
"ENSG00000213614","patient1","XGBoost","all",5.31888445655512e-06,"HEXA"
"ENSG00000213619","patient3","XGBoost","all",1.24621995798979e-05,"NDUFS3"
"ENSG00000213619","patient2","XGBoost","all",2.60595191583735e-06,"NDUFS3"
"ENSG00000213619","patient5","XGBoost","all",5.61006245059293e-06,"NDUFS3"
"ENSG00000213619","patient6","XGBoost","all",6.81666568406805e-06,"NDUFS3"
"ENSG00000213626","patient1","XGBoost","all",0.000100629070338708,"LBH"
"ENSG00000213626","patient2","XGBoost","all",8.24872452684768e-05,"LBH"
"ENSG00000213626","patient5","XGBoost","all",0.00013652064097945,"LBH"
"ENSG00000213626","patient6","XGBoost","all",6.61034575148306e-05,"LBH"
"ENSG00000213626","patient3","XGBoost","all",5.41888523589591e-05,"LBH"
"ENSG00000213626","patient4","XGBoost","all",4.98803034403828e-05,"LBH"
"ENSG00000213639","patient2","XGBoost","all",6.99873951147192e-05,"PPP1CB"
"ENSG00000213639","patient4","XGBoost","all",7.10401071331998e-05,"PPP1CB"
"ENSG00000213639","patient6","XGBoost","all",4.03695588261893e-05,"PPP1CB"
"ENSG00000213639","patient1","XGBoost","all",8.44838382161169e-05,"PPP1CB"
"ENSG00000213639","patient5","XGBoost","all",4.62968813937985e-05,"PPP1CB"
"ENSG00000213639","patient3","XGBoost","all",4.95651695815308e-05,"PPP1CB"
"ENSG00000213722","patient4","XGBoost","all",3.52455631279014e-05,"DDAH2"
"ENSG00000213722","patient3","XGBoost","all",1.12077167384302e-05,"DDAH2"
"ENSG00000213722","patient6","XGBoost","all",1.09301569194293e-05,"DDAH2"
"ENSG00000213722","patient2","XGBoost","all",1.96886164161271e-05,"DDAH2"
"ENSG00000213722","patient1","XGBoost","all",1.72149940434732e-05,"DDAH2"
"ENSG00000213722","patient5","XGBoost","all",2.6529611992669e-05,"DDAH2"
"ENSG00000213853","patient4","XGBoost","all",2.35093124575461e-05,"EMP2"
"ENSG00000213853","patient3","XGBoost","all",1.88848605834176e-05,"EMP2"
"ENSG00000213853","patient2","XGBoost","all",2.27949808224053e-05,"EMP2"
"ENSG00000213853","patient6","XGBoost","all",2.81464638711998e-05,"EMP2"
"ENSG00000213853","patient1","XGBoost","all",2.93739537143095e-05,"EMP2"
"ENSG00000213853","patient5","XGBoost","all",1.98979056986894e-05,"EMP2"
"ENSG00000213949","patient6","XGBoost","all",3.66509796207466e-05,"ITGA1"
"ENSG00000213949","patient5","XGBoost","all",4.26068415247227e-05,"ITGA1"
"ENSG00000213949","patient4","XGBoost","all",2.82845351424593e-05,"ITGA1"
"ENSG00000213949","patient1","XGBoost","all",3.66850846070902e-05,"ITGA1"
"ENSG00000213949","patient3","XGBoost","all",5.69245999622303e-05,"ITGA1"
"ENSG00000213949","patient2","XGBoost","all",7.27656723637484e-05,"ITGA1"
"ENSG00000213977","patient2","XGBoost","all",3.67621280734462e-06,"TAX1BP3"
"ENSG00000213977","patient1","XGBoost","all",1.28974013979796e-05,"TAX1BP3"
"ENSG00000213977","patient4","XGBoost","all",4.44702662094552e-06,"TAX1BP3"
"ENSG00000213977","patient3","XGBoost","all",1.54180148706233e-05,"TAX1BP3"
"ENSG00000213977","patient5","XGBoost","all",6.408556747527e-06,"TAX1BP3"
"ENSG00000213977","patient6","XGBoost","all",1.52021340431459e-05,"TAX1BP3"
"ENSG00000214046","patient1","XGBoost","all",7.78462710544388e-06,"SMIM7"
"ENSG00000214046","patient5","XGBoost","all",1.1863020896239e-05,"SMIM7"
"ENSG00000214046","patient2","XGBoost","all",1.00014409765769e-05,"SMIM7"
"ENSG00000214046","patient3","XGBoost","all",1.30924779943434e-05,"SMIM7"
"ENSG00000214046","patient6","XGBoost","all",5.70243280860275e-06,"SMIM7"
"ENSG00000214046","patient4","XGBoost","all",1.14647872204356e-05,"SMIM7"
"ENSG00000214063","patient6","XGBoost","all",2.12972255783686e-05,"TSPAN4"
"ENSG00000214063","patient1","XGBoost","all",5.00564517363674e-06,"TSPAN4"
"ENSG00000214063","patient4","XGBoost","all",8.40625827791488e-06,"TSPAN4"
"ENSG00000214063","patient2","XGBoost","all",1.17837496941567e-05,"TSPAN4"
"ENSG00000214063","patient3","XGBoost","all",1.02930305194717e-05,"TSPAN4"
"ENSG00000214063","patient5","XGBoost","all",1.15541352734422e-05,"TSPAN4"
"ENSG00000215021","patient4","XGBoost","all",1.55440558896178e-05,"PHB2"
"ENSG00000215021","patient6","XGBoost","all",1.26748395901708e-05,"PHB2"
"ENSG00000215021","patient2","XGBoost","all",1.15156386840642e-05,"PHB2"
"ENSG00000215021","patient1","XGBoost","all",1.46928169580243e-05,"PHB2"
"ENSG00000215021","patient5","XGBoost","all",9.42269087013537e-06,"PHB2"
"ENSG00000215021","patient3","XGBoost","all",9.44057327644564e-06,"PHB2"
"ENSG00000215301","patient6","XGBoost","all",5.57278927359726e-06,"DDX3X"
"ENSG00000215301","patient1","XGBoost","all",5.58445167591469e-06,"DDX3X"
"ENSG00000215301","patient5","XGBoost","all",4.15358180939306e-06,"DDX3X"
"ENSG00000215301","patient3","XGBoost","all",8.53058573091036e-06,"DDX3X"
"ENSG00000215301","patient4","XGBoost","all",7.90214038898487e-06,"DDX3X"
"ENSG00000215301","patient2","XGBoost","all",1.18144338489514e-05,"DDX3X"
"ENSG00000217555","patient1","XGBoost","all",1.4676351220929e-05,"CKLF"
"ENSG00000217555","patient5","XGBoost","all",1.21358421963693e-05,"CKLF"
"ENSG00000217555","patient3","XGBoost","all",8.28299810893132e-06,"CKLF"
"ENSG00000217555","patient2","XGBoost","all",1.51210288462048e-05,"CKLF"
"ENSG00000217555","patient4","XGBoost","all",1.01771925629746e-05,"CKLF"
"ENSG00000217555","patient6","XGBoost","all",7.11827402919684e-06,"CKLF"
"ENSG00000220205","patient4","XGBoost","all",2.11087400624643e-05,"VAMP2"
"ENSG00000220205","patient2","XGBoost","all",3.03172134102899e-05,"VAMP2"
"ENSG00000220205","patient6","XGBoost","all",1.68355897368554e-05,"VAMP2"
"ENSG00000220205","patient1","XGBoost","all",1.39476894040169e-05,"VAMP2"
"ENSG00000220205","patient5","XGBoost","all",3.46842004942639e-05,"VAMP2"
"ENSG00000220205","patient3","XGBoost","all",1.45657237576392e-05,"VAMP2"
"ENSG00000221869","patient1","XGBoost","all",0.000121369696100729,"CEBPD"
"ENSG00000221869","patient2","XGBoost","all",8.60372752624917e-05,"CEBPD"
"ENSG00000221869","patient5","XGBoost","all",8.56090266395218e-05,"CEBPD"
"ENSG00000221869","patient3","XGBoost","all",0.0013969188311857,"CEBPD"
"ENSG00000221869","patient4","XGBoost","all",3.832251555448e-05,"CEBPD"
"ENSG00000221869","patient6","XGBoost","all",0.00016441184273417,"CEBPD"
"ENSG00000221968","patient2","XGBoost","all",2.89391147128188e-05,"FADS3"
"ENSG00000221968","patient1","XGBoost","all",2.73092181183751e-05,"FADS3"
"ENSG00000221968","patient5","XGBoost","all",1.42556588470268e-05,"FADS3"
"ENSG00000221968","patient4","XGBoost","all",2.24785946677395e-05,"FADS3"
"ENSG00000221968","patient3","XGBoost","all",1.45626105261686e-05,"FADS3"
"ENSG00000221968","patient6","XGBoost","all",2.97506109740874e-05,"FADS3"
"ENSG00000222041","patient4","XGBoost","all",1.22967552899587e-05,"CYTOR"
"ENSG00000222041","patient3","XGBoost","all",2.31526017808833e-05,"CYTOR"
"ENSG00000222041","patient2","XGBoost","all",1.56523782978745e-05,"CYTOR"
"ENSG00000222041","patient1","XGBoost","all",3.32047251490489e-05,"CYTOR"
"ENSG00000222041","patient6","XGBoost","all",1.8848923346903e-05,"CYTOR"
"ENSG00000223865","patient5","XGBoost","all",5.32636070798924e-05,"HLA-DPB1"
"ENSG00000223865","patient2","XGBoost","all",7.26334774614245e-05,"HLA-DPB1"
"ENSG00000223865","patient3","XGBoost","all",9.03705857630399e-05,"HLA-DPB1"
"ENSG00000223865","patient1","XGBoost","all",4.47130119736264e-05,"HLA-DPB1"
"ENSG00000223865","patient4","XGBoost","all",2.80533432727244e-05,"HLA-DPB1"
"ENSG00000223865","patient6","XGBoost","all",8.76730383265643e-05,"HLA-DPB1"
"ENSG00000224032","patient3","XGBoost","all",3.22103181348206e-05,"ENSG00000224032"
"ENSG00000224032","patient5","XGBoost","all",1.41930608669885e-05,"ENSG00000224032"
"ENSG00000224032","patient4","XGBoost","all",1.62872643371712e-05,"ENSG00000224032"
"ENSG00000224032","patient2","XGBoost","all",7.53088820648922e-06,"ENSG00000224032"
"ENSG00000224032","patient1","XGBoost","all",1.6967611043845e-05,"ENSG00000224032"
"ENSG00000224032","patient6","XGBoost","all",8.31991842893238e-06,"ENSG00000224032"
"ENSG00000224877","patient3","XGBoost","all",1.41854179553637e-05,"NDUFAF8"
"ENSG00000224877","patient5","XGBoost","all",2.18268246269499e-05,"NDUFAF8"
"ENSG00000224877","patient6","XGBoost","all",3.96749133588108e-06,"NDUFAF8"
"ENSG00000224877","patient2","XGBoost","all",7.83291442511356e-06,"NDUFAF8"
"ENSG00000224877","patient4","XGBoost","all",1.15972625899031e-05,"NDUFAF8"
"ENSG00000224877","patient1","XGBoost","all",1.090255372484e-05,"NDUFAF8"
"ENSG00000225663","patient5","XGBoost","all",7.48813708520245e-06,"MCRIP1"
"ENSG00000225663","patient4","XGBoost","all",9.28060663474516e-06,"MCRIP1"
"ENSG00000225663","patient3","XGBoost","all",1.32848581000614e-05,"MCRIP1"
"ENSG00000225663","patient2","XGBoost","all",6.03190164997001e-06,"MCRIP1"
"ENSG00000225663","patient1","XGBoost","all",7.65383950538477e-06,"MCRIP1"
"ENSG00000225663","patient6","XGBoost","all",1.52526470146307e-05,"MCRIP1"
"ENSG00000225733","patient2","XGBoost","all",1.8349267994163e-05,"FGD5-AS1"
"ENSG00000225733","patient3","XGBoost","all",2.71186250303353e-05,"FGD5-AS1"
"ENSG00000225733","patient6","XGBoost","all",1.26847987924397e-05,"FGD5-AS1"
"ENSG00000225733","patient1","XGBoost","all",9.57424255516521e-06,"FGD5-AS1"
"ENSG00000225733","patient5","XGBoost","all",1.02291403044291e-05,"FGD5-AS1"
"ENSG00000225733","patient4","XGBoost","all",9.36209578003331e-06,"FGD5-AS1"
"ENSG00000225921","patient6","XGBoost","all",2.65449769180399e-05,"NOL7"
"ENSG00000225921","patient2","XGBoost","all",2.29504714182189e-05,"NOL7"
"ENSG00000225921","patient4","XGBoost","all",9.12255871001e-06,"NOL7"
"ENSG00000225921","patient3","XGBoost","all",1.21662605298721e-05,"NOL7"
"ENSG00000225921","patient1","XGBoost","all",2.22063711086388e-05,"NOL7"
"ENSG00000225921","patient5","XGBoost","all",1.75818408854662e-05,"NOL7"
"ENSG00000228253","patient1","XGBoost","all",3.27671930269928e-05,"MT-ATP8"
"ENSG00000228253","patient2","XGBoost","all",2.46287877074107e-05,"MT-ATP8"
"ENSG00000228253","patient5","XGBoost","all",3.4763288431705e-05,"MT-ATP8"
"ENSG00000228253","patient6","XGBoost","all",1.74079216620139e-05,"MT-ATP8"
"ENSG00000228253","patient3","XGBoost","all",3.12090865084507e-05,"MT-ATP8"
"ENSG00000228253","patient4","XGBoost","all",1.15364001528068e-05,"MT-ATP8"
"ENSG00000229807","patient4","XGBoost","all",2.24608564320162e-05,"XIST"
"ENSG00000229807","patient3","XGBoost","all",0.000110868277757034,"XIST"
"ENSG00000229807","patient6","XGBoost","all",5.0997477215287e-05,"XIST"
"ENSG00000229807","patient2","XGBoost","all",2.54553558613092e-05,"XIST"
"ENSG00000229807","patient5","XGBoost","all",5.22108723277707e-05,"XIST"
"ENSG00000229807","patient1","XGBoost","all",3.00283501247545e-05,"XIST"
"ENSG00000229833","patient5","XGBoost","all",3.06298347085346e-05,"PET100"
"ENSG00000229833","patient1","XGBoost","all",1.68184270519902e-05,"PET100"
"ENSG00000229833","patient2","XGBoost","all",3.24331081951442e-05,"PET100"
"ENSG00000229833","patient3","XGBoost","all",5.41803804854056e-05,"PET100"
"ENSG00000229833","patient6","XGBoost","all",5.62941681972459e-05,"PET100"
"ENSG00000229833","patient4","XGBoost","all",2.2300443137584e-05,"PET100"
"ENSG00000230590","patient1","XGBoost","all",8.23611963093543e-06,"FTX"
"ENSG00000230590","patient3","XGBoost","all",2.85485935384174e-05,"FTX"
"ENSG00000230590","patient6","XGBoost","all",3.1854519126009e-05,"FTX"
"ENSG00000230590","patient2","XGBoost","all",2.38971971380177e-05,"FTX"
"ENSG00000230590","patient4","XGBoost","all",1.62023978383197e-05,"FTX"
"ENSG00000230590","patient5","XGBoost","all",1.34829418300595e-05,"FTX"
"ENSG00000230989","patient1","XGBoost","all",1.53926174496653e-05,"HSBP1"
"ENSG00000230989","patient5","XGBoost","all",2.57718566787573e-05,"HSBP1"
"ENSG00000230989","patient6","XGBoost","all",1.42445014793172e-05,"HSBP1"
"ENSG00000230989","patient2","XGBoost","all",8.42879679001265e-06,"HSBP1"
"ENSG00000231389","patient3","XGBoost","all",4.10564621909819e-05,"HLA-DPA1"
"ENSG00000231389","patient1","XGBoost","all",0.000100180903693638,"HLA-DPA1"
"ENSG00000231389","patient5","XGBoost","all",4.38232978860614e-05,"HLA-DPA1"
"ENSG00000231389","patient6","XGBoost","all",0.000110189478807,"HLA-DPA1"
"ENSG00000231389","patient4","XGBoost","all",3.72686802073035e-05,"HLA-DPA1"
"ENSG00000231389","patient2","XGBoost","all",0.000101497252238272,"HLA-DPA1"
"ENSG00000231925","patient2","XGBoost","all",6.93072211304542e-06,"TAPBP"
"ENSG00000231925","patient3","XGBoost","all",7.47724616522609e-06,"TAPBP"
"ENSG00000231925","patient5","XGBoost","all",7.40281213407687e-06,"TAPBP"
"ENSG00000231925","patient1","XGBoost","all",1.06311008598222e-05,"TAPBP"
"ENSG00000231925","patient4","XGBoost","all",6.75151636265825e-06,"TAPBP"
"ENSG00000231925","patient6","XGBoost","all",3.71527571201759e-06,"TAPBP"
"ENSG00000232388","patient6","XGBoost","all",4.68860849376385e-06,"SMIM26"
"ENSG00000232388","patient4","XGBoost","all",1.68940912553095e-05,"SMIM26"
"ENSG00000232388","patient1","XGBoost","all",7.60444821862425e-06,"SMIM26"
"ENSG00000232388","patient3","XGBoost","all",8.33539279324956e-06,"SMIM26"
"ENSG00000232388","patient2","XGBoost","all",5.98264370611901e-06,"SMIM26"
"ENSG00000232388","patient5","XGBoost","all",1.21114807991065e-05,"SMIM26"
"ENSG00000233016","patient2","XGBoost","all",1.4059830004466e-05,"SNHG7"
"ENSG00000233016","patient1","XGBoost","all",6.5365448213463e-05,"SNHG7"
"ENSG00000233016","patient4","XGBoost","all",5.55680112815305e-05,"SNHG7"
"ENSG00000233016","patient3","XGBoost","all",6.16161608956012e-05,"SNHG7"
"ENSG00000233016","patient6","XGBoost","all",4.76354149749382e-05,"SNHG7"
"ENSG00000233016","patient5","XGBoost","all",2.99590271472713e-05,"SNHG7"
"ENSG00000234545","patient6","XGBoost","all",9.28315722274846e-06,"FAM133B"
"ENSG00000234545","patient1","XGBoost","all",6.77777475705306e-06,"FAM133B"
"ENSG00000234545","patient4","XGBoost","all",8.74555723894662e-06,"FAM133B"
"ENSG00000234545","patient2","XGBoost","all",1.62575057792703e-05,"FAM133B"
"ENSG00000234545","patient3","XGBoost","all",1.34864883872007e-05,"FAM133B"
"ENSG00000234545","patient5","XGBoost","all",1.1295336404426e-05,"FAM133B"
"ENSG00000234745","patient4","XGBoost","all",0.000351931733260988,"HLA-B"
"ENSG00000234745","patient5","XGBoost","all",0.000304660684606511,"HLA-B"
"ENSG00000234745","patient3","XGBoost","all",0.000282723121480008,"HLA-B"
"ENSG00000234745","patient6","XGBoost","all",0.000228034840079171,"HLA-B"
"ENSG00000234745","patient1","XGBoost","all",0.000295211135920764,"HLA-B"
"ENSG00000234745","patient2","XGBoost","all",0.000227561365956717,"HLA-B"
"ENSG00000235162","patient6","XGBoost","all",9.78520969915221e-05,"C12orf75"
"ENSG00000235162","patient5","XGBoost","all",9.76980455096235e-05,"C12orf75"
"ENSG00000235162","patient4","XGBoost","all",0.000110077718842678,"C12orf75"
"ENSG00000235162","patient2","XGBoost","all",0.000135626443241671,"C12orf75"
"ENSG00000235162","patient1","XGBoost","all",0.000173225312881126,"C12orf75"
"ENSG00000235162","patient3","XGBoost","all",0.0002031368726986,"C12orf75"
"ENSG00000237765","patient5","XGBoost","all",6.67621166449039e-06,"FAM200B"
"ENSG00000237765","patient3","XGBoost","all",1.40342441687202e-05,"FAM200B"
"ENSG00000237765","patient1","XGBoost","all",5.48670626461375e-06,"FAM200B"
"ENSG00000237765","patient2","XGBoost","all",6.75603401835204e-06,"FAM200B"
"ENSG00000239672","patient2","XGBoost","all",1.96039787299183e-05,"NME1"
"ENSG00000239672","patient3","XGBoost","all",1.69767622288297e-05,"NME1"
"ENSG00000239672","patient5","XGBoost","all",1.02132656786448e-05,"NME1"
"ENSG00000239672","patient6","XGBoost","all",1.56856496858223e-05,"NME1"
"ENSG00000239672","patient4","XGBoost","all",1.73757466875367e-05,"NME1"
"ENSG00000239697","patient4","XGBoost","all",2.58376608188882e-05,"TNFSF12"
"ENSG00000239697","patient1","XGBoost","all",5.25810178866661e-06,"TNFSF12"
"ENSG00000239697","patient6","XGBoost","all",1.94417113967045e-05,"TNFSF12"
"ENSG00000239697","patient2","XGBoost","all",6.49449301490182e-06,"TNFSF12"
"ENSG00000239697","patient3","XGBoost","all",2.33102553977465e-05,"TNFSF12"
"ENSG00000239697","patient5","XGBoost","all",1.38141979345928e-05,"TNFSF12"
"ENSG00000240065","patient2","XGBoost","all",5.19042169950182e-06,"PSMB9"
"ENSG00000240065","patient4","XGBoost","all",8.4867957346718e-06,"PSMB9"
"ENSG00000240065","patient6","XGBoost","all",1.64086584662185e-05,"PSMB9"
"ENSG00000240065","patient3","XGBoost","all",2.18520447825372e-05,"PSMB9"
"ENSG00000240065","patient5","XGBoost","all",2.11457486224313e-05,"PSMB9"
"ENSG00000240065","patient1","XGBoost","all",1.86555127611254e-05,"PSMB9"
"ENSG00000240583","patient1","XGBoost","all",0.000429446092869418,"AQP1"
"ENSG00000240583","patient5","XGBoost","all",0.000172550480276043,"AQP1"
"ENSG00000240583","patient2","XGBoost","all",0.00100481877909915,"AQP1"
"ENSG00000240583","patient6","XGBoost","all",0.000348109002821703,"AQP1"
"ENSG00000240583","patient3","XGBoost","all",0.000139866942612319,"AQP1"
"ENSG00000240583","patient4","XGBoost","all",0.00151838249630387,"AQP1"
"ENSG00000240972","patient2","XGBoost","all",4.34039666128388e-05,"MIF"
"ENSG00000240972","patient4","XGBoost","all",4.01641013057578e-05,"MIF"
"ENSG00000240972","patient5","XGBoost","all",4.19777680167566e-05,"MIF"
"ENSG00000240972","patient1","XGBoost","all",2.38134104604684e-05,"MIF"
"ENSG00000240972","patient3","XGBoost","all",2.77248100371937e-05,"MIF"
"ENSG00000240972","patient6","XGBoost","all",2.78942674516258e-05,"MIF"
"ENSG00000241343","patient3","XGBoost","all",3.3446343852772e-05,"RPL36A"
"ENSG00000241343","patient4","XGBoost","all",1.65004262721296e-05,"RPL36A"
"ENSG00000241343","patient1","XGBoost","all",3.7149807338267e-05,"RPL36A"
"ENSG00000241343","patient2","XGBoost","all",1.52392915974517e-05,"RPL36A"
"ENSG00000241399","patient2","XGBoost","all",2.63440739358415e-05,"CD302"
"ENSG00000241399","patient6","XGBoost","all",3.82876317617492e-05,"CD302"
"ENSG00000241399","patient1","XGBoost","all",0.000121468505334615,"CD302"
"ENSG00000241399","patient3","XGBoost","all",1.78105059467222e-05,"CD302"
"ENSG00000241399","patient5","XGBoost","all",5.5794315681157e-05,"CD302"
"ENSG00000241399","patient4","XGBoost","all",0.000119532887805541,"CD302"
"ENSG00000241468","patient1","XGBoost","all",9.06321891776657e-06,"ATP5MF"
"ENSG00000241553","patient3","XGBoost","all",2.40413550244389e-05,"ARPC4"
"ENSG00000241553","patient4","XGBoost","all",5.45835579393293e-06,"ARPC4"
"ENSG00000241553","patient2","XGBoost","all",8.05954346857353e-06,"ARPC4"
"ENSG00000241553","patient6","XGBoost","all",8.15403533277851e-06,"ARPC4"
"ENSG00000241553","patient1","XGBoost","all",9.11945673414147e-06,"ARPC4"
"ENSG00000241553","patient5","XGBoost","all",4.2859477777832e-05,"ARPC4"
"ENSG00000241644","patient4","XGBoost","all",1.49559645246362e-05,"INMT"
"ENSG00000241644","patient6","XGBoost","all",1.05200735008237e-05,"INMT"
"ENSG00000241644","patient3","XGBoost","all",4.19826182100952e-05,"INMT"
"ENSG00000241644","patient2","XGBoost","all",2.24299237259175e-05,"INMT"
"ENSG00000241644","patient1","XGBoost","all",4.17300430795743e-05,"INMT"
"ENSG00000241644","patient5","XGBoost","all",2.69958349653969e-05,"INMT"
"ENSG00000241685","patient2","XGBoost","all",9.3380078113597e-06,"ARPC1A"
"ENSG00000241685","patient1","XGBoost","all",1.67533194805919e-05,"ARPC1A"
"ENSG00000241685","patient6","XGBoost","all",1.63103709126744e-05,"ARPC1A"
"ENSG00000241685","patient4","XGBoost","all",1.24821748523904e-05,"ARPC1A"
"ENSG00000241685","patient3","XGBoost","all",1.43055292170905e-05,"ARPC1A"
"ENSG00000241685","patient5","XGBoost","all",9.85544569264251e-06,"ARPC1A"
"ENSG00000242247","patient1","XGBoost","all",4.81206167791663e-06,"ARFGAP3"
"ENSG00000242247","patient6","XGBoost","all",7.58570643507111e-06,"ARFGAP3"
"ENSG00000242247","patient4","XGBoost","all",3.89070723091461e-06,"ARFGAP3"
"ENSG00000242247","patient5","XGBoost","all",7.695927752964e-06,"ARFGAP3"
"ENSG00000242247","patient3","XGBoost","all",8.53677274744889e-06,"ARFGAP3"
"ENSG00000242247","patient2","XGBoost","all",4.90258487936063e-06,"ARFGAP3"
"ENSG00000242372","patient5","XGBoost","all",1.02076664709074e-05,"EIF6"
"ENSG00000242372","patient2","XGBoost","all",8.5805694699906e-06,"EIF6"
"ENSG00000242372","patient3","XGBoost","all",4.97383559780216e-06,"EIF6"
"ENSG00000242372","patient1","XGBoost","all",4.01653603812108e-06,"EIF6"
"ENSG00000242372","patient6","XGBoost","all",1.01973674655293e-05,"EIF6"
"ENSG00000242372","patient4","XGBoost","all",8.30759718417158e-06,"EIF6"
"ENSG00000242485","patient2","XGBoost","all",1.23089686309163e-05,"MRPL20"
"ENSG00000242485","patient1","XGBoost","all",1.07830812276449e-05,"MRPL20"
"ENSG00000242485","patient3","XGBoost","all",9.82001808512488e-06,"MRPL20"
"ENSG00000242485","patient6","XGBoost","all",5.23819720565644e-06,"MRPL20"
"ENSG00000242485","patient5","XGBoost","all",9.70471967021412e-06,"MRPL20"
"ENSG00000242485","patient4","XGBoost","all",1.48964106592703e-05,"MRPL20"
"ENSG00000242574","patient2","XGBoost","all",1.4669840581125e-05,"HLA-DMB"
"ENSG00000242574","patient1","XGBoost","all",8.00973374162092e-05,"HLA-DMB"
"ENSG00000242574","patient3","XGBoost","all",1.43632119951177e-05,"HLA-DMB"
"ENSG00000242574","patient5","XGBoost","all",2.90035124659375e-06,"HLA-DMB"
"ENSG00000242574","patient4","XGBoost","all",6.63847075750204e-06,"HLA-DMB"
"ENSG00000242574","patient6","XGBoost","all",5.45430414204799e-06,"HLA-DMB"
"ENSG00000243147","patient6","XGBoost","all",1.69955031440618e-05,"MRPL33"
"ENSG00000243147","patient5","XGBoost","all",1.52328023572522e-05,"MRPL33"
"ENSG00000243147","patient1","XGBoost","all",1.35703075067676e-05,"MRPL33"
"ENSG00000243147","patient3","XGBoost","all",3.48059672875767e-05,"MRPL33"
"ENSG00000243147","patient2","XGBoost","all",2.16107387699501e-05,"MRPL33"
"ENSG00000243147","patient4","XGBoost","all",7.44957827070972e-06,"MRPL33"
"ENSG00000243317","patient1","XGBoost","all",2.24915673913509e-05,"STMP1"
"ENSG00000243317","patient5","XGBoost","all",1.90762535435398e-05,"STMP1"
"ENSG00000243317","patient3","XGBoost","all",2.18132841404268e-05,"STMP1"
"ENSG00000243317","patient4","XGBoost","all",2.47408267498197e-05,"STMP1"
"ENSG00000243317","patient6","XGBoost","all",3.3593892877615e-05,"STMP1"
"ENSG00000243317","patient2","XGBoost","all",3.0801293815573e-05,"STMP1"
"ENSG00000243449","patient5","XGBoost","all",9.96792040773524e-06,"NICOL1"
"ENSG00000243449","patient1","XGBoost","all",6.4946194733261e-06,"NICOL1"
"ENSG00000243927","patient1","XGBoost","all",1.32215514349065e-05,"MRPS6"
"ENSG00000243927","patient3","XGBoost","all",4.29886805036202e-05,"MRPS6"
"ENSG00000243927","patient2","XGBoost","all",1.75011423760508e-05,"MRPS6"
"ENSG00000243927","patient5","XGBoost","all",2.19933578521767e-05,"MRPS6"
"ENSG00000243927","patient4","XGBoost","all",2.47888756134211e-05,"MRPS6"
"ENSG00000243927","patient6","XGBoost","all",1.71311650900085e-05,"MRPS6"
"ENSG00000244038","patient1","XGBoost","all",8.49871829280887e-06,"DDOST"
"ENSG00000244038","patient4","XGBoost","all",1.18930763923535e-05,"DDOST"
"ENSG00000244038","patient3","XGBoost","all",1.22624217565138e-05,"DDOST"
"ENSG00000244038","patient5","XGBoost","all",1.95887674334397e-05,"DDOST"
"ENSG00000244038","patient2","XGBoost","all",2.02385968960458e-05,"DDOST"
"ENSG00000244038","patient6","XGBoost","all",2.65707106659393e-05,"DDOST"
"ENSG00000246705","patient2","XGBoost","all",7.29028937882782e-05,"H2AJ"
"ENSG00000246705","patient4","XGBoost","all",2.69268471580303e-05,"H2AJ"
"ENSG00000246705","patient5","XGBoost","all",5.48934763915295e-05,"H2AJ"
"ENSG00000246705","patient3","XGBoost","all",5.08361023314877e-05,"H2AJ"
"ENSG00000246705","patient6","XGBoost","all",2.94786469392115e-05,"H2AJ"
"ENSG00000246705","patient1","XGBoost","all",1.50260048583816e-05,"H2AJ"
"ENSG00000247596","patient5","XGBoost","all",9.05296336484113e-06,"TWF2"
"ENSG00000247596","patient3","XGBoost","all",6.47574979280765e-06,"TWF2"
"ENSG00000247596","patient1","XGBoost","all",3.26135530515047e-06,"TWF2"
"ENSG00000247596","patient2","XGBoost","all",5.96374227202886e-06,"TWF2"
"ENSG00000247596","patient6","XGBoost","all",4.72725285871677e-06,"TWF2"
"ENSG00000247596","patient4","XGBoost","all",9.14706631929275e-06,"TWF2"
"ENSG00000249669","patient3","XGBoost","all",7.59172053601444e-05,"ENSG00000249669"
"ENSG00000249669","patient4","XGBoost","all",7.25323482317494e-05,"ENSG00000249669"
"ENSG00000249669","patient5","XGBoost","all",5.15171254517634e-05,"ENSG00000249669"
"ENSG00000249669","patient6","XGBoost","all",6.3588668610655e-05,"ENSG00000249669"
"ENSG00000249669","patient2","XGBoost","all",6.69946353736648e-05,"ENSG00000249669"
"ENSG00000249669","patient1","XGBoost","all",8.26968888028058e-05,"ENSG00000249669"
"ENSG00000249751","patient4","XGBoost","all",0.00182491141207463,"ECSCR"
"ENSG00000249751","patient6","XGBoost","all",0.0221170369626745,"ECSCR"
"ENSG00000249751","patient2","XGBoost","all",0.0273919822949588,"ECSCR"
"ENSG00000249751","patient5","XGBoost","all",0.00696664915558005,"ECSCR"
"ENSG00000249751","patient1","XGBoost","all",0.00134726635677747,"ECSCR"
"ENSG00000249915","patient4","XGBoost","all",2.26090864021649e-06,"PDCD6"
"ENSG00000249915","patient1","XGBoost","all",8.48087066017432e-06,"PDCD6"
"ENSG00000249915","patient2","XGBoost","all",6.703396988369e-06,"PDCD6"
"ENSG00000249915","patient5","XGBoost","all",4.31203900087167e-06,"PDCD6"
"ENSG00000249915","patient6","XGBoost","all",8.67842339362218e-06,"PDCD6"
"ENSG00000249915","patient3","XGBoost","all",1.73419691619067e-05,"PDCD6"
"ENSG00000250479","patient1","XGBoost","all",0.000122138936472935,"CHCHD10"
"ENSG00000250479","patient4","XGBoost","all",0.000184977561774634,"CHCHD10"
"ENSG00000250479","patient5","XGBoost","all",0.000106829839519592,"CHCHD10"
"ENSG00000250479","patient3","XGBoost","all",0.000138949382874645,"CHCHD10"
"ENSG00000250479","patient2","XGBoost","all",0.000179836290316754,"CHCHD10"
"ENSG00000250479","patient6","XGBoost","all",0.000119549609667053,"CHCHD10"
"ENSG00000250722","patient5","XGBoost","all",0.000557610102760746,"SELENOP"
"ENSG00000250722","patient3","XGBoost","all",0.000645865636177431,"SELENOP"
"ENSG00000250722","patient6","XGBoost","all",0.000610038668417136,"SELENOP"
"ENSG00000250722","patient2","XGBoost","all",0.000467519662051263,"SELENOP"
"ENSG00000250722","patient1","XGBoost","all",0.000401837709918673,"SELENOP"
"ENSG00000250722","patient4","XGBoost","all",0.000256583310852942,"SELENOP"
"ENSG00000253729","patient1","XGBoost","all",5.88371796578126e-06,"PRKDC"
"ENSG00000253729","patient3","XGBoost","all",1.17636781302854e-05,"PRKDC"
"ENSG00000253729","patient6","XGBoost","all",3.17768932541323e-06,"PRKDC"
"ENSG00000253729","patient4","XGBoost","all",1.23826631055421e-05,"PRKDC"
"ENSG00000253729","patient2","XGBoost","all",5.04038132750394e-06,"PRKDC"
"ENSG00000253729","patient5","XGBoost","all",4.57458527044342e-06,"PRKDC"
"ENSG00000253738","patient4","XGBoost","all",6.50038832927795e-06,"OTUD6B-AS1"
"ENSG00000253738","patient6","XGBoost","all",1.78155120793373e-05,"OTUD6B-AS1"
"ENSG00000253738","patient3","XGBoost","all",1.13062614380935e-05,"OTUD6B-AS1"
"ENSG00000253738","patient2","XGBoost","all",1.04878221342361e-05,"OTUD6B-AS1"
"ENSG00000253738","patient5","XGBoost","all",1.04757487876033e-05,"OTUD6B-AS1"
"ENSG00000253738","patient1","XGBoost","all",1.26380762215067e-06,"OTUD6B-AS1"
"ENSG00000254505","patient6","XGBoost","all",8.58099434294466e-06,"CHMP4A"
"ENSG00000254505","patient2","XGBoost","all",2.07348054309547e-06,"CHMP4A"
"ENSG00000254505","patient1","XGBoost","all",9.18241148113858e-06,"CHMP4A"
"ENSG00000254505","patient5","XGBoost","all",1.38742539905649e-05,"CHMP4A"
"ENSG00000254505","patient3","XGBoost","all",4.26235334987318e-06,"CHMP4A"
"ENSG00000254505","patient4","XGBoost","all",1.2956620103271e-05,"CHMP4A"
"ENSG00000256235","patient6","XGBoost","all",1.85623540942447e-05,"SMIM3"
"ENSG00000256235","patient5","XGBoost","all",9.38065612582064e-06,"SMIM3"
"ENSG00000257103","patient3","XGBoost","all",1.34153134222983e-05,"LSM14A"
"ENSG00000257103","patient1","XGBoost","all",6.78972822752419e-06,"LSM14A"
"ENSG00000257103","patient2","XGBoost","all",9.12080415495725e-06,"LSM14A"
"ENSG00000257103","patient6","XGBoost","all",8.29256654182703e-06,"LSM14A"
"ENSG00000257103","patient5","XGBoost","all",5.78082976183679e-06,"LSM14A"
"ENSG00000257103","patient4","XGBoost","all",6.01024714344761e-06,"LSM14A"
"ENSG00000257727","patient3","XGBoost","all",9.43201719999419e-06,"CNPY2"
"ENSG00000257727","patient2","XGBoost","all",1.03815526386552e-05,"CNPY2"
"ENSG00000257727","patient4","XGBoost","all",1.1728932120366e-05,"CNPY2"
"ENSG00000257727","patient5","XGBoost","all",1.39136522636378e-05,"CNPY2"
"ENSG00000257727","patient1","XGBoost","all",1.56785735527542e-05,"CNPY2"
"ENSG00000257727","patient6","XGBoost","all",1.0881131924744e-05,"CNPY2"
"ENSG00000257923","patient4","XGBoost","all",6.28641118509397e-06,"CUX1"
"ENSG00000257923","patient5","XGBoost","all",1.17675584729456e-05,"CUX1"
"ENSG00000257923","patient2","XGBoost","all",1.2445490026699e-05,"CUX1"
"ENSG00000257923","patient1","XGBoost","all",4.90123652272463e-06,"CUX1"
"ENSG00000257923","patient6","XGBoost","all",3.58684169161417e-06,"CUX1"
"ENSG00000257923","patient3","XGBoost","all",7.56493703548366e-06,"CUX1"
"ENSG00000258289","patient4","XGBoost","all",1.8707584269276e-05,"CHURC1"
"ENSG00000258289","patient3","XGBoost","all",1.76322567561684e-05,"CHURC1"
"ENSG00000258289","patient1","XGBoost","all",1.69756180398634e-05,"CHURC1"
"ENSG00000258289","patient5","XGBoost","all",2.68498107275142e-05,"CHURC1"
"ENSG00000258289","patient2","XGBoost","all",1.05086848330769e-05,"CHURC1"
"ENSG00000258289","patient6","XGBoost","all",2.30771203807714e-05,"CHURC1"
"ENSG00000260032","patient2","XGBoost","all",1.11859001432111e-05,"NORAD"
"ENSG00000260032","patient3","XGBoost","all",1.20182523170412e-05,"NORAD"
"ENSG00000260032","patient4","XGBoost","all",1.58068539221321e-05,"NORAD"
"ENSG00000260032","patient1","XGBoost","all",2.95286075241991e-05,"NORAD"
"ENSG00000260032","patient5","XGBoost","all",1.39392419992069e-05,"NORAD"
"ENSG00000260032","patient6","XGBoost","all",1.92544453911227e-05,"NORAD"
"ENSG00000260314","patient3","XGBoost","all",1.69674316374339e-05,"MRC1"
"ENSG00000260314","patient5","XGBoost","all",1.87014545897427e-05,"MRC1"
"ENSG00000260314","patient4","XGBoost","all",1.08889904001866e-05,"MRC1"
"ENSG00000260314","patient2","XGBoost","all",1.29881859969499e-05,"MRC1"
"ENSG00000260314","patient6","XGBoost","all",8.70020532550917e-06,"MRC1"
"ENSG00000260314","patient1","XGBoost","all",1.43906320988543e-05,"MRC1"
"ENSG00000260916","patient4","XGBoost","all",3.89798194456573e-05,"CCPG1"
"ENSG00000260916","patient1","XGBoost","all",3.76759081521307e-05,"CCPG1"
"ENSG00000260916","patient6","XGBoost","all",4.96750613066494e-05,"CCPG1"
"ENSG00000260916","patient5","XGBoost","all",3.62595300351433e-05,"CCPG1"
"ENSG00000260916","patient2","XGBoost","all",1.02038992906135e-05,"CCPG1"
"ENSG00000260916","patient3","XGBoost","all",3.68969239931511e-05,"CCPG1"
"ENSG00000261371","patient1","XGBoost","all",0.109101163115474,"PECAM1"
"ENSG00000261371","patient3","XGBoost","all",0.130010750743758,"PECAM1"
"ENSG00000261371","patient6","XGBoost","all",0.120126870192443,"PECAM1"
"ENSG00000261371","patient4","XGBoost","all",0.0911325506811287,"PECAM1"
"ENSG00000261371","patient2","XGBoost","all",0.128736433395229,"PECAM1"
"ENSG00000261371","patient5","XGBoost","all",0.142213277793036,"PECAM1"
"ENSG00000263001","patient1","XGBoost","all",7.53418334790367e-06,"GTF2I"
"ENSG00000263001","patient6","XGBoost","all",1.12309785999595e-05,"GTF2I"
"ENSG00000263001","patient5","XGBoost","all",1.21209378416005e-05,"GTF2I"
"ENSG00000263001","patient3","XGBoost","all",8.59345571088585e-06,"GTF2I"
"ENSG00000263001","patient2","XGBoost","all",1.04421005198165e-05,"GTF2I"
"ENSG00000263001","patient4","XGBoost","all",1.31468706257212e-05,"GTF2I"
"ENSG00000265241","patient6","XGBoost","all",1.04148347057588e-05,"RBM8A"
"ENSG00000265241","patient5","XGBoost","all",2.15353666835437e-05,"RBM8A"
"ENSG00000265241","patient3","XGBoost","all",1.05484899745332e-05,"RBM8A"
"ENSG00000265241","patient4","XGBoost","all",3.92706328093095e-06,"RBM8A"
"ENSG00000265241","patient2","XGBoost","all",1.38854846870068e-05,"RBM8A"
"ENSG00000265241","patient1","XGBoost","all",1.53046663896261e-05,"RBM8A"
"ENSG00000265491","patient4","XGBoost","all",1.17762329958924e-05,"RNF115"
"ENSG00000265491","patient3","XGBoost","all",1.11492002758547e-05,"RNF115"
"ENSG00000265491","patient6","XGBoost","all",1.93235495373614e-05,"RNF115"
"ENSG00000265491","patient1","XGBoost","all",2.97401960227585e-05,"RNF115"
"ENSG00000265491","patient5","XGBoost","all",4.07890271524851e-06,"RNF115"
"ENSG00000265491","patient2","XGBoost","all",4.77412170922918e-06,"RNF115"
"ENSG00000265681","patient1","XGBoost","all",1.08784631236117e-05,"RPL17"
"ENSG00000265681","patient4","XGBoost","all",9.51490697344124e-06,"RPL17"
"ENSG00000265681","patient5","XGBoost","all",4.59158981247428e-06,"RPL17"
"ENSG00000265681","patient2","XGBoost","all",9.16791990557502e-06,"RPL17"
"ENSG00000265681","patient6","XGBoost","all",2.14374069337722e-05,"RPL17"
"ENSG00000265681","patient3","XGBoost","all",1.19303755935404e-05,"RPL17"
"ENSG00000265808","patient2","XGBoost","all",8.13776378598723e-06,"SEC22B"
"ENSG00000265808","patient3","XGBoost","all",1.36875831135655e-05,"SEC22B"
"ENSG00000265808","patient5","XGBoost","all",1.82805321137731e-05,"SEC22B"
"ENSG00000265808","patient1","XGBoost","all",1.82496916610366e-05,"SEC22B"
"ENSG00000265808","patient4","XGBoost","all",1.78940030177286e-05,"SEC22B"
"ENSG00000265808","patient6","XGBoost","all",7.74837103456261e-06,"SEC22B"
"ENSG00000265972","patient3","XGBoost","all",0.000363492070511664,"TXNIP"
"ENSG00000265972","patient6","XGBoost","all",0.000322952168848671,"TXNIP"
"ENSG00000265972","patient2","XGBoost","all",0.000239031036963625,"TXNIP"
"ENSG00000265972","patient1","XGBoost","all",0.000371102030711681,"TXNIP"
"ENSG00000265972","patient5","XGBoost","all",0.000558691052870002,"TXNIP"
"ENSG00000265972","patient4","XGBoost","all",0.000173700939183978,"TXNIP"
"ENSG00000266412","patient2","XGBoost","all",1.0809472842959e-05,"NCOA4"
"ENSG00000266412","patient4","XGBoost","all",7.78027781328379e-06,"NCOA4"
"ENSG00000266412","patient3","XGBoost","all",7.53304310177279e-06,"NCOA4"
"ENSG00000266412","patient5","XGBoost","all",5.15483019954404e-06,"NCOA4"
"ENSG00000266412","patient1","XGBoost","all",5.58205557569107e-06,"NCOA4"
"ENSG00000266412","patient6","XGBoost","all",1.16624186110037e-05,"NCOA4"
"ENSG00000266472","patient6","XGBoost","all",1.09820092122877e-05,"MRPS21"
"ENSG00000266472","patient3","XGBoost","all",2.08830272126074e-05,"MRPS21"
"ENSG00000266472","patient1","XGBoost","all",1.36734801535773e-05,"MRPS21"
"ENSG00000266472","patient5","XGBoost","all",1.20935152857823e-05,"MRPS21"
"ENSG00000266472","patient2","XGBoost","all",2.19410457551993e-05,"MRPS21"
"ENSG00000266472","patient4","XGBoost","all",1.56345233362121e-05,"MRPS21"
"ENSG00000266964","patient2","XGBoost","all",0.000151296307783941,"FXYD1"
"ENSG00000266964","patient5","XGBoost","all",3.34791486922418e-05,"FXYD1"
"ENSG00000266964","patient3","XGBoost","all",5.98318180434771e-05,"FXYD1"
"ENSG00000266964","patient6","XGBoost","all",4.30952364345434e-05,"FXYD1"
"ENSG00000266964","patient4","XGBoost","all",8.4941903871515e-05,"FXYD1"
"ENSG00000266964","patient1","XGBoost","all",8.91443127665814e-05,"FXYD1"
"ENSG00000269821","patient4","XGBoost","all",1.46457662107729e-05,"KCNQ1OT1"
"ENSG00000269821","patient2","XGBoost","all",1.00994331585621e-05,"KCNQ1OT1"
"ENSG00000269821","patient3","XGBoost","all",2.35672760200513e-05,"KCNQ1OT1"
"ENSG00000269821","patient1","XGBoost","all",5.28039392616656e-06,"KCNQ1OT1"
"ENSG00000269821","patient5","XGBoost","all",9.48153563729174e-06,"KCNQ1OT1"
"ENSG00000269821","patient6","XGBoost","all",1.10029923879864e-05,"KCNQ1OT1"
"ENSG00000269893","patient1","XGBoost","all",2.36975445180837e-05,"SNHG8"
"ENSG00000269893","patient5","XGBoost","all",2.9165568649905e-05,"SNHG8"
"ENSG00000269893","patient6","XGBoost","all",4.42138734937288e-05,"SNHG8"
"ENSG00000269893","patient4","XGBoost","all",5.78783590409618e-05,"SNHG8"
"ENSG00000269893","patient3","XGBoost","all",3.49355912010193e-05,"SNHG8"
"ENSG00000269893","patient2","XGBoost","all",1.67687596688651e-05,"SNHG8"
"ENSG00000272047","patient2","XGBoost","all",2.60449142823023e-05,"GTF2H5"
"ENSG00000272047","patient4","XGBoost","all",1.98039734565482e-05,"GTF2H5"
"ENSG00000272047","patient6","XGBoost","all",4.68141079719481e-06,"GTF2H5"
"ENSG00000272047","patient5","XGBoost","all",8.59711578217376e-06,"GTF2H5"
"ENSG00000272047","patient3","XGBoost","all",1.01130563073866e-05,"GTF2H5"
"ENSG00000272047","patient1","XGBoost","all",7.09651496176437e-06,"GTF2H5"
"ENSG00000273749","patient5","XGBoost","all",8.06201906688058e-06,"CYFIP1"
"ENSG00000273749","patient6","XGBoost","all",1.14554760326776e-05,"CYFIP1"
"ENSG00000273749","patient1","XGBoost","all",1.22153981805076e-05,"CYFIP1"
"ENSG00000273749","patient2","XGBoost","all",5.09945513497387e-06,"CYFIP1"
"ENSG00000273749","patient3","XGBoost","all",7.40929670232491e-06,"CYFIP1"
"ENSG00000273749","patient4","XGBoost","all",2.30157886219406e-05,"CYFIP1"
"ENSG00000275302","patient4","XGBoost","all",1.47330298565926e-05,"CCL4"
"ENSG00000275302","patient3","XGBoost","all",2.27010193633602e-05,"CCL4"
"ENSG00000275302","patient1","XGBoost","all",2.67291656143583e-05,"CCL4"
"ENSG00000275302","patient5","XGBoost","all",2.66308518683751e-05,"CCL4"
"ENSG00000275302","patient2","XGBoost","all",3.03701840066026e-05,"CCL4"
"ENSG00000275302","patient6","XGBoost","all",1.38221906184745e-05,"CCL4"
"ENSG00000275395","patient1","XGBoost","all",1.01756322372512e-05,"FCGBP"
"ENSG00000275395","patient3","XGBoost","all",7.17852538522891e-06,"FCGBP"
"ENSG00000275395","patient5","XGBoost","all",9.07768977620001e-06,"FCGBP"
"ENSG00000275395","patient6","XGBoost","all",8.99728928229114e-06,"FCGBP"
"ENSG00000275395","patient2","XGBoost","all",1.25669673836393e-05,"FCGBP"
"ENSG00000275395","patient4","XGBoost","all",6.29032182645152e-06,"FCGBP"
"ENSG00000277443","patient6","XGBoost","all",0.000112312602628719,"MARCKS"
"ENSG00000277443","patient4","XGBoost","all",7.36101811222663e-05,"MARCKS"
"ENSG00000277443","patient3","XGBoost","all",4.31369564968383e-05,"MARCKS"
"ENSG00000277443","patient2","XGBoost","all",6.19616550079793e-05,"MARCKS"
"ENSG00000277443","patient5","XGBoost","all",8.72232166195405e-05,"MARCKS"
"ENSG00000277443","patient1","XGBoost","all",4.96571113264522e-05,"MARCKS"
"ENSG00000277632","patient3","XGBoost","all",0.000112973368412111,"CCL3"
"ENSG00000277632","patient1","XGBoost","all",5.49026238690205e-05,"CCL3"
"ENSG00000277632","patient5","XGBoost","all",9.76330590509352e-05,"CCL3"
"ENSG00000277632","patient4","XGBoost","all",0.000124760069655379,"CCL3"
"ENSG00000277632","patient6","XGBoost","all",3.88974490374271e-05,"CCL3"
"ENSG00000277791","patient3","XGBoost","all",1.30615975297467e-05,"PSMB3"
"ENSG00000277791","patient2","XGBoost","all",7.13944515803007e-06,"PSMB3"
"ENSG00000277791","patient1","XGBoost","all",5.59046136632254e-06,"PSMB3"
"ENSG00000277972","patient3","XGBoost","all",1.60037211258297e-05,"CISD3"
"ENSG00000277972","patient4","XGBoost","all",6.21980724694e-06,"CISD3"
"ENSG00000277972","patient1","XGBoost","all",1.24534367225183e-05,"CISD3"
"ENSG00000277972","patient6","XGBoost","all",1.49891015712456e-05,"CISD3"
"ENSG00000277972","patient5","XGBoost","all",1.61224447813587e-05,"CISD3"
"ENSG00000277972","patient2","XGBoost","all",1.10371591666787e-05,"CISD3"
"ENSG00000278311","patient4","XGBoost","all",1.18983823818358e-05,"GGNBP2"
"ENSG00000278311","patient3","XGBoost","all",2.9390300878137e-05,"GGNBP2"
"ENSG00000278311","patient2","XGBoost","all",8.11691358765972e-06,"GGNBP2"
"ENSG00000278311","patient5","XGBoost","all",9.93237609453474e-06,"GGNBP2"
"ENSG00000278311","patient1","XGBoost","all",1.22679205789187e-05,"GGNBP2"
"ENSG00000278311","patient6","XGBoost","all",1.51267280448788e-05,"GGNBP2"
"ENSG00000310560","patient1","XGBoost","all",7.20553659623169e-06,"PAXX"
