"held_out_donor","gene","gene_symbol","importance"
"patient1","ENSG00000170323","FABP4",26.3243291375414
"patient1","ENSG00000011465","DCN",24.5708015808467
"patient1","ENSG00000077942","FBLN1",21.8130109733061
"patient1","ENSG00000100234","TIMP3",21.3881267639037
"patient1","ENSG00000140285","FGF7",21.0023914655888
"patient1","ENSG00000078596","ITM2A",20.8263764330772
"patient1","ENSG00000115414","FN1",20.4078667718753
"patient1","ENSG00000115457","IGFBP2",19.8991988187889
"patient1","ENSG00000132386","SERPINF1",19.8339713919175
"patient1","ENSG00000133026","MYH10",19.8312260764276
"patient1","ENSG00000143196","DPT",19.7582355724458
"patient1","ENSG00000038427","VCAN",19.6295377991995
"patient1","ENSG00000261371","PECAM1",19.3936014076949
"patient1","ENSG00000164687","FABP5",19.0513247490744
"patient1","ENSG00000181649","PHLDA2",18.9833320836223
"patient1","ENSG00000111341","MGP",18.4771613796009
"patient1","ENSG00000127954","STEAP4",18.2215636800947
"patient1","ENSG00000120885","CLU",18.1403859553587
"patient1","ENSG00000107796","ACTA2",17.8841073869071
"patient1","ENSG00000136999","CCN3",17.8701138094747
"patient1","ENSG00000172889","EGFL7",17.7543455428222
"patient1","ENSG00000074181","NOTCH3",17.5709644465551
"patient1","ENSG00000203883","SOX18",17.5057593231063
"patient1","ENSG00000144810","COL8A1",17.3605698466893
"patient1","ENSG00000149591","TAGLN",17.1956025482992
"patient1","ENSG00000149564","ESAM",17.1120104005706
"patient1","ENSG00000189129","PLAC9",17.0990692660079
"patient1","ENSG00000131477","RAMP2",16.9915406971261
"patient1","ENSG00000249751","ECSCR",16.8212348087341
"patient1","ENSG00000141753","IGFBP4",16.7859474287084
"patient1","ENSG00000127951","FGL2",16.7253520664121
"patient1","ENSG00000115380","EFEMP1",16.6342873541611
"patient1","ENSG00000176435","CLEC14A",16.6009487246044
"patient1","ENSG00000198467","TPM2",16.6002022775717
"patient1","ENSG00000142910","TINAGL1",16.5759964035932
"patient1","ENSG00000139329","LUM",16.5748738738433
"patient1","ENSG00000184113","CLDN5",16.5554036777764
"patient1","ENSG00000213088","ACKR1",16.4724103335067
"patient1","ENSG00000008394","MGST1",16.4577256708669
"patient1","ENSG00000101335","MYL9",16.3752172638345
"patient1","ENSG00000162618","ADGRL4",16.3335628956744
"patient1","ENSG00000167642","SPINT2",16.2493520284561
"patient1","ENSG00000125868","DSTN",16.2171987220776
"patient1","ENSG00000077943","ITGA8",16.0826189257997
"patient1","ENSG00000107317","PTGDS",16.0803839667733
"patient1","ENSG00000122786","CALD1",16.02867188501
"patient1","ENSG00000140092","FBLN5",15.9998232054464
"patient1","ENSG00000132329","RAMP1",15.9953975204875
"patient1","ENSG00000135218","CD36",15.9514299776523
"patient1","ENSG00000186340","THBS2",15.9062151319445
"patient1","ENSG00000175899","A2M",15.8139998361025
"patient1","ENSG00000124212","PTGIS",15.8139395879429
"patient1","ENSG00000204472","AIF1",15.7578665814698
"patient1","ENSG00000179144","GIMAP7",15.7129366129324
"patient1","ENSG00000143226","FCGR2A",15.5581249975592
"patient1","ENSG00000120708","TGFBI",15.5168558626749
"patient1","ENSG00000167641","PPP1R14A",15.4756677241259
"patient1","ENSG00000140545","MFGE8",15.3392327914695
"patient1","ENSG00000165949","IFI27",15.2679529980183
"patient1","ENSG00000110799","VWF",15.211212773463
"patient1","ENSG00000163710","PCOLCE2",15.1694624457867
"patient1","ENSG00000187513","GJA4",15.1502072222326
"patient1","ENSG00000148053","NTRK2",15.067033131779
"patient1","ENSG00000119681","LTBP2",14.9658314340523
"patient1","ENSG00000127083","OMD",14.9309795206188
"patient1","ENSG00000106809","OGN",14.8173731282857
"patient1","ENSG00000120594","PLXDC2",14.6049978007439
"patient1","ENSG00000127528","KLF2",14.5434259957917
"patient1","ENSG00000130203","APOE",14.4725489885925
"patient1","ENSG00000099260","PALMD",14.4421382830624
"patient1","ENSG00000169851","PCDH7",14.4399270514947
"patient1","ENSG00000130300","PLVAP",14.3017495756518
"patient1","ENSG00000049323","LTBP1",14.1308210004467
"patient1","ENSG00000158869","FCER1G",14.1026082515086
"patient1","ENSG00000122679","RAMP3",14.0059671578282
"patient1","ENSG00000133110","POSTN",13.9778671477644
"patient1","ENSG00000106565","TMEM176B",13.9693727514191
"patient1","ENSG00000010278","CD9",13.9627960880309
"patient1","ENSG00000197614","MFAP5",13.9617619609081
"patient1","ENSG00000121858","TNFSF10",13.8544288042496
"patient1","ENSG00000133574","GIMAP4",13.8027271053766
"patient1","ENSG00000134853","PDGFRA",13.7630789373214
"patient1","ENSG00000105655","ISYNA1",13.7218918623403
"patient1","ENSG00000240583","AQP1",13.6755125578041
"patient1","ENSG00000188783","PRELP",13.5969010635469
"patient1","ENSG00000064042","LIMCH1",13.5771520278524
"patient1","ENSG00000145675","PIK3R1",13.5688784474691
"patient1","ENSG00000163453","IGFBP7",13.558949347641
"patient1","ENSG00000002933","TMEM176A",13.5576281630952
"patient1","ENSG00000019582","CD74",13.5483276587807
"patient1","ENSG00000185551","NR2F2",13.5456639558221
"patient1","ENSG00000133639","BTG1",13.5441183645906
"patient1","ENSG00000187244","BCAM",13.4929038077004
"patient1","ENSG00000129757","CDKN1C",13.3531815295633
"patient1","ENSG00000140416","TPM1",13.3113971548065
"patient1","ENSG00000182492","BGN",13.304401338828
"patient1","ENSG00000111404","RERGL",13.2928416280687
"patient1","ENSG00000011600","TYROBP",13.273479494974
"patient1","ENSG00000137573","SULF1",13.2701043144051
"patient1","ENSG00000174059","CD34",13.2656693858903
"patient1","ENSG00000164035","EMCN",13.2557478551797
"patient1","ENSG00000068001","HYAL2",13.165554758933
"patient1","ENSG00000196126","HLA-DRB1",13.1510808077993
"patient1","ENSG00000182871","COL18A1",13.1439441340451
"patient1","ENSG00000170962","PDGFD",13.1293330959714
"patient1","ENSG00000265972","TXNIP",13.0884062646188
"patient1","ENSG00000064205","CCN5",13.0799987240822
"patient1","ENSG00000183087","GAS6",13.0682040601409
"patient1","ENSG00000250479","CHCHD10",13.045043827062
"patient1","ENSG00000213316","LTC4S",13.0444590798225
"patient1","ENSG00000106991","ENG",13.0420818416909
"patient1","ENSG00000196616","ADH1B",12.9285390098004
"patient1","ENSG00000164106","SCRG1",12.8956778660988
"patient1","ENSG00000117632","STMN1",12.8776590108086
"patient1","ENSG00000189058","APOD",12.858649438841
"patient1","ENSG00000197747","S100A10",12.8555951825394
"patient1","ENSG00000104894","CD37",12.8100579519988
"patient1","ENSG00000129538","RNASE1",12.7540417114953
"patient1","ENSG00000168497","CAVIN2",12.7519787706929
"patient1","ENSG00000188290","HES4",12.7511542748757
"patient1","ENSG00000149131","SERPING1",12.7408861266123
"patient1","ENSG00000099860","GADD45B",12.7068873650303
"patient1","ENSG00000275302","CCL4",12.6976859535511
"patient1","ENSG00000099998","GGT5",12.6107616530723
"patient1","ENSG00000197461","PDGFA",12.5878143179067
"patient1","ENSG00000135678","CPM",12.5699624453908
"patient1","ENSG00000122862","SRGN",12.5581276708944
"patient1","ENSG00000074416","MGLL",12.5528495425932
"patient1","ENSG00000125730","C3",12.5410115358504
"patient1","ENSG00000118849","RARRES1",12.540677832991
"patient1","ENSG00000115461","IGFBP5",12.5295721696937
"patient1","ENSG00000162496","DHRS3",12.5289215019007
"patient1","ENSG00000162772","ATF3",12.5204259177744
"patient1","ENSG00000133392","MYH11",12.5138824379598
"patient1","ENSG00000145423","SFRP2",12.4749762192905
"patient1","ENSG00000170345","FOS",12.448098070742
"patient1","ENSG00000154175","ABI3BP",12.4084138579723
"patient1","ENSG00000197766","CFD",12.3977651387133
"patient1","ENSG00000162458","FBLIM1",12.3797535449185
"patient1","ENSG00000144476","ACKR3",12.366285790586
"patient1","ENSG00000109610","SOD3",12.3425002943291
"patient1","ENSG00000204287","HLA-DRA",12.2936547497444
"patient1","ENSG00000065054","NHERF2",12.2729584046165
"patient1","ENSG00000150687","PRSS23",12.2626788074802
"patient1","ENSG00000102265","TIMP1",12.2329759806922
"patient1","ENSG00000124491","F13A1",12.2039705415689
"patient1","ENSG00000142173","COL6A2",12.1940761528008
"patient1","ENSG00000065534","MYLK",12.1574200239654
"patient1","ENSG00000152583","SPARCL1",12.1559655879298
"patient1","ENSG00000164761","TNFRSF11B",12.1133530683186
"patient1","ENSG00000169554","ZEB2",12.0806979911929
"patient1","ENSG00000140945","CDH13",12.0741858727791
"patient1","ENSG00000198542","ITGBL1",12.0661216893873
"patient1","ENSG00000003436","TFPI",12.0655908286085
"patient1","ENSG00000105664","COMP",12.0631361009359
"patient1","ENSG00000231389","HLA-DPA1",12.0343190393967
"patient1","ENSG00000170017","ALCAM",11.9910615145422
"patient1","ENSG00000166482","MFAP4",11.975439967888
"patient1","ENSG00000109861","CTSC",11.9427375829306
"patient1","ENSG00000116132","PRRX1",11.9414890771588
"patient1","ENSG00000109099","PMP22",11.9294121694661
"patient1","ENSG00000126264","HCST",11.9252697884894
"patient1","ENSG00000153823","PID1",11.9249621433038
"patient1","ENSG00000166562","SEC11C",11.9112190801233
"patient1","ENSG00000106624","AEBP1",11.882997913586
"patient1","ENSG00000101160","CTSZ",11.8786317602796
"patient1","ENSG00000178695","KCTD12",11.8346621726548
"patient1","ENSG00000213145","CRIP1",11.8316773383408
"patient1","ENSG00000250722","SELENOP",11.8140388306055
"patient1","ENSG00000123358","NR4A1",11.811862222009
"patient1","ENSG00000185633","COXFA4L2",11.8005481020813
"patient1","ENSG00000168386","FILIP1L",11.7995963122069
"patient1","ENSG00000213203","GIMAP1",11.7876373415894
"patient1","ENSG00000135744","AGT",11.7718942640649
"patient1","ENSG00000182326","C1S",11.7445949063971
"patient1","ENSG00000151491","EPS8",11.7444669916693
"patient1","ENSG00000107562","CXCL12",11.7396416699194
"patient1","ENSG00000110077","MS4A6A",11.7336102335054
"patient1","ENSG00000177606","JUN",11.7246899524218
"patient1","ENSG00000211445","GPX3",11.7087978393292
"patient1","ENSG00000171223","JUNB",11.7010984493183
"patient1","ENSG00000104368","PLAT",11.7003812530599
"patient1","ENSG00000125740","FOSB",11.6845509333778
"patient1","ENSG00000197943","PLCG2",11.6561931969398
"patient1","ENSG00000111348","ARHGDIB",11.6389684591592
"patient1","ENSG00000157514","TSC22D3",11.6361754391918
"patient1","ENSG00000170458","CD14",11.5967788574695
"patient1","ENSG00000132965","ALOX5AP",11.5720944042811
"patient1","ENSG00000072110","ACTN1",11.559223103387
"patient1","ENSG00000204592","HLA-E",11.5518771536851
"patient1","ENSG00000123384","LRP1",11.5364194313524
"patient1","ENSG00000174348","PODN",11.5320709311672
"patient1","ENSG00000105974","CAV1",11.5143915683937
"patient1","ENSG00000165795","NDRG2",11.4986521206967
"patient1","ENSG00000091986","CCDC80",11.4825905634095
"patient1","ENSG00000196154","S100A4",11.4633095962926
"patient1","ENSG00000169908","TM4SF1",11.4182973207515
"patient1","ENSG00000162444","RBP7",11.3896396429744
"patient1","ENSG00000159403","C1R",11.3786401364754
"patient1","ENSG00000184347","SLIT3",11.3687141134146
"patient1","ENSG00000119147","ECRG4",11.3376146466478
"patient1","ENSG00000125810","CD93",11.3364761470528
"patient1","ENSG00000164733","CTSB",11.3180399870087
"patient1","ENSG00000234745","HLA-B",11.316502032348
"patient1","ENSG00000167552","TUBA1A",11.2978315339433
"patient1","ENSG00000112699","GMDS",11.2935063183241
"patient1","ENSG00000127920","GNG11",11.2811816986203
"patient1","ENSG00000164692","COL1A2",11.2623208915606
"patient1","ENSG00000143119","CD53",11.2507988351528
"patient1","ENSG00000038945","MSR1",11.2474796210136
"patient1","ENSG00000198523","PLN",11.2307683363225
"patient1","ENSG00000090104","RGS1",11.2130801865307
"patient1","ENSG00000162511","LAPTM5",11.1943882876256
"patient1","ENSG00000260314","MRC1",11.193242918122
"patient1","ENSG00000159388","BTG2",11.143407454117
"patient1","ENSG00000198959","TGM2",11.1293122569484
"patient1","ENSG00000221869","CEBPD",11.077902268186
"patient1","ENSG00000176971","FIBIN",11.0600114877946
"patient1","ENSG00000008517","IL32",11.0311663112752
"patient1","ENSG00000187955","COL14A1",11.0068456992018
"patient1","ENSG00000081237","PTPRC",10.9632632214247
"patient1","ENSG00000187479","C11orf96",10.9577111997506
"patient1","ENSG00000109846","CRYAB",10.9422463344068
"patient1","ENSG00000173372","C1QA",10.9290803966035
"patient1","ENSG00000187193","MT1X",10.8976877007937
"patient1","ENSG00000185650","ZFP36L1",10.8911110092452
"patient1","ENSG00000166592","RRAD",10.8866008119139
"patient1","ENSG00000159176","CSRP1",10.8513067369636
"patient1","ENSG00000135916","ITM2C",10.8061658032462
"patient1","ENSG00000163520","FBLN2",10.8053789485596
"patient1","ENSG00000076706","MCAM",10.7778771893979
"patient1","ENSG00000197321","SVIL",10.7666793573517
"patient1","ENSG00000101000","PROCR",10.7592299892312
"patient1","ENSG00000116044","NFE2L2",10.7494598068147
"patient1","ENSG00000136167","LCP1",10.6770423408424
"patient1","ENSG00000102786","INTS6",10.6601292764815
"patient1","ENSG00000064989","CALCRL",10.6289404512475
"patient1","ENSG00000166927","MS4A7",10.627105207641
"patient1","ENSG00000130176","CNN1",10.6007392912042
"patient1","ENSG00000173369","C1QB",10.5696336734031
"patient1","ENSG00000135269","TES",10.5635499580254
"patient1","ENSG00000185885","IFITM1",10.555067354038
"patient1","ENSG00000116016","EPAS1",10.5474467475465
"patient1","ENSG00000143127","ITGA10",10.5473598155942
"patient1","ENSG00000130592","LSP1",10.5378483545431
"patient1","ENSG00000204103","MAFB",10.4969105474531
"patient1","ENSG00000102760","RGCC",10.496675417782
"patient1","ENSG00000131386","GALNT15",10.494222726027
"patient1","ENSG00000107551","RASSF4",10.4743778376903
"patient1","ENSG00000277632","CCL3",10.4499041651679
"patient1","ENSG00000182463","TSHZ2",10.4459025904896
"patient1","ENSG00000143153","ATP1B1",10.4404427392685
"patient1","ENSG00000090382","LYZ",10.4018740143186
"patient1","ENSG00000240065","PSMB9",10.3884271495545
"patient1","ENSG00000119655","NPC2",10.3831167663574
"patient1","ENSG00000112936","C7",10.3468874252178
"patient1","ENSG00000106483","SFRP4",10.3144461135961
"patient1","ENSG00000169429","CXCL8",10.2699962202064
"patient1","ENSG00000085063","CD59",10.251927322991
"patient1","ENSG00000163431","LMOD1",10.2210767939613
"patient1","ENSG00000089327","FXYD5",10.204465160683
"patient1","ENSG00000203747","FCGR3A",10.1967759596913
"patient1","ENSG00000146376","ARHGAP18",10.1655928083026
"patient1","ENSG00000153179","RASSF3",10.1512962300691
"patient1","ENSG00000159189","C1QC",10.1508352878089
"patient1","ENSG00000122644","ARL4A",10.1402623205909
"patient1","ENSG00000135363","LMO2",10.0068615645173
"patient1","ENSG00000105329","TGFB1",9.99903037284625
"patient1","ENSG00000114315","HES1",9.99781270342306
"patient1","ENSG00000141232","TOB1",9.99531483923351
"patient1","ENSG00000118257","NRP2",9.9937728024244
"patient1","ENSG00000005020","SKAP2",9.99111598815313
"patient1","ENSG00000176046","NUPR1",9.9838358429161
"patient1","ENSG00000167779","IGFBP6",9.98180776355631
"patient1","ENSG00000058272","PPP1R12A",9.93417618424272
"patient1","ENSG00000102804","TSC22D1",9.92733426942601
"patient1","ENSG00000100219","XBP1",9.90822712051343
"patient1","ENSG00000152518","ZFP36L2",9.86021836559593
"patient1","ENSG00000266964","FXYD1",9.83083225174549
"patient1","ENSG00000165457","FOLR2",9.80560314791048
"patient1","ENSG00000155659","VSIG4",9.78043834947022
"patient1","ENSG00000164116","GUCY1A1",9.77589861738449
"patient1","ENSG00000141905","NFIC",9.77020939913042
"patient1","ENSG00000004799","PDK4",9.76872213232666
"patient1","ENSG00000137801","THBS1",9.7632411195646
"patient1","ENSG00000111716","LDHB",9.74712353018326
"patient1","ENSG00000163220","S100A9",9.74523861021106
"patient1","ENSG00000157557","ETS2",9.74187108735223
"patient1","ENSG00000163563","MNDA",9.73434803533041
"patient1","ENSG00000213639","PPP1CB",9.7016963599316
"patient1","ENSG00000106333","PCOLCE",9.66943397394057
"patient1","ENSG00000213626","LBH",9.66907435647422
"patient1","ENSG00000000971","CFH",9.66648205708507
"patient1","ENSG00000204642","HLA-F",9.66446391264983
"patient1","ENSG00000051523","CYBA",9.6616791012313
"patient1","ENSG00000081189","MEF2C",9.66138576703411
"patient1","ENSG00000196924","FLNA",9.6584786428133
"patient1","ENSG00000112531","QKI",9.62072722455023
"patient1","ENSG00000179344","HLA-DQB1",9.61703983695674
"patient1","ENSG00000104332","SFRP1",9.5946092726259
"patient1","ENSG00000145012","LPP",9.58346309478572
"patient1","ENSG00000188257","PLA2G2A",9.57080294090131
"patient1","ENSG00000188643","S100A16",9.56970125272964
"patient1","ENSG00000153234","NR4A2",9.56669968292307
"patient1","ENSG00000134531","EMP1",9.56582594514268
"patient1","ENSG00000004399","PLXND1",9.56477236553821
"patient1","ENSG00000160888","IER2",9.55176014611056
"patient1","ENSG00000100345","MYH9",9.53894177948159
"patient1","ENSG00000182287","AP1S2",9.53444309675799
"patient1","ENSG00000042493","CAPG",9.5223644615309
"patient1","ENSG00000125148","MT2A",9.5196357374743
"patient1","ENSG00000133872","SARAF",9.5154751269189
"patient1","ENSG00000160255","ITGB2",9.5096302893525
"patient1","ENSG00000182578","CSF1R",9.50845318262554
"patient1","ENSG00000121966","CXCR4",9.50042442293303
"patient1","ENSG00000035862","TIMP2",9.49077983057456
"patient1","ENSG00000142227","EMP3",9.45523503747025
"patient1","ENSG00000114115","RBP1",9.44927556504408
"patient1","ENSG00000129226","CD68",9.4490361312259
"patient1","ENSG00000182551","ADI1",9.43964090534202
"patient1","ENSG00000173918","C1QTNF1",9.4302661103473
"patient1","ENSG00000186834","HEXIM1",9.42980843553124
"patient1","ENSG00000170891","CYTL1",9.41557934880924
"patient1","ENSG00000125968","ID1",9.3781731632677
"patient1","ENSG00000168209","DDIT4",9.33899876508226
"patient1","ENSG00000153071","DAB2",9.33753100764425
"patient1","ENSG00000103811","CTSH",9.32724851710318
"patient1","ENSG00000174080","CTSF",9.32384042894868
"patient1","ENSG00000177697","CD151",9.2983815536156
"patient1","ENSG00000050165","DKK3",9.27390905339064
"patient1","ENSG00000137331","IER3",9.24175907181475
"patient1","ENSG00000113721","PDGFRB",9.23144957576363
"patient1","ENSG00000158747","NBL1",9.2121064086342
"patient1","ENSG00000051108","HERPUD1",9.18927473749307
"patient1","ENSG00000148671","ADIRF",9.18457345418018
"patient1","ENSG00000066336","SPI1",9.1776582452379
"patient1","ENSG00000223865","HLA-DPB1",9.17497968789342
"patient1","ENSG00000110852","CLEC2B",9.17000161525522
"patient1","ENSG00000130066","SAT1",9.14232788934399
"patient1","ENSG00000196139","AKR1C3",9.12495536318611
"patient1","ENSG00000143819","EPHX1",9.10339691580518
"patient1","ENSG00000183722","LHFPL6",9.08141496420223
"patient1","ENSG00000165168","CYBB",9.05612288578661
"patient1","ENSG00000177575","CD163",9.03696423266756
"patient1","ENSG00000154556","SORBS2",9.00964552760234
"patient1","ENSG00000233016","SNHG7",8.9865143626803
"patient1","ENSG00000196735","HLA-DQA1",8.97343410883654
"patient1","ENSG00000184905","TCEAL2",8.96329234593561
"patient1","ENSG00000101347","SAMHD1",8.96088949222323
"patient1","ENSG00000008441","NFIX",8.95897911065361
"patient1","ENSG00000143537","ADAM15",8.95514284114328
"patient1","ENSG00000154096","THY1",8.9329021077154
"patient1","ENSG00000188229","TUBB4B",8.927866825071
"patient1","ENSG00000081041","CXCL2",8.92221148873865
"patient1","ENSG00000087074","PPP1R15A",8.89957458416156
"patient1","ENSG00000277443","MARCKS",8.89702032168806
"patient1","ENSG00000130755","GMFG",8.89196855097902
"patient1","ENSG00000070081","NUCB2",8.87873314907749
"patient1","ENSG00000106066","CPVL",8.87340896623394
"patient1","ENSG00000131370","SH3BP5",8.86844195801328
"patient1","ENSG00000142798","HSPG2",8.86074673684586
"patient1","ENSG00000162407","PLPP3",8.85518064732554
"patient1","ENSG00000135821","GLUL",8.8541564999285
"patient1","ENSG00000112149","CD83",8.82242911421965
"patient1","ENSG00000084070","SMAP2",8.80848134640223
"patient1","ENSG00000065911","MTHFD2",8.80222937999116
"patient1","ENSG00000109472","CPE",8.79742879106276
"patient1","ENSG00000189409","MMP23B",8.79364209419917
"patient1","ENSG00000173706","HEG1",8.7840622828248
"patient1","ENSG00000115594","IL1R1",8.77105709231764
"patient1","ENSG00000260916","CCPG1",8.76246357449224
"patient1","ENSG00000102007","PLP2",8.74387571169699
"patient1","ENSG00000054654","SYNE2",8.70998666781198
"patient1","ENSG00000110079","MS4A4A",8.69928011109144
"patient1","ENSG00000107281","NPDC1",8.6987335548893
"patient1","ENSG00000125347","IRF1",8.67968927941589
"patient1","ENSG00000017427","IGF1",8.65756077204618
"patient1","ENSG00000164125","GASK1B",8.64497536820057
"patient1","ENSG00000180304","OAZ2",8.63080049731
"patient1","ENSG00000110092","CCND1",8.62956315368666
"patient1","ENSG00000185215","TNFAIP2",8.61396008641941
"patient1","ENSG00000130402","ACTN4",8.60857220057376
"patient1","ENSG00000167553","TUBA1C",8.58756048499588
"patient1","ENSG00000118515","SGK1",8.57065196746563
"patient1","ENSG00000104870","FCGRT",8.57026721107197
"patient1","ENSG00000141338","ABCA8",8.5634154741022
"patient1","ENSG00000134107","BHLHE40",8.5627202419238
"patient1","ENSG00000087245","MMP2",8.55298941483204
"patient1","ENSG00000030582","GRN",8.54470515756064
"patient1","ENSG00000198431","TXNRD1",8.53622391712991
"patient1","ENSG00000162576","MXRA8",8.52096081294441
"patient1","ENSG00000160932","LY6E",8.49895986391657
"patient1","ENSG00000169439","SDC2",8.48707188406327
"patient1","ENSG00000150347","ARID5B",8.45948734759552
"patient1","ENSG00000118785","SPP1",8.45459780139198
"patient1","ENSG00000137962","ARHGAP29",8.44895554776234
"patient1","ENSG00000114541","FRMD4B",8.44739547443718
"patient1","ENSG00000123131","PRDX4",8.44541089432292
"patient1","ENSG00000085871","MGST2",8.4445751312442
"patient1","ENSG00000028137","TNFRSF1B",8.43658837030603
"patient1","ENSG00000111275","ALDH2",8.43072911343914
"patient1","ENSG00000172403","SYNPO2",8.42899789741127
"patient1","ENSG00000115738","ID2",8.41893747164672
"patient1","ENSG00000163017","ACTG2",8.41381914465822
"patient1","ENSG00000122378","PRXL2A",8.4110147308164
"patient1","ENSG00000048740","CELF2",8.4043273982362
"patient1","ENSG00000118508","RAB32",8.3950271563045
"patient1","ENSG00000126261","UBA2",8.37021415179852
"patient1","ENSG00000026508","CD44",8.36964428445123
"patient1","ENSG00000162614","NEXN",8.36309357645445
"patient1","ENSG00000121898","CPXM2",8.35088967961019
"patient1","ENSG00000166741","NNMT",8.32880037266176
"patient1","ENSG00000108691","CCL2",8.31917301639584
"patient1","ENSG00000153317","ASAP1",8.30880236206547
"patient1","ENSG00000139278","GLIPR1",8.30019166218544
"patient1","ENSG00000084234","APLP2",8.28582063044371
"patient1","ENSG00000168214","RBPJ",8.27536793592888
"patient1","ENSG00000006016","CRLF1",8.27365814440527
"patient1","ENSG00000197405","C5AR1",8.27263766268468
"patient1","ENSG00000187134","AKR1C1",8.26714178787348
"patient1","ENSG00000137710","RDX",8.26670282066478
"patient1","ENSG00000178573","MAF",8.26442436928372
"patient1","ENSG00000134243","SORT1",8.26255393865812
"patient1","ENSG00000163931","TKT",8.26106853635452
"patient1","ENSG00000124766","SOX4",8.24212129104752
"patient1","ENSG00000235162","C12orf75",8.23591755642147
"patient1","ENSG00000067113","PLPP1",8.23271213355541
"patient1","ENSG00000169504","CLIC4",8.23065131612047
"patient1","ENSG00000129422","MTUS1",8.22844068742823
"patient1","ENSG00000100979","PLTP",8.22096259686504
"patient1","ENSG00000101384","JAG1",8.21646131729435
"patient1","ENSG00000150540","HNMT",8.20919172881434
"patient1","ENSG00000242574","HLA-DMB",8.20021703367824
"patient1","ENSG00000100242","SUN2",8.19501527348613
"patient1","ENSG00000137076","TLN1",8.17969808984661
"patient1","ENSG00000099204","ABLIM1",8.15886115260659
"patient1","ENSG00000123104","ITPR2",8.13248661861878
"patient1","ENSG00000102802","MEDAG",8.12907475765714
"patient1","ENSG00000115641","FHL2",8.12123683271773
"patient1","ENSG00000136826","KLF4",8.11785689773052
"patient1","ENSG00000128245","YWHAH",8.10891413606426
"patient1","ENSG00000025708","TYMP",8.10799138508344
"patient1","ENSG00000147862","NFIB",8.10042613198297
"patient1","ENSG00000116194","ANGPTL1",8.08871261245548
"patient1","ENSG00000106538","RARRES2",8.08754777614578
"patient1","ENSG00000151789","ZNF385D",8.06050931689572
"patient1","ENSG00000154553","PDLIM3",8.06038199663787
"patient1","ENSG00000162599","NFIA",8.0558488939585
"patient1","ENSG00000165092","ALDH1A1",8.05146762875347
"patient1","ENSG00000189171","S100A13",8.04550241090398
"patient1","ENSG00000107438","PDLIM1",8.03306350606972
"patient1","ENSG00000129824","RPS4Y1",8.01714060876997
"patient1","ENSG00000143110","C1orf162",8.00903968539682
"patient1","ENSG00000022267","FHL1",7.9752399297995
"patient1","ENSG00000168542","COL3A1",7.97342386675717
"patient1","ENSG00000168003","SLC3A2",7.96499487117882
"patient1","ENSG00000111678","C12orf57",7.9522594635006
"patient1","ENSG00000131711","MAP1B",7.9482437680286
"patient1","ENSG00000129657","SEC14L1",7.93798223935652
"patient1","ENSG00000111666","CHPT1",7.93140328713321
"patient1","ENSG00000169398","PTK2",7.92555151310612
"patient1","ENSG00000011405","PIK3C2A",7.92453981059152
"patient1","ENSG00000119900","OGFRL1",7.91938356000786
"patient1","ENSG00000146674","IGFBP3",7.91754388328152
"patient1","ENSG00000150593","PDCD4",7.91650871475264
"patient1","ENSG00000099250","NRP1",7.91500257588796
"patient1","ENSG00000163660","CCNL1",7.91077845501712
"patient1","ENSG00000134294","SLC38A2",7.90874581501471
"patient1","ENSG00000129116","PALLD",7.90510147712929
"patient1","ENSG00000005022","SLC25A5",7.90226842905926
"patient1","ENSG00000143013","LMO4",7.9003690931471
"patient1","ENSG00000111817","DSE",7.89823354503205
"patient1","ENSG00000139679","LPAR6",7.86114719698436
"patient1","ENSG00000163110","PDLIM5",7.85869236299193
"patient1","ENSG00000154734","ADAMTS1",7.85800328852332
"patient1","ENSG00000145730","PAM",7.8451283166913
"patient1","ENSG00000172935","MRGPRF",7.83827842559136
"patient1","ENSG00000249669","ENSG00000249669",7.83614204899701
"patient1","ENSG00000173193","PARP14",7.83327167088395
"patient1","ENSG00000115468","EFHD1",7.82559645761571
"patient1","ENSG00000118640","VAMP8",7.80746284008897
"patient1","ENSG00000163359","COL6A3",7.79250823024423
"patient1","ENSG00000162998","FRZB",7.79083989750704
"patient1","ENSG00000132002","DNAJB1",7.78861457165044
"patient1","ENSG00000123636","BAZ2B",7.78715202303484
"patient1","ENSG00000111145","ELK3",7.78630655637027
"patient1","ENSG00000171860","C3AR1",7.78196408098879
"patient1","ENSG00000124831","LRRFIP1",7.76657357069679
"patient1","ENSG00000137509","PRCP",7.75452102727297
"patient1","ENSG00000167775","CD320",7.75129936134917
"patient1","ENSG00000104419","NDRG1",7.74945873130345
"patient1","ENSG00000113594","LIFR",7.73003285519626
"patient1","ENSG00000042753","AP2S1",7.72640324352995
"patient1","ENSG00000145390","USP53",7.72639892966304
"patient1","ENSG00000091436","MAP3K20",7.72173200074046
"patient1","ENSG00000116774","OLFML3",7.71804468559816
"patient1","ENSG00000065809","FAM107B",7.6966326502745
"patient1","ENSG00000108821","COL1A1",7.67040505988605
"patient1","ENSG00000173705","SUSD5",7.66571455169835
"patient1","ENSG00000176845","METRNL",7.65480617559042
"patient1","ENSG00000006327","TNFRSF12A",7.64485989816425
"patient1","ENSG00000166347","CYB5A",7.62413555337181
"patient1","ENSG00000166333","ILK",7.61760280386536
"patient1","ENSG00000103187","COTL1",7.61616671358878
"patient1","ENSG00000243449","NICOL1",7.58291950294226
"patient1","ENSG00000152818","UTRN",7.56855248677618
"patient1","ENSG00000198355","PIM3",7.56734188980653
"patient1","ENSG00000136732","GYPC",7.54850914374671
"patient1","ENSG00000175183","CSRP2",7.54221171675052
"patient1","ENSG00000047457","CP",7.5356330993008
"patient1","ENSG00000131669","NINJ1",7.53107669103231
"patient1","ENSG00000140682","TGFB1I1",7.52365279844416
"patient1","ENSG00000100906","NFKBIA",7.49629597683219
"patient1","ENSG00000117984","CTSD",7.49277640329317
"patient1","ENSG00000120896","SORBS3",7.49150242248476
"patient1","ENSG00000158716","DUSP23",7.48738263268369
"patient1","ENSG00000175602","CCDC85B",7.4849799640848
"patient1","ENSG00000196923","PDLIM7",7.46477068002654
"patient1","ENSG00000169413","RNASE6",7.46057776919479
"patient1","ENSG00000204389","HSPA1A",7.45727684234499
"patient1","ENSG00000188313","PLSCR1",7.45592996734223
"patient1","ENSG00000108679","LGALS3BP",7.44870890959753
"patient1","ENSG00000116489","CAPZA1",7.44287078302596
"patient1","ENSG00000214063","TSPAN4",7.44098498664039
"patient1","ENSG00000241343","RPL36A",7.431800393131
"patient1","ENSG00000197894","ADH5",7.42046820131443
"patient1","ENSG00000163513","TGFBR2",7.41768122368318
"patient1","ENSG00000148700","ADD3",7.40570536164175
"patient1","ENSG00000124225","PMEPA1",7.40063291992327
"patient1","ENSG00000113657","DPYSL3",7.39411286262153
"patient1","ENSG00000168938","PPIC",7.3930151637907
"patient1","ENSG00000152661","GJA1",7.39231114995904
"patient1","ENSG00000159840","ZYX",7.38164566590771
"patient1","ENSG00000159884","CCDC107",7.37163275597356
"patient1","ENSG00000106819","ASPN",7.3703228717118
"patient1","ENSG00000106366","SERPINE1",7.36142431600784
"patient1","ENSG00000172301","COPRS",7.35793476112355
"patient1","ENSG00000174307","PHLDA3",7.35780809323732
"patient1","ENSG00000071967","CYBRD1",7.3550844424826
"patient1","ENSG00000004776","HSPB6",7.33437359017792
"patient1","ENSG00000156113","KCNMA1",7.33397757943418
"patient1","ENSG00000136235","GPNMB",7.32939507883617
"patient1","ENSG00000181222","POLR2A",7.32895318971827
"patient1","ENSG00000275395","FCGBP",7.31760101985367
"patient1","ENSG00000071127","WDR1",7.30702869616762
"patient1","ENSG00000139687","RB1",7.28884781676372
"patient1","ENSG00000170540","ARL6IP1",7.28705386232154
"patient1","ENSG00000011422","PLAUR",7.28030293078185
"patient1","ENSG00000104765","BNIP3L",7.27597058639265
"patient1","ENSG00000204264","PSMB8",7.25912413446535
"patient1","ENSG00000172348","RCAN2",7.25745867363748
"patient1","ENSG00000070961","ATP2B1",7.25520454110783
"patient1","ENSG00000101955","SRPX",7.25144870452002
"patient1","ENSG00000130522","JUND",7.24974833136551
"patient1","ENSG00000067900","ROCK1",7.23926864418552
"patient1","ENSG00000134871","COL4A2",7.23909734823163
"patient1","ENSG00000163430","FSTL1",7.2388033963819
"patient1","ENSG00000196628","TCF4",7.23537168049506
"patient1","ENSG00000269821","KCNQ1OT1",7.2276378626012
"patient1","ENSG00000166033","HTRA1",7.22760879400034
"patient1","ENSG00000103145","HCFC1R1",7.22540595985656
"patient1","ENSG00000163131","CTSS",7.22026212876089
"patient1","ENSG00000010327","STAB1",7.21447036091305
"patient1","ENSG00000100097","LGALS1",7.20919868309308
"patient1","ENSG00000173641","HSPB7",7.18174619020895
"patient1","ENSG00000177885","GRB2",7.17116227228061
"patient1","ENSG00000092964","DPYSL2",7.17055025423758
"patient1","ENSG00000155090","KLF10",7.16339944083163
"patient1","ENSG00000021355","SERPINB1",7.1630991876151
"patient1","ENSG00000182809","CRIP2",7.15184975130167
"patient1","ENSG00000159251","ACTC1",7.14850210388161
"patient1","ENSG00000123416","TUBA1B",7.13364661878973
"patient1","ENSG00000162924","REL",7.12449250724465
"patient1","ENSG00000269893","SNHG8",7.12345288741299
"patient1","ENSG00000134996","OSTF1",7.10754617880529
"patient1","ENSG00000222041","CYTOR",7.09136068473742
"patient1","ENSG00000171659","GPR34",7.08336001213461
"patient1","ENSG00000130303","BST2",7.07920744237861
"patient1","ENSG00000196569","LAMA2",7.06211035944111
"patient1","ENSG00000112773","TENT5A",7.05161268179675
"patient1","ENSG00000117519","CNN3",7.04957733829562
"patient1","ENSG00000090013","BLVRB",7.04877216479411
"patient1","ENSG00000061676","NCKAP1",7.02842027236199
"patient1","ENSG00000145632","PLK2",7.0280083679415
"patient1","ENSG00000173848","NET1",7.02527507005588
"patient1","ENSG00000130429","ARPC1B",7.00710049975527
"patient1","ENSG00000114857","NKTR",6.98464038541094
"patient1","ENSG00000109787","KLF3",6.97388599572698
"patient1","ENSG00000172531","PPP1CA",6.9665230751255
"patient1","ENSG00000103769","RAB11A",6.96433676209917
"patient1","ENSG00000169926","KLF13",6.96267455310976
"patient1","ENSG00000077782","FGFR1",6.95614361456345
"patient1","ENSG00000115306","SPTBN1",6.94152939403163
"patient1","ENSG00000136603","SKIL",6.93927646210502
"patient1","ENSG00000198832","SELENOM",6.93747553880238
"patient1","ENSG00000105373","NOP53",6.93690130594934
"patient1","ENSG00000173486","FKBP2",6.90399691086131
"patient1","ENSG00000079308","TNS1",6.90208305423903
"patient1","ENSG00000163681","SLMAP",6.90097996552853
"patient1","ENSG00000164442","CITED2",6.88186133675419
"patient1","ENSG00000168994","PXDC1",6.88100000151375
"patient1","ENSG00000241685","ARPC1A",6.87934889765158
"patient1","ENSG00000204257","HLA-DMA",6.84207338938713
"patient1","ENSG00000143387","CTSK",6.83920938018195
"patient1","ENSG00000143549","TPM3",6.79933424265552
"patient1","ENSG00000112562","SMOC2",6.79528493732372
"patient1","ENSG00000112308","C6orf62",6.78698499088121
"patient1","ENSG00000165512","ZNF22",6.78245605353593
"patient1","ENSG00000131446","MGAT1",6.77603095723033
"patient1","ENSG00000185624","P4HB",6.76811772375389
"patient1","ENSG00000110841","PPFIBP1",6.737503455106
"patient1","ENSG00000159128","IFNGR2",6.73279876544372
"patient1","ENSG00000147526","TACC1",6.72896923116296
"patient1","ENSG00000137033","IL33",6.71109204251781
"patient1","ENSG00000169715","MT1E",6.71021977011913
"patient1","ENSG00000105835","NAMPT",6.70389596299119
"patient1","ENSG00000117906","RCN2",6.70346730150815
"patient1","ENSG00000170348","TMED10",6.6935583939439
"patient1","ENSG00000137312","FLOT1",6.68910538502947
"patient1","ENSG00000173267","SNCG",6.68412033464505
"patient1","ENSG00000138071","ACTR2",6.67745871781542
"patient1","ENSG00000168899","VAMP5",6.67403666152899
"patient1","ENSG00000067225","PKM",6.67245192152526
"patient1","ENSG00000173511","VEGFB",6.6645089428588
"patient1","ENSG00000155368","DBI",6.65718813158311
"patient1","ENSG00000132780","NASP",6.65697194916144
"patient1","ENSG00000142552","RCN3",6.65588270197635
"patient1","ENSG00000189221","MAOA",6.65164132789717
"patient1","ENSG00000150938","CRIM1",6.64745463926962
"patient1","ENSG00000167601","AXL",6.63844165957034
"patient1","ENSG00000144802","NFKBIZ",6.62428281689665
"patient1","ENSG00000177469","CAVIN1",6.61744849374463
"patient1","ENSG00000127947","PTPN12",6.60622464846127
"patient1","ENSG00000123096","SSPN",6.60208333682022
"patient1","ENSG00000069702","TGFBR3",6.59899303278987
"patient1","ENSG00000125753","VASP",6.59626853338589
"patient1","ENSG00000177105","RHOG",6.59559101449386
"patient1","ENSG00000134291","TMEM106C",6.59482495370197
"patient1","ENSG00000143545","RAB13",6.5873820909135
"patient1","ENSG00000023902","PLEKHO1",6.5655468604715
"patient1","ENSG00000133789","SWAP70",6.56028007766315
"patient1","ENSG00000181722","ZBTB20",6.55334952974008
"patient1","ENSG00000077157","PPP1R12B",6.55156453270005
"patient1","ENSG00000163956","LRPAP1",6.52795570117114
"patient1","ENSG00000100644","HIF1A",6.52169578099581
"patient1","ENSG00000115091","ACTR3",6.51899461008227
"patient1","ENSG00000134533","RERG",6.51348738824009
"patient1","ENSG00000113140","SPARC",6.51248433313032
"patient1","ENSG00000070404","FSTL3",6.50102301612484
"patient1","ENSG00000143162","CREG1",6.49862209272759
"patient1","ENSG00000164176","EDIL3",6.49237112330457
"patient1","ENSG00000142192","APP",6.49146561436296
"patient1","ENSG00000125844","RRBP1",6.48068043385518
"patient1","ENSG00000049449","RCN1",6.47839131362013
"patient1","ENSG00000163565","IFI16",6.45793542329777
"patient1","ENSG00000140836","ZFHX3",6.44951043229333
"patient1","ENSG00000128016","ZFP36",6.44262075382188
"patient1","ENSG00000205364","MT1M",6.42474652646717
"patient1","ENSG00000164741","DLC1",6.40975340104241
"patient1","ENSG00000172201","ID4",6.4018185131849
"patient1","ENSG00000166165","CKB",6.39146365719223
"patient1","ENSG00000104823","ECH1",6.39127600535154
"patient1","ENSG00000211455","STK38L",6.38159146227453
"patient1","ENSG00000142156","COL6A1",6.36643968976547
"patient1","ENSG00000102024","PLS3",6.36473304036515
"patient1","ENSG00000143878","RHOB",6.36456164860729
"patient1","ENSG00000213853","EMP2",6.32761790655531
"patient1","ENSG00000131236","CAP1",6.32571512982672
"patient1","ENSG00000100911","PSME2",6.32567581172678
"patient1","ENSG00000174718","RESF1",6.30292735461378
"patient1","ENSG00000120690","ELF1",6.29962956615657
"patient1","ENSG00000108774","RAB5C",6.2964871327657
"patient1","ENSG00000135047","CTSL",6.29643476050781
"patient1","ENSG00000147872","PLIN2",6.28966851296172
"patient1","ENSG00000096060","FKBP5",6.2870485210857
"patient1","ENSG00000154188","ANGPT1",6.28477025117929
"patient1","ENSG00000204569","PPP1R10",6.28470665956123
"patient1","ENSG00000074842","MYDGF",6.28283320277329
"patient1","ENSG00000149257","SERPINH1",6.27835003103312
"patient1","ENSG00000131724","IL13RA1",6.27832414171488
"patient1","ENSG00000034677","RNF19A",6.27786527882802
"patient1","ENSG00000137876","RSL24D1",6.27374080559203
"patient1","ENSG00000178035","IMPDH2",6.27358325082953
"patient1","ENSG00000137161","CNPY3",6.27347361808273
"patient1","ENSG00000128595","CALU",6.27030933485282
"patient1","ENSG00000153048","CARHSP1",6.26984613743387
"patient1","ENSG00000027697","IFNGR1",6.2541461263076
"patient1","ENSG00000163171","CDC42EP3",6.24934934417721
"patient1","ENSG00000116717","GADD45A",6.24897110231132
"patient1","ENSG00000145936","KCNMB1",6.24109884832219
"patient1","ENSG00000116741","RGS2",6.23624554972443
"patient1","ENSG00000133142","TCEAL4",6.23331509604975
"patient1","ENSG00000107738","VSIR",6.22862778204451
"patient1","ENSG00000135862","LAMC1",6.22475251999669
"patient1","ENSG00000160789","LMNA",6.19409853969333
"patient1","ENSG00000197448","GSTK1",6.19350038706108
"patient1","ENSG00000089006","SNX5",6.192163066189
"patient1","ENSG00000141447","OSBPL1A",6.19093136504337
"patient1","ENSG00000044574","HSPA5",6.18571777357443
"patient1","ENSG00000100600","LGMN",6.17841137046325
"patient1","ENSG00000243147","MRPL33",6.16712146280463
"patient1","ENSG00000171055","FEZ2",6.14113947547863
"patient1","ENSG00000103202","NME4",6.13591682774635
"patient1","ENSG00000151729","SLC25A4",6.1350511135203
"patient1","ENSG00000176658","MYO1D",6.12975271159506
"patient1","ENSG00000120129","DUSP1",6.12748123307859
"patient1","ENSG00000138080","EMILIN1",6.12745927347546
"patient1","ENSG00000148541","FAM13C",6.12744806317026
"patient1","ENSG00000120306","CYSTM1",6.11842588265543
"patient1","ENSG00000204217","BMPR2",6.11309430983524
"patient1","ENSG00000184840","TMED9",6.10638418809647
"patient1","ENSG00000137831","UACA",6.09252135919971
"patient1","ENSG00000164949","GEM",6.08914467638031
"patient1","ENSG00000229807","XIST",6.08839502887726
"patient1","ENSG00000122642","FKBP9",6.07807114949071
"patient1","ENSG00000185630","PBX1",6.0778207030879
"patient1","ENSG00000187231","SESTD1",6.07070061121446
"patient1","ENSG00000107798","LIPA",6.06577845425275
"patient1","ENSG00000067082","KLF6",6.0636741555263
"patient1","ENSG00000170759","KIF5B",6.0616223046412
"patient1","ENSG00000185432","TMT1A",6.06155855883046
"patient1","ENSG00000108823","SGCA",6.03033051207489
"patient1","ENSG00000198947","DMD",6.02879910531222
"patient1","ENSG00000204388","HSPA1B",6.0248363967514
"patient1","ENSG00000105971","CAV2",6.0108616521544
"patient1","ENSG00000196507","TCEAL3",6.00107195612359
"patient1","ENSG00000086062","B4GALT1",5.99987488068775
"patient1","ENSG00000095637","SORBS1",5.99981997068198
"patient1","ENSG00000146066","HIGD2A",5.99725023123955
"patient1","ENSG00000104324","CPQ",5.9948711916674
"patient1","ENSG00000156052","GNAQ",5.97158895509638
"patient1","ENSG00000072952","IRAG1",5.97107629973234
"patient1","ENSG00000164056","SPRY1",5.9688543173794
"patient1","ENSG00000164032","H2AZ1",5.96339461314394
"patient1","ENSG00000069849","ATP1B3",5.95169235469657
"patient1","ENSG00000161960","EIF4A1",5.94732590454476
"patient1","ENSG00000134202","GSTM3",5.94324048288914
"patient1","ENSG00000171862","PTEN",5.94296651833715
"patient1","ENSG00000002549","LAP3",5.93713082868053
"patient1","ENSG00000173221","GLRX",5.92843815875739
"patient1","ENSG00000138449","SLC40A1",5.92237182903653
"patient1","ENSG00000119922","IFIT2",5.91677996701862
"patient1","ENSG00000157110","RBPMS",5.9027249807441
"patient1","ENSG00000138495","COX17",5.89710038166374
"patient1","ENSG00000198168","SVIP",5.89024891945225
"patient1","ENSG00000073921","PICALM",5.88180661141003
"patient1","ENSG00000113811","SELENOK",5.85911074459403
"patient1","ENSG00000141543","EIF4A3",5.85722170203486
"patient1","ENSG00000105223","PLD3",5.85278012017952
"patient1","ENSG00000117410","ATP6V0B",5.85062648433711
"patient1","ENSG00000024422","EHD2",5.84880829172017
"patient1","ENSG00000107372","ZFAND5",5.84692199362248
"patient1","ENSG00000273749","CYFIP1",5.84332234030291
"patient1","ENSG00000189067","LITAF",5.84276026630559
"patient1","ENSG00000091317","CMTM6",5.82293846904313
"patient1","ENSG00000180353","HCLS1",5.81750503136661
"patient1","ENSG00000123562","MORF4L2",5.80155971892412
"patient1","ENSG00000141480","ARRB2",5.79766895186486
"patient1","ENSG00000198848","CES1",5.79747104154162
"patient1","ENSG00000118705","RPN2",5.79304963927542
"patient1","ENSG00000131471","AOC3",5.79128695118086
"patient1","ENSG00000204256","BRD2",5.7805460421419
"patient1","ENSG00000167815","PRDX2",5.77938178384749
"patient1","ENSG00000166147","FBN1",5.76960186070884
"patient1","ENSG00000166503","HDGFL3",5.75456921659967
"patient1","ENSG00000163399","ATP1A1",5.75230056526343
"patient1","ENSG00000129128","SPCS3",5.74777477051422
"patient1","ENSG00000118292","C1orf54",5.74710805005994
"patient1","ENSG00000148175","STOM",5.74235975037321
"patient1","ENSG00000068305","MEF2A",5.74055192848175
"patient1","ENSG00000111885","MAN1A1",5.73601722057133
"patient1","ENSG00000090006","LTBP4",5.73583438777233
"patient1","ENSG00000187498","COL4A1",5.72613052466709
"patient1","ENSG00000005243","COPZ2",5.71854065357974
"patient1","ENSG00000177879","AP3S1",5.7109081343514
"patient1","ENSG00000115875","SRSF7",5.70818775430854
"patient1","ENSG00000109906","ZBTB16",5.70740017904861
"patient1","ENSG00000197061","H4C3",5.70662754709957
"patient1","ENSG00000124299","PEPD",5.70201705105056
"patient1","ENSG00000156804","FBXO32",5.69148275963682
"patient1","ENSG00000117448","AKR1A1",5.68438718811499
"patient1","ENSG00000138758","SEPTIN11",5.68169582099427
"patient1","ENSG00000086061","DNAJA1",5.6799119857477
"patient1","ENSG00000117318","ID3",5.67978102189694
"patient1","ENSG00000198898","CAPZA2",5.67637404695745
"patient1","ENSG00000140497","SCAMP2",5.66936671697395
"patient1","ENSG00000113269","RNF130",5.66775668903645
"patient1","ENSG00000106034","CPED1",5.66735281425343
"patient1","ENSG00000168461","RAB31",5.6671758537585
"patient1","ENSG00000152558","TMEM123",5.66156909073143
"patient1","ENSG00000068912","ERLEC1",5.66063117055531
"patient1","ENSG00000168140","VASN",5.65043166394708
"patient1","ENSG00000121691","CAT",5.64913024709809
"patient1","ENSG00000082996","RNF13",5.64490562065279
"patient1","ENSG00000140931","CMTM3",5.63972298185818
"patient1","ENSG00000180817","PPA1",5.63273624378639
"patient1","ENSG00000178719","GRINA",5.62790778154174
"patient1","ENSG00000103490","PYCARD",5.62748696207544
"patient1","ENSG00000224032","ENSG00000224032",5.62049240612747
"patient1","ENSG00000154589","LY96",5.61122618608369
"patient1","ENSG00000165655","ZNF503",5.61044117561295
"patient1","ENSG00000165507","DEPP1",5.60022740977042
"patient1","ENSG00000054598","FOXC1",5.59382810750237
"patient1","ENSG00000241399","CD302",5.5814290399851
"patient1","ENSG00000184584","STING1",5.56863509265422
"patient1","ENSG00000116473","RAP1A",5.56571869452983
"patient1","ENSG00000122176","FMOD",5.56409174339612
"patient1","ENSG00000184897","H1-10",5.559938624622
"patient1","ENSG00000018408","WWTR1",5.55345759769195
"patient1","ENSG00000182195","LDOC1",5.55267703443569
"patient1","ENSG00000181019","NQO1",5.54827747575788
"patient1","ENSG00000164104","HMGB2",5.54703622866663
"patient1","ENSG00000278311","GGNBP2",5.54670968756697
"patient1","ENSG00000185187","SIGIRR",5.54054071318775
"patient1","ENSG00000109113","RAB34",5.53985779302731
"patient1","ENSG00000183963","SMTN",5.53465532980285
"patient1","ENSG00000138735","PDE5A",5.53208093762298
"patient1","ENSG00000166340","TPP1",5.5214641231885
"patient1","ENSG00000163584","RPL22L1",5.52045376929393
"patient1","ENSG00000148908","RGS10",5.50911366383053
"patient1","ENSG00000120837","NFYB",5.50372820075824
"patient1","ENSG00000196937","FAM3C",5.49886588308365
"patient1","ENSG00000241553","ARPC4",5.49494718922782
"patient1","ENSG00000026297","RNASET2",5.49418508529845
"patient1","ENSG00000100592","DAAM1",5.48886247829822
"patient1","ENSG00000114850","SSR3",5.48699417494107
"patient1","ENSG00000035403","VCL",5.47114417702128
"patient1","ENSG00000176485","PLAAT3",5.46161325775603
"patient1","ENSG00000174099","MSRB3",5.44901189468808
"patient1","ENSG00000110955","ATP5F1B",5.44396343661171
"patient1","ENSG00000115355","CCDC88A",5.44339871367284
"patient1","ENSG00000177156","TALDO1",5.43398049811264
"patient1","ENSG00000147065","MSN",5.42895902982879
"patient1","ENSG00000129515","SNX6",5.42614818055949
"patient1","ENSG00000182208","MOB2",5.42375937547388
"patient1","ENSG00000060237","WNK1",5.41193177996742
"patient1","ENSG00000126458","RRAS",5.40099251242451
"patient1","ENSG00000120738","EGR1",5.39484946551138
"patient1","ENSG00000171992","SYNPO",5.39343353872943
"patient1","ENSG00000005893","LAMP2",5.39175447864699
"patient1","ENSG00000129680","MAP7D3",5.38835295622843
"patient1","ENSG00000105202","FBL",5.38308043346725
"patient1","ENSG00000172465","TCEAL1",5.37897303567863
"patient1","ENSG00000169604","ANTXR1",5.3772854125399
"patient1","ENSG00000184990","SIVA1",5.36193163843565
"patient1","ENSG00000128739","SNRPN",5.36122551631147
"patient1","ENSG00000161921","CXCL16",5.34758933177242
"patient1","ENSG00000108639","SYNGR2",5.34683065520616
"patient1","ENSG00000166681","BEX3",5.34442387719241
"patient1","ENSG00000137575","SDCBP",5.33498545862899
"patient1","ENSG00000166012","TAF1D",5.33438007609273
"patient1","ENSG00000179820","MYADM",5.33223627762947
"patient1","ENSG00000082781","ITGB5",5.32381080169103
"patient1","ENSG00000067182","TNFRSF1A",5.30707025955458
"patient1","ENSG00000102172","SMS",5.30462272485435
"patient1","ENSG00000163683","SMIM14",5.29873170211849
"patient1","ENSG00000246705","H2AJ",5.29573152040198
"patient1","ENSG00000072163","LIMS2",5.27397740675811
"patient1","ENSG00000205352","PRR13",5.27195233199012
"patient1","ENSG00000170776","AKAP13",5.26704435537627
"patient1","ENSG00000049540","ELN",5.2649406767652
"patient1","ENSG00000120742","SERP1",5.26467169573774
"patient1","ENSG00000165637","VDAC2",5.26334383402316
"patient1","ENSG00000196352","CD55",5.2479901849189
"patient1","ENSG00000197043","ANXA6",5.23715445379133
"patient1","ENSG00000119950","MXI1",5.23079818426836
"patient1","ENSG00000141756","FKBP10",5.21819449329037
"patient1","ENSG00000111961","SASH1",5.21559980246497
"patient1","ENSG00000114861","FOXP1",5.21012927763476
"patient1","ENSG00000100243","CYB5R3",5.20679301048751
"patient1","ENSG00000213977","TAX1BP3",5.20618931677501
"patient1","ENSG00000118523","CCN2",5.20106600850457
"patient1","ENSG00000003402","CFLAR",5.194208799332
"patient1","ENSG00000108828","VAT1",5.18851053207449
"patient1","ENSG00000170906","NDUFA3",5.1815475332061
"patient1","ENSG00000112514","CUTA",5.17596288789347
"patient1","ENSG00000147454","SLC25A37",5.17135666969119
"patient1","ENSG00000062716","VMP1",5.1710567319601
"patient1","ENSG00000049860","HEXB",5.14851032240836
"patient1","ENSG00000152492","CCDC50",5.14677042411074
"patient1","ENSG00000054148","PHPT1",5.14570309367082
"patient1","ENSG00000095794","CREM",5.14163756931875
"patient1","ENSG00000185532","PRKG1",5.13974134696238
"patient1","ENSG00000130340","SNX9",5.13953298174189
"patient1","ENSG00000144642","RBMS3",5.13789426030821
"patient1","ENSG00000173821","RNF213",5.13629632837842
"patient1","ENSG00000175197","DDIT3",5.13190023445086
"patient1","ENSG00000122033","MTIF3",5.13061976684336
"patient1","ENSG00000117362","APH1A",5.12777175015621
"patient1","ENSG00000159228","CBR1",5.1246921195665
"patient1","ENSG00000070087","PFN2",5.11447310513288
"patient1","ENSG00000125827","TMX4",5.10882087972157
"patient1","ENSG00000085832","EPS15",5.10695166357856
"patient1","ENSG00000164985","PSIP1",5.09768219963903
"patient1","ENSG00000137941","TTLL7",5.09017009872031
"patient1","ENSG00000183172","SMDT1",5.08942275928354
"patient1","ENSG00000111077","TNS2",5.08367634019651
"patient1","ENSG00000127603","MACF1",5.07827334868639
"patient1","ENSG00000071282","LMCD1",5.0524732792234
"patient1","ENSG00000123933","MXD4",5.04122334958764
"patient1","ENSG00000168477","TNXB",5.0358918670657
"patient1","ENSG00000111912","NCOA7",5.02033224797772
"patient1","ENSG00000105669","COPE",5.01441380558882
"patient1","ENSG00000215301","DDX3X",5.00644003269467
"patient1","ENSG00000168036","CTNNB1",5.0062681442608
"patient1","ENSG00000169738","DCXR",5.00602072906133
"patient1","ENSG00000151914","DST",5.00203195641588
"patient1","ENSG00000160014","CALM3",5.00000236904603
"patient1","ENSG00000104763","ASAH1",4.99832339757513
"patient1","ENSG00000147027","TMEM47",4.98837818191723
"patient1","ENSG00000168056","LTBP3",4.98615808797201
"patient1","ENSG00000184500","PROS1",4.98440887584647
"patient1","ENSG00000135090","TAOK3",4.98379189317114
"patient1","ENSG00000143384","MCL1",4.98347502757675
"patient1","ENSG00000118762","PKD2",4.97522800592204
"patient1","ENSG00000006042","TMEM98",4.97113401061619
"patient1","ENSG00000173905","GOLIM4",4.96451564630319
"patient1","ENSG00000178741","COX5A",4.95540037373349
"patient1","ENSG00000071205","ARHGAP10",4.95214621404179
"patient1","ENSG00000009413","REV3L",4.94892588853862
"patient1","ENSG00000213949","ITGA1",4.94721993246755
"patient1","ENSG00000131871","SELENOS",4.94551974300532
"patient1","ENSG00000126524","SBDS",4.9309505685313
"patient1","ENSG00000124357","NAGK",4.92308487220764
"patient1","ENSG00000169641","LUZP1",4.91767641630261
"patient1","ENSG00000243927","MRPS6",4.91712154724984
"patient1","ENSG00000104067","TJP1",4.9100573411686
"patient1","ENSG00000089280","FUS",4.91001456894564
"patient1","ENSG00000115977","AAK1",4.90688113611648
"patient1","ENSG00000125835","SNRPB",4.90623076805301
"patient1","ENSG00000141367","CLTC",4.90525523717488
"patient1","ENSG00000122034","GTF3A",4.90511406416524
"patient1","ENSG00000169756","LIMS1",4.90344683234512
"patient1","ENSG00000100711","ZFYVE21",4.90338378873703
"patient1","ENSG00000163001","CFAP36",4.90295681552096
"patient1","ENSG00000138814","PPP3CA",4.90284007831016
"patient1","ENSG00000168374","ARF4",4.89892143288069
"patient1","ENSG00000134318","ROCK2",4.89404642493874
"patient1","ENSG00000119729","RHOQ",4.88703091845446
"patient1","ENSG00000221968","FADS3",4.88676386538909
"patient1","ENSG00000135535","CD164",4.88568276401273
"patient1","ENSG00000140941","MAP1LC3B",4.88195015456356
"patient1","ENSG00000011454","RABGAP1",4.87485404059911
"patient1","ENSG00000104047","DTWD1",4.87335907039462
"patient1","ENSG00000079819","EPB41L2",4.86695106677791
"patient1","ENSG00000128524","ATP6V1F",4.86694525273269
"patient1","ENSG00000167397","VKORC1",4.86328418774991
"patient1","ENSG00000164330","EBF1",4.862097090335
"patient1","ENSG00000217555","CKLF",4.85702091303181
"patient1","ENSG00000144224","UBXN4",4.852924605824
"patient1","ENSG00000136758","YME1L1",4.85085636840474
"patient1","ENSG00000165527","ARF6",4.83795054862818
"patient1","ENSG00000134352","IL6ST",4.83023238514776
"patient1","ENSG00000088448","ANKRD10",4.82178394489292
"patient1","ENSG00000149557","FEZ1",4.80742321084911
"patient1","ENSG00000198856","OSTC",4.79209253560091
"patient1","ENSG00000140350","ANP32A",4.78772137322028
"patient1","ENSG00000138594","TMOD3",4.78529725912721
"patient1","ENSG00000128951","DUT",4.78208324955028
"patient1","ENSG00000175334","BANF1",4.77971369655893
"patient1","ENSG00000163902","RPN1",4.77690294491243
"patient1","ENSG00000153310","CYRIB",4.77020584385043
"patient1","ENSG00000197879","MYO1C",4.76995357900735
"patient1","ENSG00000164932","CTHRC1",4.76072976613159
"patient1","ENSG00000047849","MAP4",4.75941308424024
"patient1","ENSG00000205581","HMGN1",4.74708574753749
"patient1","ENSG00000197694","SPTAN1",4.74473017187576
"patient1","ENSG00000143416","SELENBP1",4.73666836256468
"patient1","ENSG00000092531","SNAP23",4.7345320505145
"patient1","ENSG00000171735","CAMTA1",4.7313978073687
"patient1","ENSG00000185896","LAMP1",4.72825783434337
"patient1","ENSG00000100804","PSMB5",4.7228786975436
"patient1","ENSG00000131016","AKAP12",4.72266230990674
"patient1","ENSG00000112419","PHACTR2",4.720900966587
"patient1","ENSG00000162191","UBXN1",4.71923638037757
"patient1","ENSG00000134186","PRPF38B",4.69327548104059
"patient1","ENSG00000213614","HEXA",4.69115300533345
"patient1","ENSG00000100353","EIF3D",4.68616919187535
"patient1","ENSG00000149218","ENDOD1",4.67971642659401
"patient1","ENSG00000073712","FERMT2",4.67051439755227
"patient1","ENSG00000088832","FKBP1A",4.65896387197786
"patient1","ENSG00000198399","ITSN2",4.6519570643484
"patient1","ENSG00000118407","FILIP1",4.64686929778106
"patient1","ENSG00000164105","SAP30",4.63474952255551
"patient1","ENSG00000116586","LAMTOR2",4.63403394791751
"patient1","ENSG00000241468","ATP5MF",4.63226841936501
"patient1","ENSG00000105401","CDC37",4.6287788806998
"patient1","ENSG00000154380","ENAH",4.62387326086808
"patient1","ENSG00000168610","STAT3",4.62189316560118
"patient1","ENSG00000005810","MYCBP2",4.61904595400857
"patient1","ENSG00000092010","PSME1",4.61783428754337
"patient1","ENSG00000148516","ZEB1",4.61513289090537
"patient1","ENSG00000013583","HEBP1",4.60991220016031
"patient1","ENSG00000115350","POLE4",4.60841967177149
"patient1","ENSG00000135655","USP15",4.60384806509192
"patient1","ENSG00000197256","KANK2",4.60167458544183
"patient1","ENSG00000168734","PKIG",4.60106903555168
"patient1","ENSG00000123240","OPTN",4.59114263355742
"patient1","ENSG00000118971","CCND2",4.5876354280947
"patient1","ENSG00000163069","SGCB",4.57179136078356
"patient1","ENSG00000179085","DPM3",4.56578913472171
"patient1","ENSG00000101856","PGRMC1",4.56065605588386
"patient1","ENSG00000112759","SLC29A1",4.5575061698307
"patient1","ENSG00000122884","P4HA1",4.55092887618235
"patient1","ENSG00000126457","PRMT1",4.54954464238004
"patient1","ENSG00000265681","RPL17",4.54842733031818
"patient1","ENSG00000123505","AMD1",4.54615591339347
"patient1","ENSG00000118855","MFSD1",4.54486806305354
"patient1","ENSG00000204435","CSNK2B",4.54309421906184
"patient1","ENSG00000085733","CTTN",4.54125792950823
"patient1","ENSG00000172115","CYCS",4.53659501885714
"patient1","ENSG00000156642","NPTN",4.53496803575526
"patient1","ENSG00000182774","RPS17",4.53286681587215
"patient1","ENSG00000188483","IER5L",4.53143676254365
"patient1","ENSG00000131238","PPT1",4.52661644044626
"patient1","ENSG00000258289","CHURC1",4.52531163378617
"patient1","ENSG00000101460","MAP1LC3A",4.51919401225253
"patient1","ENSG00000100106","TRIOBP",4.51461206911813
"patient1","ENSG00000134686","PHC2",4.5134834874546
"patient1","ENSG00000182117","NOP10",4.51075926219462
"patient1","ENSG00000157107","FCHO2",4.49346454750306
"patient1","ENSG00000160752","FDPS",4.48910601681403
"patient1","ENSG00000212907","MT-ND4L",4.48839044330916
"patient1","ENSG00000105968","H2AZ2",4.48425225167793
"patient1","ENSG00000117614","SYF2",4.4769802242523
"patient1","ENSG00000108256","NUFIP2",4.47225354509457
"patient1","ENSG00000180628","PCGF5",4.46894298511091
"patient1","ENSG00000150977","RILPL2",4.46311159576311
"patient1","ENSG00000091527","CDV3",4.45911758608821
"patient1","ENSG00000139684","ESD",4.45706585183241
"patient1","ENSG00000107863","ARHGAP21",4.45440603188443
"patient1","ENSG00000093010","COMT",4.43611684963
"patient1","ENSG00000166734","GOLM2",4.43098194943483
"patient1","ENSG00000113648","MACROH2A1",4.41945153480021
"patient1","ENSG00000177410","ZFAS1",4.41893478458994
"patient1","ENSG00000182534","MXRA7",4.41849393093741
"patient1","ENSG00000148834","GSTO1",4.40231593106548
"patient1","ENSG00000172037","LAMB2",4.38683399358631
"patient1","ENSG00000205302","SNX2",4.38369014876162
"patient1","ENSG00000123179","EBPL",4.36700226080611
"patient1","ENSG00000220205","VAMP2",4.36140524607433
"patient1","ENSG00000165410","CFL2",4.35468812883061
"patient1","ENSG00000101294","HM13",4.35433641960864
"patient1","ENSG00000139343","SNRPF",4.35221756356705
"patient1","ENSG00000198189","HSD17B11",4.33154681527598
"patient1","ENSG00000132424","PNISR",4.32388671496298
"patient1","ENSG00000173230","GOLGB1",4.32017471143431
"patient1","ENSG00000153187","HNRNPU",4.31960742815261
"patient1","ENSG00000148120","AOPEP",4.3158028107772
"patient1","ENSG00000010256","UQCRC1",4.31506661085682
"patient1","ENSG00000169062","UPF3A",4.31082827121572
"patient1","ENSG00000119138","KLF9",4.30673649304466
"patient1","ENSG00000168291","PDHB",4.30387598818922
"patient1","ENSG00000129968","ABHD17A",4.30271166023763
"patient1","ENSG00000116560","SFPQ",4.30161579550225
"patient1","ENSG00000185627","PSMD13",4.29997297312754
"patient1","ENSG00000144426","NBEAL1",4.2923631979543
"patient1","ENSG00000134308","YWHAQ",4.28856147953095
"patient1","ENSG00000172216","CEBPB",4.2874035134052
"patient1","ENSG00000196975","ANXA4",4.27945016331151
"patient1","ENSG00000196230","TUBB",4.27161811854304
"patient1","ENSG00000136527","TRA2B",4.27120389574487
"patient1","ENSG00000135541","AHI1",4.27095770797612
"patient1","ENSG00000118418","HMGN3",4.27029860705959
"patient1","ENSG00000266412","NCOA4",4.2666883065224
"patient1","ENSG00000228253","MT-ATP8",4.26603718327513
"patient1","ENSG00000166848","TERF2IP",4.26058944644062
"patient1","ENSG00000241644","INMT",4.25379211089191
"patient1","ENSG00000055609","KMT2C",4.24846539069615
"patient1","ENSG00000187608","ISG15",4.24020867858227
"patient1","ENSG00000146425","DYNLT1",4.23658657410906
"patient1","ENSG00000006015","REX1BD",4.22098431927192
"patient1","ENSG00000184785","SMIM10",4.22058932716334
"patient1","ENSG00000177425","PAWR",4.21797549317148
"patient1","ENSG00000146540","CHLSN",4.21557661124127
"patient1","ENSG00000234545","FAM133B",4.21181179344745
"patient1","ENSG00000075790","BCAP29",4.20751990183722
"patient1","ENSG00000138119","MYOF",4.20527492354294
"patient1","ENSG00000085662","AKR1B1",4.19942798731157
"patient1","ENSG00000132824","SERINC3",4.19594795221876
"patient1","ENSG00000173457","PPP1R14B",4.19210279736579
"patient1","ENSG00000106615","RHEB",4.18862743405841
"patient1","ENSG00000140575","IQGAP1",4.18734576693324
"patient1","ENSG00000172725","CORO1B",4.18154272965452
"patient1","ENSG00000100823","APEX1",4.17894414653788
"patient1","ENSG00000247596","TWF2",4.1787833844847
"patient1","ENSG00000171159","BBLN",4.17816417618909
"patient1","ENSG00000176978","DPP7",4.17297078596275
"patient1","ENSG00000135842","NIBAN1",4.16005129222784
"patient1","ENSG00000114439","BBX",4.15114308528752
"patient1","ENSG00000102144","PGK1",4.14990155204096
"patient1","ENSG00000136770","DNAJC1",4.14796578599393
"patient1","ENSG00000113851","CRBN",4.13405569970966
"patient1","ENSG00000003056","M6PR",4.13286904311235
"patient1","ENSG00000050405","LIMA1",4.13250828839099
"patient1","ENSG00000124749","COL21A1",4.13068136842836
"patient1","ENSG00000164346","NSA2",4.11134898395354
"patient1","ENSG00000006125","AP2B1",4.11032910470445
"patient1","ENSG00000135837","CEP350",4.10709507004144
"patient1","ENSG00000111642","CHD4",4.09986105447933
"patient1","ENSG00000120913","PDLIM2",4.09549187756059
"patient1","ENSG00000180370","PAK2",4.08869125294748
"patient1","ENSG00000129103","SUMF2",4.08413687710755
"patient1","ENSG00000114331","ACAP2",4.08359810738455
"patient1","ENSG00000008282","SYPL1",4.08085517377542
"patient1","ENSG00000075142","SRI",4.079287357718
"patient1","ENSG00000164039","BDH2",4.07736082497206
"patient1","ENSG00000173598","NUDT4",4.07735974480446
"patient1","ENSG00000101745","ANKRD12",4.07665966867154
"patient1","ENSG00000107341","UBE2R2",4.07376378756911
"patient1","ENSG00000138448","ITGAV",4.07281458210899
"patient1","ENSG00000162434","JAK1",4.06439276525498
"patient1","ENSG00000106299","WASL",4.06397632793266
"patient1","ENSG00000099800","TIMM13",4.06187768444127
"patient1","ENSG00000162733","DDR2",4.05796924186498
"patient1","ENSG00000239697","TNFSF12",4.0578389176918
"patient1","ENSG00000170955","CAVIN3",4.04981281174559
"patient1","ENSG00000143870","PDIA6",4.03054039589713
"patient1","ENSG00000173436","MICOS10",4.02522706234866
"patient1","ENSG00000011638","LDAF1",4.0249556153804
"patient1","ENSG00000076043","REXO2",4.00721049832031
"patient1","ENSG00000164754","RAD21",3.99867260641177
"patient1","ENSG00000204370","SDHD",3.99695628572958
"patient1","ENSG00000044115","CTNNA1",3.99236190542021
"patient1","ENSG00000169813","HNRNPF",3.98615171694044
"patient1","ENSG00000140299","BNIP2",3.98176801317937
"patient1","ENSG00000143753","DEGS1",3.97848604831627
"patient1","ENSG00000173418","NAA20",3.97256536802927
"patient1","ENSG00000159720","ATP6V0D1",3.97038808241741
"patient1","ENSG00000121064","SCPEP1",3.96403572382315
"patient1","ENSG00000162032","SPSB3",3.96052441005605
"patient1","ENSG00000072778","ACADVL",3.95971062603433
"patient1","ENSG00000167088","SNRPD1",3.94982508212742
"patient1","ENSG00000135926","TMBIM1",3.93362379147843
"patient1","ENSG00000198830","HMGN2",3.92369000320634
"patient1","ENSG00000023734","STRAP",3.92319011324052
"patient1","ENSG00000170043","TRAPPC1",3.92003861504161
"patient1","ENSG00000114450","GNB4",3.91218938102942
"patient1","ENSG00000101596","SMCHD1",3.90509410051358
"patient1","ENSG00000187735","TCEA1",3.90214053075279
"patient1","ENSG00000120265","PCMT1",3.8987842427584
"patient1","ENSG00000125970","RALY",3.8967577087862
"patient1","ENSG00000162368","CMPK1",3.88517853758648
"patient1","ENSG00000185222","TCEAL9",3.8840953774727
"patient1","ENSG00000023287","RB1CC1",3.88205371889345
"patient1","ENSG00000153914","SREK1",3.87684673501371
"patient1","ENSG00000094963","FMO2",3.8696416740855
"patient1","ENSG00000149084","HSD17B12",3.86108544027623
"patient1","ENSG00000100354","TNRC6B",3.8524147731583
"patient1","ENSG00000182636","NDN",3.84534816027835
"patient1","ENSG00000129003","VPS13C",3.84370741741897
"patient1","ENSG00000157500","APPL1",3.83820874913968
"patient1","ENSG00000102030","NAA10",3.83710643437942
"patient1","ENSG00000145050","MANF",3.836077500069
"patient1","ENSG00000109046","WSB1",3.83247996896492
"patient1","ENSG00000198363","ASPH",3.82945338732639
"patient1","ENSG00000183291","SELENOF",3.82528618200518
"patient1","ENSG00000144381","HSPD1",3.82258654623712
"patient1","ENSG00000265241","RBM8A",3.80506492992116
"patient1","ENSG00000186522","SEPTIN10",3.79969231395408
"patient1","ENSG00000265491","RNF115",3.79257657673034
"patient1","ENSG00000244038","DDOST",3.79140691794896
"patient1","ENSG00000171988","JMJD1C",3.78771536008735
"patient1","ENSG00000147684","NDUFB9",3.78129190700812
"patient1","ENSG00000134313","KIDINS220",3.77909111156887
"patient1","ENSG00000134884","ARGLU1",3.77002359493931
"patient1","ENSG00000064601","CTSA",3.76901555500235
"patient1","ENSG00000132485","ZRANB2",3.76627315915005
"patient1","ENSG00000102054","RBBP7",3.75347504563445
"patient1","ENSG00000178209","PLEC",3.75211000395317
"patient1","ENSG00000074695","LMAN1",3.74722826229135
"patient1","ENSG00000171867","PRNP",3.74531119495874
"patient1","ENSG00000151327","FAM177A1",3.74237733500432
"patient1","ENSG00000184076","UQCR10",3.72525470534211
"patient1","ENSG00000196776","CD47",3.7223218964492
"patient1","ENSG00000134717","BTF3L4",3.72213610786023
"patient1","ENSG00000102317","RBM3",3.70430111836863
"patient1","ENSG00000080822","CLDND1",3.69881071126
"patient1","ENSG00000111639","MRPL51",3.69505209710145
"patient1","ENSG00000205544","TMEM256",3.69189364794001
"patient1","ENSG00000077232","DNAJC10",3.68920628588435
"patient1","ENSG00000176014","TUBB6",3.68822578189504
"patient1","ENSG00000134440","NARS1",3.68143264792901
"patient1","ENSG00000162604","TM2D1",3.67803722729
"patient1","ENSG00000117758","STX12",3.66140256974465
"patient1","ENSG00000110422","HIPK3",3.65654041813182
"patient1","ENSG00000146729","NIPSNAP2",3.65396110432243
"patient1","ENSG00000178104","PDE4DIP",3.6508730478512
"patient1","ENSG00000111276","CDKN1B",3.64803852833468
"patient1","ENSG00000172638","EFEMP2",3.64625831319394
"patient1","ENSG00000117691","NENF",3.6448971708887
"patient1","ENSG00000103152","MPG",3.64477539467924
"patient1","ENSG00000151468","CCDC3",3.64476780855742
"patient1","ENSG00000142871","CCN1",3.6382566944446
"patient1","ENSG00000067066","SP100",3.62916418924695
"patient1","ENSG00000119632","IFI27L2",3.62362242904467
"patient1","ENSG00000169045","HNRNPH1",3.62020405955511
"patient1","ENSG00000131966","ACTR10",3.61393611240769
"patient1","ENSG00000165732","DDX21",3.60873028358398
"patient1","ENSG00000079950","STX7",3.60098777086161
"patient1","ENSG00000113580","NR3C1",3.60000683655357
"patient1","ENSG00000150764","DIXDC1",3.59657761230225
"patient1","ENSG00000182220","ATP6AP2",3.58911276810618
"patient1","ENSG00000178127","NDUFV2",3.5818730845461
"patient1","ENSG00000143420","ENSA",3.57740399157084
"patient1","ENSG00000103035","PSMD7",3.57588744109024
"patient1","ENSG00000131634","TMEM204",3.569870038092
"patient1","ENSG00000122257","RBBP6",3.5598113484383
"patient1","ENSG00000116005","PCYOX1",3.55829672303856
"patient1","ENSG00000120616","EPC1",3.55159763040206
"patient1","ENSG00000184900","SUMO3",3.54788317217888
"patient1","ENSG00000147140","NONO",3.54525641006489
"patient1","ENSG00000172380","GNG12",3.54390944057511
"patient1","ENSG00000130313","PGLS",3.53877763641476
"patient1","ENSG00000162385","MAGOH",3.53779330002803
"patient1","ENSG00000163346","PBXIP1",3.53233448729033
"patient1","ENSG00000153250","RBMS1",3.53080201411702
"patient1","ENSG00000161281","COX7A1",3.5280672555079
"patient1","ENSG00000100664","EIF5",3.5224801273897
"patient1","ENSG00000164031","DNAJB14",3.52246796196574
"patient1","ENSG00000152234","ATP5F1A",3.51409645972605
"patient1","ENSG00000132471","WBP2",3.51276580799266
"patient1","ENSG00000113282","CLINT1",3.50059108255597
"patient1","ENSG00000124762","CDKN1A",3.49791609771756
"patient1","ENSG00000104964","TLE5",3.49385569969523
"patient1","ENSG00000211450","SELENOH",3.48692793472295
"patient1","ENSG00000136240","KDELR2",3.48586485162362
"patient1","ENSG00000177200","CHD9",3.47826639457882
"patient1","ENSG00000133398","MED10",3.47347445618093
"patient1","ENSG00000149923","PPP4C",3.47215934256515
"patient1","ENSG00000162616","DNAJB4",3.46208812395903
"patient1","ENSG00000127990","SGCE",3.45732610580593
"patient1","ENSG00000143612","LTAP1",3.45550894333069
"patient1","ENSG00000181904","C5orf24",3.44787173813905
"patient1","ENSG00000170876","TMEM43",3.44231077353245
"patient1","ENSG00000124783","SSR1",3.44103218752486
"patient1","ENSG00000129009","ISLR",3.43796052431407
"patient1","ENSG00000116649","SRM",3.43256065140109
"patient1","ENSG00000117862","TXNDC12",3.42882110014924
"patient1","ENSG00000112977","DAP",3.42551378986847
"patient1","ENSG00000240972","MIF",3.42180121473264
"patient1","ENSG00000032219","ARID4A",3.41855890274383
"patient1","ENSG00000124570","SERPINB6",3.41417585741442
"patient1","ENSG00000105258","POLR2I",3.4078034572368
"patient1","ENSG00000170515","PA2G4",3.40459311221725
"patient1","ENSG00000158604","TMED4",3.40411433369164
"patient1","ENSG00000116754","SRSF11",3.40249213387049
"patient1","ENSG00000169764","UGP2",3.40155663023664
"patient1","ENSG00000082641","NFE2L1",3.4014998596964
"patient1","ENSG00000100216","TOMM22",3.39990672011747
"patient1","ENSG00000087884","AAMDC",3.39976616587567
"patient1","ENSG00000113621","TXNDC15",3.39817607837795
"patient1","ENSG00000177666","PNPLA2",3.39552702918383
"patient1","ENSG00000164190","NIPBL",3.39000647264893
"patient1","ENSG00000013275","PSMC4",3.38907588842722
"patient1","ENSG00000111481","COPZ1",3.3862425115668
"patient1","ENSG00000102189","EEA1",3.3819040685643
"patient1","ENSG00000107290","SETX",3.38179322294408
"patient1","ENSG00000183741","CBX6",3.37908278983249
"patient1","ENSG00000067829","IDH3G",3.37637717661518
"patient1","ENSG00000130520","LSM4",3.37308528329858
"patient1","ENSG00000163541","SUCLG1",3.35470861205768
"patient1","ENSG00000257727","CNPY2",3.35281875198894
"patient1","ENSG00000173272","MZT2A",3.35044130996188
"patient1","ENSG00000099977","DDT",3.34999078098242
"patient1","ENSG00000186395","KRT10",3.33464231626597
"patient1","ENSG00000089289","IGBP1",3.32650098250299
"patient1","ENSG00000103994","ZNF106",3.32509920339111
"patient1","ENSG00000087274","ADD1",3.31937926669767
"patient1","ENSG00000118058","KMT2A",3.31823991920842
"patient1","ENSG00000181350","LRRC75A",3.31137079148976
"patient1","ENSG00000106400","ZNHIT1",3.30984496636004
"patient1","ENSG00000183283","DAZAP2",3.30875830994214
"patient1","ENSG00000106052","TAX1BP1",3.30670736174066
"patient1","ENSG00000137409","MTCH1",3.30215495940391
"patient1","ENSG00000047410","TPR",3.29809679952921
"patient1","ENSG00000180957","PITPNB",3.29629462772475
"patient1","ENSG00000144895","EIF2A",3.28939448850852
"patient1","ENSG00000144674","GOLGA4",3.28745143108922
"patient1","ENSG00000114125","RNF7",3.2870252516634
"patient1","ENSG00000138085","ATRAID",3.28251533866127
"patient1","ENSG00000166226","CCT2",3.28178234868117
"patient1","ENSG00000143401","ANP32E",3.27869258550237
"patient1","ENSG00000136436","CALCOCO2",3.27609502046046
"patient1","ENSG00000230989","HSBP1",3.27010289402994
"patient1","ENSG00000165389","SPTSSA",3.26542851352104
"patient1","ENSG00000132670","PTPRA",3.25888005927111
"patient1","ENSG00000065613","SLK",3.25835343474994
"patient1","ENSG00000115677","HDLBP",3.25482521103296
"patient1","ENSG00000105698","USF2",3.2546710870687
"patient1","ENSG00000197712","FAM114A1",3.25240185457392
"patient1","ENSG00000134330","IAH1",3.24943365902821
"patient1","ENSG00000134851","TMEM165",3.24933009843114
"patient1","ENSG00000205981","DNAJC19",3.24577020835732
"patient1","ENSG00000014641","MDH1",3.24289734793841
"patient1","ENSG00000196141","SPATS2L",3.24231344758588
"patient1","ENSG00000115419","GLS",3.23695412630074
"patient1","ENSG00000124767","GLO1",3.23062598282694
"patient1","ENSG00000109381","ELF2",3.22512534154025
"patient1","ENSG00000160551","TAOK1",3.22231832882258
"patient1","ENSG00000125676","THOC2",3.2217103908992
"patient1","ENSG00000130741","EIF2S3",3.21833744541972
"patient1","ENSG00000144560","VGLL4",3.21764220467508
"patient1","ENSG00000165775","FUNDC2",3.21261299182481
"patient1","ENSG00000125944","HNRNPR",3.20417417086366
"patient1","ENSG00000179632","MAF1",3.20106237450909
"patient1","ENSG00000119801","YPEL5",3.19836550654437
"patient1","ENSG00000143256","PFDN2",3.19789303946217
"patient1","ENSG00000105254","TBCB",3.19124071570864
"patient1","ENSG00000078808","SDF4",3.19057971298057
"patient1","ENSG00000117899","MESD",3.18527021822605
"patient1","ENSG00000169021","UQCRFS1",3.18136536764514
"patient1","ENSG00000182512","GLRX5",3.17786796814158
"patient1","ENSG00000138674","SEC31A",3.17459513808923
"patient1","ENSG00000170248","PDCD6IP",3.17286410037032
"patient1","ENSG00000114698","PLSCR4",3.16494496359247
"patient1","ENSG00000088930","XRN2",3.15817018092749
"patient1","ENSG00000137100","DCTN3",3.15334640905883
"patient1","ENSG00000067167","TRAM1",3.15235260492383
"patient1","ENSG00000169223","LMAN2",3.15055420579177
"patient1","ENSG00000138592","USP8",3.14977748296015
"patient1","ENSG00000150316","CWC15",3.14527404753028
"patient1","ENSG00000260032","NORAD",3.13968639868958
"patient1","ENSG00000106460","TMEM106B",3.12812726139637
"patient1","ENSG00000131018","SYNE1",3.12759162742519
"patient1","ENSG00000168066","SF1",3.12624235503734
"patient1","ENSG00000164548","TRA2A",3.12264885904163
"patient1","ENSG00000115524","SF3B1",3.11312381832918
"patient1","ENSG00000127914","AKAP9",3.1115798840755
"patient1","ENSG00000160310","PRMT2",3.10278594537491
"patient1","ENSG00000136279","DBNL",3.10248641265518
"patient1","ENSG00000084733","RAB10",3.09547693447746
"patient1","ENSG00000164684","ZNF704",3.08312611530677
"patient1","ENSG00000136521","NDUFB5",3.08211307572685
"patient1","ENSG00000182004","SNRPE",3.08018081452225
"patient1","ENSG00000147419","CCDC25",3.07879425773747
"patient1","ENSG00000123983","ACSL3",3.0747439375817
"patient1","ENSG00000155438","NIFK",3.07470394837375
"patient1","ENSG00000127125","PPCS",3.07373179701026
"patient1","ENSG00000176386","CDC26",3.07205511247
"patient1","ENSG00000100567","PSMA3",3.06838453437252
"patient1","ENSG00000148290","SURF1",3.06548143868664
"patient1","ENSG00000114978","MOB1A",3.06514252416082
"patient1","ENSG00000131508","UBE2D2",3.06505012800602
"patient1","ENSG00000189060","H1-0",3.06387793234696
"patient1","ENSG00000099797","TECR",3.06112266697203
"patient1","ENSG00000176101","SSNA1",3.06052288232502
"patient1","ENSG00000205730","ITPRIPL2",3.05797841563731
"patient1","ENSG00000126709","IFI6",3.05748614581837
"patient1","ENSG00000167110","GOLGA2",3.05747306101985
"patient1","ENSG00000198931","APRT",3.05292675210202
"patient1","ENSG00000152404","CWF19L2",3.0487380624275
"patient1","ENSG00000198900","TOP1",3.04734222483016
"patient1","ENSG00000013374","NUB1",3.04340048531505
"patient1","ENSG00000126653","NSRP1",3.04190327594506
"patient1","ENSG00000164258","NDUFS4",3.04144752873471
"patient1","ENSG00000105185","PDCD5",3.03807145747284
"patient1","ENSG00000082153","BZW1",3.03019861891843
"patient1","ENSG00000100201","DDX17",3.02942653624657
"patient1","ENSG00000134153","EMC7",3.02866192853312
"patient1","ENSG00000163875","MEAF6",3.02260626875215
"patient1","ENSG00000089248","ERP29",3.02208320623704
"patient1","ENSG00000031698","SARS1",3.021220860233
"patient1","ENSG00000144747","TMF1",3.02081662800236
"patient1","ENSG00000102531","FNDC3A",3.01992247129241
"patient1","ENSG00000078369","GNB1",3.0155240810354
"patient1","ENSG00000171222","SCAND1",3.00878202236164
"patient1","ENSG00000115484","CCT4",3.00869024398
"patient1","ENSG00000145907","G3BP1",3.00256756607039
"patient1","ENSG00000128789","PSMG2",3.00097925013872
"patient1","ENSG00000168264","IRF2BP2",2.99483979251333
"patient1","ENSG00000116030","SUMO1",2.99393664293483
"patient1","ENSG00000051620","HEBP2",2.98633295655423
"patient1","ENSG00000127445","PIN1",2.96779735949386
"patient1","ENSG00000133318","RTN3",2.96503329873885
"patient1","ENSG00000149100","EIF3M",2.95028017341681
"patient1","ENSG00000099783","HNRNPM",2.9372396237003
"patient1","ENSG00000184983","NDUFA6",2.93111415200241
"patient1","ENSG00000140391","TSPAN3",2.93048595299243
"patient1","ENSG00000205937","RNPS1",2.92886646006981
"patient1","ENSG00000102316","MAGED2",2.92884669982593
"patient1","ENSG00000135387","CAPRIN1",2.92419673340692
"patient1","ENSG00000125995","ROMO1",2.92147284162055
"patient1","ENSG00000175416","CLTB",2.92009290093902
"patient1","ENSG00000135624","CCT7",2.91736333564436
"patient1","ENSG00000185129","PURA",2.90700452056827
"patient1","ENSG00000198625","MDM4",2.90388590301903
"patient1","ENSG00000153130","SCOC",2.90248938673739
"patient1","ENSG00000159377","PSMB4",2.90164194047224
"patient1","ENSG00000136628","EPRS1",2.89054395168417
"patient1","ENSG00000204387","SNHG32",2.88400252679226
"patient1","ENSG00000102580","DNAJC3",2.88148342141545
"patient1","ENSG00000148484","RSU1",2.87897119402435
"patient1","ENSG00000106355","LSM5",2.87514819338155
"patient1","ENSG00000078140","UBE2K",2.87295998590174
"patient1","ENSG00000155115","GTF3C6",2.86381256955291
"patient1","ENSG00000131100","ATP6V1E1",2.86303885669553
"patient1","ENSG00000177119","ANO6",2.8618635258465
"patient1","ENSG00000116459","ATP5PB",2.8601342363984
"patient1","ENSG00000087302","RTRAF",2.85964851451625
"patient1","ENSG00000161547","SRSF2",2.85486960905839
"patient1","ENSG00000102898","NUTF2",2.85161229151359
"patient1","ENSG00000164040","PGRMC2",2.84966657428685
"patient1","ENSG00000183255","PTTG1IP",2.84428137322602
"patient1","ENSG00000104805","NUCB1",2.84404126412212
"patient1","ENSG00000128989","ARPP19",2.84323232224413
"patient1","ENSG00000163714","U2SURP",2.84155151496827
"patient1","ENSG00000122359","ANXA11",2.8389936616478
"patient1","ENSG00000087088","BAX",2.83369792403997
"patient1","ENSG00000109390","NDUFC1",2.8308095940891
"patient1","ENSG00000125870","SNRPB2",2.82905462893108
"patient1","ENSG00000102409","BEX4",2.82177608053293
"patient1","ENSG00000137207","YIPF3",2.81835510237212
"patient1","ENSG00000115241","PPM1G",2.81603372259568
"patient1","ENSG00000099817","POLR2E",2.80918018236904
"patient1","ENSG00000111790","FGFR1OP2",2.79781550744789
"patient1","ENSG00000160194","NDUFV3",2.79432047904235
"patient1","ENSG00000178057","NDUFAF3",2.79304561291678
"patient1","ENSG00000089048","ESF1",2.79300128100074
"patient1","ENSG00000148450","MSRB2",2.79293998931439
"patient1","ENSG00000142694","EVA1B",2.79108220313364
"patient1","ENSG00000198961","PJA2",2.78767710954081
"patient1","ENSG00000087191","PSMC5",2.78558353302166
"patient1","ENSG00000229833","PET100",2.78522495388669
"patient1","ENSG00000180964","TCEAL8",2.78216675431246
"patient1","ENSG00000159658","EFCAB14",2.7788136423697
"patient1","ENSG00000111786","SRSF9",2.77872127222699
"patient1","ENSG00000179950","PUF60",2.77796487215718
"patient1","ENSG00000213465","ARL2",2.7753094278494
"patient1","ENSG00000143977","SNRPG",2.774278527674
"patient1","ENSG00000166946","CCNDBP1",2.7679932626443
"patient1","ENSG00000029363","BCLAF1",2.7612029941811
"patient1","ENSG00000134248","LAMTOR5",2.75948316335117
"patient1","ENSG00000125652","ALKBH7",2.7527596673333
"patient1","ENSG00000183617","MRPL54",2.75246440006735
"patient1","ENSG00000135441","BLOC1S1",2.75088622722614
"patient1","ENSG00000177889","UBE2N",2.74926939804641
"patient1","ENSG00000127022","CANX",2.74573763940934
"patient1","ENSG00000243317","STMP1",2.74350448423636
"patient1","ENSG00000163468","CCT3",2.74224250923308
"patient1","ENSG00000178449","COX14",2.73790369001418
"patient1","ENSG00000186184","POLR1D",2.73559883773933
"patient1","ENSG00000126067","PSMB2",2.72886966213459
"patient1","ENSG00000165169","DYNLT3",2.72780976848252
"patient1","ENSG00000132507","EIF5A",2.72173285736013
"patient1","ENSG00000058668","ATP2B4",2.72016693925009
"patient1","ENSG00000100603","SNW1",2.71548135253511
"patient1","ENSG00000111011","RSRC2",2.71393105944173
"patient1","ENSG00000075239","ACAT1",2.71178010494094
"patient1","ENSG00000138433","CIRSR",2.70962711994934
"patient1","ENSG00000038219","BOD1L1",2.69968939489827
"patient1","ENSG00000110917","MLEC",2.69955657529829
"patient1","ENSG00000129235","TXNDC17",2.6918158033264
"patient1","ENSG00000125458","NT5C",2.69047319551665
"patient1","ENSG00000122565","CBX3",2.68495922710523
"patient1","ENSG00000146416","AIG1",2.68043736934537
"patient1","ENSG00000065135","GNAI3",2.67791490925748
"patient1","ENSG00000120533","ENY2",2.67493357898032
"patient1","ENSG00000133706","LARS1",2.67176316378044
"patient1","ENSG00000100811","YY1",2.6701834003606
"patient1","ENSG00000164323","CFAP97",2.65554066184214
"patient1","ENSG00000109920","FNBP4",2.6490335051078
"patient1","ENSG00000106443","PHF14",2.64853325161205
"patient1","ENSG00000121851","POLR3GL",2.64717866352579
"patient1","ENSG00000002330","BAD",2.64236476807845
"patient1","ENSG00000174780","SRP72",2.63727189657029
"patient1","ENSG00000090863","GLG1",2.63702656355351
"patient1","ENSG00000111142","METAP2",2.62509028516119
"patient1","ENSG00000144579","CTDSP1",2.62115911432739
"patient1","ENSG00000185825","BCAP31",2.62055132264433
"patient1","ENSG00000186010","NDUFA13",2.62011320531037
"patient1","ENSG00000120805","ARL1",2.61968251175078
"patient1","ENSG00000166337","TAF10",2.61795281611012
"patient1","ENSG00000101421","CHMP4B",2.61571204397664
"patient1","ENSG00000162734","PEA15",2.61316626723836
"patient1","ENSG00000137500","CCDC90B",2.61309794897525
"patient1","ENSG00000170275","CRTAP",2.60814201876315
"patient1","ENSG00000102931","ARL2BP",2.60603602494841
"patient1","ENSG00000126934","MAP2K2",2.60571099611643
"patient1","ENSG00000141867","BRD4",2.60265095498141
"patient1","ENSG00000184432","COPB2",2.590940035161
"patient1","ENSG00000177830","CHID1",2.58767186686461
"patient1","ENSG00000062194","GPBP1",2.58700664625953
"patient1","ENSG00000156261","CCT8",2.58693397858536
"patient1","ENSG00000100612","DHRS7",2.58396016701095
"patient1","ENSG00000136448","NMT1",2.58352698210853
"patient1","ENSG00000108946","PRKAR1A",2.57781713851969
"patient1","ENSG00000181061","HIGD1A",2.57740421269171
"patient1","ENSG00000162909","CAPN2",2.57442998634685
"patient1","ENSG00000103266","STUB1",2.573074736777
"patient1","ENSG00000089063","TMEM230",2.56936001071887
"patient1","ENSG00000253729","PRKDC",2.55935659939042
"patient1","ENSG00000111906","HDDC2",2.54081102951507
"patient1","ENSG00000185236","RAB11B",2.53958297763432
"patient1","ENSG00000197451","HNRNPAB",2.53835673649019
"patient1","ENSG00000100129","EIF3L",2.53522327879946
"patient1","ENSG00000130706","ADRM1",2.5347583058375
"patient1","ENSG00000022277","RTF2",2.5298405012308
"patient1","ENSG00000055332","EIF2AK2",2.52878698539287
"patient1","ENSG00000263001","GTF2I",2.5263435532285
"patient1","ENSG00000182827","ACBD3",2.5235052162115
"patient1","ENSG00000184743","ATL3",2.52198448816823
"patient1","ENSG00000119185","ITGB1BP1",2.52137940036153
"patient1","ENSG00000008294","SPAG9",2.51768780858842
"patient1","ENSG00000114062","UBE3A",2.51614033016217
"patient1","ENSG00000010244","ZNF207",2.51386985039762
"patient1","ENSG00000107771","CCSER2",2.51032524230699
"patient1","ENSG00000187837","H1-2",2.50982676846221
"patient1","ENSG00000170860","LSM3",2.50589846454045
"patient1","ENSG00000184203","PPP1R2",2.5046473135668
"patient1","ENSG00000092201","SUPT16H",2.50224428225573
"patient1","ENSG00000162961","DPY30",2.50118172430372
"patient1","ENSG00000123066","MED13L",2.49625634149281
"patient1","ENSG00000310560","PAXX",2.49609226587913
"patient1","ENSG00000106245","BUD31",2.4958473167694
"patient1","ENSG00000025796","SEC63",2.49266249139511
"patient1","ENSG00000126351","THRA",2.49265381050902
"patient1","ENSG00000257923","CUX1",2.49010010429698
"patient1","ENSG00000053254","FOXN3",2.48801855511495
"patient1","ENSG00000117616","RSRP1",2.48621261311401
"patient1","ENSG00000115286","NDUFS7",2.48379233662061
"patient1","ENSG00000169230","PRELID1",2.48336019989549
"patient1","ENSG00000126756","UXT",2.48034844658293
"patient1","ENSG00000107262","BAG1",2.48002232748723
"patient1","ENSG00000113845","TIMMDC1",2.47391659175585
"patient1","ENSG00000090238","YPEL3",2.47158318812201
"patient1","ENSG00000140740","UQCRC2",2.47059130127359
"patient1","ENSG00000231925","TAPBP",2.4659771829593
"patient1","ENSG00000128534","LSM8",2.46475234436231
"patient1","ENSG00000169689","CENPX",2.45867064943848
"patient1","ENSG00000182944","EWSR1",2.45482262001783
"patient1","ENSG00000139218","SCAF11",2.45174626826757
"patient1","ENSG00000183011","NAA38",2.45096939877642
"patient1","ENSG00000178913","TAF7",2.44573661161179
"patient1","ENSG00000130731","METTL26",2.44572132030715
"patient1","ENSG00000162521","RBBP4",2.44186942828688
"patient1","ENSG00000169976","SF3B5",2.4395241852025
"patient1","ENSG00000103024","NME3",2.43949677982929
"patient1","ENSG00000139793","MBNL2",2.43709371064896
"patient1","ENSG00000174953","DHX36",2.43543269195585
"patient1","ENSG00000010404","IDS",2.43380747622177
"patient1","ENSG00000146007","ZMAT2",2.42707835215588
"patient1","ENSG00000204272","NBDY",2.42061727990195
"patient1","ENSG00000266472","MRPS21",2.41638098496109
"patient1","ENSG00000138668","HNRNPD",2.41499662029868
"patient1","ENSG00000196504","PRPF40A",2.41453472992762
"patient1","ENSG00000115685","PPP1R7",2.41332675457474
"patient1","ENSG00000115307","AUP1",2.41263650799129
"patient1","ENSG00000146701","MDH2",2.40979213091431
"patient1","ENSG00000126247","CAPNS1",2.40661426575386
"patient1","ENSG00000189241","TSPYL1",2.40582049742337
"patient1","ENSG00000091164","TXNL1",2.40573722876807
"patient1","ENSG00000138029","HADHB",2.40390022861257
"patient1","ENSG00000254505","CHMP4A",2.40376683564183
"patient1","ENSG00000152291","TGOLN2",2.39539928853075
"patient1","ENSG00000041357","PSMA4",2.38984677194226
"patient1","ENSG00000104695","PPP2CB",2.38909304132114
"patient1","ENSG00000127483","HP1BP3",2.3884787313337
"patient1","ENSG00000172590","MRPL52",2.38791135726546
"patient1","ENSG00000165916","PSMC3",2.38229235508716
"patient1","ENSG00000086598","TMED2",2.37510073780228
"patient1","ENSG00000121774","KHDRBS1",2.37365640151418
"patient1","ENSG00000253738","OTUD6B-AS1",2.37356391563696
"patient1","ENSG00000130414","NDUFA10",2.37224893379516
"patient1","ENSG00000105993","DNAJB6",2.36153845549772
"patient1","ENSG00000179262","RAD23A",2.36038671260634
"patient1","ENSG00000168894","RNF181",2.3595335543026
"patient1","ENSG00000204392","LSM2",2.35835140899209
"patient1","ENSG00000115541","HSPE1",2.3579229002161
"patient1","ENSG00000197223","C1D",2.31687194228144
"patient1","ENSG00000115944","COX7A2L",2.31425639987375
"patient1","ENSG00000143575","HAX1",2.31031796276974
"patient1","ENSG00000173141","MRPL57",2.30916139957524
"patient1","ENSG00000168298","H1-4",2.30684234879818
"patient1","ENSG00000170430","MGMT",2.30239082912055
"patient1","ENSG00000166557","TMED3",2.29932326520855
"patient1","ENSG00000141522","ARHGDIA",2.29615436013655
"patient1","ENSG00000120438","TCP1",2.28721354504933
"patient1","ENSG00000097033","SH3GLB1",2.28371016000842
"patient1","ENSG00000169139","UBE2V2",2.2794057963583
"patient1","ENSG00000100138","SNU13",2.27182869548827
"patient1","ENSG00000143252","SDHC",2.26120364674954
"patient1","ENSG00000131116","ZNF428",2.26048924131434
"patient1","ENSG00000114209","PDCD10",2.25705861286328
"patient1","ENSG00000116747","RO60",2.25291645541113
"patient1","ENSG00000129292","PHF20L1",2.2479353072732
"patient1","ENSG00000067248","DHX29",2.24187570344739
"patient1","ENSG00000115464","USP34",2.2384729316888
"patient1","ENSG00000130748","TMEM160",2.23827939993411
"patient1","ENSG00000249915","PDCD6",2.23446967354684
"patient1","ENSG00000115561","CHMP3",2.22747986954245
"patient1","ENSG00000113312","TTC1",2.22565042269518
"patient1","ENSG00000138279","ANXA7",2.22402122303869
"patient1","ENSG00000120686","UFM1",2.22313930939767
"patient1","ENSG00000081154","PCNP",2.22099149311882
"patient1","ENSG00000277791","PSMB3",2.20206758036579
"patient1","ENSG00000178922","HYI",2.20008773672768
"patient1","ENSG00000166228","PCBD1",2.19896042709113
"patient1","ENSG00000054267","ARID4B",2.19175929243783
"patient1","ENSG00000048649","RSF1",2.1905786398832
"patient1","ENSG00000146731","CCT6A",2.18868336462827
"patient1","ENSG00000154582","ELOC",2.18594478123619
"patient1","ENSG00000159069","FBXW5",2.18284803836622
"patient1","ENSG00000175550","DRAP1",2.1813495910017
"patient1","ENSG00000126698","DNAJC8",2.17120844221695
"patient1","ENSG00000129351","ILF3",2.16772985736559
"patient1","ENSG00000174695","TMEM167A",2.1659932712075
"patient1","ENSG00000147669","POLR2K",2.16552045806274
"patient1","ENSG00000162645","GBP2",2.16318817871057
"patient1","ENSG00000171490","RSL1D1",2.15741415953325
"patient1","ENSG00000090273","NUDC",2.15518440056794
"patient1","ENSG00000135506","OS9",2.15349317070749
"patient1","ENSG00000162384","CZIB",2.14380272581276
"patient1","ENSG00000130724","CHMP2A",2.14319697376255
"patient1","ENSG00000138760","SCARB2",2.14181713534512
"patient1","ENSG00000167522","ANKRD11",2.14142149646442
"patient1","ENSG00000167797","CDK2AP2",2.13387640131169
"patient1","ENSG00000125304","TM9SF2",2.13287425926329
"patient1","ENSG00000091039","OSBPL8",2.13192258789974
"patient1","ENSG00000137106","GRHPR",2.12848318137126
"patient1","ENSG00000085719","CPNE3",2.12773549437816
"patient1","ENSG00000163463","KRTCAP2",2.12303043567425
"patient1","ENSG00000117151","CTBS",2.12271167605389
"patient1","ENSG00000203950","RTL8A",2.11820131882263
"patient1","ENSG00000104131","EIF3J",2.1177223121322
"patient1","ENSG00000113068","PFDN1",2.11685386697463
"patient1","ENSG00000135720","DYNC1LI2",2.11605890730122
"patient1","ENSG00000138175","ARL3",2.11505558068184
"patient1","ENSG00000013441","CLK1",2.11066955488796
"patient1","ENSG00000174891","RSRC1",2.10537639412216
"patient1","ENSG00000172354","GNB2",2.09845612811204
"patient1","ENSG00000180398","MCFD2",2.09492667560995
"patient1","ENSG00000165280","VCP",2.09176900164381
"patient1","ENSG00000111897","SERINC1",2.09149931661496
"patient1","ENSG00000179271","GADD45GIP1",2.08853924454421
"patient1","ENSG00000084623","EIF3I",2.08231835303261
"patient1","ENSG00000071553","ATP6AP1",2.07750153984204
"patient1","ENSG00000143222","UFC1",2.07686495837374
"patient1","ENSG00000196199","MPHOSPH8",2.07350037512493
"patient1","ENSG00000151923","TIAL1",2.06618631162924
"patient1","ENSG00000164615","CAMLG",2.06024301340417
"patient1","ENSG00000114416","FXR1",2.05983338935486
"patient1","ENSG00000072364","AFF4",2.05525834567042
"patient1","ENSG00000185475","TMEM179B",2.05470194128206
"patient1","ENSG00000149823","VPS51",2.04233940670033
"patient1","ENSG00000135968","GCC2",2.03934396493166
"patient1","ENSG00000004059","ARF5",2.03594635386437
"patient1","ENSG00000090060","PAPOLA",2.03575992296914
"patient1","ENSG00000141759","TXNL4A",2.03524327255292
"patient1","ENSG00000168701","TMEM208",2.03383649829603
"patient1","ENSG00000205531","NAP1L4",2.03116956548151
"patient1","ENSG00000116350","SRSF4",2.02523802356315
"patient1","ENSG00000110321","EIF4G2",2.01719390595026
"patient1","ENSG00000164054","SHISA5",2.00889820590409
"patient1","ENSG00000197858","GPAA1",2.00762493596371
"patient1","ENSG00000074071","MRPS34",1.99854812834261
"patient1","ENSG00000138600","SPPL2A",1.99632704611197
"patient1","ENSG00000120675","DNAJC15",1.99498860535864
"patient1","ENSG00000176973","FAM89B",1.98964171482637
"patient1","ENSG00000100519","PSMC6",1.98890057438539
"patient1","ENSG00000198843","SELENOT",1.98294548482083
"patient1","ENSG00000175203","DCTN2",1.97610682967157
"patient1","ENSG00000198677","SKIC3",1.97557151693547
"patient1","ENSG00000113141","IK",1.9716101105432
"patient1","ENSG00000165476","REEP3",1.96995074671261
"patient1","ENSG00000106028","SSBP1",1.96285868439495
"patient1","ENSG00000110108","TMEM109",1.9620478580902
"patient1","ENSG00000112739","PRP4K",1.96105709653481
"patient1","ENSG00000143543","JTB",1.94492109849779
"patient1","ENSG00000134744","TUT4",1.94391909947351
"patient1","ENSG00000176731","RBIS",1.94312122459503
"patient1","ENSG00000136146","MED4",1.94166888812372
"patient1","ENSG00000173674","EIF1AX",1.94015197863914
"patient1","ENSG00000111237","VPS29",1.93611620208252
"patient1","ENSG00000100528","CNIH1",1.92834161471499
"patient1","ENSG00000196419","XRCC6",1.92827879004021
"patient1","ENSG00000242485","MRPL20",1.92434898840916
"patient1","ENSG00000077147","TM9SF3",1.91304362360107
"patient1","ENSG00000164463","CREBRF",1.91263327086757
"patient1","ENSG00000120860","WASHC3",1.91027982718777
"patient1","ENSG00000137210","TMEM14B",1.90992479069926
"patient1","ENSG00000197102","DYNC1H1",1.90895902686166
"patient1","ENSG00000105887","MTPN",1.90772087577437
"patient1","ENSG00000165678","GHITM",1.89985385086691
"patient1","ENSG00000083937","CHMP2B",1.89797125135898
"patient1","ENSG00000170035","UBE2E3",1.8976590602772
"patient1","ENSG00000141027","NCOR1",1.89572228969525
"patient1","ENSG00000105355","PLIN3",1.89297293336461
"patient1","ENSG00000125901","MRPS26",1.89021808378452
"patient1","ENSG00000179091","CYC1",1.8867455508943
"patient1","ENSG00000079332","SAR1A",1.88470082130564
"patient1","ENSG00000087502","ERGIC2",1.8834727139265
"patient1","ENSG00000197324","LRP10",1.88209625365333
"patient1","ENSG00000124562","SNRPC",1.8816159207973
"patient1","ENSG00000100815","TRIP11",1.87273509232363
"patient1","ENSG00000080503","SMARCA2",1.87079630254044
"patient1","ENSG00000165672","PRDX3",1.86718694769324
"patient1","ENSG00000108055","SMC3",1.85727841324572
"patient1","ENSG00000213722","DDAH2",1.84863641852107
"patient1","ENSG00000163319","MRPS18C",1.84216946760967
"patient1","ENSG00000230590","FTX",1.84186931047789
"patient1","ENSG00000004779","NDUFAB1",1.83716634543531
"patient1","ENSG00000055950","MRPL43",1.83589659594577
"patient1","ENSG00000130725","UBE2M",1.83506307357705
"patient1","ENSG00000153006","SREK1IP1",1.83159980940904
"patient1","ENSG00000213585","VDAC1",1.83045575190773
"patient1","ENSG00000120963","ZNF706",1.82632612214732
"patient1","ENSG00000099385","BCL7C",1.82284495223956
"patient1","ENSG00000105856","HBP1",1.82260932427651
"patient1","ENSG00000116539","ASH1L",1.81459464975109
"patient1","ENSG00000147274","RBMX",1.80692364071404
"patient1","ENSG00000085224","ATRX",1.80594762520265
"patient1","ENSG00000119707","RBM25",1.80580231655449
"patient1","ENSG00000005483","KMT2E",1.79920842529374
"patient1","ENSG00000134590","RTL8C",1.79065330448667
"patient1","ENSG00000168090","COPS6",1.7858035882547
"patient1","ENSG00000078618","NRDC",1.78394306920833
"patient1","ENSG00000107581","EIF3A",1.78299093340301
"patient1","ENSG00000224877","NDUFAF8",1.78103840515956
"patient1","ENSG00000174851","YIF1A",1.77498504464767
"patient1","ENSG00000131507","NDFIP1",1.77319501129623
"patient1","ENSG00000066654","THUMPD1",1.77110233641876
"patient1","ENSG00000130332","LSM7",1.76373450128513
"patient1","ENSG00000120727","PAIP2",1.75975460378682
"patient1","ENSG00000100028","SNRPD3",1.75860137769286
"patient1","ENSG00000178952","TUFM",1.75837355658501
"patient1","ENSG00000168724","DNAJC21",1.74928004386484
"patient1","ENSG00000143621","ILF2",1.74814843278837
"patient1","ENSG00000149932","TMEM219",1.74458747035584
"patient1","ENSG00000128272","ATF4",1.74088140942899
"patient1","ENSG00000118482","PHF3",1.74000079696165
"patient1","ENSG00000168172","HOOK3",1.73824277785657
"patient1","ENSG00000035928","RFC1",1.73654069051216
"patient1","ENSG00000101161","PRPF6",1.73449672579407
"patient1","ENSG00000232388","SMIM26",1.73249460874493
"patient1","ENSG00000163754","GYG1",1.72833431552375
"patient1","ENSG00000117335","CD46",1.72553737331725
"patient1","ENSG00000075292","ZNF638",1.72290469948298
"patient1","ENSG00000106244","PDAP1",1.72092983333402
"patient1","ENSG00000197345","MRPL21",1.71390758812268
"patient1","ENSG00000110711","AIP",1.71319615758438
"patient1","ENSG00000116161","CACYBP",1.71116080170793
"patient1","ENSG00000127838","PNKD",1.70939892944553
"patient1","ENSG00000182154","MRPL41",1.7093404775244
"patient1","ENSG00000147202","DIAPH2",1.70843885232905
"patient1","ENSG00000055211","GINM1",1.70329046907032
"patient1","ENSG00000054118","THRAP3",1.70297062054388
"patient1","ENSG00000105568","PPP2R1A",1.7003368383811
"patient1","ENSG00000105700","KXD1",1.69433012011365
"patient1","ENSG00000134453","RBM17",1.68706923568086
"patient1","ENSG00000129625","REEP5",1.68610268204065
"patient1","ENSG00000171314","PGAM1",1.68107267608461
"patient1","ENSG00000049618","ARID1B",1.67995980959317
"patient1","ENSG00000087365","SF3B2",1.67402126495718
"patient1","ENSG00000145912","NHP2",1.67378978214136
"patient1","ENSG00000166164","BRD7",1.67320102296984
"patient1","ENSG00000177556","ATOX1",1.66416559230824
"patient1","ENSG00000130779","CLIP1",1.64996257390231
"patient1","ENSG00000100568","VTI1B",1.6474506095624
"patient1","ENSG00000197982","C1orf122",1.64077133523576
"patient1","ENSG00000185043","CIB1",1.63620468279658
"patient1","ENSG00000086065","CHMP5",1.63502885174436
"patient1","ENSG00000131408","NR1H2",1.63450957467849
"patient1","ENSG00000105402","NAPA",1.63121775804027
"patient1","ENSG00000169895","SYAP1",1.62473984141503
"patient1","ENSG00000100764","PSMC1",1.61733376660889
"patient1","ENSG00000213246","SUPT4H1",1.61310203577503
"patient1","ENSG00000138768","USO1",1.61042865695177
"patient1","ENSG00000143570","SLC39A1",1.6100120296239
"patient1","ENSG00000168710","AHCYL1",1.6078095957843
"patient1","ENSG00000147533","GOLGA7",1.60338924357095
"patient1","ENSG00000136930","PSMB7",1.60180949802775
"patient1","ENSG00000065154","OAT",1.59624692601831
"patient1","ENSG00000139168","ZCRB1",1.59515833193493
"patient1","ENSG00000105518","TMEM205",1.5946902646813
"patient1","ENSG00000149357","LAMTOR1",1.58734949615706
"patient1","ENSG00000187257","RSBN1L",1.58572876959331
"patient1","ENSG00000105176","URI1",1.58553928092847
"patient1","ENSG00000004534","RBM6",1.58376328141585
"patient1","ENSG00000112697","CDC50A",1.56898856788325
"patient1","ENSG00000111832","RWDD1",1.56843575004226
"patient1","ENSG00000100442","FKBP3",1.56729875350826
"patient1","ENSG00000225733","FGD5-AS1",1.56478005891748
"patient1","ENSG00000174720","LARP7",1.56315831970823
"patient1","ENSG00000174917","MICOS13",1.55892950735445
"patient1","ENSG00000168288","MMADHC",1.55536184957299
"patient1","ENSG00000114354","TFG",1.51770399993413
"patient1","ENSG00000186063","AIDA",1.51438930390776
"patient1","ENSG00000177733","HNRNPA0",1.51112431423498
"patient1","ENSG00000092199","HNRNPC",1.50666074795452
"patient1","ENSG00000178951","ZBTB7A",1.50454285933045
"patient1","ENSG00000004700","RECQL",1.49479297931117
"patient1","ENSG00000161203","AP2M1",1.48586348307242
"patient1","ENSG00000102309","PIN4",1.4819926668724
"patient1","ENSG00000124214","STAU1",1.48159723343843
"patient1","ENSG00000103275","UBE2I",1.47799389533414
"patient1","ENSG00000130312","MRPL34",1.47475822635519
"patient1","ENSG00000242247","ARFGAP3",1.47193598011003
"patient1","ENSG00000145337","PYURF",1.46838005843314
"patient1","ENSG00000177971","IMP3",1.4640007697328
"patient1","ENSG00000184007","PTP4A2",1.45174601243454
"patient1","ENSG00000065243","PKN2",1.4500984679522
"patient1","ENSG00000162585","FAAP20",1.43687530427537
"patient1","ENSG00000153147","SMARCA5",1.42833743572274
"patient1","ENSG00000257103","LSM14A",1.41896647348131
"patient1","ENSG00000125977","EIF2S2",1.40309631991343
"patient1","ENSG00000150753","CCT5",1.39865613949873
"patient1","ENSG00000102119","EMD",1.39834593391333
"patient1","ENSG00000095787","WAC",1.39822419553525
"patient1","ENSG00000107874","CUEDC2",1.39728805117457
"patient1","ENSG00000105701","FKBP8",1.39462056169683
"patient1","ENSG00000187051","RPS19BP1",1.38715284379345
"patient1","ENSG00000115816","CEBPZ",1.38390693204762
"patient1","ENSG00000129083","COPB1",1.38012179823631
"patient1","ENSG00000165525","NEMF",1.38007930296721
"patient1","ENSG00000154305","MIA3",1.36701397775939
"patient1","ENSG00000129084","PSMA1",1.36699871554242
"patient1","ENSG00000166595","CIAO2B",1.36057197062839
"patient1","ENSG00000071859","FAM50A",1.35953496403353
"patient1","ENSG00000109775","UFSP2",1.35038463798155
"patient1","ENSG00000146457","WTAP",1.34806811605794
"patient1","ENSG00000159199","ATP5MC1",1.34447839244396
"patient1","ENSG00000167515","TRAPPC2L",1.34291304485078
"patient1","ENSG00000119537","KDSR",1.33391538083979
"patient1","ENSG00000136819","C9orf78",1.32971105603811
"patient1","ENSG00000167792","NDUFV1",1.32087872452005
"patient1","ENSG00000131495","NDUFA2",1.3202493193377
"patient1","ENSG00000093167","LRRFIP2",1.31994643954042
"patient1","ENSG00000101782","RIOK3",1.31964929670368
"patient1","ENSG00000157916","RER1",1.31682075855135
"patient1","ENSG00000079785","DDX1",1.31561950141332
"patient1","ENSG00000175701","MTLN",1.31055944080429
"patient1","ENSG00000165813","CCDC186",1.30774024065712
"patient1","ENSG00000143742","SRP9",1.3019939540068
"patient1","ENSG00000100348","TXN2",1.30184635898125
"patient1","ENSG00000083896","YTHDC1",1.27585694892842
"patient1","ENSG00000134056","KGD4",1.26026228736832
"patient1","ENSG00000078674","PCM1",1.25846353371922
"patient1","ENSG00000182934","SRPRA",1.25799582306228
"patient1","ENSG00000084754","HADHA",1.25461168402578
"patient1","ENSG00000179912","R3HDM2",1.25079758805635
"patient1","ENSG00000106682","EIF4H",1.21915633210639
"patient1","ENSG00000138398","PPIG",1.21115044454079
"patient1","ENSG00000143727","ACP1",1.19498174321965
"patient1","ENSG00000108588","CCDC47",1.19412023697144
"patient1","ENSG00000135316","SYNCRIP",1.19336160877386
"patient1","ENSG00000188994","ZNF292",1.18966240230965
"patient1","ENSG00000114784","EIF1B",1.18868524228398
"patient1","ENSG00000119541","VPS4B",1.18145220036199
"patient1","ENSG00000133104","SPART",1.17873219528687
"patient1","ENSG00000113013","HSPA9",1.16764296291139
"patient1","ENSG00000128699","ORMDL1",1.16547838251052
"patient1","ENSG00000100852","ARHGAP5",1.16316338460333
"patient1","ENSG00000168300","PCMTD1",1.14840339729328
"patient1","ENSG00000160075","SSU72",1.14491917588842
"patient1","ENSG00000118689","FOXO3",1.12359707976604
"patient1","ENSG00000075785","RAB7A",1.11396730520171
"patient1","ENSG00000215021","PHB2",1.10499851626503
"patient1","ENSG00000143771","CNIH4",1.09979739567327
"patient1","ENSG00000099901","RANBP1",1.09975093963647
"patient1","ENSG00000166275","BORCS7",1.09719333628257
"patient1","ENSG00000146223","RPL7L1",1.09348204371399
"patient1","ENSG00000138382","METTL5",1.09258722639018
"patient1","ENSG00000176209","SMIM19",1.09115474168686
"patient1","ENSG00000060762","MPC1",1.08813519735679
"patient1","ENSG00000131013","PPIL4",1.07950404079534
"patient1","ENSG00000242372","EIF6",1.07736134538579
"patient1","ENSG00000165416","SUGT1",1.07230268976308
"patient1","ENSG00000147548","NSD3",1.06796220450092
"patient1","ENSG00000188529","SRSF10",1.06021640574133
"patient1","ENSG00000142166","IFNAR1",1.04868589701548
"patient1","ENSG00000106588","PSMA2",1.0456804270779
"patient1","ENSG00000069329","VPS35",1.04156656363318
"patient1","ENSG00000151461","UPF2",1.03807653949306
"patient1","ENSG00000116171","SCP2",1.03641765009396
"patient1","ENSG00000141002","TCF25",1.03316615336492
"patient1","ENSG00000125818","PSMF1",1.0285784575466
"patient1","ENSG00000049245","VAMP3",1.02797894439185
"patient1","ENSG00000203667","COX20",1.02784484723664
"patient1","ENSG00000102401","ARMCX3",1.01729453046
"patient1","ENSG00000104852","SNRNP70",1.01381719506906
"patient1","ENSG00000112701","SENP6",1.00713673347271
"patient1","ENSG00000127314","RAP1B",1.00351450727122
"patient1","ENSG00000237765","FAM200B",1.00263321018971
"patient1","ENSG00000146247","PHIP",1.00144918226703
"patient1","ENSG00000225663","MCRIP1",0.997045351453015
"patient1","ENSG00000143106","PSMA5",0.995057348794841
"patient1","ENSG00000070010","UFD1",0.980311708140089
"patient1","ENSG00000096401","CDC5L",0.970569125912594
"patient1","ENSG00000117118","SDHB",0.933882136919479
"patient1","ENSG00000145833","DDX46",0.928421258143168
"patient1","ENSG00000159210","SNF8",0.924495497452613
"patient1","ENSG00000163634","THOC7",0.917996879059085
"patient1","ENSG00000124155","PIGT",0.901619375562272
"patient1","ENSG00000088205","DDX18",0.893252277572473
"patient1","ENSG00000089693","MLF2",0.878058329090759
"patient1","ENSG00000189266","PNRC2",0.873174681925088
"patient1","ENSG00000165669","FAM204A",0.852718334990217
"patient1","ENSG00000119396","RAB14",0.852325492618395
"patient1","ENSG00000114956","DGUOK",0.849039527706401
"patient1","ENSG00000089053","ANAPC5",0.83982246236437
"patient1","ENSG00000185651","UBE2L3",0.835621766163913
"patient1","ENSG00000164172","MOCS2",0.831181580724878
"patient1","ENSG00000105379","ETFB",0.827663109994972
"patient1","ENSG00000108468","CBX1",0.819175288025769
"patient1","ENSG00000137776","SLTM",0.816126135987562
"patient1","ENSG00000171634","BPTF",0.810818058467894
"patient1","ENSG00000114023","FAM162A",0.807698029151345
"patient1","ENSG00000163848","ZNF148",0.79970421343367
"patient1","ENSG00000108424","KPNB1",0.796499903642068
"patient1","ENSG00000138688","BLTP1",0.794982255633886
"patient1","ENSG00000159352","PSMD4",0.793309926582392
"patient1","ENSG00000186591","UBE2H",0.776991912271824
"patient1","ENSG00000125991","ERGIC3",0.764550903793076
"patient1","ENSG00000065548","ZC3H15",0.761865457733278
"patient1","ENSG00000100941","PNN",0.757242896998263
"patient1","ENSG00000138757","G3BP2",0.75374992525288
"patient1","ENSG00000123091","RNF11",0.751403231690692
"patient1","ENSG00000014123","UFL1",0.750242842632368
"patient1","ENSG00000177565","TBL1XR1",0.748402305735076
"patient1","ENSG00000101361","NOP56",0.747657925470915
"patient1","ENSG00000145734","BDP1",0.741926458684177
"patient1","ENSG00000158417","EIF5B",0.734117554929324
"patient1","ENSG00000141504","SAT2",0.728962264049338
"patient1","ENSG00000108561","C1QBP",0.727068246919565
"patient1","ENSG00000103978","TMEM87A",0.710506108365089
"patient1","ENSG00000186298","PPP1CC",0.709646224209071
"patient1","ENSG00000119705","SLIRP",0.703920025075617
"patient1","ENSG00000277972","CISD3",0.698516173655552
"patient1","ENSG00000177311","ZBTB38",0.693305087894821
"patient1","ENSG00000109536","FRG1",0.689085182125814
"patient1","ENSG00000137815","RTF1",0.68492294401114
"patient1","ENSG00000143183","TMCO1",0.684490169981071
"patient1","ENSG00000080371","RAB21",0.671301796095712
"patient1","ENSG00000119013","NDUFB3",0.668388928634288
"patient1","ENSG00000172239","PAIP1",0.658132507008248
"patient1","ENSG00000094916","CBX5",0.649395304359919
"patient1","ENSG00000144635","DYNC1LI1",0.641200147579383
"patient1","ENSG00000158864","NDUFS2",0.639320896558651
"patient1","ENSG00000129518","EAPP",0.631914195831175
"patient1","ENSG00000101654","RNMT",0.630113577192707
"patient1","ENSG00000198160","MIER1",0.612926534432713
"patient1","ENSG00000096746","HNRNPH3",0.603091375970564
"patient1","ENSG00000172922","RNASEH2C",0.596656466281509
"patient1","ENSG00000164182","NDUFAF2",0.593771435238917
"patient1","ENSG00000007168","PAFAH1B1",0.587414927619099
"patient1","ENSG00000069345","DNAJA2",0.567913794556533
"patient1","ENSG00000105677","TMEM147",0.555373024096661
"patient1","ENSG00000225921","NOL7",0.553982636739771
"patient1","ENSG00000108848","LUC7L3",0.540857144331585
"patient1","ENSG00000023318","ERP44",0.539858285938285
"patient1","ENSG00000137038","DMAC1",0.537966621687224
"patient1","ENSG00000110367","DDX6",0.528031500313653
"patient1","ENSG00000115234","SNX17",0.527518232812539
"patient1","ENSG00000126005","MMP24OS",0.513912283929264
"patient1","ENSG00000165264","NDUFB6",0.507664212878141
"patient1","ENSG00000143158","MPC2",0.506870361096016
"patient1","ENSG00000167085","PHB1",0.501346283393905
"patient1","ENSG00000185608","MRPL40",0.474343354420423
"patient1","ENSG00000057608","GDI2",0.467336029506716
"patient1","ENSG00000112110","MRPL18",0.459038307484586
"patient1","ENSG00000183978","COA3",0.426920871917601
"patient1","ENSG00000145494","NDUFS6",0.41886511530229
"patient1","ENSG00000017797","RALBP1",0.391026062097977
"patient1","ENSG00000127884","ECHS1",0.363201314658701
"patient1","ENSG00000265808","SEC22B",0.320688223820274
"patient1","ENSG00000077380","DYNC1I2",0.308480055751046
"patient1","ENSG00000007080","CCDC124",0.300490099811419
"patient1","ENSG00000128609","NDUFA5",0.257951027440351
"patient1","ENSG00000128463","EMC4",0.198404827664604
"patient1","ENSG00000156256","USP16",0.195273716663237
"patient1","ENSG00000173692","PSMD1",0.18314803896738
"patient1","ENSG00000150779","TIMM8B",0.180447018475127
"patient1","ENSG00000175756","AURKAIP1",0.163421555870208
"patient1","ENSG00000214046","SMIM7",0.161537040277903
"patient1","ENSG00000110717","NDUFS8",0.155113327726606
"patient1","ENSG00000166200","COPS2",0.132639061348786
"patient1","ENSG00000101972","STAG2",0.126456755465044
"patient1","ENSG00000005075","POLR2J",0.124354519278073
"patient1","ENSG00000141552","ANAPC11",0.0577834665566333
"patient1","ENSG00000163320","CGGBP1",0.0372544903255072
"patient1","ENSG00000155876","RRAGA",0.00293003449393833
"patient1","ENSG00000109180","OCIAD1",-0.00128933338448531
"patient1","ENSG00000140307","GTF2A2",-0.0313888403127075
"patient1","ENSG00000182670","TTC3",-0.0864550315444831
"patient1","ENSG00000184752","NDUFA12",-0.174400884555502
"patient1","ENSG00000078668","VDAC3",-0.287445046919881
"patient1","ENSG00000272047","GTF2H5",-0.331645217409401
"patient1","ENSG00000056097","ZFR",-0.418996022012425
"patient1","ENSG00000123200","ZC3H13",-0.464707728304155
"patient1","ENSG00000072506","HSD17B10",-0.602830403119396
"patient1","ENSG00000161671","EMC10",-0.604594447640071
"patient1","ENSG00000153774","CFDP1",-0.614202647868818
"patient1","ENSG00000111615","KRR1",-0.732657037129496
"patient1","ENSG00000121067","SPOP",-0.791977918479186
"patient1","ENSG00000090621","PABPC4",-0.906428443715972
"patient1","ENSG00000153827","TRIP12",-1.09927669049297
"patient1","ENSG00000138069","RAB1A",-1.16573292836859
"patient1","ENSG00000164022","AIMP1",-1.21501140804203
"patient1","ENSG00000100142","POLR2F",-2.16440607826862
"patient2","ENSG00000170323","FABP4",27.8349242174512
"patient2","ENSG00000011465","DCN",25.072120046439
"patient2","ENSG00000077942","FBLN1",23.557618477706
"patient2","ENSG00000100234","TIMP3",23.3151110068038
"patient2","ENSG00000132386","SERPINF1",23.0121621223669
"patient2","ENSG00000078596","ITM2A",21.3409233033408
"patient2","ENSG00000140285","FGF7",20.5393622964456
"patient2","ENSG00000120885","CLU",20.2466756448106
"patient2","ENSG00000038427","VCAN",20.2282706435676
"patient2","ENSG00000127954","STEAP4",20.1910463101379
"patient2","ENSG00000074181","NOTCH3",20.1177847679914
"patient2","ENSG00000261371","PECAM1",19.6739041605398
"patient2","ENSG00000164687","FABP5",19.6640347465631
"patient2","ENSG00000115457","IGFBP2",19.5767047533867
"patient2","ENSG00000203883","SOX18",19.5151819690081
"patient2","ENSG00000115414","FN1",19.442532120149
"patient2","ENSG00000136999","CCN3",19.2549713584704
"patient2","ENSG00000181649","PHLDA2",19.1056986958425
"patient2","ENSG00000111341","MGP",18.982740522292
"patient2","ENSG00000179144","GIMAP7",18.5355476966195
"patient2","ENSG00000143196","DPT",18.5214613572052
"patient2","ENSG00000133026","MYH10",18.4424055769655
"patient2","ENSG00000141753","IGFBP4",18.3947373731164
"patient2","ENSG00000140092","FBLN5",18.3071267601238
"patient2","ENSG00000008394","MGST1",18.2712872899684
"patient2","ENSG00000149591","TAGLN",18.1826816753671
"patient2","ENSG00000189129","PLAC9",18.1363241513167
"patient2","ENSG00000142910","TINAGL1",18.0581396624136
"patient2","ENSG00000198467","TPM2",17.6342383916604
"patient2","ENSG00000172889","EGFL7",17.6293183319076
"patient2","ENSG00000144810","COL8A1",17.5633857471199
"patient2","ENSG00000127951","FGL2",17.3194889537496
"patient2","ENSG00000162618","ADGRL4",17.3088952543797
"patient2","ENSG00000167642","SPINT2",16.9870120748844
"patient2","ENSG00000187513","GJA4",16.6906089512217
"patient2","ENSG00000124212","PTGIS",16.664697838544
"patient2","ENSG00000110799","VWF",16.6302606881217
"patient2","ENSG00000106565","TMEM176B",16.5415348076291
"patient2","ENSG00000130300","PLVAP",16.5175820929934
"patient2","ENSG00000176435","CLEC14A",16.513730631124
"patient2","ENSG00000139329","LUM",16.5030611934885
"patient2","ENSG00000169851","PCDH7",16.4889813268811
"patient2","ENSG00000107317","PTGDS",16.4828241618756
"patient2","ENSG00000107796","ACTA2",16.4182271642893
"patient2","ENSG00000149564","ESAM",16.4084578774347
"patient2","ENSG00000130203","APOE",16.3484749771104
"patient2","ENSG00000140545","MFGE8",16.3464907844477
"patient2","ENSG00000122786","CALD1",16.270354395441
"patient2","ENSG00000115380","EFEMP1",16.0848510175927
"patient2","ENSG00000135218","CD36",15.9661823286026
"patient2","ENSG00000186340","THBS2",15.8569638830211
"patient2","ENSG00000109099","PMP22",15.8365821670828
"patient2","ENSG00000134853","PDGFRA",15.7127089786562
"patient2","ENSG00000101335","MYL9",15.7072828970566
"patient2","ENSG00000165949","IFI27",15.6625860317456
"patient2","ENSG00000213088","ACKR1",15.5385510388516
"patient2","ENSG00000159388","BTG2",15.3802705886048
"patient2","ENSG00000177606","JUN",15.3147135906014
"patient2","ENSG00000064042","LIMCH1",15.2768102606201
"patient2","ENSG00000249751","ECSCR",15.258462314906
"patient2","ENSG00000077943","ITGA8",15.2061473506479
"patient2","ENSG00000184113","CLDN5",15.1579608259911
"patient2","ENSG00000131477","RAMP2",15.1384503559241
"patient2","ENSG00000250722","SELENOP",15.0497110761993
"patient2","ENSG00000167641","PPP1R14A",15.0304188329494
"patient2","ENSG00000129538","RNASE1",15.003029520985
"patient2","ENSG00000182871","COL18A1",14.9859279220333
"patient2","ENSG00000118849","RARRES1",14.97633919081
"patient2","ENSG00000049323","LTBP1",14.9257081787126
"patient2","ENSG00000127528","KLF2",14.9174487931295
"patient2","ENSG00000163710","PCOLCE2",14.8384809319447
"patient2","ENSG00000106809","OGN",14.8182455788006
"patient2","ENSG00000175899","A2M",14.7700058445836
"patient2","ENSG00000132329","RAMP1",14.5915832259485
"patient2","ENSG00000182492","BGN",14.5703353714467
"patient2","ENSG00000176971","FIBIN",14.5623327263984
"patient2","ENSG00000120594","PLXDC2",14.5602254775791
"patient2","ENSG00000099260","PALMD",14.5567213628542
"patient2","ENSG00000158869","FCER1G",14.554107901359
"patient2","ENSG00000119681","LTBP2",14.5120781840486
"patient2","ENSG00000125868","DSTN",14.5008331907155
"patient2","ENSG00000170017","ALCAM",14.4308295999271
"patient2","ENSG00000198959","TGM2",14.3875541545326
"patient2","ENSG00000204472","AIF1",14.3193089463545
"patient2","ENSG00000121858","TNFSF10",14.2944768474299
"patient2","ENSG00000002933","TMEM176A",14.2711468927395
"patient2","ENSG00000125730","C3",14.2582404846878
"patient2","ENSG00000188783","PRELP",14.2181867786576
"patient2","ENSG00000148053","NTRK2",14.1854280452105
"patient2","ENSG00000011600","TYROBP",14.1742373856177
"patient2","ENSG00000122679","RAMP3",14.0891572465975
"patient2","ENSG00000129757","CDKN1C",14.0888434528654
"patient2","ENSG00000064205","CCN5",14.0501765876226
"patient2","ENSG00000144476","ACKR3",14.0300261359956
"patient2","ENSG00000240583","AQP1",14.029494985559
"patient2","ENSG00000170345","FOS",13.9852831462677
"patient2","ENSG00000123358","NR4A1",13.9308970773844
"patient2","ENSG00000105655","ISYNA1",13.9115247995963
"patient2","ENSG00000116016","EPAS1",13.8430421525221
"patient2","ENSG00000074416","MGLL",13.8262242836087
"patient2","ENSG00000164692","COL1A2",13.6153602684009
"patient2","ENSG00000091986","CCDC80",13.5721487977501
"patient2","ENSG00000152583","SPARCL1",13.5599014757059
"patient2","ENSG00000019582","CD74",13.510689569731
"patient2","ENSG00000213316","LTC4S",13.5103098191814
"patient2","ENSG00000132965","ALOX5AP",13.4991483944774
"patient2","ENSG00000123131","PRDX4",13.4800848733682
"patient2","ENSG00000204287","HLA-DRA",13.4513234132524
"patient2","ENSG00000134531","EMP1",13.3995300317281
"patient2","ENSG00000120708","TGFBI",13.3880530206387
"patient2","ENSG00000117632","STMN1",13.3440188784272
"patient2","ENSG00000106991","ENG",13.343448023021
"patient2","ENSG00000170962","PDGFD",13.3236357665802
"patient2","ENSG00000111404","RERGL",13.3227558077146
"patient2","ENSG00000123384","LRP1",13.3122862040091
"patient2","ENSG00000165795","NDRG2",13.3067499074062
"patient2","ENSG00000127083","OMD",13.2940742961693
"patient2","ENSG00000010278","CD9",13.2751353649032
"patient2","ENSG00000185551","NR2F2",13.2230488992306
"patient2","ENSG00000133574","GIMAP4",13.2023919357713
"patient2","ENSG00000196126","HLA-DRB1",13.1820080982036
"patient2","ENSG00000185885","IFITM1",13.1387135607601
"patient2","ENSG00000151491","EPS8",13.1051308862697
"patient2","ENSG00000197614","MFAP5",13.089421693037
"patient2","ENSG00000198523","PLN",13.0420623902328
"patient2","ENSG00000204592","HLA-E",13.0419580180949
"patient2","ENSG00000164035","EMCN",13.0308301521823
"patient2","ENSG00000116132","PRRX1",13.0087017386451
"patient2","ENSG00000163520","FBLN2",12.9981975132745
"patient2","ENSG00000065054","NHERF2",12.9725279939564
"patient2","ENSG00000136826","KLF4",12.9670440531335
"patient2","ENSG00000125740","FOSB",12.9620074076008
"patient2","ENSG00000168497","CAVIN2",12.9577543936064
"patient2","ENSG00000145423","SFRP2",12.8825230365023
"patient2","ENSG00000182326","C1S",12.8170705948978
"patient2","ENSG00000159403","C1R",12.8005901978317
"patient2","ENSG00000133392","MYH11",12.7763234813305
"patient2","ENSG00000162772","ATF3",12.7275566789476
"patient2","ENSG00000197943","PLCG2",12.6898557984308
"patient2","ENSG00000275302","CCL4",12.6606863462672
"patient2","ENSG00000068001","HYAL2",12.5905657158662
"patient2","ENSG00000153823","PID1",12.5481380091691
"patient2","ENSG00000160888","IER2",12.5241030418075
"patient2","ENSG00000115461","IGFBP5",12.5156515147092
"patient2","ENSG00000143226","FCGR2A",12.4931597784352
"patient2","ENSG00000187244","BCAM",12.486934810636
"patient2","ENSG00000166482","MFAP4",12.4861226764098
"patient2","ENSG00000184489","PTP4A3",12.4666537612528
"patient2","ENSG00000196616","ADH1B",12.4261051466498
"patient2","ENSG00000185633","COXFA4L2",12.393136076551
"patient2","ENSG00000122862","SRGN",12.3777896315571
"patient2","ENSG00000183087","GAS6",12.3747135600315
"patient2","ENSG00000076706","MCAM",12.343628500346
"patient2","ENSG00000240065","PSMB9",12.3338286188395
"patient2","ENSG00000162458","FBLIM1",12.2985849885487
"patient2","ENSG00000106624","AEBP1",12.269600404945
"patient2","ENSG00000162496","DHRS3",12.2550073132709
"patient2","ENSG00000154175","ABI3BP",12.2388865160989
"patient2","ENSG00000196154","S100A4",12.0636928516047
"patient2","ENSG00000174348","PODN",12.0619045735125
"patient2","ENSG00000197894","ADH5",12.0437600589074
"patient2","ENSG00000166562","SEC11C",12.0332385980593
"patient2","ENSG00000162511","LAPTM5",11.998221004497
"patient2","ENSG00000161638","ITGA5",11.980317524091
"patient2","ENSG00000065534","MYLK",11.9684389576084
"patient2","ENSG00000188290","HES4",11.9660440892967
"patient2","ENSG00000197747","S100A10",11.9579489793427
"patient2","ENSG00000103811","CTSH",11.9555298075516
"patient2","ENSG00000231389","HLA-DPA1",11.9323641874388
"patient2","ENSG00000109610","SOD3",11.9220520333068
"patient2","ENSG00000071967","CYBRD1",11.9058539849509
"patient2","ENSG00000142173","COL6A2",11.9041102904433
"patient2","ENSG00000008517","IL32",11.8909874376328
"patient2","ENSG00000081237","PTPRC",11.8895775594965
"patient2","ENSG00000003436","TFPI",11.861452459
"patient2","ENSG00000176046","NUPR1",11.8495337315988
"patient2","ENSG00000265972","TXNIP",11.8179079319484
"patient2","ENSG00000100345","MYH9",11.8132264291847
"patient2","ENSG00000173918","C1QTNF1",11.7993172668776
"patient2","ENSG00000174059","CD34",11.7826977858431
"patient2","ENSG00000189058","APOD",11.7816398508466
"patient2","ENSG00000125810","CD93",11.7373193126404
"patient2","ENSG00000119655","NPC2",11.7337260861518
"patient2","ENSG00000159176","CSRP1",11.6808363941411
"patient2","ENSG00000234745","HLA-B",11.6803661425635
"patient2","ENSG00000188643","S100A16",11.6714560721659
"patient2","ENSG00000169554","ZEB2",11.6473737965656
"patient2","ENSG00000110077","MS4A6A",11.6461374113845
"patient2","ENSG00000185650","ZFP36L1",11.6454570445541
"patient2","ENSG00000197405","C5AR1",11.6343414713185
"patient2","ENSG00000164106","SCRG1",11.5903402391562
"patient2","ENSG00000140945","CDH13",11.5885861745466
"patient2","ENSG00000197461","PDGFA",11.5805367925059
"patient2","ENSG00000133110","POSTN",11.579586863079
"patient2","ENSG00000204103","MAFB",11.5773811913014
"patient2","ENSG00000129422","MTUS1",11.5702370510845
"patient2","ENSG00000135744","AGT",11.5151259674908
"patient2","ENSG00000154146","NRGN",11.5088322343689
"patient2","ENSG00000135821","GLUL",11.5052556619061
"patient2","ENSG00000104368","PLAT",11.4909484574518
"patient2","ENSG00000140416","TPM1",11.470303875171
"patient2","ENSG00000196924","FLNA",11.4586051868233
"patient2","ENSG00000182551","ADI1",11.423585879813
"patient2","ENSG00000110852","CLEC2B",11.396462520751
"patient2","ENSG00000133639","BTG1",11.3937370597467
"patient2","ENSG00000149131","SERPING1",11.3934913881638
"patient2","ENSG00000145675","PIK3R1",11.3856742732136
"patient2","ENSG00000017427","IGF1",11.3537681811282
"patient2","ENSG00000125968","ID1",11.3527599657943
"patient2","ENSG00000250479","CHCHD10",11.2996312275571
"patient2","ENSG00000179344","HLA-DQB1",11.2695243096736
"patient2","ENSG00000153317","ASAP1",11.2473469532802
"patient2","ENSG00000159189","C1QC",11.2429263970042
"patient2","ENSG00000143127","ITGA10",11.2311521009592
"patient2","ENSG00000131386","GALNT15",11.2276416700264
"patient2","ENSG00000126264","HCST",11.2276161487111
"patient2","ENSG00000196735","HLA-DQA1",11.2245659222466
"patient2","ENSG00000159251","ACTC1",11.219660624549
"patient2","ENSG00000168209","DDIT4",11.1987923224523
"patient2","ENSG00000187955","COL14A1",11.1964201404646
"patient2","ENSG00000101000","PROCR",11.1289955304285
"patient2","ENSG00000157514","TSC22D3",11.1182922077136
"patient2","ENSG00000154556","SORBS2",11.1175575429004
"patient2","ENSG00000166927","MS4A7",11.1166979408443
"patient2","ENSG00000101160","CTSZ",11.0941960724533
"patient2","ENSG00000112936","C7",11.0816690331038
"patient2","ENSG00000127920","GNG11",11.0773180735386
"patient2","ENSG00000171223","JUNB",11.0563153721911
"patient2","ENSG00000130429","ARPC1B",11.047461945236
"patient2","ENSG00000211445","GPX3",11.0342437631143
"patient2","ENSG00000110079","MS4A4A",11.0173451904842
"patient2","ENSG00000141232","TOB1",10.9880403385408
"patient2","ENSG00000152661","GJA1",10.9810732997271
"patient2","ENSG00000135916","ITM2C",10.9730878178481
"patient2","ENSG00000067225","PKM",10.9633817577778
"patient2","ENSG00000070081","NUCB2",10.9606618429492
"patient2","ENSG00000111348","ARHGDIB",10.9463596321867
"patient2","ENSG00000164733","CTSB",10.9443995876586
"patient2","ENSG00000137801","THBS1",10.9363464204347
"patient2","ENSG00000048740","CELF2",10.8944992562051
"patient2","ENSG00000087245","MMP2",10.8855534435777
"patient2","ENSG00000129226","CD68",10.8825894967625
"patient2","ENSG00000100979","PLTP",10.8743199988794
"patient2","ENSG00000172935","MRGPRF",10.8709046322346
"patient2","ENSG00000188257","PLA2G2A",10.8630940293953
"patient2","ENSG00000177575","CD163",10.8622913569292
"patient2","ENSG00000130176","CNN1",10.8495202257619
"patient2","ENSG00000189171","S100A13",10.8380159571199
"patient2","ENSG00000169908","TM4SF1",10.8350286598146
"patient2","ENSG00000136167","LCP1",10.8218661420914
"patient2","ENSG00000151632","AKR1C2",10.8159065327754
"patient2","ENSG00000104870","FCGRT",10.7804554418909
"patient2","ENSG00000143119","CD53",10.7754013073099
"patient2","ENSG00000100219","XBP1",10.7603313058185
"patient2","ENSG00000198542","ITGBL1",10.7381666054012
"patient2","ENSG00000167779","IGFBP6",10.7357717369442
"patient2","ENSG00000182287","AP1S2",10.7345460239948
"patient2","ENSG00000167552","TUBA1A",10.7282685918993
"patient2","ENSG00000099250","NRP1",10.7174593619092
"patient2","ENSG00000005020","SKAP2",10.7046429438686
"patient2","ENSG00000038945","MSR1",10.6956205766565
"patient2","ENSG00000107562","CXCL12",10.6943469612047
"patient2","ENSG00000089327","FXYD5",10.6288816489785
"patient2","ENSG00000004399","PLXND1",10.6094235763861
"patient2","ENSG00000165168","CYBB",10.595823220606
"patient2","ENSG00000119147","ECRG4",10.5904182614133
"patient2","ENSG00000114541","FRMD4B",10.5869933331044
"patient2","ENSG00000163453","IGFBP7",10.5778703867561
"patient2","ENSG00000106333","PCOLCE",10.5734484484443
"patient2","ENSG00000030582","GRN",10.5496941067613
"patient2","ENSG00000178695","KCTD12",10.5494077062654
"patient2","ENSG00000148671","ADIRF",10.536224369138
"patient2","ENSG00000137331","IER3",10.5013733134989
"patient2","ENSG00000160255","ITGB2",10.4948446841513
"patient2","ENSG00000122378","PRXL2A",10.4911884077717
"patient2","ENSG00000182463","TSHZ2",10.4494301042536
"patient2","ENSG00000223865","HLA-DPB1",10.4269197989988
"patient2","ENSG00000000971","CFH",10.4240180180922
"patient2","ENSG00000090382","LYZ",10.4148831935037
"patient2","ENSG00000221869","CEBPD",10.378593349157
"patient2","ENSG00000173372","C1QA",10.3504751469012
"patient2","ENSG00000106483","SFRP4",10.3433490433525
"patient2","ENSG00000184347","SLIT3",10.3431740870538
"patient2","ENSG00000145012","LPP",10.3396222924129
"patient2","ENSG00000100097","LGALS1",10.3311332154543
"patient2","ENSG00000170891","CYTL1",10.3007353763377
"patient2","ENSG00000142227","EMP3",10.2996394113937
"patient2","ENSG00000152518","ZFP36L2",10.2868118136587
"patient2","ENSG00000166592","RRAD",10.2805371919465
"patient2","ENSG00000162444","RBP7",10.2458310046613
"patient2","ENSG00000105329","TGFB1",10.2292382885006
"patient2","ENSG00000124491","F13A1",10.2284573718752
"patient2","ENSG00000133872","SARAF",10.2204314709418
"patient2","ENSG00000072110","ACTN1",10.2187735154433
"patient2","ENSG00000105835","NAMPT",10.2170117418658
"patient2","ENSG00000111716","LDHB",10.2068529193307
"patient2","ENSG00000004799","PDK4",10.1949527852933
"patient2","ENSG00000170458","CD14",10.1875981031706
"patient2","ENSG00000099998","GGT5",10.1545351631506
"patient2","ENSG00000006327","TNFRSF12A",10.1467156474054
"patient2","ENSG00000104894","CD37",10.1414108554405
"patient2","ENSG00000101347","SAMHD1",10.13882969118
"patient2","ENSG00000137573","SULF1",10.136878015987
"patient2","ENSG00000266964","FXYD1",10.1267108607163
"patient2","ENSG00000084070","SMAP2",10.1160096281428
"patient2","ENSG00000105974","CAV1",10.1052358907233
"patient2","ENSG00000213145","CRIP1",10.0788881826075
"patient2","ENSG00000051523","CYBA",10.0718782983533
"patient2","ENSG00000163220","S100A9",10.0714830179964
"patient2","ENSG00000154553","PDLIM3",10.0529367510925
"patient2","ENSG00000188229","TUBB4B",10.0418388787545
"patient2","ENSG00000109846","CRYAB",10.0386946842629
"patient2","ENSG00000173706","HEG1",10.0201552180156
"patient2","ENSG00000150687","PRSS23",10.0105251384498
"patient2","ENSG00000163565","IFI16",10.0100138874385
"patient2","ENSG00000172403","SYNPO2",10.0024627504183
"patient2","ENSG00000130592","LSP1",9.99352808349546
"patient2","ENSG00000173369","C1QB",9.9866406384515
"patient2","ENSG00000131370","SH3BP5",9.97248418684669
"patient2","ENSG00000125148","MT2A",9.96207163579181
"patient2","ENSG00000197766","CFD",9.95268547735374
"patient2","ENSG00000150347","ARID5B",9.94947688769999
"patient2","ENSG00000064989","CALCRL",9.9375893042488
"patient2","ENSG00000130066","SAT1",9.93531738725494
"patient2","ENSG00000146674","IGFBP3",9.92621516116863
"patient2","ENSG00000197321","SVIL",9.92060902968037
"patient2","ENSG00000157557","ETS2",9.9187937631743
"patient2","ENSG00000112699","GMDS",9.91186618169809
"patient2","ENSG00000110092","CCND1",9.9066175479882
"patient2","ENSG00000168386","FILIP1L",9.88998950040541
"patient2","ENSG00000005022","SLC25A5",9.8876031227913
"patient2","ENSG00000182578","CSF1R",9.88704354903888
"patient2","ENSG00000203747","FCGR3A",9.87760107335508
"patient2","ENSG00000108691","CCL2",9.86515908080332
"patient2","ENSG00000155659","VSIG4",9.85555235813061
"patient2","ENSG00000042493","CAPG",9.85276497039234
"patient2","ENSG00000099860","GADD45B",9.83679589741593
"patient2","ENSG00000164761","TNFRSF11B",9.81659264707912
"patient2","ENSG00000130303","BST2",9.79351254867475
"patient2","ENSG00000143819","EPHX1",9.76440865769029
"patient2","ENSG00000072952","IRAG1",9.72369553103159
"patient2","ENSG00000051108","HERPUD1",9.71952377562114
"patient2","ENSG00000035862","TIMP2",9.71697612137713
"patient2","ENSG00000066336","SPI1",9.69484735891379
"patient2","ENSG00000102786","INTS6",9.67316618826972
"patient2","ENSG00000165457","FOLR2",9.65284437591244
"patient2","ENSG00000137962","ARHGAP29",9.65124485693859
"patient2","ENSG00000081189","MEF2C",9.63145344515509
"patient2","ENSG00000162599","NFIA",9.62805360490656
"patient2","ENSG00000085063","CD59",9.59618080147713
"patient2","ENSG00000104419","NDRG1",9.5930205990518
"patient2","ENSG00000260314","MRC1",9.58991751090669
"patient2","ENSG00000166741","NNMT",9.5620372766265
"patient2","ENSG00000162998","FRZB",9.52659532369162
"patient2","ENSG00000187479","C11orf96",9.52505473042592
"patient2","ENSG00000104332","SFRP1",9.51136875037224
"patient2","ENSG00000114115","RBP1",9.48317937052056
"patient2","ENSG00000008441","NFIX",9.45908291293566
"patient2","ENSG00000102804","TSC22D1",9.43431669357553
"patient2","ENSG00000125347","IRF1",9.43057238232107
"patient2","ENSG00000162576","MXRA8",9.42808074627222
"patient2","ENSG00000173848","NET1",9.42748242719335
"patient2","ENSG00000109861","CTSC",9.42716934049485
"patient2","ENSG00000142798","HSPG2",9.42534956399356
"patient2","ENSG00000115594","IL1R1",9.40311513782782
"patient2","ENSG00000204389","HSPA1A",9.39977153131967
"patient2","ENSG00000277443","MARCKS",9.39818131640478
"patient2","ENSG00000124831","LRRFIP1",9.39562333280957
"patient2","ENSG00000108821","COL1A1",9.39242142442492
"patient2","ENSG00000100644","HIF1A",9.3888662802989
"patient2","ENSG00000133800","LYVE1",9.37249442823635
"patient2","ENSG00000115641","FHL2",9.36086610232263
"patient2","ENSG00000111145","ELK3",9.34312915657246
"patient2","ENSG00000174080","CTSF",9.316893154658
"patient2","ENSG00000168899","VAMP5",9.3128901082294
"patient2","ENSG00000164125","GASK1B",9.26125052303497
"patient2","ENSG00000118785","SPP1",9.24700311360939
"patient2","ENSG00000050405","LIMA1",9.23279404297326
"patient2","ENSG00000143110","C1orf162",9.23242233613158
"patient2","ENSG00000183255","PTTG1IP",9.18323124766143
"patient2","ENSG00000129657","SEC14L1",9.18135781567385
"patient2","ENSG00000165092","ALDH1A1",9.17309473410143
"patient2","ENSG00000150540","HNMT",9.17224461492034
"patient2","ENSG00000168542","COL3A1",9.15669447618119
"patient2","ENSG00000163017","ACTG2",9.14962860615804
"patient2","ENSG00000152818","UTRN",9.13466089292317
"patient2","ENSG00000213626","LBH",9.13445981609333
"patient2","ENSG00000113657","DPYSL3",9.13323272087419
"patient2","ENSG00000148175","STOM",9.11667403020155
"patient2","ENSG00000173641","HSPB7",9.10030964030083
"patient2","ENSG00000128595","CALU",9.08491412568888
"patient2","ENSG00000128245","YWHAH",9.07900577076544
"patient2","ENSG00000100906","NFKBIA",9.07458640508763
"patient2","ENSG00000122644","ARL4A",9.06309535480565
"patient2","ENSG00000169504","CLIC4",9.05285021921097
"patient2","ENSG00000186834","HEXIM1",9.05086610830624
"patient2","ENSG00000026508","CD44",9.04480903205371
"patient2","ENSG00000163431","LMOD1",9.03988741751238
"patient2","ENSG00000025708","TYMP",9.02826883608836
"patient2","ENSG00000135363","LMO2",9.02061483389988
"patient2","ENSG00000112531","QKI",9.01857060431112
"patient2","ENSG00000123416","TUBA1B",9.00702308385865
"patient2","ENSG00000171862","PTEN",9.00414404861804
"patient2","ENSG00000133142","TCEAL4",8.96843838936912
"patient2","ENSG00000163563","MNDA",8.96565214809257
"patient2","ENSG00000204264","PSMB8",8.96111853808169
"patient2","ENSG00000177697","CD151",8.94760230089435
"patient2","ENSG00000135269","TES",8.94255841634546
"patient2","ENSG00000137076","TLN1",8.94167441430592
"patient2","ENSG00000074842","MYDGF",8.92685191933094
"patient2","ENSG00000198848","CES1",8.92675431360135
"patient2","ENSG00000187134","AKR1C1",8.92463343103095
"patient2","ENSG00000198431","TXNRD1",8.91729742567543
"patient2","ENSG00000006016","CRLF1",8.91202011731609
"patient2","ENSG00000116194","ANGPTL1",8.86337197443823
"patient2","ENSG00000269821","KCNQ1OT1",8.84131308510477
"patient2","ENSG00000166033","HTRA1",8.84042986920329
"patient2","ENSG00000107551","RASSF4",8.83370372006852
"patient2","ENSG00000004776","HSPB6",8.83112648222698
"patient2","ENSG00000169398","PTK2",8.7936623452462
"patient2","ENSG00000137710","RDX",8.78061764233987
"patient2","ENSG00000187193","MT1X",8.78005798657862
"patient2","ENSG00000183722","LHFPL6",8.75590432675769
"patient2","ENSG00000132780","NASP",8.73455764090281
"patient2","ENSG00000168214","RBPJ",8.73007294224844
"patient2","ENSG00000132002","DNAJB1",8.72320341701915
"patient2","ENSG00000106066","CPVL",8.71858693126006
"patient2","ENSG00000128016","ZFP36",8.71782568892542
"patient2","ENSG00000141905","NFIC",8.71694960878036
"patient2","ENSG00000163513","TGFBR2",8.7013829190346
"patient2","ENSG00000173486","FKBP2",8.69742862447531
"patient2","ENSG00000153179","RASSF3",8.69633737690718
"patient2","ENSG00000138080","EMILIN1",8.69617193776954
"patient2","ENSG00000102007","PLP2",8.68470894238972
"patient2","ENSG00000145632","PLK2",8.67982863459567
"patient2","ENSG00000002549","LAP3",8.67552551212875
"patient2","ENSG00000164116","GUCY1A1",8.67466333899597
"patient2","ENSG00000180304","OAZ2",8.67214471544138
"patient2","ENSG00000103187","COTL1",8.66890421851713
"patient2","ENSG00000100242","SUN2",8.64888279757168
"patient2","ENSG00000241343","RPL36A",8.62976146659217
"patient2","ENSG00000269893","SNHG8",8.61973200282305
"patient2","ENSG00000167553","TUBA1C",8.61526412147328
"patient2","ENSG00000107738","VSIR",8.59377138574936
"patient2","ENSG00000176845","METRNL",8.55223491247993
"patient2","ENSG00000118515","SGK1",8.53915297106856
"patient2","ENSG00000136235","GPNMB",8.53885953526816
"patient2","ENSG00000171659","GPR34",8.52695982263492
"patient2","ENSG00000183963","SMTN",8.49348165927728
"patient2","ENSG00000130755","GMFG",8.48897200615018
"patient2","ENSG00000130402","ACTN4",8.47934141781759
"patient2","ENSG00000170348","TMED10",8.47047524814087
"patient2","ENSG00000170540","ARL6IP1",8.45640728026646
"patient2","ENSG00000158716","DUSP23",8.45064191452821
"patient2","ENSG00000137033","IL33",8.44855516363889
"patient2","ENSG00000184905","TCEAL2",8.44336870040214
"patient2","ENSG00000035403","VCL",8.44063212712702
"patient2","ENSG00000111275","ALDH2",8.43530667250016
"patient2","ENSG00000196569","LAMA2",8.42637952775299
"patient2","ENSG00000136732","GYPC",8.42375502424026
"patient2","ENSG00000145390","USP53",8.3975325715188
"patient2","ENSG00000154096","THY1",8.385533673423
"patient2","ENSG00000107281","NPDC1",8.37263793128965
"patient2","ENSG00000163359","COL6A3",8.34319977392563
"patient2","ENSG00000148700","ADD3",8.33231359605363
"patient2","ENSG00000143162","CREG1",8.32678784801313
"patient2","ENSG00000134871","COL4A2",8.31608545874843
"patient2","ENSG00000158747","NBL1",8.30775044472305
"patient2","ENSG00000087074","PPP1R15A",8.30036780221046
"patient2","ENSG00000275395","FCGBP",8.29585764811207
"patient2","ENSG00000172531","PPP1CA",8.2887762057429
"patient2","ENSG00000141480","ARRB2",8.2814313997492
"patient2","ENSG00000091436","MAP3K20",8.2811007420236
"patient2","ENSG00000196139","AKR1C3",8.2728542071556
"patient2","ENSG00000175602","CCDC85B",8.24929024805367
"patient2","ENSG00000160213","CSTB",8.24892025072213
"patient2","ENSG00000123104","ITPR2",8.2445848809661
"patient2","ENSG00000184840","TMED9",8.23178294667354
"patient2","ENSG00000109113","RAB34",8.22669772587927
"patient2","ENSG00000101384","JAG1",8.1925087621573
"patient2","ENSG00000050165","DKK3",8.18897791933908
"patient2","ENSG00000114315","HES1",8.17214872516122
"patient2","ENSG00000156113","KCNMA1",8.16631477452506
"patient2","ENSG00000109472","CPE",8.15734498009903
"patient2","ENSG00000162614","NEXN",8.13918788138545
"patient2","ENSG00000171860","C3AR1",8.13843639406085
"patient2","ENSG00000164713","BRI3",8.1251533928007
"patient2","ENSG00000196628","TCF4",8.11785800137861
"patient2","ENSG00000171867","PRNP",8.11497703971031
"patient2","ENSG00000169715","MT1E",8.1142672692255
"patient2","ENSG00000249669","ENSG00000249669",8.10775007412763
"patient2","ENSG00000166333","ILK",8.1054008898938
"patient2","ENSG00000181222","POLR2A",8.10390307415658
"patient2","ENSG00000175183","CSRP2",8.09678480876865
"patient2","ENSG00000111678","C12orf57",8.06996740652873
"patient2","ENSG00000131711","MAP1B",8.06906359586543
"patient2","ENSG00000260916","CCPG1",8.05551771994198
"patient2","ENSG00000204642","HLA-F",8.04883669302662
"patient2","ENSG00000163131","CTSS",8.03763622817457
"patient2","ENSG00000168938","PPIC",8.03410017316205
"patient2","ENSG00000085871","MGST2",8.03266771149703
"patient2","ENSG00000139278","GLIPR1",8.03123643302201
"patient2","ENSG00000139679","LPAR6",8.0027866355145
"patient2","ENSG00000126261","UBA2",7.99883730571582
"patient2","ENSG00000189409","MMP23B",7.99530636966778
"patient2","ENSG00000110955","ATP5F1B",7.99074109442369
"patient2","ENSG00000164105","SAP30",7.98032827770051
"patient2","ENSG00000233016","SNHG7",7.97767486626466
"patient2","ENSG00000141338","ABCA8",7.97060076326503
"patient2","ENSG00000131669","NINJ1",7.94059477942081
"patient2","ENSG00000166347","CYB5A",7.93991641459257
"patient2","ENSG00000242574","HLA-DMB",7.92940126878544
"patient2","ENSG00000153071","DAB2",7.92005306366465
"patient2","ENSG00000178573","MAF",7.89518445647361
"patient2","ENSG00000204388","HSPA1B",7.89033809495834
"patient2","ENSG00000116774","OLFML3",7.88977923879327
"patient2","ENSG00000067113","PLPP1",7.88223292261348
"patient2","ENSG00000112562","SMOC2",7.87351816386967
"patient2","ENSG00000185624","P4HB",7.86071999363644
"patient2","ENSG00000106819","ASPN",7.85290707259716
"patient2","ENSG00000213853","EMP2",7.85259801352209
"patient2","ENSG00000204256","BRD2",7.85080722619095
"patient2","ENSG00000102144","PGK1",7.8430428150193
"patient2","ENSG00000042753","AP2S1",7.82820510614268
"patient2","ENSG00000113648","MACROH2A1",7.81563437836949
"patient2","ENSG00000147065","MSN",7.81442124093962
"patient2","ENSG00000134352","IL6ST",7.81072694652542
"patient2","ENSG00000130522","JUND",7.81052844222976
"patient2","ENSG00000121898","CPXM2",7.79739107435739
"patient2","ENSG00000161960","EIF4A1",7.78457554586173
"patient2","ENSG00000022267","FHL1",7.7788660057495
"patient2","ENSG00000106538","RARRES2",7.77474575097632
"patient2","ENSG00000176485","PLAAT3",7.73800242807085
"patient2","ENSG00000188313","PLSCR1",7.7344497729733
"patient2","ENSG00000143013","LMO4",7.72803354489448
"patient2","ENSG00000139687","RB1",7.71964213211271
"patient2","ENSG00000113594","LIFR",7.71903472349748
"patient2","ENSG00000126458","RRAS",7.71181703879911
"patient2","ENSG00000128739","SNRPN",7.70720921691898
"patient2","ENSG00000173193","PARP14",7.70564625953832
"patient2","ENSG00000111817","DSE",7.70283688079965
"patient2","ENSG00000235162","C12orf75",7.70224880377994
"patient2","ENSG00000151789","ZNF385D",7.70116464388281
"patient2","ENSG00000105223","PLD3",7.6994315161829
"patient2","ENSG00000172348","RCAN2",7.66360073907668
"patient2","ENSG00000118855","MFSD1",7.631368675175
"patient2","ENSG00000143387","CTSK",7.61834433099284
"patient2","ENSG00000117410","ATP6V0B",7.61437389411086
"patient2","ENSG00000120742","SERP1",7.6131454905029
"patient2","ENSG00000117984","CTSD",7.60937515730959
"patient2","ENSG00000138061","CYP1B1",7.60573948556115
"patient2","ENSG00000168003","SLC3A2",7.60091224374309
"patient2","ENSG00000196352","CD55",7.57373464496628
"patient2","ENSG00000167470","MIDN",7.57056389925709
"patient2","ENSG00000118508","RAB32",7.56878573042124
"patient2","ENSG00000027697","IFNGR1",7.56415110004964
"patient2","ENSG00000113811","SELENOK",7.55625534626212
"patient2","ENSG00000215301","DDX3X",7.55225709135399
"patient2","ENSG00000153310","CYRIB",7.54469148353334
"patient2","ENSG00000113721","PDGFRB",7.54009404960517
"patient2","ENSG00000070404","FSTL3",7.53213686514742
"patient2","ENSG00000137831","UACA",7.52741605589985
"patient2","ENSG00000204217","BMPR2",7.51028183408215
"patient2","ENSG00000125844","RRBP1",7.50838532636837
"patient2","ENSG00000198832","SELENOM",7.50484140865983
"patient2","ENSG00000169439","SDC2",7.50135227071667
"patient2","ENSG00000137575","SDCBP",7.49922499514222
"patient2","ENSG00000011422","PLAUR",7.48341353161908
"patient2","ENSG00000204257","HLA-DMA",7.47192194444512
"patient2","ENSG00000138071","ACTR2",7.47063629987439
"patient2","ENSG00000101955","SRPX",7.4705881626565
"patient2","ENSG00000168461","RAB31",7.46207276855173
"patient2","ENSG00000069702","TGFBR3",7.43885197503822
"patient2","ENSG00000102172","SMS",7.41803188493089
"patient2","ENSG00000110841","PPFIBP1",7.41673011524998
"patient2","ENSG00000115468","EFHD1",7.41107266214586
"patient2","ENSG00000150593","PDCD4",7.40921459265562
"patient2","ENSG00000163931","TKT",7.40864989370314
"patient2","ENSG00000092964","DPYSL2",7.4082614228315
"patient2","ENSG00000108774","RAB5C",7.40181100736603
"patient2","ENSG00000115738","ID2",7.3946822404902
"patient2","ENSG00000147862","NFIB",7.39253199608679
"patient2","ENSG00000068912","ERLEC1",7.39142515287538
"patient2","ENSG00000166340","TPP1",7.38268552062189
"patient2","ENSG00000155368","DBI",7.36258374521975
"patient2","ENSG00000111885","MAN1A1",7.36217956178283
"patient2","ENSG00000198502","HLA-DRB5",7.35831718225672
"patient2","ENSG00000124225","PMEPA1",7.35117643191048
"patient2","ENSG00000163171","CDC42EP3",7.34198280294777
"patient2","ENSG00000172301","COPRS",7.33701387134868
"patient2","ENSG00000173221","GLRX",7.32564616882375
"patient2","ENSG00000108639","SYNGR2",7.29368033706194
"patient2","ENSG00000241399","CD302",7.29020642282285
"patient2","ENSG00000164104","HMGB2",7.2898283849749
"patient2","ENSG00000134243","SORT1",7.28222325293932
"patient2","ENSG00000173705","SUSD5",7.27150716993665
"patient2","ENSG00000198189","HSD17B11",7.26986884708811
"patient2","ENSG00000134996","OSTF1",7.26796655525422
"patient2","ENSG00000118640","VAMP8",7.26687117727136
"patient2","ENSG00000128228","SDF2L1",7.26001730171165
"patient2","ENSG00000182809","CRIP2",7.24146193638283
"patient2","ENSG00000114850","SSR3",7.22580202969778
"patient2","ENSG00000103145","HCFC1R1",7.2171129663799
"patient2","ENSG00000151729","SLC25A4",7.21302358275421
"patient2","ENSG00000137161","CNPY3",7.20151070712262
"patient2","ENSG00000108679","LGALS3BP",7.1949776954748
"patient2","ENSG00000134533","RERG",7.17813038537019
"patient2","ENSG00000243927","MRPS6",7.17618291436614
"patient2","ENSG00000162733","DDR2",7.17321996987431
"patient2","ENSG00000164442","CITED2",7.17238625406071
"patient2","ENSG00000197061","H4C3",7.16789779028826
"patient2","ENSG00000079308","TNS1",7.16543130890524
"patient2","ENSG00000023902","PLEKHO1",7.15856917514917
"patient2","ENSG00000086061","DNAJA1",7.15540671086196
"patient2","ENSG00000099204","ABLIM1",7.14975966270489
"patient2","ENSG00000131446","MGAT1",7.14769481087907
"patient2","ENSG00000113140","SPARC",7.14746373326061
"patient2","ENSG00000172201","ID4",7.12579688324501
"patient2","ENSG00000163110","PDLIM5",7.1134058179729
"patient2","ENSG00000177885","GRB2",7.11008438507747
"patient2","ENSG00000102802","MEDAG",7.09510057534677
"patient2","ENSG00000054654","SYNE2",7.09507968324566
"patient2","ENSG00000047849","MAP4",7.09357940187804
"patient2","ENSG00000129128","SPCS3",7.08990018424132
"patient2","ENSG00000116741","RGS2",7.08312878478737
"patient2","ENSG00000106366","SERPINE1",7.08097644330756
"patient2","ENSG00000159840","ZYX",7.06850790962677
"patient2","ENSG00000147872","PLIN2",7.06760053719112
"patient2","ENSG00000092010","PSME1",7.06690458972056
"patient2","ENSG00000145730","PAM",7.0656364185793
"patient2","ENSG00000095637","SORBS1",7.0627065267095
"patient2","ENSG00000010327","STAB1",7.05532808092602
"patient2","ENSG00000162434","JAK1",7.05240755968654
"patient2","ENSG00000137509","PRCP",7.05143848193696
"patient2","ENSG00000143545","RAB13",7.03957685977528
"patient2","ENSG00000204569","PPP1R10",7.03409097707903
"patient2","ENSG00000144802","NFKBIZ",7.03348979236719
"patient2","ENSG00000143537","ADAM15",7.03031069678698
"patient2","ENSG00000168477","TNXB",7.02484757651689
"patient2","ENSG00000243147","MRPL33",7.01619984549352
"patient2","ENSG00000168615","ADAM9",7.00281019489981
"patient2","ENSG00000113269","RNF130",7.00279316361743
"patient2","ENSG00000065911","MTHFD2",6.99831907215109
"patient2","ENSG00000106034","CPED1",6.98738729464508
"patient2","ENSG00000107438","PDLIM1",6.98443983812836
"patient2","ENSG00000104823","ECH1",6.97866973467822
"patient2","ENSG00000140836","ZFHX3",6.96704525266413
"patient2","ENSG00000164032","H2AZ1",6.95833999002049
"patient2","ENSG00000153048","CARHSP1",6.95595625732795
"patient2","ENSG00000156052","GNAQ",6.95210779555338
"patient2","ENSG00000136603","SKIL",6.94196358584994
"patient2","ENSG00000124766","SOX4",6.92029899062182
"patient2","ENSG00000154734","ADAMTS1",6.91537671912336
"patient2","ENSG00000021355","SERPINB1",6.90886351342039
"patient2","ENSG00000119950","MXI1",6.9053963638961
"patient2","ENSG00000125753","VASP",6.9020353619945
"patient2","ENSG00000131724","IL13RA1",6.89982229833942
"patient2","ENSG00000145936","KCNMB1",6.89711806821737
"patient2","ENSG00000196923","PDLIM7",6.8899853061944
"patient2","ENSG00000120896","SORBS3",6.87136515458349
"patient2","ENSG00000148908","RGS10",6.87018083935117
"patient2","ENSG00000131236","CAP1",6.84841816207514
"patient2","ENSG00000168994","PXDC1",6.84294234740047
"patient2","ENSG00000246705","H2AJ",6.83810303546036
"patient2","ENSG00000164741","DLC1",6.83802723132485
"patient2","ENSG00000070961","ATP2B1",6.82392697345611
"patient2","ENSG00000140682","TGFB1I1",6.81954117256998
"patient2","ENSG00000180353","HCLS1",6.81876681120904
"patient2","ENSG00000143870","PDIA6",6.81596222258
"patient2","ENSG00000077782","FGFR1",6.80130178127212
"patient2","ENSG00000117519","CNN3",6.78870040201177
"patient2","ENSG00000163430","FSTL1",6.78270948236325
"patient2","ENSG00000140497","SCAMP2",6.77652866484844
"patient2","ENSG00000154188","ANGPT1",6.77304956702245
"patient2","ENSG00000196507","TCEAL3",6.76612801420052
"patient2","ENSG00000161921","CXCL16",6.76470662463306
"patient2","ENSG00000101856","PGRMC1",6.76447784914316
"patient2","ENSG00000104765","BNIP3L",6.74364963874581
"patient2","ENSG00000131238","PPT1",6.73726289897267
"patient2","ENSG00000214063","TSPAN4",6.73208867664453
"patient2","ENSG00000122176","FMOD",6.73054416274955
"patient2","ENSG00000112308","C6orf62",6.72962013458765
"patient2","ENSG00000121691","CAT",6.72956249912248
"patient2","ENSG00000163956","LRPAP1",6.72709821333355
"patient2","ENSG00000167601","AXL",6.70964321900212
"patient2","ENSG00000147027","TMEM47",6.68773038688336
"patient2","ENSG00000129116","PALLD",6.67913444244512
"patient2","ENSG00000144642","RBMS3",6.6719296106023
"patient2","ENSG00000134107","BHLHE40",6.6719224669618
"patient2","ENSG00000143549","TPM3",6.65421587096033
"patient2","ENSG00000178719","GRINA",6.65375442221971
"patient2","ENSG00000079819","EPB41L2",6.6519939791959
"patient2","ENSG00000082781","ITGB5",6.65144913534583
"patient2","ENSG00000273749","CYFIP1",6.64435161014388
"patient2","ENSG00000116473","RAP1A",6.64400915212497
"patient2","ENSG00000138495","COX17",6.636644764993
"patient2","ENSG00000142192","APP",6.63439492571898
"patient2","ENSG00000133789","SWAP70",6.60560964489719
"patient2","ENSG00000149084","HSD17B12",6.59050214684886
"patient2","ENSG00000205364","MT1M",6.59003899578411
"patient2","ENSG00000217555","CKLF",6.58770386640058
"patient2","ENSG00000067900","ROCK1",6.58478661385508
"patient2","ENSG00000211455","STK38L",6.58406787808321
"patient2","ENSG00000118705","RPN2",6.58350640486169
"patient2","ENSG00000159128","IFNGR2",6.56995017029898
"patient2","ENSG00000142156","COL6A1",6.56271438370843
"patient2","ENSG00000058272","PPP1R12A",6.56191347409167
"patient2","ENSG00000197448","GSTK1",6.55603697623279
"patient2","ENSG00000026297","RNASET2",6.55282534781919
"patient2","ENSG00000170759","KIF5B",6.55118149870538
"patient2","ENSG00000123562","MORF4L2",6.53691683399516
"patient2","ENSG00000100600","LGMN",6.52483013818029
"patient2","ENSG00000105401","CDC37",6.52382207870838
"patient2","ENSG00000166681","BEX3",6.51679247070382
"patient2","ENSG00000060237","WNK1",6.51210567195751
"patient2","ENSG00000166147","FBN1",6.50901164564953
"patient2","ENSG00000105971","CAV2",6.50180539074155
"patient2","ENSG00000163683","SMIM14",6.49888682189334
"patient2","ENSG00000138594","TMOD3",6.49513198032815
"patient2","ENSG00000137941","TTLL7",6.48324625808304
"patient2","ENSG00000156804","FBXO32",6.46902917464234
"patient2","ENSG00000135842","NIBAN1",6.4669313762106
"patient2","ENSG00000173821","RNF213",6.45828242635788
"patient2","ENSG00000163399","ATP1A1",6.45381593107218
"patient2","ENSG00000155090","KLF10",6.43857605784823
"patient2","ENSG00000135047","CTSL",6.43149895857608
"patient2","ENSG00000068305","MEF2A",6.42993520251368
"patient2","ENSG00000134202","GSTM3",6.42043688588386
"patient2","ENSG00000174718","RESF1",6.41915187513413
"patient2","ENSG00000197694","SPTAN1",6.40166257070612
"patient2","ENSG00000189067","LITAF",6.39886193633162
"patient2","ENSG00000181722","ZBTB20",6.38273273785479
"patient2","ENSG00000180817","PPA1",6.37782953695895
"patient2","ENSG00000147526","TACC1",6.35568464716623
"patient2","ENSG00000143384","MCL1",6.35035360845649
"patient2","ENSG00000213614","HEXA",6.33830844703465
"patient2","ENSG00000162407","PLPP3",6.33281961332533
"patient2","ENSG00000157107","FCHO2",6.32531731052268
"patient2","ENSG00000222041","CYTOR",6.30423120938469
"patient2","ENSG00000176978","DPP7",6.29739797420997
"patient2","ENSG00000159884","CCDC107",6.29347174018717
"patient2","ENSG00000198856","OSTC",6.29310478048167
"patient2","ENSG00000147454","SLC25A37",6.26917527458119
"patient2","ENSG00000129824","RPS4Y1",6.26671108057707
"patient2","ENSG00000134291","TMEM106C",6.24637630454309
"patient2","ENSG00000103490","PYCARD",6.24589293766595
"patient2","ENSG00000138814","PPP3CA",6.24396867586361
"patient2","ENSG00000185432","TMT1A",6.23245844154416
"patient2","ENSG00000108823","SGCA",6.23039977803489
"patient2","ENSG00000239672","NME1",6.23012509506763
"patient2","ENSG00000160932","LY6E",6.21602650662434
"patient2","ENSG00000123096","SSPN",6.21107698774987
"patient2","ENSG00000119729","RHOQ",6.20850261747748
"patient2","ENSG00000109787","KLF3",6.19953994299768
"patient2","ENSG00000067182","TNFRSF1A",6.19798938866937
"patient2","ENSG00000241685","ARPC1A",6.18318660462803
"patient2","ENSG00000069849","ATP1B3",6.18023990549525
"patient2","ENSG00000178741","COX5A",6.17378456829815
"patient2","ENSG00000163660","CCNL1",6.17180468800781
"patient2","ENSG00000115091","ACTR3",6.16383437165127
"patient2","ENSG00000168298","H1-4",6.14847693519392
"patient2","ENSG00000103769","RAB11A",6.14827522057292
"patient2","ENSG00000117318","ID3",6.131900368314
"patient2","ENSG00000115875","SRSF7",6.12490853808318
"patient2","ENSG00000165512","ZNF22",6.12288637436274
"patient2","ENSG00000091317","CMTM6",6.12188829229668
"patient2","ENSG00000105373","NOP53",6.11238798101016
"patient2","ENSG00000240972","MIF",6.10684811834859
"patient2","ENSG00000116285","ERRFI1",6.10407250157406
"patient2","ENSG00000107863","ARHGAP21",6.07766365206903
"patient2","ENSG00000116489","CAPZA1",6.07453098755295
"patient2","ENSG00000047457","CP",6.07025103191497
"patient2","ENSG00000177469","CAVIN1",6.06337989555881
"patient2","ENSG00000053254","FOXN3",6.05821293713546
"patient2","ENSG00000111077","TNS2",6.04750389594603
"patient2","ENSG00000182195","LDOC1",6.0457331123373
"patient2","ENSG00000164056","SPRY1",6.03360137989069
"patient2","ENSG00000090013","BLVRB",6.03112904965098
"patient2","ENSG00000138449","SLC40A1",6.02162814963243
"patient2","ENSG00000129515","SNX6",5.98960027711381
"patient2","ENSG00000182774","RPS17",5.98527590409963
"patient2","ENSG00000089280","FUS",5.98439315572447
"patient2","ENSG00000247596","TWF2",5.97422338890371
"patient2","ENSG00000061676","NCKAP1",5.96879803583431
"patient2","ENSG00000173457","PPP1R14B",5.96111850756686
"patient2","ENSG00000104067","TJP1",5.95694129142936
"patient2","ENSG00000198931","APRT",5.9450318325325
"patient2","ENSG00000005893","LAMP2",5.94319383163757
"patient2","ENSG00000049860","HEXB",5.94104447725056
"patient2","ENSG00000169813","HNRNPF",5.93094315266528
"patient2","ENSG00000116717","GADD45A",5.9234545645014
"patient2","ENSG00000164330","EBF1",5.91519546743742
"patient2","ENSG00000177105","RHOG",5.90952882652175
"patient2","ENSG00000115355","CCDC88A",5.90542420954699
"patient2","ENSG00000154589","LY96",5.88815429935911
"patient2","ENSG00000049540","ELN",5.88404256868593
"patient2","ENSG00000187498","COL4A1",5.88055542981071
"patient2","ENSG00000168036","CTNNB1",5.87633998262968
"patient2","ENSG00000088832","FKBP1A",5.8607426133684
"patient2","ENSG00000198168","SVIP",5.8485198418674
"patient2","ENSG00000163584","RPL22L1",5.84134400393075
"patient2","ENSG00000128524","ATP6V1F",5.83727262637789
"patient2","ENSG00000073921","PICALM",5.83143522015768
"patient2","ENSG00000082996","RNF13",5.83139695790313
"patient2","ENSG00000131471","AOC3",5.82719447043616
"patient2","ENSG00000198947","DMD",5.82691053024496
"patient2","ENSG00000162191","UBXN1",5.82402483554849
"patient2","ENSG00000185896","LAMP1",5.82266872704817
"patient2","ENSG00000187231","SESTD1",5.81778072627987
"patient2","ENSG00000164949","GEM",5.81107464614447
"patient2","ENSG00000131435","PDLIM4",5.8056322531802
"patient2","ENSG00000107798","LIPA",5.79580971322968
"patient2","ENSG00000150938","CRIM1",5.78131910046486
"patient2","ENSG00000072163","LIMS2",5.78014368252139
"patient2","ENSG00000168140","VASN",5.77848616433081
"patient2","ENSG00000102024","PLS3",5.76826363955837
"patient2","ENSG00000112773","TENT5A",5.76727112706112
"patient2","ENSG00000108828","VAT1",5.7423123773794
"patient2","ENSG00000129680","MAP7D3",5.73532535708885
"patient2","ENSG00000104763","ASAH1",5.72913418524184
"patient2","ENSG00000123636","BAZ2B",5.72689635754515
"patient2","ENSG00000213639","PPP1CB",5.70753908039785
"patient2","ENSG00000135090","TAOK3",5.70563908034393
"patient2","ENSG00000044574","HSPA5",5.70447840418524
"patient2","ENSG00000265681","RPL17",5.68842557705517
"patient2","ENSG00000160789","LMNA",5.67589639906275
"patient2","ENSG00000110422","HIPK3",5.66892758844814
"patient2","ENSG00000117906","RCN2",5.66251837170729
"patient2","ENSG00000071127","WDR1",5.65478538779284
"patient2","ENSG00000024422","EHD2",5.65291116847621
"patient2","ENSG00000168374","ARF4",5.64431091503743
"patient2","ENSG00000003402","CFLAR",5.64282542438804
"patient2","ENSG00000149557","FEZ1",5.64012214896696
"patient2","ENSG00000065809","FAM107B",5.63884376202649
"patient2","ENSG00000093010","COMT",5.63646086329493
"patient2","ENSG00000120690","ELF1",5.62913321056019
"patient2","ENSG00000105698","USF2",5.62849016378062
"patient2","ENSG00000174099","MSRB3",5.62320615398471
"patient2","ENSG00000198898","CAPZA2",5.61718203536361
"patient2","ENSG00000164176","EDIL3",5.61485604609852
"patient2","ENSG00000149357","LAMTOR1",5.61112163956273
"patient2","ENSG00000090006","LTBP4",5.5976083467076
"patient2","ENSG00000095794","CREM",5.58523255979955
"patient2","ENSG00000112759","SLC29A1",5.58090782276446
"patient2","ENSG00000205544","TMEM256",5.57682137015362
"patient2","ENSG00000137312","FLOT1",5.55328971197283
"patient2","ENSG00000123240","OPTN",5.53965632633538
"patient2","ENSG00000138735","PDE5A",5.53665604639682
"patient2","ENSG00000115977","AAK1",5.53428668894377
"patient2","ENSG00000160613","PCSK7",5.52592759144027
"patient2","ENSG00000054598","FOXC1",5.52326359881064
"patient2","ENSG00000196843","ARID5A",5.50995648434252
"patient2","ENSG00000184584","STING1",5.50569102287344
"patient2","ENSG00000175334","BANF1",5.5000377412851
"patient2","ENSG00000165507","DEPP1",5.49127743547454
"patient2","ENSG00000112378","PERP",5.48094538219461
"patient2","ENSG00000142552","RCN3",5.4763105618954
"patient2","ENSG00000115306","SPTBN1",5.47137307109171
"patient2","ENSG00000196954","CASP4",5.46902510463421
"patient2","ENSG00000146066","HIGD2A",5.45569217551105
"patient2","ENSG00000067167","TRAM1",5.45166231456979
"patient2","ENSG00000011405","PIK3C2A",5.44676956647651
"patient2","ENSG00000173511","VEGFB",5.43595367974504
"patient2","ENSG00000114861","FOXP1",5.41724438089976
"patient2","ENSG00000118523","CCN2",5.41382554215461
"patient2","ENSG00000140941","MAP1LC3B",5.41261466658761
"patient2","ENSG00000164985","PSIP1",5.40859117215782
"patient2","ENSG00000143416","SELENBP1",5.40800720649333
"patient2","ENSG00000137876","RSL24D1",5.40495224738047
"patient2","ENSG00000182240","BACE2",5.39929508979819
"patient2","ENSG00000120129","DUSP1",5.385923928877
"patient2","ENSG00000169604","ANTXR1",5.38428798714475
"patient2","ENSG00000086062","B4GALT1",5.38279254905707
"patient2","ENSG00000071205","ARHGAP10",5.37159555538331
"patient2","ENSG00000152492","CCDC50",5.37061000836444
"patient2","ENSG00000067082","KLF6",5.35808205678605
"patient2","ENSG00000185630","PBX1",5.35449318026365
"patient2","ENSG00000104964","TLE5",5.33286903210333
"patient2","ENSG00000165655","ZNF503",5.32661674835386
"patient2","ENSG00000151914","DST",5.32360841445416
"patient2","ENSG00000171735","CAMTA1",5.32143611616293
"patient2","ENSG00000100106","TRIOBP",5.32032413496774
"patient2","ENSG00000229807","XIST",5.31300880142112
"patient2","ENSG00000124762","CDKN1A",5.29293023541297
"patient2","ENSG00000155660","PDIA4",5.29280206879163
"patient2","ENSG00000126524","SBDS",5.27558542551467
"patient2","ENSG00000126457","PRMT1",5.27085504385665
"patient2","ENSG00000177410","ZFAS1",5.26178261639565
"patient2","ENSG00000119138","KLF9",5.26008067309831
"patient2","ENSG00000178209","PLEC",5.25300137353555
"patient2","ENSG00000169738","DCXR",5.23715084427363
"patient2","ENSG00000172115","CYCS",5.22387432193802
"patient2","ENSG00000181019","NQO1",5.2203129433146
"patient2","ENSG00000163681","SLMAP",5.21511477620098
"patient2","ENSG00000105968","H2AZ2",5.21489994408523
"patient2","ENSG00000160752","FDPS",5.21099333691056
"patient2","ENSG00000152558","TMEM123",5.20736487947631
"patient2","ENSG00000105669","COPE",5.19631733153053
"patient2","ENSG00000184785","SMIM10",5.19568803726492
"patient2","ENSG00000184500","PROS1",5.18665924239956
"patient2","ENSG00000107372","ZFAND5",5.17868399332509
"patient2","ENSG00000166165","CKB",5.17401041499183
"patient2","ENSG00000096060","FKBP5",5.16638061716923
"patient2","ENSG00000111961","SASH1",5.16226882221094
"patient2","ENSG00000049449","RCN1",5.15837901160218
"patient2","ENSG00000182208","MOB2",5.15133940255768
"patient2","ENSG00000146376","ARHGAP18",5.14921487439346
"patient2","ENSG00000111912","NCOA7",5.1445332950324
"patient2","ENSG00000175197","DDIT3",5.13014162228942
"patient2","ENSG00000173267","SNCG",5.12672584029583
"patient2","ENSG00000177674","AGTRAP",5.12391905678803
"patient2","ENSG00000071282","LMCD1",5.12294547842768
"patient2","ENSG00000086598","TMED2",5.12142954830701
"patient2","ENSG00000165637","VDAC2",5.10841021223036
"patient2","ENSG00000132507","EIF5A",5.10228253835983
"patient2","ENSG00000136240","KDELR2",5.09349819286746
"patient2","ENSG00000064601","CTSA",5.08067450284574
"patient2","ENSG00000140575","IQGAP1",5.07743897251046
"patient2","ENSG00000111906","HDDC2",5.07048848904901
"patient2","ENSG00000170043","TRAPPC1",5.06372840123941
"patient2","ENSG00000117691","NENF",5.05605058396161
"patient2","ENSG00000141447","OSBPL1A",5.05484049383435
"patient2","ENSG00000213977","TAX1BP3",5.05475435074506
"patient2","ENSG00000148516","ZEB1",5.05420122768758
"patient2","ENSG00000100911","PSME2",5.04796942080252
"patient2","ENSG00000139112","GABARAPL1",5.04409964593702
"patient2","ENSG00000138758","SEPTIN11",5.04086292513927
"patient2","ENSG00000183172","SMDT1",5.03889855709625
"patient2","ENSG00000118292","C1orf54",5.03052766504798
"patient2","ENSG00000171992","SYNPO",5.02422569745269
"patient2","ENSG00000076043","REXO2",5.02025404546803
"patient2","ENSG00000100592","DAAM1",5.01899375867302
"patient2","ENSG00000171055","FEZ2",5.01561555629739
"patient2","ENSG00000074695","LMAN1",5.01556944950167
"patient2","ENSG00000197712","FAM114A1",5.01345678611951
"patient2","ENSG00000149257","SERPINH1",5.00642147561307
"patient2","ENSG00000112514","CUTA",4.99378546982539
"patient2","ENSG00000051620","HEBP2",4.97842855302763
"patient2","ENSG00000085662","AKR1B1",4.97641784611881
"patient2","ENSG00000140350","ANP32A",4.97215408626736
"patient2","ENSG00000135655","USP15",4.97085007371273
"patient2","ENSG00000204262","COL5A2",4.97076715809525
"patient2","ENSG00000005810","MYCBP2",4.95556621782059
"patient2","ENSG00000160310","PRMT2",4.94681080579612
"patient2","ENSG00000174307","PHLDA3",4.94456960665005
"patient2","ENSG00000149923","PPP4C",4.94315762177473
"patient2","ENSG00000241553","ARPC4",4.9423229363916
"patient2","ENSG00000101294","HM13",4.9397273192683
"patient2","ENSG00000118971","CCND2",4.93902036823838
"patient2","ENSG00000127603","MACF1",4.93111776755147
"patient2","ENSG00000157500","APPL1",4.92372767473883
"patient2","ENSG00000062716","VMP1",4.90479029355986
"patient2","ENSG00000171490","RSL1D1",4.90183574385659
"patient2","ENSG00000163346","PBXIP1",4.9008484518925
"patient2","ENSG00000205352","PRR13",4.89881180208041
"patient2","ENSG00000120963","ZNF706",4.89768429599719
"patient2","ENSG00000177156","TALDO1",4.89459772149197
"patient2","ENSG00000211450","SELENOH",4.89035900737645
"patient2","ENSG00000182117","NOP10",4.88906260930521
"patient2","ENSG00000186395","KRT10",4.87289810642968
"patient2","ENSG00000172216","CEBPB",4.87224659395441
"patient2","ENSG00000108256","NUFIP2",4.86834659936255
"patient2","ENSG00000077157","PPP1R12B",4.85856870962887
"patient2","ENSG00000135316","SYNCRIP",4.85714210044333
"patient2","ENSG00000162734","PEA15",4.85286859096997
"patient2","ENSG00000154380","ENAH",4.83889230258156
"patient2","ENSG00000134294","SLC38A2",4.83336008561004
"patient2","ENSG00000171314","PGAM1",4.83260659553171
"patient2","ENSG00000179820","MYADM",4.83118837737963
"patient2","ENSG00000116586","LAMTOR2",4.82563107202105
"patient2","ENSG00000087088","BAX",4.82220765774031
"patient2","ENSG00000178035","IMPDH2",4.81486335855552
"patient2","ENSG00000173598","NUDT4",4.80067828129464
"patient2","ENSG00000114857","NKTR",4.78740931815735
"patient2","ENSG00000157110","RBPMS",4.78464475927189
"patient2","ENSG00000187608","ISG15",4.77271503998677
"patient2","ENSG00000102409","BEX4",4.76463227132422
"patient2","ENSG00000087274","ADD1",4.76438126499068
"patient2","ENSG00000141367","CLTC",4.76176190251139
"patient2","ENSG00000167815","PRDX2",4.75347359501105
"patient2","ENSG00000122884","P4HA1",4.7441670348111
"patient2","ENSG00000179091","CYC1",4.73760133421791
"patient2","ENSG00000167775","CD320",4.73386737344746
"patient2","ENSG00000168056","LTBP3",4.7316311550836
"patient2","ENSG00000165672","PRDX3",4.73055860147976
"patient2","ENSG00000178104","PDE4DIP",4.71804054319957
"patient2","ENSG00000006042","TMEM98",4.71612606255697
"patient2","ENSG00000117448","AKR1A1",4.70778079868013
"patient2","ENSG00000189221","MAOA",4.7010836541484
"patient2","ENSG00000120306","CYSTM1",4.69708452769217
"patient2","ENSG00000018408","WWTR1",4.69505726336259
"patient2","ENSG00000116044","NFE2L2",4.68974659311612
"patient2","ENSG00000103994","ZNF106",4.68823054483303
"patient2","ENSG00000185475","TMEM179B",4.68291973796694
"patient2","ENSG00000067066","SP100",4.68009392132743
"patient2","ENSG00000121064","SCPEP1",4.67822763588001
"patient2","ENSG00000099797","TECR",4.67694112704188
"patient2","ENSG00000149218","ENDOD1",4.67174647187851
"patient2","ENSG00000131016","AKAP12",4.66988897589577
"patient2","ENSG00000130313","PGLS",4.6578555375894
"patient2","ENSG00000115350","POLE4",4.65214959086237
"patient2","ENSG00000011638","LDAF1",4.64909112052969
"patient2","ENSG00000134308","YWHAQ",4.6486441318969
"patient2","ENSG00000197043","ANXA6",4.64838463821237
"patient2","ENSG00000122034","GTF3A",4.64622301643358
"patient2","ENSG00000094963","FMO2",4.63819954814929
"patient2","ENSG00000122033","MTIF3",4.61960315517684
"patient2","ENSG00000169223","LMAN2",4.61410864148474
"patient2","ENSG00000138085","ATRAID",4.58627783933563
"patient2","ENSG00000221968","FADS3",4.58335042889856
"patient2","ENSG00000124783","SSR1",4.58070299937993
"patient2","ENSG00000260032","NORAD",4.57749372073806
"patient2","ENSG00000089006","SNX5",4.57746138472937
"patient2","ENSG00000114978","MOB1A",4.57610300647003
"patient2","ENSG00000005243","COPZ2",4.57490564537939
"patient2","ENSG00000179085","DPM3",4.57333200505836
"patient2","ENSG00000164932","CTHRC1",4.57190042650957
"patient2","ENSG00000159228","CBR1",4.56583737887672
"patient2","ENSG00000105993","DNAJB6",4.55963275225598
"patient2","ENSG00000184900","SUMO3",4.55555776525435
"patient2","ENSG00000148834","GSTO1",4.55369731458657
"patient2","ENSG00000091527","CDV3",4.55058041756106
"patient2","ENSG00000161281","COX7A1",4.53790456222763
"patient2","ENSG00000167397","VKORC1",4.53769931293236
"patient2","ENSG00000123505","AMD1",4.53044789971826
"patient2","ENSG00000135926","TMBIM1",4.51737713244283
"patient2","ENSG00000243317","STMP1",4.51372636470181
"patient2","ENSG00000101460","MAP1LC3A",4.51250736387792
"patient2","ENSG00000213949","ITGA1",4.50907551684268
"patient2","ENSG00000170955","CAVIN3",4.49858276432011
"patient2","ENSG00000166337","TAF10",4.49753213224809
"patient2","ENSG00000234545","FAM133B",4.49326753598137
"patient2","ENSG00000044115","CTNNA1",4.4921130060981
"patient2","ENSG00000135862","LAMC1",4.48860598015966
"patient2","ENSG00000120616","EPC1",4.45570170055749
"patient2","ENSG00000114125","RNF7",4.44797569116389
"patient2","ENSG00000241644","INMT",4.42586017197343
"patient2","ENSG00000196776","CD47",4.40903336269894
"patient2","ENSG00000105202","FBL",4.40667396391081
"patient2","ENSG00000122359","ANXA11",4.40650165281959
"patient2","ENSG00000117862","TXNDC12",4.40098947325683
"patient2","ENSG00000127838","PNKD",4.39164128660209
"patient2","ENSG00000122642","FKBP9",4.38317098601735
"patient2","ENSG00000104324","CPQ",4.38147075725224
"patient2","ENSG00000176658","MYO1D",4.37157500050033
"patient2","ENSG00000136758","YME1L1",4.36610020721978
"patient2","ENSG00000147419","CCDC25",4.36352842674101
"patient2","ENSG00000265241","RBM8A",4.35486648442367
"patient2","ENSG00000169756","LIMS1",4.35051390958192
"patient2","ENSG00000085832","EPS15",4.34720476514667
"patient2","ENSG00000125835","SNRPB",4.34490854969045
"patient2","ENSG00000168734","PKIG",4.33945707045799
"patient2","ENSG00000008282","SYPL1",4.33647452481135
"patient2","ENSG00000102317","RBM3",4.33573614695166
"patient2","ENSG00000169641","LUZP1",4.32987113474557
"patient2","ENSG00000127947","PTPN12",4.32614010439079
"patient2","ENSG00000100243","CYB5R3",4.32596749064302
"patient2","ENSG00000124299","PEPD",4.31760458464143
"patient2","ENSG00000125827","TMX4",4.3168584597331
"patient2","ENSG00000166503","HDGFL3",4.30529452247248
"patient2","ENSG00000266412","NCOA4",4.30067991960128
"patient2","ENSG00000172725","CORO1B",4.30057101057753
"patient2","ENSG00000143878","RHOB",4.29637576516536
"patient2","ENSG00000159720","ATP6V0D1",4.28242162682244
"patient2","ENSG00000120738","EGR1",4.28112370195073
"patient2","ENSG00000134453","RBM17",4.26631429259992
"patient2","ENSG00000102030","NAA10",4.26457931897722
"patient2","ENSG00000003056","M6PR",4.26006230016216
"patient2","ENSG00000198625","MDM4",4.25707721267659
"patient2","ENSG00000184990","SIVA1",4.25547329364457
"patient2","ENSG00000100129","EIF3L",4.2552149617696
"patient2","ENSG00000130340","SNX9",4.24606958496471
"patient2","ENSG00000115677","HDLBP",4.23981013899384
"patient2","ENSG00000170776","AKAP13",4.23416852629083
"patient2","ENSG00000156642","NPTN",4.22880739581074
"patient2","ENSG00000198363","ASPH",4.22793523359919
"patient2","ENSG00000100353","EIF3D",4.22664185687143
"patient2","ENSG00000136770","DNAJC1",4.21610522393489
"patient2","ENSG00000134318","ROCK2",4.19209591186656
"patient2","ENSG00000107290","SETX",4.19192115584644
"patient2","ENSG00000131634","TMEM204",4.18988617939586
"patient2","ENSG00000126709","IFI6",4.18635810773414
"patient2","ENSG00000130520","LSM4",4.18534902658652
"patient2","ENSG00000113282","CLINT1",4.17878603708941
"patient2","ENSG00000117362","APH1A",4.1705261138483
"patient2","ENSG00000170430","MGMT",4.16659233218332
"patient2","ENSG00000117616","RSRP1",4.16638261362023
"patient2","ENSG00000170906","NDUFA3",4.16562666027701
"patient2","ENSG00000185627","PSMD13",4.16019748926936
"patient2","ENSG00000220205","VAMP2",4.14716494781907
"patient2","ENSG00000114450","GNB4",4.12826212874857
"patient2","ENSG00000129968","ABHD17A",4.1172514804344
"patient2","ENSG00000109046","WSB1",4.09759494255225
"patient2","ENSG00000165732","DDX21",4.09309874597719
"patient2","ENSG00000167792","NDUFV1",4.09158459833098
"patient2","ENSG00000164190","NIPBL",4.08530846074695
"patient2","ENSG00000113621","TXNDC15",4.07576522298895
"patient2","ENSG00000090621","PABPC4",4.07504457007313
"patient2","ENSG00000104325","DECR1",4.07499696782552
"patient2","ENSG00000184897","H1-10",4.07204290668105
"patient2","ENSG00000189060","H1-0",4.06919130880072
"patient2","ENSG00000120837","NFYB",4.06762818775064
"patient2","ENSG00000150977","RILPL2",4.0484849323401
"patient2","ENSG00000115286","NDUFS7",4.04632260862087
"patient2","ENSG00000131508","UBE2D2",4.0418051919346
"patient2","ENSG00000111481","COPZ1",4.03127647814868
"patient2","ENSG00000165389","SPTSSA",4.03115280694316
"patient2","ENSG00000126698","DNAJC8",4.01549641545619
"patient2","ENSG00000231925","TAPBP",4.01242543124459
"patient2","ENSG00000142871","CCN1",4.01087763178704
"patient2","ENSG00000011454","RABGAP1",4.0094907104499
"patient2","ENSG00000115307","AUP1",4.00647866342724
"patient2","ENSG00000136527","TRA2B",3.99597441670941
"patient2","ENSG00000146223","RPL7L1",3.99132851698857
"patient2","ENSG00000079950","STX7",3.99090690778915
"patient2","ENSG00000100711","ZFYVE21",3.98864757666524
"patient2","ENSG00000177200","CHD9",3.98122706619664
"patient2","ENSG00000130332","LSM7",3.97854961512519
"patient2","ENSG00000147274","RBMX",3.9784811823033
"patient2","ENSG00000114698","PLSCR4",3.97701201913002
"patient2","ENSG00000143753","DEGS1",3.97559358203187
"patient2","ENSG00000205581","HMGN1",3.97495145666521
"patient2","ENSG00000183011","NAA38",3.9703709216469
"patient2","ENSG00000171159","BBLN",3.9622917177794
"patient2","ENSG00000134686","PHC2",3.9585516945778
"patient2","ENSG00000169764","UGP2",3.95689027433666
"patient2","ENSG00000070087","PFN2",3.95674743417709
"patient2","ENSG00000265491","RNF115",3.95549253585932
"patient2","ENSG00000143612","LTAP1",3.95209001314732
"patient2","ENSG00000125458","NT5C",3.95116689829382
"patient2","ENSG00000230989","HSBP1",3.94304334055881
"patient2","ENSG00000115541","HSPE1",3.93957679234863
"patient2","ENSG00000197879","MYO1C",3.93735398423365
"patient2","ENSG00000104805","NUCB1",3.93370539034497
"patient2","ENSG00000163902","RPN1",3.93115005879773
"patient2","ENSG00000008294","SPAG9",3.92794059200833
"patient2","ENSG00000213465","ARL2",3.92663262097179
"patient2","ENSG00000116560","SFPQ",3.92467556611713
"patient2","ENSG00000143222","UFC1",3.92110010077028
"patient2","ENSG00000073712","FERMT2",3.91872460915613
"patient2","ENSG00000173141","MRPL57",3.91553975675842
"patient2","ENSG00000116161","CACYBP",3.91122155864271
"patient2","ENSG00000172465","TCEAL1",3.90844418089927
"patient2","ENSG00000166012","TAF1D",3.89648611104688
"patient2","ENSG00000135535","CD164",3.89528448286033
"patient2","ENSG00000147669","POLR2K",3.88890144344571
"patient2","ENSG00000124357","NAGK",3.88749312679099
"patient2","ENSG00000153037","SRP19",3.88494555221368
"patient2","ENSG00000165410","CFL2",3.86149280987711
"patient2","ENSG00000122565","CBX3",3.8481036771225
"patient2","ENSG00000153250","RBMS1",3.84404713871328
"patient2","ENSG00000111237","VPS29",3.84019203928601
"patient2","ENSG00000168610","STAT3",3.83768501529272
"patient2","ENSG00000166164","BRD7",3.83630364621742
"patient2","ENSG00000151468","CCDC3",3.8344329771083
"patient2","ENSG00000174851","YIF1A",3.82735335229032
"patient2","ENSG00000185222","TCEAL9",3.82663055324852
"patient2","ENSG00000123179","EBPL",3.82588564285545
"patient2","ENSG00000108561","C1QBP",3.82309418975878
"patient2","ENSG00000010256","UQCRC1",3.81541483412371
"patient2","ENSG00000118418","HMGN3",3.81538281666127
"patient2","ENSG00000213246","SUPT4H1",3.81468648040329
"patient2","ENSG00000167797","CDK2AP2",3.81443374991522
"patient2","ENSG00000135506","OS9",3.80932723272127
"patient2","ENSG00000162616","DNAJB4",3.80384798288827
"patient2","ENSG00000229833","PET100",3.80175519948012
"patient2","ENSG00000164039","BDH2",3.80103177880095
"patient2","ENSG00000117151","CTBS",3.79724144176561
"patient2","ENSG00000164323","CFAP97",3.7936901809112
"patient2","ENSG00000013275","PSMC4",3.78766503320439
"patient2","ENSG00000107771","CCSER2",3.78641566681532
"patient2","ENSG00000129009","ISLR",3.78330295436602
"patient2","ENSG00000054148","PHPT1",3.77552617178426
"patient2","ENSG00000160014","CALM3",3.77389392292457
"patient2","ENSG00000181061","HIGD1A",3.77146253144654
"patient2","ENSG00000173905","GOLIM4",3.76478996602474
"patient2","ENSG00000138119","MYOF",3.76138146767508
"patient2","ENSG00000057608","GDI2",3.75556735858598
"patient2","ENSG00000184752","NDUFA12",3.75503305602081
"patient2","ENSG00000185532","PRKG1",3.75230024758477
"patient2","ENSG00000163541","SUCLG1",3.75066906742468
"patient2","ENSG00000277791","PSMB3",3.75021270148063
"patient2","ENSG00000130741","EIF2S3",3.74886203672967
"patient2","ENSG00000183291","SELENOF",3.74381808343552
"patient2","ENSG00000198843","SELENOT",3.74091214838166
"patient2","ENSG00000071553","ATP6AP1",3.7407894082602
"patient2","ENSG00000055609","KMT2C",3.73889480875051
"patient2","ENSG00000253729","PRKDC",3.73842177220858
"patient2","ENSG00000148484","RSU1",3.73493484357396
"patient2","ENSG00000078808","SDF4",3.72890200492057
"patient2","ENSG00000165527","ARF6",3.72556726821391
"patient2","ENSG00000115241","PPM1G",3.72542978396471
"patient2","ENSG00000148120","AOPEP",3.71565793836989
"patient2","ENSG00000115524","SF3B1",3.71325909831731
"patient2","ENSG00000129235","TXNDC17",3.71162821704034
"patient2","ENSG00000178449","COX14",3.70517323255093
"patient2","ENSG00000171988","JMJD1C",3.70422887578492
"patient2","ENSG00000048828","FAM120A",3.69325678420609
"patient2","ENSG00000116459","ATP5PB",3.68103111251789
"patient2","ENSG00000115944","COX7A2L",3.67207348255818
"patient2","ENSG00000111276","CDKN1B",3.66707714754434
"patient2","ENSG00000173436","MICOS10",3.66113635838516
"patient2","ENSG00000173272","MZT2A",3.65007149207081
"patient2","ENSG00000150753","CCT5",3.62078594063168
"patient2","ENSG00000121851","POLR3GL",3.61721355731561
"patient2","ENSG00000116649","SRM",3.60868390571811
"patient2","ENSG00000141522","ARHGDIA",3.60171269812964
"patient2","ENSG00000182636","NDN",3.5980821389222
"patient2","ENSG00000146729","NIPSNAP2",3.59773959704876
"patient2","ENSG00000162517","PEF1",3.5973421413378
"patient2","ENSG00000099817","POLR2E",3.59725175279983
"patient2","ENSG00000112977","DAP",3.58912796112827
"patient2","ENSG00000137693","YAP1",3.58775605972559
"patient2","ENSG00000182944","EWSR1",3.58706416086673
"patient2","ENSG00000180957","PITPNB",3.57479626949437
"patient2","ENSG00000089248","ERP29",3.57057877918476
"patient2","ENSG00000164040","PGRMC2",3.57050822917629
"patient2","ENSG00000175756","AURKAIP1",3.56678272584271
"patient2","ENSG00000141756","FKBP10",3.55988881010141
"patient2","ENSG00000176386","CDC26",3.55682050190129
"patient2","ENSG00000182534","MXRA7",3.55597354691558
"patient2","ENSG00000102898","NUTF2",3.55460933368146
"patient2","ENSG00000109906","ZBTB16",3.53728546051309
"patient2","ENSG00000186063","AIDA",3.53508349368101
"patient2","ENSG00000114062","UBE3A",3.53250775711039
"patient2","ENSG00000120913","PDLIM2",3.53124995391596
"patient2","ENSG00000166595","CIAO2B",3.52617770317978
"patient2","ENSG00000134186","PRPF38B",3.52265892056656
"patient2","ENSG00000141552","ANAPC11",3.51765626442369
"patient2","ENSG00000159069","FBXW5",3.51617089702532
"patient2","ENSG00000176973","FAM89B",3.51051380494215
"patient2","ENSG00000197451","HNRNPAB",3.50587092872803
"patient2","ENSG00000084733","RAB10",3.50573513326251
"patient2","ENSG00000169689","CENPX",3.49360349206803
"patient2","ENSG00000107341","UBE2R2",3.49123538446447
"patient2","ENSG00000105701","FKBP8",3.48932974332443
"patient2","ENSG00000138760","SCARB2",3.4736262138528
"patient2","ENSG00000100823","APEX1",3.47324006371967
"patient2","ENSG00000172590","MRPL52",3.46861209558402
"patient2","ENSG00000153187","HNRNPU",3.46619526771676
"patient2","ENSG00000126351","THRA",3.46202086935929
"patient2","ENSG00000124562","SNRPC",3.45839545516811
"patient2","ENSG00000135441","BLOC1S1",3.45724793434651
"patient2","ENSG00000092531","SNAP23",3.45688209568894
"patient2","ENSG00000127990","SGCE",3.45278899075744
"patient2","ENSG00000165280","VCP",3.44975127036636
"patient2","ENSG00000126247","CAPNS1",3.44335247216493
"patient2","ENSG00000143977","SNRPG",3.44327065628347
"patient2","ENSG00000085733","CTTN",3.44167130728215
"patient2","ENSG00000082641","NFE2L1",3.43726084620201
"patient2","ENSG00000198399","ITSN2",3.43388044217181
"patient2","ENSG00000213722","DDAH2",3.43387319428621
"patient2","ENSG00000136436","CALCOCO2",3.4276774618624
"patient2","ENSG00000113851","CRBN",3.42370061608951
"patient2","ENSG00000176014","TUBB6",3.41932891564662
"patient2","ENSG00000117758","STX12",3.4170129813394
"patient2","ENSG00000127314","RAP1B",3.41398603573459
"patient2","ENSG00000118407","FILIP1",3.41152375725562
"patient2","ENSG00000184007","PTP4A2",3.4094357876688
"patient2","ENSG00000082153","BZW1",3.39903788346144
"patient2","ENSG00000035928","RFC1",3.39030689028437
"patient2","ENSG00000047410","TPR",3.37498141054153
"patient2","ENSG00000169139","UBE2V2",3.37202444475721
"patient2","ENSG00000134590","RTL8C",3.37061977867073
"patient2","ENSG00000029363","BCLAF1",3.36661333745181
"patient2","ENSG00000180370","PAK2",3.35766161048576
"patient2","ENSG00000117614","SYF2",3.35639084269197
"patient2","ENSG00000136146","MED4",3.35482756539341
"patient2","ENSG00000167085","PHB1",3.35328411826175
"patient2","ENSG00000105355","PLIN3",3.35267299352429
"patient2","ENSG00000144381","HSPD1",3.34929197817782
"patient2","ENSG00000134884","ARGLU1",3.34421746782806
"patient2","ENSG00000103152","MPG",3.3406583082963
"patient2","ENSG00000132424","PNISR",3.34037743588102
"patient2","ENSG00000203667","COX20",3.33995027073859
"patient2","ENSG00000168701","TMEM208",3.33738954893345
"patient2","ENSG00000147684","NDUFB9",3.3370862357819
"patient2","ENSG00000163001","CFAP36",3.33440377222616
"patient2","ENSG00000152291","TGOLN2",3.33353227287456
"patient2","ENSG00000163069","SGCB",3.33201419641548
"patient2","ENSG00000152234","ATP5F1A",3.33185680341281
"patient2","ENSG00000138029","HADHB",3.33091210434878
"patient2","ENSG00000130731","METTL26",3.3279677139158
"patient2","ENSG00000160551","TAOK1",3.32087687769034
"patient2","ENSG00000114439","BBX",3.32081159224084
"patient2","ENSG00000009413","REV3L",3.30727934199059
"patient2","ENSG00000168894","RNF181",3.3053295072501
"patient2","ENSG00000075142","SRI",3.30431974422868
"patient2","ENSG00000109920","FNBP4",3.3029484211904
"patient2","ENSG00000103202","NME4",3.3012915090385
"patient2","ENSG00000156261","CCT8",3.29832387176563
"patient2","ENSG00000183283","DAZAP2",3.29546459385933
"patient2","ENSG00000172037","LAMB2",3.28501571873243
"patient2","ENSG00000164346","NSA2",3.27781978101349
"patient2","ENSG00000108468","CBX1",3.27778034112962
"patient2","ENSG00000165169","DYNLT3",3.27758663231191
"patient2","ENSG00000116030","SUMO1",3.27404000830827
"patient2","ENSG00000116747","RO60",3.26229197064706
"patient2","ENSG00000075790","BCAP29",3.25711064682065
"patient2","ENSG00000115484","CCT4",3.25539182626153
"patient2","ENSG00000205302","SNX2",3.25466599794332
"patient2","ENSG00000127125","PPCS",3.24958183393097
"patient2","ENSG00000146416","AIG1",3.24839142565738
"patient2","ENSG00000114331","ACAP2",3.24477916577283
"patient2","ENSG00000167110","GOLGA2",3.24394773220901
"patient2","ENSG00000232388","SMIM26",3.24083204105828
"patient2","ENSG00000149932","TMEM219",3.23831745422896
"patient2","ENSG00000253738","OTUD6B-AS1",3.23748382653783
"patient2","ENSG00000158864","NDUFS2",3.23314856291464
"patient2","ENSG00000119801","YPEL5",3.23054271769748
"patient2","ENSG00000101150","TPD52L2",3.22746872000678
"patient2","ENSG00000130779","CLIP1",3.21952633472324
"patient2","ENSG00000239697","TNFSF12",3.21715218272203
"patient2","ENSG00000130725","UBE2M",3.21272061765177
"patient2","ENSG00000244038","DDOST",3.21085516329744
"patient2","ENSG00000104412","EMC2",3.21021011862031
"patient2","ENSG00000143621","ILF2",3.19608658871847
"patient2","ENSG00000107581","EIF3A",3.19185547881949
"patient2","ENSG00000242485","MRPL20",3.18708999704127
"patient2","ENSG00000078618","NRDC",3.18251944438224
"patient2","ENSG00000090863","GLG1",3.18152476949907
"patient2","ENSG00000078369","GNB1",3.1746072410647
"patient2","ENSG00000125652","ALKBH7",3.17373632386436
"patient2","ENSG00000129625","REEP5",3.16981358513415
"patient2","ENSG00000136521","NDUFB5",3.16281045856207
"patient2","ENSG00000128951","DUT",3.15887295039219
"patient2","ENSG00000034677","RNF19A",3.15637316421412
"patient2","ENSG00000104047","DTWD1",3.15556739957191
"patient2","ENSG00000168724","DNAJC21",3.15469350889289
"patient2","ENSG00000129292","PHF20L1",3.15012326079217
"patient2","ENSG00000100567","PSMA3",3.14388355292396
"patient2","ENSG00000065613","SLK",3.14365456569062
"patient2","ENSG00000087502","ERGIC2",3.14238219060587
"patient2","ENSG00000277972","CISD3",3.1413701453717
"patient2","ENSG00000146540","CHLSN",3.13698960926755
"patient2","ENSG00000126934","MAP2K2",3.12969761635819
"patient2","ENSG00000196975","ANXA4",3.12857554411441
"patient2","ENSG00000125870","SNRPB2",3.12285383818496
"patient2","ENSG00000129003","VPS13C",3.10155449568387
"patient2","ENSG00000177879","AP3S1",3.0814601004277
"patient2","ENSG00000185043","CIB1",3.07990744512013
"patient2","ENSG00000038219","BOD1L1",3.07924668633044
"patient2","ENSG00000177425","PAWR",3.07789018870019
"patient2","ENSG00000093167","LRRFIP2",3.07430934099449
"patient2","ENSG00000083896","YTHDC1",3.06959000597098
"patient2","ENSG00000174780","SRP72",3.06751193129729
"patient2","ENSG00000173418","NAA20",3.06534147929721
"patient2","ENSG00000132485","ZRANB2",3.06202908761344
"patient2","ENSG00000172638","EFEMP2",3.0605861777204
"patient2","ENSG00000132670","PTPRA",3.05316916814338
"patient2","ENSG00000138668","HNRNPD",3.05113658592959
"patient2","ENSG00000187257","RSBN1L",3.04903377284741
"patient2","ENSG00000006125","AP2B1",3.04659063644348
"patient2","ENSG00000185825","BCAP31",3.04618026139328
"patient2","ENSG00000077147","TM9SF3",3.03844374187918
"patient2","ENSG00000140299","BNIP2",3.03520811703897
"patient2","ENSG00000108055","SMC3",3.03355301079898
"patient2","ENSG00000205937","RNPS1",3.02986861201212
"patient2","ENSG00000159377","PSMB4",3.0232073007793
"patient2","ENSG00000080503","SMARCA2",3.01646083496761
"patient2","ENSG00000106460","TMEM106B",3.01008799245937
"patient2","ENSG00000170876","TMEM43",3.00974107408308
"patient2","ENSG00000041357","PSMA4",3.00362702808251
"patient2","ENSG00000135541","AHI1",3.0025058845169
"patient2","ENSG00000111642","CHD4",3.00228051813799
"patient2","ENSG00000110108","TMEM109",3.00063829915475
"patient2","ENSG00000124749","COL21A1",2.99334987509971
"patient2","ENSG00000172380","GNG12",2.99100806594016
"patient2","ENSG00000163468","CCT3",2.9901767473076
"patient2","ENSG00000126653","NSRP1",2.98137215941704
"patient2","ENSG00000141002","TCF25",2.98089790626509
"patient2","ENSG00000181904","C5orf24",2.98082525816929
"patient2","ENSG00000101745","ANKRD12",2.9793026609751
"patient2","ENSG00000100811","YY1",2.97761348055209
"patient2","ENSG00000177666","PNPLA2",2.97173676242646
"patient2","ENSG00000188483","IER5L",2.96489555807509
"patient2","ENSG00000174437","ATP2A2",2.95746994473852
"patient2","ENSG00000164548","TRA2A",2.95344072098471
"patient2","ENSG00000197223","C1D",2.95337020358533
"patient2","ENSG00000099800","TIMM13",2.9518771860887
"patient2","ENSG00000105518","TMEM205",2.9514124101926
"patient2","ENSG00000099901","RANBP1",2.94483737579324
"patient2","ENSG00000049245","VAMP3",2.94437925794435
"patient2","ENSG00000145833","DDX46",2.94335848749411
"patient2","ENSG00000092199","HNRNPC",2.94292034741832
"patient2","ENSG00000167088","SNRPD1",2.94088387586318
"patient2","ENSG00000070010","UFD1",2.93997189163973
"patient2","ENSG00000119541","VPS4B",2.93948139676864
"patient2","ENSG00000113580","NR3C1",2.93894065616456
"patient2","ENSG00000023318","ERP44",2.91952716298056
"patient2","ENSG00000014641","MDH1",2.91848181755631
"patient2","ENSG00000164754","RAD21",2.91224631514836
"patient2","ENSG00000265808","SEC22B",2.90971952519566
"patient2","ENSG00000115419","GLS",2.9086010150869
"patient2","ENSG00000133398","MED10",2.90563091623143
"patient2","ENSG00000182512","GLRX5",2.89719352435357
"patient2","ENSG00000149196","HIKESHI",2.89362860022947
"patient2","ENSG00000177889","UBE2N",2.89285240237826
"patient2","ENSG00000099385","BCL7C",2.89080108604575
"patient2","ENSG00000198961","PJA2",2.87802677538283
"patient2","ENSG00000139218","SCAF11",2.87707258278184
"patient2","ENSG00000144426","NBEAL1",2.85972130256427
"patient2","ENSG00000196937","FAM3C",2.82320543488921
"patient2","ENSG00000176171","BNIP3",2.81960272055407
"patient2","ENSG00000162604","TM2D1",2.81775924302334
"patient2","ENSG00000167522","ANKRD11",2.81559217491348
"patient2","ENSG00000153147","SMARCA5",2.81310766670931
"patient2","ENSG00000163463","KRTCAP2",2.80720268217824
"patient2","ENSG00000069329","VPS35",2.80545993166931
"patient2","ENSG00000138592","USP8",2.80354910979002
"patient2","ENSG00000123091","RNF11",2.80050316096073
"patient2","ENSG00000100348","TXN2",2.79801925493243
"patient2","ENSG00000197324","LRP10",2.79763365487853
"patient2","ENSG00000187837","H1-2",2.79574866072201
"patient2","ENSG00000099977","DDT",2.79359772987262
"patient2","ENSG00000178913","TAF7",2.78864455672194
"patient2","ENSG00000155115","GTF3C6",2.7875544071345
"patient2","ENSG00000158417","EIF5B",2.77766977947185
"patient2","ENSG00000145907","G3BP1",2.77634968298246
"patient2","ENSG00000263001","GTF2I",2.7742574109597
"patient2","ENSG00000100852","ARHGAP5",2.76738299939884
"patient2","ENSG00000179632","MAF1",2.76323382778727
"patient2","ENSG00000146425","DYNLT1",2.76106671742854
"patient2","ENSG00000112701","SENP6",2.7548699450109
"patient2","ENSG00000120860","WASHC3",2.75076915125724
"patient2","ENSG00000160194","NDUFV3",2.74847521801401
"patient2","ENSG00000173692","PSMD1",2.7442509588534
"patient2","ENSG00000143401","ANP32E",2.73643790920048
"patient2","ENSG00000143742","SRP9",2.73542080048421
"patient2","ENSG00000138175","ARL3",2.7341386206017
"patient2","ENSG00000108848","LUC7L3",2.72855227893807
"patient2","ENSG00000101421","CHMP4B",2.72510661506151
"patient2","ENSG00000129351","ILF3",2.71931171714533
"patient2","ENSG00000104852","SNRNP70",2.71467820567444
"patient2","ENSG00000224032","ENSG00000224032",2.71256763913504
"patient2","ENSG00000249915","PDCD6",2.71198380121698
"patient2","ENSG00000108424","KPNB1",2.7052781208899
"patient2","ENSG00000278311","GGNBP2",2.70192275779085
"patient2","ENSG00000215021","PHB2",2.69868334279596
"patient2","ENSG00000135624","CCT7",2.69796360781237
"patient2","ENSG00000145050","MANF",2.69784944416521
"patient2","ENSG00000116350","SRSF4",2.69509514242492
"patient2","ENSG00000109381","ELF2",2.691575392719
"patient2","ENSG00000213585","VDAC1",2.68800263540489
"patient2","ENSG00000105176","URI1",2.68706943534518
"patient2","ENSG00000088930","XRN2",2.68576024756204
"patient2","ENSG00000054267","ARID4B",2.68519701844611
"patient2","ENSG00000148450","MSRB2",2.68423484865796
"patient2","ENSG00000144674","GOLGA4",2.6823949120021
"patient2","ENSG00000177971","IMP3",2.67614299436719
"patient2","ENSG00000166557","TMED3",2.67153127016938
"patient2","ENSG00000133104","SPART",2.67126513719852
"patient2","ENSG00000105185","PDCD5",2.67014783666993
"patient2","ENSG00000066654","THUMPD1",2.6625757425707
"patient2","ENSG00000144560","VGLL4",2.66062385983903
"patient2","ENSG00000165916","PSMC3",2.65929601915375
"patient2","ENSG00000196230","TUBB",2.65118127949129
"patient2","ENSG00000134056","KGD4",2.65023020652953
"patient2","ENSG00000122873","CISD1",2.64415413790839
"patient2","ENSG00000106052","TAX1BP1",2.64396572203026
"patient2","ENSG00000188994","ZNF292",2.64178355195533
"patient2","ENSG00000048649","RSF1",2.63929736164904
"patient2","ENSG00000125970","RALY",2.63851440357132
"patient2","ENSG00000120533","ENY2",2.63592321224285
"patient2","ENSG00000161671","EMC10",2.63205726050422
"patient2","ENSG00000118762","PKD2",2.63185085973981
"patient2","ENSG00000077380","DYNC1I2",2.62772074057641
"patient2","ENSG00000197256","KANK2",2.62399062938473
"patient2","ENSG00000056097","ZFR",2.61981089337801
"patient2","ENSG00000161547","SRSF2",2.61953628484254
"patient2","ENSG00000116171","SCP2",2.61670295103135
"patient2","ENSG00000110917","MLEC",2.61494822864116
"patient2","ENSG00000204435","CSNK2B",2.61451120003967
"patient2","ENSG00000101361","NOP56",2.60576040421946
"patient2","ENSG00000147202","DIAPH2",2.59535648044168
"patient2","ENSG00000182004","SNRPE",2.59107932797285
"patient2","ENSG00000164031","DNAJB14",2.58870138242778
"patient2","ENSG00000237765","FAM200B",2.57948629106754
"patient2","ENSG00000197102","DYNC1H1",2.57759290432241
"patient2","ENSG00000115866","DARS1",2.57277701553021
"patient2","ENSG00000146731","CCT6A",2.56958961113518
"patient2","ENSG00000080371","RAB21",2.56786651832795
"patient2","ENSG00000172922","RNASEH2C",2.56738527390063
"patient2","ENSG00000138674","SEC31A",2.56540927565179
"patient2","ENSG00000075420","FNDC3B",2.56051958541427
"patient2","ENSG00000137776","SLTM",2.55398346369823
"patient2","ENSG00000138768","USO1",2.54352933103206
"patient2","ENSG00000124155","PIGT",2.53724908803468
"patient2","ENSG00000103024","NME3",2.53223773014269
"patient2","ENSG00000150764","DIXDC1",2.52537156858601
"patient2","ENSG00000164054","SHISA5",2.51961595978236
"patient2","ENSG00000159658","EFCAB14",2.51750299259165
"patient2","ENSG00000112419","PHACTR2",2.51640085560395
"patient2","ENSG00000117899","MESD",2.51400521417963
"patient2","ENSG00000174695","TMEM167A",2.5108733894354
"patient2","ENSG00000139343","SNRPF",2.501395952782
"patient2","ENSG00000136819","C9orf78",2.50069597505481
"patient2","ENSG00000143727","ACP1",2.50024214305739
"patient2","ENSG00000101596","SMCHD1",2.49720536418103
"patient2","ENSG00000165264","NDUFB6",2.48235618125201
"patient2","ENSG00000129103","SUMF2",2.48137453690758
"patient2","ENSG00000175550","DRAP1",2.48010360668956
"patient2","ENSG00000196199","MPHOSPH8",2.48006431086661
"patient2","ENSG00000258289","CHURC1",2.47995002974075
"patient2","ENSG00000225733","FGD5-AS1",2.47669122985678
"patient2","ENSG00000180628","PCGF5",2.47392547769309
"patient2","ENSG00000137106","GRHPR",2.47135897033988
"patient2","ENSG00000102119","EMD",2.46737413545271
"patient2","ENSG00000153130","SCOC",2.46725871130572
"patient2","ENSG00000204387","SNHG32",2.46716282728604
"patient2","ENSG00000105254","TBCB",2.46641644524896
"patient2","ENSG00000139793","MBNL2",2.46623099738803
"patient2","ENSG00000189266","PNRC2",2.46421059640196
"patient2","ENSG00000078140","UBE2K",2.45892120763109
"patient2","ENSG00000158604","TMED4",2.45251562551192
"patient2","ENSG00000197170","PSMD12",2.44350932128316
"patient2","ENSG00000131871","SELENOS",2.43935032853053
"patient2","ENSG00000170515","PA2G4",2.43797087308458
"patient2","ENSG00000162032","SPSB3",2.43568872858965
"patient2","ENSG00000169062","UPF3A",2.4341368859729
"patient2","ENSG00000127884","ECHS1",2.43147301167867
"patient2","ENSG00000072778","ACADVL",2.42922062906631
"patient2","ENSG00000198900","TOP1",2.4204995580093
"patient2","ENSG00000115464","USP34",2.41521221974514
"patient2","ENSG00000100612","DHRS7",2.41357498714027
"patient2","ENSG00000178127","NDUFV2",2.41325323327869
"patient2","ENSG00000137409","MTCH1",2.41269569772191
"patient2","ENSG00000165416","SUGT1",2.40756757065042
"patient2","ENSG00000186591","UBE2H",2.40387051541383
"patient2","ENSG00000169021","UQCRFS1",2.40344920683521
"patient2","ENSG00000167515","TRAPPC2L",2.40162933266989
"patient2","ENSG00000134717","BTF3L4",2.39417057470406
"patient2","ENSG00000148290","SURF1",2.39223924009774
"patient2","ENSG00000140307","GTF2A2",2.39064904542726
"patient2","ENSG00000100603","SNW1",2.38892925512208
"patient2","ENSG00000176731","RBIS",2.38782669903705
"patient2","ENSG00000143252","SDHC",2.38619700623819
"patient2","ENSG00000183978","COA3",2.38400696361904
"patient2","ENSG00000146007","ZMAT2",2.38128132327139
"patient2","ENSG00000090273","NUDC",2.37771085201397
"patient2","ENSG00000176101","SSNA1",2.37717122795445
"patient2","ENSG00000183741","CBX6",2.37519144011574
"patient2","ENSG00000146457","WTAP",2.37032210341161
"patient2","ENSG00000091164","TXNL1",2.37026085401552
"patient2","ENSG00000169045","HNRNPH1",2.36864433795141
"patient2","ENSG00000111832","RWDD1",2.36200151347871
"patient2","ENSG00000095787","WAC",2.36043568498218
"patient2","ENSG00000182670","TTC3",2.34711724619394
"patient2","ENSG00000172354","GNB2",2.33919307974035
"patient2","ENSG00000197982","C1orf122",2.32648447663701
"patient2","ENSG00000185651","UBE2L3",2.32641578435719
"patient2","ENSG00000113141","IK",2.3199375491575
"patient2","ENSG00000102401","ARMCX3",2.31874971728592
"patient2","ENSG00000162521","RBBP4",2.31563542624666
"patient2","ENSG00000104131","EIF3J",2.31361119096602
"patient2","ENSG00000168291","PDHB",2.31143362533809
"patient2","ENSG00000135837","CEP350",2.31029107629355
"patient2","ENSG00000203950","RTL8A",2.30606030196769
"patient2","ENSG00000179295","PTPN11",2.30453835319466
"patient2","ENSG00000166734","GOLM2",2.29348155892701
"patient2","ENSG00000146701","MDH2",2.29196625485549
"patient2","ENSG00000130706","ADRM1",2.28874924902998
"patient2","ENSG00000162368","CMPK1",2.28779384749736
"patient2","ENSG00000254505","CHMP4A",2.28645859951109
"patient2","ENSG00000123933","MXD4",2.28311755431996
"patient2","ENSG00000163319","MRPS18C",2.27943214826442
"patient2","ENSG00000087077","TRIP6",2.27217157904454
"patient2","ENSG00000111639","MRPL51",2.27037973696409
"patient2","ENSG00000130414","NDUFA10",2.26374129766136
"patient2","ENSG00000131018","SYNE1",2.26137638920672
"patient2","ENSG00000181924","COA4",2.2608198936996
"patient2","ENSG00000137207","YIPF3",2.25993195226658
"patient2","ENSG00000155438","NIFK",2.25983546112025
"patient2","ENSG00000143543","JTB",2.2556737554542
"patient2","ENSG00000170248","PDCD6IP",2.24848999047228
"patient2","ENSG00000170275","CRTAP",2.24817867018625
"patient2","ENSG00000022277","RTF2",2.24630652859482
"patient2","ENSG00000124570","SERPINB6",2.2321498759097
"patient2","ENSG00000159210","SNF8",2.23149306885938
"patient2","ENSG00000179950","PUF60",2.23075799016734
"patient2","ENSG00000049618","ARID1B",2.22461158572846
"patient2","ENSG00000010244","ZNF207",2.22120698769564
"patient2","ENSG00000116005","PCYOX1",2.22060962110485
"patient2","ENSG00000131100","ATP6V1E1",2.2205316404654
"patient2","ENSG00000153914","SREK1",2.21417526731097
"patient2","ENSG00000205339","IPO7",2.21126399812803
"patient2","ENSG00000120438","TCP1",2.20999919806834
"patient2","ENSG00000198160","MIER1",2.20960405537682
"patient2","ENSG00000105402","NAPA",2.20296249634139
"patient2","ENSG00000102580","DNAJC3",2.19241159452474
"patient2","ENSG00000153827","TRIP12",2.18994581391099
"patient2","ENSG00000175416","CLTB",2.1878050336298
"patient2","ENSG00000006015","REX1BD",2.17617489606036
"patient2","ENSG00000169976","SF3B5",2.16865527110126
"patient2","ENSG00000182934","SRPRA",2.16078877472672
"patient2","ENSG00000163754","GYG1",2.1562627655493
"patient2","ENSG00000169895","SYAP1",2.15540127160255
"patient2","ENSG00000138382","METTL5",2.15449188027255
"patient2","ENSG00000112110","MRPL18",2.15334722696622
"patient2","ENSG00000160075","SSU72",2.15224174891166
"patient2","ENSG00000165775","FUNDC2",2.15146758138162
"patient2","ENSG00000089289","IGBP1",2.14533342281968
"patient2","ENSG00000172239","PAIP1",2.14257664444896
"patient2","ENSG00000166275","BORCS7",2.14093597109167
"patient2","ENSG00000065135","GNAI3",2.12742513011557
"patient2","ENSG00000266472","MRPS21",2.1252729289342
"patient2","ENSG00000205730","ITPRIPL2",2.12418399012544
"patient2","ENSG00000168259","DNAJC7",2.12393672863393
"patient2","ENSG00000144747","TMF1",2.11624490654366
"patient2","ENSG00000147533","GOLGA7",2.11283780543034
"patient2","ENSG00000135720","DYNC1LI2",2.10797072210439
"patient2","ENSG00000113658","SMAD5",2.10384537362912
"patient2","ENSG00000149823","VPS51",2.09842846777092
"patient2","ENSG00000128534","LSM8",2.09322880762295
"patient2","ENSG00000100216","TOMM22",2.09289175617804
"patient2","ENSG00000159352","PSMD4",2.09253882067752
"patient2","ENSG00000100528","CNIH1",2.09031370705656
"patient2","ENSG00000168090","COPS6",2.08824152861858
"patient2","ENSG00000136279","DBNL",2.08627241950082
"patient2","ENSG00000177556","ATOX1",2.08566490991053
"patient2","ENSG00000166226","CCT2",2.08265118329333
"patient2","ENSG00000162909","CAPN2",2.07743223837265
"patient2","ENSG00000013374","NUB1",2.07254561726386
"patient2","ENSG00000204370","SDHD",2.07157137486865
"patient2","ENSG00000126756","UXT",2.06555012934744
"patient2","ENSG00000162585","FAAP20",2.06506892303415
"patient2","ENSG00000156256","USP16",2.06474006637103
"patient2","ENSG00000118482","PHF3",2.06227130749708
"patient2","ENSG00000096401","CDC5L",2.0608171944676
"patient2","ENSG00000196504","PRPF40A",2.05889934304711
"patient2","ENSG00000143256","PFDN2",2.05493634671103
"patient2","ENSG00000106615","RHEB",2.05490657887997
"patient2","ENSG00000140391","TSPAN3",2.05104054114021
"patient2","ENSG00000123066","MED13L",2.0493473982862
"patient2","ENSG00000065154","OAT",2.04441478186763
"patient2","ENSG00000143420","ENSA",2.03551285510192
"patient2","ENSG00000150779","TIMM8B",2.03445640471737
"patient2","ENSG00000010404","IDS",2.03182866634298
"patient2","ENSG00000055332","EIF2AK2",2.02007430452728
"patient2","ENSG00000147140","NONO",2.01956040584771
"patient2","ENSG00000168066","SF1",2.0131833280445
"patient2","ENSG00000257923","CUX1",2.00967436858901
"patient2","ENSG00000154582","ELOC",2.00823717897143
"patient2","ENSG00000104671","DCTN6",1.99747570318383
"patient2","ENSG00000128463","EMC4",1.99730546247153
"patient2","ENSG00000224877","NDUFAF8",1.99292699907079
"patient2","ENSG00000134851","TMEM165",1.99196414482907
"patient2","ENSG00000135968","GCC2",1.99133354899774
"patient2","ENSG00000187735","TCEA1",1.98936849357812
"patient2","ENSG00000110711","AIP",1.98617793512508
"patient2","ENSG00000171634","BPTF",1.98406996957516
"patient2","ENSG00000071859","FAM50A",1.974403987192
"patient2","ENSG00000162645","GBP2",1.97401249964349
"patient2","ENSG00000205981","DNAJC19",1.97065384009168
"patient2","ENSG00000186010","NDUFA13",1.96924416131177
"patient2","ENSG00000116754","SRSF11",1.96617249679045
"patient2","ENSG00000106245","BUD31",1.96609441828153
"patient2","ENSG00000130312","MRPL34",1.96545499807205
"patient2","ENSG00000165476","REEP3",1.96527340551129
"patient2","ENSG00000004700","RECQL",1.963080924794
"patient2","ENSG00000103275","UBE2I",1.9630071500097
"patient2","ENSG00000132824","SERINC3",1.95996070184681
"patient2","ENSG00000189241","TSPYL1",1.95434381324185
"patient2","ENSG00000067829","IDH3G",1.95224871026509
"patient2","ENSG00000165525","NEMF",1.95073206560748
"patient2","ENSG00000137500","CCDC90B",1.93839307563577
"patient2","ENSG00000106355","LSM5",1.93656679854119
"patient2","ENSG00000120727","PAIP2",1.93373523690281
"patient2","ENSG00000136628","EPRS1",1.92705658003852
"patient2","ENSG00000138433","CIRSR",1.92330638882562
"patient2","ENSG00000153774","CFDP1",1.91658038198565
"patient2","ENSG00000114209","PDCD10",1.91387170288462
"patient2","ENSG00000176209","SMIM19",1.91386124753881
"patient2","ENSG00000142166","IFNAR1",1.91270940471171
"patient2","ENSG00000075239","ACAT1",1.91238596215225
"patient2","ENSG00000257103","LSM14A",1.91140191163599
"patient2","ENSG00000101654","RNMT",1.90914011902842
"patient2","ENSG00000179262","RAD23A",1.90545276915855
"patient2","ENSG00000102316","MAGED2",1.90540069623521
"patient2","ENSG00000125304","TM9SF2",1.89807996258277
"patient2","ENSG00000013441","CLK1",1.89779932693461
"patient2","ENSG00000130748","TMEM160",1.89588913069539
"patient2","ENSG00000165678","GHITM",1.89125902232415
"patient2","ENSG00000105258","POLR2I",1.88790001326128
"patient2","ENSG00000101161","PRPF6",1.88455578911391
"patient2","ENSG00000181350","LRRC75A",1.88170646825509
"patient2","ENSG00000115685","PPP1R7",1.88109904399063
"patient2","ENSG00000111786","SRSF9",1.87602836175362
"patient2","ENSG00000228253","MT-ATP8",1.87219268761188
"patient2","ENSG00000186184","POLR1D",1.85511252557377
"patient2","ENSG00000099783","HNRNPM",1.84142119192695
"patient2","ENSG00000196419","XRCC6",1.83647935682269
"patient2","ENSG00000087365","SF3B2",1.83606070586014
"patient2","ENSG00000102054","RBBP7",1.83000090212391
"patient2","ENSG00000174917","MICOS13",1.82527287840229
"patient2","ENSG00000086065","CHMP5",1.81055969655437
"patient2","ENSG00000175203","DCTN2",1.80946070223283
"patient2","ENSG00000075292","ZNF638",1.808194220638
"patient2","ENSG00000184983","NDUFA6",1.8021677860186
"patient2","ENSG00000111615","KRR1",1.7998274637742
"patient2","ENSG00000144895","EIF2A",1.79738006472866
"patient2","ENSG00000112697","CDC50A",1.79104961590712
"patient2","ENSG00000113312","TTC1",1.78031443251203
"patient2","ENSG00000138398","PPIG",1.77788040379636
"patient2","ENSG00000113013","HSPA9",1.76721389703091
"patient2","ENSG00000196141","SPATS2L",1.75739385066034
"patient2","ENSG00000141867","BRD4",1.75671118511044
"patient2","ENSG00000128609","NDUFA5",1.75602941056658
"patient2","ENSG00000187051","RPS19BP1",1.74710985916742
"patient2","ENSG00000054118","THRAP3",1.73246003747889
"patient2","ENSG00000105677","TMEM147",1.72786954077184
"patient2","ENSG00000125818","PSMF1",1.72746221405484
"patient2","ENSG00000060762","MPC1",1.72680841234161
"patient2","ENSG00000100028","SNRPD3",1.72583673245916
"patient2","ENSG00000102309","PIN4",1.72269513301059
"patient2","ENSG00000225663","MCRIP1",1.72117088398152
"patient2","ENSG00000102931","ARL2BP",1.72044124508422
"patient2","ENSG00000138688","BLTP1",1.71803931569234
"patient2","ENSG00000065548","ZC3H15",1.70761411572416
"patient2","ENSG00000129083","COPB1",1.70714187949752
"patient2","ENSG00000080822","CLDND1",1.70376048402146
"patient2","ENSG00000166946","CCNDBP1",1.70102703418966
"patient2","ENSG00000123200","ZC3H13",1.69545958127237
"patient2","ENSG00000134744","TUT4",1.6953536936107
"patient2","ENSG00000023287","RB1CC1",1.67187901563632
"patient2","ENSG00000032219","ARID4A",1.66376215776168
"patient2","ENSG00000145734","BDP1",1.66358624694266
"patient2","ENSG00000101972","STAG2",1.66278433153794
"patient2","ENSG00000115234","SNX17",1.65726639668623
"patient2","ENSG00000164022","AIMP1",1.65187595256821
"patient2","ENSG00000151327","FAM177A1",1.64856539972659
"patient2","ENSG00000085224","ATRX",1.64354781500892
"patient2","ENSG00000106443","PHF14",1.63630713841461
"patient2","ENSG00000183617","MRPL54",1.63552707532796
"patient2","ENSG00000175701","MTLN",1.63450177390898
"patient2","ENSG00000075785","RAB7A",1.63398879871719
"patient2","ENSG00000214046","SMIM7",1.63129918940306
"patient2","ENSG00000100568","VTI1B",1.61912090661204
"patient2","ENSG00000100201","DDX17",1.60031289178426
"patient2","ENSG00000100142","POLR2F",1.59692193888425
"patient2","ENSG00000055950","MRPL43",1.59000336784483
"patient2","ENSG00000171222","SCAND1",1.5808212669026
"patient2","ENSG00000128789","PSMG2",1.58032895890242
"patient2","ENSG00000168288","MMADHC",1.5795371637126
"patient2","ENSG00000120686","UFM1",1.57397968081185
"patient2","ENSG00000004779","NDUFAB1",1.57251188664834
"patient2","ENSG00000186522","SEPTIN10",1.57165509705017
"patient2","ENSG00000120675","DNAJC15",1.56969463115597
"patient2","ENSG00000137815","RTF1",1.56968561758478
"patient2","ENSG00000114416","FXR1",1.56957998071638
"patient2","ENSG00000100354","TNRC6B",1.56762785174063
"patient2","ENSG00000143575","HAX1",1.56638655813731
"patient2","ENSG00000172500","FIBP",1.5598999738148
"patient2","ENSG00000205531","NAP1L4",1.54972515118449
"patient2","ENSG00000149100","EIF3M",1.54929422395444
"patient2","ENSG00000111790","FGFR1OP2",1.54436221466283
"patient2","ENSG00000105887","MTPN",1.542528902438
"patient2","ENSG00000162385","MAGOH",1.53939473972388
"patient2","ENSG00000079332","SAR1A",1.53895935925766
"patient2","ENSG00000153006","SREK1IP1",1.53783359134657
"patient2","ENSG00000102189","EEA1",1.53707807240489
"patient2","ENSG00000087884","AAMDC",1.53346997202053
"patient2","ENSG00000100941","PNN",1.52599956498166
"patient2","ENSG00000165813","CCDC186",1.52471673177851
"patient2","ENSG00000119705","SLIRP",1.52394023030778
"patient2","ENSG00000112146","FBXO9",1.52088856089709
"patient2","ENSG00000133318","RTN3",1.5133598479133
"patient2","ENSG00000125995","ROMO1",1.51314873992958
"patient2","ENSG00000012061","ERCC1",1.51289774217271
"patient2","ENSG00000141759","TXNL4A",1.50510173453762
"patient2","ENSG00000184432","COPB2",1.50455123529738
"patient2","ENSG00000128272","ATF4",1.50358313643531
"patient2","ENSG00000123983","ACSL3",1.50284024284724
"patient2","ENSG00000185608","MRPL40",1.5018836055757
"patient2","ENSG00000188529","SRSF10",1.50127771273133
"patient2","ENSG00000004059","ARF5",1.4997653117296
"patient2","ENSG00000090060","PAPOLA",1.49735828473191
"patient2","ENSG00000204392","LSM2",1.49487120485551
"patient2","ENSG00000143570","SLC39A1",1.49165762492715
"patient2","ENSG00000182827","ACBD3",1.49032820007215
"patient2","ENSG00000166848","TERF2IP",1.48997111011094
"patient2","ENSG00000174720","LARP7",1.48891131104729
"patient2","ENSG00000101782","RIOK3",1.48788558126179
"patient2","ENSG00000102531","FNDC3A",1.48079425155837
"patient2","ENSG00000174953","DHX36",1.47632589173114
"patient2","ENSG00000164182","NDUFAF2",1.46695361281498
"patient2","ENSG00000138448","ITGAV",1.45920559192352
"patient2","ENSG00000119185","ITGB1BP1",1.45345003519764
"patient2","ENSG00000168264","IRF2BP2",1.44658307811067
"patient2","ENSG00000178057","NDUFAF3",1.44283334233192
"patient2","ENSG00000125901","MRPS26",1.44255752317775
"patient2","ENSG00000242372","EIF6",1.43259222957168
"patient2","ENSG00000101266","CSNK2A1",1.42836878474249
"patient2","ENSG00000085719","CPNE3",1.42519493607954
"patient2","ENSG00000119632","IFI27L2",1.41674261942761
"patient2","ENSG00000120265","PCMT1",1.4154439918299
"patient2","ENSG00000159199","ATP5MC1",1.41266892848163
"patient2","ENSG00000166228","PCBD1",1.41095558131229
"patient2","ENSG00000025796","SEC63",1.39978264127149
"patient2","ENSG00000106588","PSMA2",1.3971473269019
"patient2","ENSG00000145912","NHP2",1.39301577532285
"patient2","ENSG00000184743","ATL3",1.38516201193105
"patient2","ENSG00000089693","MLF2",1.38413562131419
"patient2","ENSG00000106400","ZNHIT1",1.38323399255907
"patient2","ENSG00000105856","HBP1",1.38272528044988
"patient2","ENSG00000142694","EVA1B",1.37998100808816
"patient2","ENSG00000005483","KMT2E",1.37497812363879
"patient2","ENSG00000097033","SH3GLB1",1.37211495931441
"patient2","ENSG00000120805","ARL1",1.36207956142416
"patient2","ENSG00000118058","KMT2A",1.35759804758921
"patient2","ENSG00000146247","PHIP",1.34279078178739
"patient2","ENSG00000111897","SERINC1",1.33984886758536
"patient2","ENSG00000168300","PCMTD1",1.33250662723502
"patient2","ENSG00000138600","SPPL2A",1.32394328592154
"patient2","ENSG00000162384","CZIB",1.31582399451711
"patient2","ENSG00000179912","R3HDM2",1.3145341051005
"patient2","ENSG00000110367","DDX6",1.3106123571025
"patient2","ENSG00000013364","MVP",1.31005882447519
"patient2","ENSG00000198171","DDRGK1",1.30529615613652
"patient2","ENSG00000055211","GINM1",1.30479535600607
"patient2","ENSG00000119013","NDUFB3",1.30149922422237
"patient2","ENSG00000118689","FOXO3",1.29882857426276
"patient2","ENSG00000124767","GLO1",1.29824338777613
"patient2","ENSG00000126067","PSMB2",1.2712170438398
"patient2","ENSG00000084623","EIF3I",1.26453492108341
"patient2","ENSG00000143106","PSMA5",1.26201299777164
"patient2","ENSG00000134248","LAMTOR5",1.26176859761792
"patient2","ENSG00000141504","SAT2",1.25860338869033
"patient2","ENSG00000104695","PPP2CB",1.25765212667895
"patient2","ENSG00000013583","HEBP1",1.2556410900154
"patient2","ENSG00000114354","TFG",1.24795733086044
"patient2","ENSG00000005075","POLR2J",1.24519455969947
"patient2","ENSG00000168710","AHCYL1",1.24193879863154
"patient2","ENSG00000170035","UBE2E3",1.23524752673492
"patient2","ENSG00000116539","ASH1L",1.23487307093913
"patient2","ENSG00000173230","GOLGB1",1.23392404916248
"patient2","ENSG00000072506","HSD17B10",1.23056720937439
"patient2","ENSG00000031698","SARS1",1.22647597233252
"patient2","ENSG00000174891","RSRC1",1.22637419307208
"patient2","ENSG00000114956","DGUOK",1.22572482777863
"patient2","ENSG00000119707","RBM25",1.22123283135672
"patient2","ENSG00000106299","WASL",1.21988620216297
"patient2","ENSG00000145494","NDUFS6",1.21877659016602
"patient2","ENSG00000113845","TIMMDC1",1.20766794000181
"patient2","ENSG00000272047","GTF2H5",1.20045517022604
"patient2","ENSG00000090238","YPEL3",1.19812526956194
"patient2","ENSG00000197345","MRPL21",1.18804146572806
"patient2","ENSG00000204272","NBDY",1.18558037886772
"patient2","ENSG00000138757","G3BP2",1.18043854455197
"patient2","ENSG00000115561","CHMP3",1.1752281201311
"patient2","ENSG00000125944","HNRNPR",1.17449213814056
"patient2","ENSG00000002330","BAD",1.1694861940138
"patient2","ENSG00000100804","PSMB5",1.16750614391551
"patient2","ENSG00000177119","ANO6",1.16540659615731
"patient2","ENSG00000128699","ORMDL1",1.1586366912366
"patient2","ENSG00000177830","CHID1",1.15299800384664
"patient2","ENSG00000058668","ATP2B4",1.14937084289909
"patient2","ENSG00000168172","HOOK3",1.14520120433887
"patient2","ENSG00000089053","ANAPC5",1.13474297250662
"patient2","ENSG00000131408","NR1H2",1.13420799492127
"patient2","ENSG00000074071","MRPS34",1.13068185942007
"patient2","ENSG00000117118","SDHB",1.12432805531591
"patient2","ENSG00000108588","CCDC47",1.11725724990334
"patient2","ENSG00000138069","RAB1A",1.10503802551214
"patient2","ENSG00000257727","CNPY2",1.08863824547576
"patient2","ENSG00000124214","STAU1",1.08455829971598
"patient2","ENSG00000150316","CWC15",1.08244897437876
"patient2","ENSG00000121067","SPOP",1.08019820530345
"patient2","ENSG00000136930","PSMB7",1.05776011793505
"patient2","ENSG00000106591","MRPL32",1.04486395594269
"patient2","ENSG00000132471","WBP2",1.03922616081027
"patient2","ENSG00000112739","PRP4K",1.03810670698995
"patient2","ENSG00000137100","DCTN3",1.03064353966854
"patient2","ENSG00000107874","CUEDC2",1.03017448183553
"patient2","ENSG00000139168","ZCRB1",1.02715768507081
"patient2","ENSG00000164172","MOCS2",1.02298776141742
"patient2","ENSG00000126005","MMP24OS",1.01616545498817
"patient2","ENSG00000129084","PSMA1",1.00879373768062
"patient2","ENSG00000163714","U2SURP",1.00272420733447
"patient2","ENSG00000170860","LSM3",0.995637496826106
"patient2","ENSG00000121774","KHDRBS1",0.994255838088623
"patient2","ENSG00000213619","NDUFS3",0.994250650615026
"patient2","ENSG00000164615","CAMLG",0.991336362788707
"patient2","ENSG00000062194","GPBP1",0.990695874186844
"patient2","ENSG00000141027","NCOR1",0.98953442374557
"patient2","ENSG00000134313","KIDINS220",0.960891376384321
"patient2","ENSG00000084754","HADHA",0.95781940601122
"patient2","ENSG00000128989","ARPP19",0.949740598223711
"patient2","ENSG00000169230","PRELID1",0.941252888539245
"patient2","ENSG00000114784","EIF1B",0.939278873669693
"patient2","ENSG00000225921","NOL7",0.93712361008554
"patient2","ENSG00000127914","AKAP9",0.930305759283861
"patient2","ENSG00000131507","NDFIP1",0.926433826311319
"patient2","ENSG00000089048","ESF1",0.926051088675687
"patient2","ENSG00000131495","NDUFA2",0.922608167521622
"patient2","ENSG00000119537","KDSR",0.890947000462081
"patient2","ENSG00000140740","UQCRC2",0.88601597916445
"patient2","ENSG00000111011","RSRC2",0.879019678287284
"patient2","ENSG00000094916","CBX5",0.877784625720932
"patient2","ENSG00000105568","PPP2R1A",0.877184383031841
"patient2","ENSG00000100519","PSMC6",0.861631908664546
"patient2","ENSG00000004534","RBM6",0.853660662120446
"patient2","ENSG00000177565","TBL1XR1",0.842171371222748
"patient2","ENSG00000134330","IAH1",0.820356318072508
"patient2","ENSG00000103978","TMEM87A",0.819430704474277
"patient2","ENSG00000230590","FTX",0.813176332830567
"patient2","ENSG00000103035","PSMD7",0.811144698883641
"patient2","ENSG00000143158","MPC2",0.793773969811153
"patient2","ENSG00000069345","DNAJA2",0.784570115997337
"patient2","ENSG00000178952","TUFM",0.771001577200799
"patient2","ENSG00000185129","PURA",0.76462889670571
"patient2","ENSG00000083937","CHMP2B",0.758556741039238
"patient2","ENSG00000105379","ETFB",0.757582032536789
"patient2","ENSG00000131116","ZNF428",0.742871303497382
"patient2","ENSG00000177311","ZBTB38",0.738835966291424
"patient2","ENSG00000180398","MCFD2",0.733915568959345
"patient2","ENSG00000185236","RAB11B",0.731875762247431
"patient2","ENSG00000147548","NSD3",0.730772770445017
"patient2","ENSG00000179271","GADD45GIP1",0.698941984513788
"patient2","ENSG00000007080","CCDC124",0.693760370221893
"patient2","ENSG00000115816","CEBPZ",0.69140568334691
"patient2","ENSG00000106244","PDAP1",0.684299129839609
"patient2","ENSG00000100815","TRIP11",0.680366384698483
"patient2","ENSG00000017797","RALBP1",0.673326350990155
"patient2","ENSG00000163848","ZNF148",0.663658840525506
"patient2","ENSG00000127445","PIN1",0.658850162687957
"patient2","ENSG00000108946","PRKAR1A",0.654502208407604
"patient2","ENSG00000129518","EAPP",0.650215990173986
"patient2","ENSG00000100764","PSMC1",0.647908663434033
"patient2","ENSG00000088205","DDX18",0.631860702693514
"patient2","ENSG00000109536","FRG1",0.631675624462239
"patient2","ENSG00000178951","ZBTB7A",0.620421427778909
"patient2","ENSG00000110717","NDUFS8",0.618640512237775
"patient2","ENSG00000164463","CREBRF",0.606477025652104
"patient2","ENSG00000144635","DYNC1LI1",0.603414104260727
"patient2","ENSG00000078674","PCM1",0.597456215267727
"patient2","ENSG00000081154","PCNP",0.591009537545955
"patient2","ENSG00000113068","PFDN1",0.576934065219896
"patient2","ENSG00000175166","PSMD2",0.56251880834415
"patient2","ENSG00000125676","THOC2",0.551247222488572
"patient2","ENSG00000137038","DMAC1",0.520511995011336
"patient2","ENSG00000079785","DDX1",0.508400803230995
"patient2","ENSG00000180964","TCEAL8",0.498964183478524
"patient2","ENSG00000163875","MEAF6",0.495312518745764
"patient2","ENSG00000133706","LARS1",0.486769762027482
"patient2","ENSG00000109775","UFSP2",0.464879915963495
"patient2","ENSG00000127483","HP1BP3",0.452583650192039
"patient2","ENSG00000177733","HNRNPA0",0.439785564489546
"patient2","ENSG00000065243","PKN2",0.428044150039466
"patient2","ENSG00000117335","CD46",0.422723442102266
"patient2","ENSG00000114023","FAM162A",0.407749715045507
"patient2","ENSG00000143183","TMCO1",0.405218184866291
"patient2","ENSG00000078668","VDAC3",0.395806072097041
"patient2","ENSG00000151923","TIAL1",0.386572278213666
"patient2","ENSG00000152404","CWF19L2",0.376311307871029
"patient2","ENSG00000162961","DPY30",0.370520579772395
"patient2","ENSG00000087191","PSMC5",0.36996317857686
"patient2","ENSG00000067248","DHX29",0.35721715124831
"patient2","ENSG00000164258","NDUFS4",0.344956131861456
"patient2","ENSG00000182154","MRPL41",0.31990812117
"patient2","ENSG00000166200","COPS2",0.307828881715742
"patient2","ENSG00000163634","THOC7",0.286877751288255
"patient2","ENSG00000144579","CTDSP1",0.280076178308584
"patient2","ENSG00000138279","ANXA7",0.275934200810349
"patient2","ENSG00000125977","EIF2S2",0.267916032986317
"patient2","ENSG00000014123","UFL1",0.264866712008355
"patient2","ENSG00000007168","PAFAH1B1",0.261326991957014
"patient2","ENSG00000198677","SKIC3",0.234443080395784
"patient2","ENSG00000242247","ARFGAP3",0.228422549742547
"patient2","ENSG00000137210","TMEM14B",0.22579105731083
"patient2","ENSG00000125991","ERGIC3",0.175860776492839
"patient2","ENSG00000136448","NMT1",0.155137781138613
"patient2","ENSG00000186298","PPP1CC",0.143273606328931
"patient2","ENSG00000197858","GPAA1",0.130924755777306
"patient2","ENSG00000157916","RER1",0.102302052487087
"patient2","ENSG00000119396","RAB14",0.0916141073012177
"patient2","ENSG00000106682","EIF4H",0.0915273485166948
"patient2","ENSG00000103266","STUB1",0.0823039260519125
"patient2","ENSG00000155876","RRAGA",0.0794757884001347
"patient2","ENSG00000134440","NARS1",0.0575760492348656
"patient2","ENSG00000077232","DNAJC10",0.0383917067876224
"patient2","ENSG00000100442","FKBP3",0.0343641255390016
"patient2","ENSG00000163320","CGGBP1",-0.0324323718855597
"patient2","ENSG00000134153","EMC7",-0.0585266123370844
"patient2","ENSG00000107262","BAG1",-0.099980002294497
"patient2","ENSG00000092201","SUPT16H",-0.109008912813982
"patient2","ENSG00000091039","OSBPL8",-0.117653040014947
"patient2","ENSG00000135387","CAPRIN1",-0.135509057914899
"patient2","ENSG00000143771","CNIH4",-0.16019004741405
"patient2","ENSG00000131013","PPIL4",-0.173551371718527
"patient2","ENSG00000131966","ACTR10",-0.241480060465395
"patient2","ENSG00000151461","UPF2",-0.288721968395263
"patient2","ENSG00000165669","FAM204A",-0.318015150658032
"patient2","ENSG00000145337","PYURF",-0.32332209864035
"patient2","ENSG00000154305","MIA3",-0.338805313293521
"patient2","ENSG00000184203","PPP1R2",-0.400775630078642
"patient2","ENSG00000111142","METAP2",-0.462711719450657
"patient2","ENSG00000023734","STRAP",-0.51818743141763
"patient2","ENSG00000096746","HNRNPH3",-0.637625391247442
"patient2","ENSG00000105700","KXD1",-1.46858028407253
"patient3","ENSG00000170323","FABP4",27.6583745444008
"patient3","ENSG00000115414","FN1",23.616576562306
"patient3","ENSG00000011465","DCN",23.2326660304212
"patient3","ENSG00000077942","FBLN1",22.1334607805047
"patient3","ENSG00000132386","SERPINF1",22.1147335077946
"patient3","ENSG00000115457","IGFBP2",21.411891489825
"patient3","ENSG00000261371","PECAM1",20.4197195541517
"patient3","ENSG00000143196","DPT",20.1561702654614
"patient3","ENSG00000074181","NOTCH3",19.5483178995678
"patient3","ENSG00000078596","ITM2A",19.177012796121
"patient3","ENSG00000140092","FBLN5",19.1348670718417
"patient3","ENSG00000164687","FABP5",19.132353239166
"patient3","ENSG00000140285","FGF7",19.1221731185664
"patient3","ENSG00000186340","THBS2",18.6329003181313
"patient3","ENSG00000120885","CLU",18.6063694387348
"patient3","ENSG00000100234","TIMP3",18.6040036565582
"patient3","ENSG00000189129","PLAC9",18.6016183338257
"patient3","ENSG00000181649","PHLDA2",18.5576895922297
"patient3","ENSG00000038427","VCAN",18.5007713174363
"patient3","ENSG00000133026","MYH10",17.9371997294642
"patient3","ENSG00000127954","STEAP4",17.9354789803709
"patient3","ENSG00000203883","SOX18",17.7796580381838
"patient3","ENSG00000176435","CLEC14A",17.7612609562837
"patient3","ENSG00000162618","ADGRL4",17.6437457024826
"patient3","ENSG00000130300","PLVAP",17.3482600704065
"patient3","ENSG00000198467","TPM2",17.1801265268517
"patient3","ENSG00000149591","TAGLN",17.1353622540157
"patient3","ENSG00000101335","MYL9",17.0967526293238
"patient3","ENSG00000144810","COL8A1",17.0661488912762
"patient3","ENSG00000172889","EGFL7",16.8817477760678
"patient3","ENSG00000111341","MGP",16.8263367510061
"patient3","ENSG00000167642","SPINT2",16.8009334238321
"patient3","ENSG00000213088","ACKR1",16.7520712411901
"patient3","ENSG00000179144","GIMAP7",16.7444968807806
"patient3","ENSG00000131477","RAMP2",16.6348046191951
"patient3","ENSG00000008394","MGST1",16.6301852620483
"patient3","ENSG00000142910","TINAGL1",16.6213039982886
"patient3","ENSG00000127528","KLF2",16.5535869965115
"patient3","ENSG00000184113","CLDN5",16.2857576708536
"patient3","ENSG00000136999","CCN3",16.0983005193388
"patient3","ENSG00000122786","CALD1",16.0639194398726
"patient3","ENSG00000127951","FGL2",16.0577702960186
"patient3","ENSG00000141753","IGFBP4",16.0504295721757
"patient3","ENSG00000107796","ACTA2",15.8828040623938
"patient3","ENSG00000099260","PALMD",15.771935573793
"patient3","ENSG00000204472","AIF1",15.6839072279046
"patient3","ENSG00000125868","DSTN",15.6321723116036
"patient3","ENSG00000115380","EFEMP1",15.6204402758195
"patient3","ENSG00000140545","MFGE8",15.5811378425276
"patient3","ENSG00000110799","VWF",15.5435376830911
"patient3","ENSG00000124212","PTGIS",15.4548718836989
"patient3","ENSG00000120594","PLXDC2",15.3353191870051
"patient3","ENSG00000188783","PRELP",15.3250464100656
"patient3","ENSG00000149564","ESAM",15.3105419337083
"patient3","ENSG00000130203","APOE",15.2107336634565
"patient3","ENSG00000049323","LTBP1",15.1619413546703
"patient3","ENSG00000119681","LTBP2",15.1265539709392
"patient3","ENSG00000158869","FCER1G",14.9432949265672
"patient3","ENSG00000177606","JUN",14.739612976859
"patient3","ENSG00000139329","LUM",14.6822191906382
"patient3","ENSG00000111404","RERGL",14.5427464107031
"patient3","ENSG00000106565","TMEM176B",14.5185955204841
"patient3","ENSG00000182492","BGN",14.4892123490084
"patient3","ENSG00000122679","RAMP3",14.4752123302722
"patient3","ENSG00000250479","CHCHD10",14.4711192109687
"patient3","ENSG00000168497","CAVIN2",14.4452092684313
"patient3","ENSG00000144476","ACKR3",14.416809827643
"patient3","ENSG00000169851","PCDH7",14.4141338887247
"patient3","ENSG00000106809","OGN",14.3853256619768
"patient3","ENSG00000174059","CD34",14.3246258027989
"patient3","ENSG00000122862","SRGN",14.3099076651307
"patient3","ENSG00000170345","FOS",14.2839481545821
"patient3","ENSG00000167641","PPP1R14A",14.081770535401
"patient3","ENSG00000105655","ISYNA1",14.0583598001851
"patient3","ENSG00000187244","BCAM",13.9137747123021
"patient3","ENSG00000076706","MCAM",13.9112069461983
"patient3","ENSG00000165949","IFI27",13.9072765640604
"patient3","ENSG00000163710","PCOLCE2",13.8800792649541
"patient3","ENSG00000197614","MFAP5",13.8719492909215
"patient3","ENSG00000107317","PTGDS",13.7960748831525
"patient3","ENSG00000119147","ECRG4",13.7647115509568
"patient3","ENSG00000003436","TFPI",13.7629727670952
"patient3","ENSG00000077943","ITGA8",13.6747245288546
"patient3","ENSG00000166562","SEC11C",13.620136005004
"patient3","ENSG00000132329","RAMP1",13.6041020303404
"patient3","ENSG00000185551","NR2F2",13.5907192272234
"patient3","ENSG00000064042","LIMCH1",13.5797527951139
"patient3","ENSG00000121858","TNFSF10",13.5682213779338
"patient3","ENSG00000265972","TXNIP",13.544846946348
"patient3","ENSG00000116132","PRRX1",13.4960682226491
"patient3","ENSG00000182871","COL18A1",13.4559900283681
"patient3","ENSG00000129538","RNASE1",13.4435603616441
"patient3","ENSG00000197747","S100A10",13.4365387587866
"patient3","ENSG00000204592","HLA-E",13.4219861638098
"patient3","ENSG00000064205","CCN5",13.420895400859
"patient3","ENSG00000170017","ALCAM",13.392117617231
"patient3","ENSG00000250722","SELENOP",13.3750839546262
"patient3","ENSG00000240583","AQP1",13.371423190997
"patient3","ENSG00000143226","FCGR2A",13.3666854648446
"patient3","ENSG00000091986","CCDC80",13.3472044899085
"patient3","ENSG00000148053","NTRK2",13.3244756116959
"patient3","ENSG00000002933","TMEM176A",13.2833614651023
"patient3","ENSG00000068001","HYAL2",13.2821793040627
"patient3","ENSG00000106991","ENG",13.2742222260877
"patient3","ENSG00000123384","LRP1",13.2498597330845
"patient3","ENSG00000123358","NR4A1",13.2455658570808
"patient3","ENSG00000117632","STMN1",13.2182012125364
"patient3","ENSG00000010278","CD9",13.2149105671275
"patient3","ENSG00000198523","PLN",13.1936557382935
"patient3","ENSG00000157514","TSC22D3",13.1900625090588
"patient3","ENSG00000188290","HES4",13.1667621207232
"patient3","ENSG00000196126","HLA-DRB1",13.1520269092732
"patient3","ENSG00000143127","ITGA10",13.0234789040439
"patient3","ENSG00000213316","LTC4S",12.9786852831363
"patient3","ENSG00000204287","HLA-DRA",12.9766925422836
"patient3","ENSG00000184489","PTP4A3",12.8880564263734
"patient3","ENSG00000164692","COL1A2",12.85535503357
"patient3","ENSG00000140945","CDH13",12.7998385316923
"patient3","ENSG00000123131","PRDX4",12.7797349006601
"patient3","ENSG00000019582","CD74",12.7174941896064
"patient3","ENSG00000133110","POSTN",12.6096210351643
"patient3","ENSG00000197461","PDGFA",12.6063407205597
"patient3","ENSG00000125730","C3",12.6063070418529
"patient3","ENSG00000065054","NHERF2",12.5831098138095
"patient3","ENSG00000109610","SOD3",12.5801040857012
"patient3","ENSG00000166482","MFAP4",12.54400504782
"patient3","ENSG00000118849","RARRES1",12.5090005301535
"patient3","ENSG00000133574","GIMAP4",12.4730126119533
"patient3","ENSG00000182326","C1S",12.4342588701008
"patient3","ENSG00000099860","GADD45B",12.4057091808353
"patient3","ENSG00000134853","PDGFRA",12.3616991622755
"patient3","ENSG00000154175","ABI3BP",12.3543906656875
"patient3","ENSG00000106624","AEBP1",12.3413569776951
"patient3","ENSG00000142173","COL6A2",12.3283466652477
"patient3","ENSG00000189171","S100A13",12.3207669979112
"patient3","ENSG00000132334","PTPRE",12.3139591131393
"patient3","ENSG00000127083","OMD",12.3100747316446
"patient3","ENSG00000153823","PID1",12.2751684518732
"patient3","ENSG00000135363","LMO2",12.2597267478796
"patient3","ENSG00000125810","CD93",12.2515531833489
"patient3","ENSG00000145423","SFRP2",12.2414018337
"patient3","ENSG00000017427","IGF1",12.2079710446209
"patient3","ENSG00000065534","MYLK",12.1964632235776
"patient3","ENSG00000165795","NDRG2",12.1815131379382
"patient3","ENSG00000170962","PDGFD",12.1750572856272
"patient3","ENSG00000107562","CXCL12",12.1539543805316
"patient3","ENSG00000011600","TYROBP",12.1356612946274
"patient3","ENSG00000175899","A2M",12.1333533044558
"patient3","ENSG00000133392","MYH11",12.0794885938587
"patient3","ENSG00000159388","BTG2",12.0774354631899
"patient3","ENSG00000118257","NRP2",11.9917647715396
"patient3","ENSG00000164106","SCRG1",11.9893092198783
"patient3","ENSG00000196616","ADH1B",11.9714828175882
"patient3","ENSG00000149131","SERPING1",11.9707756713632
"patient3","ENSG00000169554","ZEB2",11.9687917147962
"patient3","ENSG00000171223","JUNB",11.870754256918
"patient3","ENSG00000198959","TGM2",11.8665328334423
"patient3","ENSG00000159403","C1R",11.8528419419802
"patient3","ENSG00000122378","PRXL2A",11.8501850233985
"patient3","ENSG00000197766","CFD",11.8432364404128
"patient3","ENSG00000090104","RGS1",11.7751332379179
"patient3","ENSG00000131386","GALNT15",11.7484965447712
"patient3","ENSG00000197943","PLCG2",11.7481100864217
"patient3","ENSG00000185633","COXFA4L2",11.7395882693458
"patient3","ENSG00000124491","F13A1",11.6901382920915
"patient3","ENSG00000120708","TGFBI",11.671154445602
"patient3","ENSG00000105664","COMP",11.6621890375365
"patient3","ENSG00000152583","SPARCL1",11.6233119111203
"patient3","ENSG00000135916","ITM2C",11.5973753453795
"patient3","ENSG00000072110","ACTN1",11.5872573126433
"patient3","ENSG00000159251","ACTC1",11.5662749352632
"patient3","ENSG00000188257","PLA2G2A",11.5490435582761
"patient3","ENSG00000132965","ALOX5AP",11.5372405520123
"patient3","ENSG00000145012","LPP",11.4876519586981
"patient3","ENSG00000174348","PODN",11.4535635746555
"patient3","ENSG00000182463","TSHZ2",11.4367754732638
"patient3","ENSG00000162772","ATF3",11.4201762125336
"patient3","ENSG00000183087","GAS6",11.4113309042039
"patient3","ENSG00000151491","EPS8",11.3974008172001
"patient3","ENSG00000125968","ID1",11.3441740031565
"patient3","ENSG00000109099","PMP22",11.3437226464802
"patient3","ENSG00000099250","NRP1",11.3247887685058
"patient3","ENSG00000169908","TM4SF1",11.3237391076925
"patient3","ENSG00000162444","RBP7",11.3111279796367
"patient3","ENSG00000196154","S100A4",11.2875957402253
"patient3","ENSG00000189058","APOD",11.2477796707927
"patient3","ENSG00000074416","MGLL",11.2349211714739
"patient3","ENSG00000187955","COL14A1",11.1063898259396
"patient3","ENSG00000140416","TPM1",11.0900206397003
"patient3","ENSG00000277632","CCL3",11.0778775841343
"patient3","ENSG00000185885","IFITM1",11.0756607013754
"patient3","ENSG00000116016","EPAS1",11.0524343779686
"patient3","ENSG00000184347","SLIT3",11.0502832451866
"patient3","ENSG00000167552","TUBA1A",11.0492056213744
"patient3","ENSG00000125740","FOSB",11.0416060665018
"patient3","ENSG00000162458","FBLIM1",11.0086196623129
"patient3","ENSG00000153179","RASSF3",10.9703888346846
"patient3","ENSG00000231389","HLA-DPA1",10.9622624832522
"patient3","ENSG00000188643","S100A16",10.9262339180026
"patient3","ENSG00000115461","IGFBP5",10.8964127909774
"patient3","ENSG00000166927","MS4A7",10.8874546396326
"patient3","ENSG00000135744","AGT",10.8512019925197
"patient3","ENSG00000159176","CSRP1",10.8506524589228
"patient3","ENSG00000102786","INTS6",10.8461813422222
"patient3","ENSG00000160888","IER2",10.8447616297954
"patient3","ENSG00000180304","OAZ2",10.8193468811301
"patient3","ENSG00000133639","BTG1",10.8057272504924
"patient3","ENSG00000186834","HEXIM1",10.7969407766832
"patient3","ENSG00000154556","SORBS2",10.7556303399894
"patient3","ENSG00000179344","HLA-DQB1",10.7553780585249
"patient3","ENSG00000136826","KLF4",10.7547405711599
"patient3","ENSG00000101160","CTSZ",10.7503959055139
"patient3","ENSG00000163520","FBLN2",10.738698757026
"patient3","ENSG00000135821","GLUL",10.7046254828133
"patient3","ENSG00000130176","CNN1",10.7027151092866
"patient3","ENSG00000178695","KCTD12",10.7016753393415
"patient3","ENSG00000101000","PROCR",10.6849502776083
"patient3","ENSG00000106483","SFRP4",10.6646401002312
"patient3","ENSG00000112699","GMDS",10.6453462734193
"patient3","ENSG00000172403","SYNPO2",10.627742521266
"patient3","ENSG00000137573","SULF1",10.6276842182889
"patient3","ENSG00000221869","CEBPD",10.5926842542258
"patient3","ENSG00000109846","CRYAB",10.5828851477825
"patient3","ENSG00000213145","CRIP1",10.577060666945
"patient3","ENSG00000000971","CFH",10.5715815980454
"patient3","ENSG00000223865","HLA-DPB1",10.5467413383175
"patient3","ENSG00000187134","AKR1C1",10.5102669881449
"patient3","ENSG00000106333","PCOLCE",10.4833116267002
"patient3","ENSG00000130402","ACTN4",10.4782107182325
"patient3","ENSG00000159189","C1QC",10.4686961309172
"patient3","ENSG00000176971","FIBIN",10.4653372642632
"patient3","ENSG00000164761","TNFRSF11B",10.4582627942049
"patient3","ENSG00000088832","FKBP1A",10.4522845374475
"patient3","ENSG00000105329","TGFB1",10.4477679986496
"patient3","ENSG00000211445","GPX3",10.4401818928016
"patient3","ENSG00000119655","NPC2",10.3960887851047
"patient3","ENSG00000111716","LDHB",10.3483988132108
"patient3","ENSG00000184060","ADAP2",10.3374586666782
"patient3","ENSG00000129422","MTUS1",10.3319730387473
"patient3","ENSG00000100219","XBP1",10.3266180722598
"patient3","ENSG00000177575","CD163",10.3212662905802
"patient3","ENSG00000023902","PLEKHO1",10.3186357418111
"patient3","ENSG00000275302","CCL4",10.3083505569803
"patient3","ENSG00000137962","ARHGAP29",10.206080780174
"patient3","ENSG00000197321","SVIL",10.2020737881728
"patient3","ENSG00000213639","PPP1CB",10.2007221158155
"patient3","ENSG00000028137","TNFRSF1B",10.157139292034
"patient3","ENSG00000141232","TOB1",10.1443861546037
"patient3","ENSG00000110077","MS4A6A",10.1306576346842
"patient3","ENSG00000196735","HLA-DQA1",10.1262238838525
"patient3","ENSG00000008517","IL32",10.1105510130087
"patient3","ENSG00000196139","AKR1C3",10.1093087737269
"patient3","ENSG00000185650","ZFP36L1",10.0991913906179
"patient3","ENSG00000269893","SNHG8",10.0970390895833
"patient3","ENSG00000131370","SH3BP5",10.0969186338671
"patient3","ENSG00000198542","ITGBL1",10.0963092949771
"patient3","ENSG00000103811","CTSH",10.0860056112737
"patient3","ENSG00000081041","CXCL2",10.0655236522118
"patient3","ENSG00000127920","GNG11",10.0406494193004
"patient3","ENSG00000153234","NR4A2",10.0373703638523
"patient3","ENSG00000157557","ETS2",10.0349035194744
"patient3","ENSG00000100345","MYH9",10.0311649522935
"patient3","ENSG00000169429","CXCL8",9.98012996154576
"patient3","ENSG00000110852","CLEC2B",9.96041819617165
"patient3","ENSG00000148700","ADD3",9.93414433114452
"patient3","ENSG00000104368","PLAT",9.92457135680201
"patient3","ENSG00000152518","ZFP36L2",9.89103802328529
"patient3","ENSG00000234745","HLA-B",9.88257746081613
"patient3","ENSG00000153317","ASAP1",9.88017507198009
"patient3","ENSG00000184557","SOCS3",9.87938932504762
"patient3","ENSG00000111275","ALDH2",9.86269206948102
"patient3","ENSG00000148671","ADIRF",9.85825830875457
"patient3","ENSG00000143549","TPM3",9.85458398280192
"patient3","ENSG00000164733","CTSB",9.8539977513914
"patient3","ENSG00000129226","CD68",9.84043779639466
"patient3","ENSG00000150687","PRSS23",9.8219268182175
"patient3","ENSG00000166033","HTRA1",9.82011629110579
"patient3","ENSG00000185624","P4HB",9.81889101620441
"patient3","ENSG00000130303","BST2",9.79806910780951
"patient3","ENSG00000188229","TUBB4B",9.7704250413652
"patient3","ENSG00000143819","EPHX1",9.75887783133924
"patient3","ENSG00000125148","MT2A",9.74750385972922
"patient3","ENSG00000142227","EMP3",9.74692369033681
"patient3","ENSG00000137710","RDX",9.73042717889245
"patient3","ENSG00000165168","CYBB",9.70781318344671
"patient3","ENSG00000051523","CYBA",9.70670036541361
"patient3","ENSG00000173706","HEG1",9.68804827195008
"patient3","ENSG00000170458","CD14",9.68616554235302
"patient3","ENSG00000090382","LYZ",9.67548305130509
"patient3","ENSG00000042493","CAPG",9.67536637547884
"patient3","ENSG00000112531","QKI",9.65822356937921
"patient3","ENSG00000168386","FILIP1L",9.65497172188881
"patient3","ENSG00000162511","LAPTM5",9.65331223243547
"patient3","ENSG00000089327","FXYD5",9.65317154760056
"patient3","ENSG00000111348","ARHGDIB",9.65063733480291
"patient3","ENSG00000204389","HSPA1A",9.6432294935344
"patient3","ENSG00000104870","FCGRT",9.63660983951254
"patient3","ENSG00000100097","LGALS1",9.629939899218
"patient3","ENSG00000142798","HSPG2",9.58129807308646
"patient3","ENSG00000058272","PPP1R12A",9.54347624786261
"patient3","ENSG00000085063","CD59",9.54103987189332
"patient3","ENSG00000170891","CYTL1",9.52215135416937
"patient3","ENSG00000038945","MSR1",9.51586144167241
"patient3","ENSG00000266964","FXYD1",9.48254995184809
"patient3","ENSG00000167779","IGFBP6",9.48015924573351
"patient3","ENSG00000099998","GGT5",9.4746051733404
"patient3","ENSG00000110079","MS4A4A",9.47410770132215
"patient3","ENSG00000115956","PLEK",9.46724163927021
"patient3","ENSG00000171862","PTEN",9.44850648215645
"patient3","ENSG00000160255","ITGB2",9.42742522738292
"patient3","ENSG00000182287","AP1S2",9.42586815079888
"patient3","ENSG00000134531","EMP1",9.41812441066456
"patient3","ENSG00000145675","PIK3R1",9.41772001444278
"patient3","ENSG00000168209","DDIT4",9.40005305497954
"patient3","ENSG00000158716","DUSP23",9.39905172351862
"patient3","ENSG00000163220","S100A9",9.39615734694352
"patient3","ENSG00000130592","LSP1",9.39061314897222
"patient3","ENSG00000178726","THBD",9.38154363549643
"patient3","ENSG00000118785","SPP1",9.37881416037113
"patient3","ENSG00000107281","NPDC1",9.37870429030045
"patient3","ENSG00000161638","ITGA5",9.35841149400153
"patient3","ENSG00000176046","NUPR1",9.34942695923362
"patient3","ENSG00000136167","LCP1",9.3352275063381
"patient3","ENSG00000128595","CALU",9.32972036043567
"patient3","ENSG00000240065","PSMB9",9.32958563305171
"patient3","ENSG00000141338","ABCA8",9.32775802995369
"patient3","ENSG00000116044","NFE2L2",9.3261611831176
"patient3","ENSG00000168938","PPIC",9.32140514270336
"patient3","ENSG00000137801","THBS1",9.32135667411275
"patient3","ENSG00000102007","PLP2",9.31432622726858
"patient3","ENSG00000064989","CALCRL",9.31404771938719
"patient3","ENSG00000101347","SAMHD1",9.30876925313318
"patient3","ENSG00000035862","TIMP2",9.29320324238266
"patient3","ENSG00000135919","SERPINE2",9.29093986516196
"patient3","ENSG00000143387","CTSK",9.28225476386668
"patient3","ENSG00000189409","MMP23B",9.27552359707833
"patient3","ENSG00000105835","NAMPT",9.26997820562677
"patient3","ENSG00000113721","PDGFRB",9.25177864829299
"patient3","ENSG00000152661","GJA1",9.25015264499297
"patient3","ENSG00000114541","FRMD4B",9.24677393301835
"patient3","ENSG00000162599","NFIA",9.24659154744346
"patient3","ENSG00000187193","MT1X",9.23940358703353
"patient3","ENSG00000112936","C7",9.23498674983878
"patient3","ENSG00000163453","IGFBP7",9.23249280179536
"patient3","ENSG00000260314","MRC1",9.20339808378355
"patient3","ENSG00000125347","IRF1",9.1800127453549
"patient3","ENSG00000111145","ELK3",9.1760740634905
"patient3","ENSG00000146674","IGFBP3",9.15656324220658
"patient3","ENSG00000187479","C11orf96",9.14268865969891
"patient3","ENSG00000129657","SEC14L1",9.13925031939003
"patient3","ENSG00000168542","COL3A1",9.13043451575842
"patient3","ENSG00000048740","CELF2",9.11767722396297
"patient3","ENSG00000173372","C1QA",9.11289430220162
"patient3","ENSG00000102804","TSC22D1",9.10044715683998
"patient3","ENSG00000196924","FLNA",9.09290540394572
"patient3","ENSG00000137331","IER3",9.08969170622763
"patient3","ENSG00000184905","TCEAL2",9.0472032580075
"patient3","ENSG00000154553","PDLIM3",9.03982721964389
"patient3","ENSG00000103187","COTL1",9.03738082751969
"patient3","ENSG00000122644","ARL4A",9.02458761864158
"patient3","ENSG00000119900","OGFRL1",9.00610851500625
"patient3","ENSG00000152818","UTRN",8.99550715391608
"patient3","ENSG00000154096","THY1",8.97567054237841
"patient3","ENSG00000166592","RRAD",8.95190227801638
"patient3","ENSG00000105974","CAV1",8.950988183144
"patient3","ENSG00000087074","PPP1R15A",8.9491878645242
"patient3","ENSG00000130429","ARPC1B",8.94680666559109
"patient3","ENSG00000100906","NFKBIA",8.94209716911817
"patient3","ENSG00000136732","GYPC",8.93870539769805
"patient3","ENSG00000137575","SDCBP",8.90831511834278
"patient3","ENSG00000125753","VASP",8.90478641809602
"patient3","ENSG00000025708","TYMP",8.89780681506637
"patient3","ENSG00000113657","DPYSL3",8.8881456833773
"patient3","ENSG00000155659","VSIG4",8.88531649775695
"patient3","ENSG00000104332","SFRP1",8.87518214077813
"patient3","ENSG00000130066","SAT1",8.87495851314836
"patient3","ENSG00000026508","CD44",8.86603831125128
"patient3","ENSG00000051108","HERPUD1",8.855082355893
"patient3","ENSG00000110092","CCND1",8.84354524838179
"patient3","ENSG00000204264","PSMB8",8.84261510286617
"patient3","ENSG00000067225","PKM",8.83895959950269
"patient3","ENSG00000233016","SNHG7",8.82755258314119
"patient3","ENSG00000197405","C5AR1",8.81854291882437
"patient3","ENSG00000133816","MICAL2",8.81191515531935
"patient3","ENSG00000121898","CPXM2",8.79535575913986
"patient3","ENSG00000277443","MARCKS",8.76096804443774
"patient3","ENSG00000107551","RASSF4",8.7605962838231
"patient3","ENSG00000106066","CPVL",8.74932776795312
"patient3","ENSG00000131711","MAP1B",8.73492115235656
"patient3","ENSG00000204103","MAFB",8.73071933682372
"patient3","ENSG00000182578","CSF1R",8.73062234298184
"patient3","ENSG00000173369","C1QB",8.70742288397915
"patient3","ENSG00000123104","ITPR2",8.69658630490128
"patient3","ENSG00000005022","SLC25A5",8.69616177364934
"patient3","ENSG00000166741","NNMT",8.67902154824968
"patient3","ENSG00000085871","MGST2",8.67623401303093
"patient3","ENSG00000104894","CD37",8.64298607669038
"patient3","ENSG00000138061","CYP1B1",8.63388127972362
"patient3","ENSG00000107438","PDLIM1",8.63135074267083
"patient3","ENSG00000162924","REL",8.59567971044518
"patient3","ENSG00000087245","MMP2",8.58987268429259
"patient3","ENSG00000099204","ABLIM1",8.58563422587502
"patient3","ENSG00000150540","HNMT",8.56209874866102
"patient3","ENSG00000005020","SKAP2",8.53838417657877
"patient3","ENSG00000169504","CLIC4",8.5272617814159
"patient3","ENSG00000134871","COL4A2",8.52714614666057
"patient3","ENSG00000163563","MNDA",8.52394724123298
"patient3","ENSG00000153071","DAB2",8.49881273770593
"patient3","ENSG00000065911","MTHFD2",8.46026224570011
"patient3","ENSG00000165457","FOLR2",8.45867287658618
"patient3","ENSG00000162496","DHRS3",8.45339661592686
"patient3","ENSG00000166347","CYB5A",8.4459591909137
"patient3","ENSG00000070081","NUCB2",8.42195854763979
"patient3","ENSG00000163017","ACTG2",8.40784020969347
"patient3","ENSG00000100979","PLTP",8.39709574852079
"patient3","ENSG00000156113","KCNMA1",8.39505752214068
"patient3","ENSG00000128739","SNRPN",8.39421466979237
"patient3","ENSG00000214063","TSPAN4",8.39207602783092
"patient3","ENSG00000081237","PTPRC",8.38842777335426
"patient3","ENSG00000104419","NDRG1",8.38694206859383
"patient3","ENSG00000166398","GARRE1",8.36946226593924
"patient3","ENSG00000150347","ARID5B",8.35975977860609
"patient3","ENSG00000203747","FCGR3A",8.35849180577428
"patient3","ENSG00000145390","USP53",8.35720759724917
"patient3","ENSG00000006016","CRLF1",8.35402344466354
"patient3","ENSG00000173641","HSPB7",8.35339535185119
"patient3","ENSG00000116741","RGS2",8.34951662060901
"patient3","ENSG00000108821","COL1A1",8.34339936647076
"patient3","ENSG00000204217","BMPR2",8.33457555396262
"patient3","ENSG00000067113","PLPP1",8.33301234032129
"patient3","ENSG00000178573","MAF",8.32818026598773
"patient3","ENSG00000114115","RBP1",8.32796653374296
"patient3","ENSG00000050165","DKK3",8.31325074899151
"patient3","ENSG00000081189","MEF2C",8.28595992916574
"patient3","ENSG00000042753","AP2S1",8.2650540814149
"patient3","ENSG00000162576","MXRA8",8.26137491971362
"patient3","ENSG00000114315","HES1",8.23694874849391
"patient3","ENSG00000128016","ZFP36",8.22816796516576
"patient3","ENSG00000129757","CDKN1C",8.22189342877475
"patient3","ENSG00000133872","SARAF",8.2192944990738
"patient3","ENSG00000118503","TNFAIP3",8.21547858582957
"patient3","ENSG00000164125","GASK1B",8.2048567825117
"patient3","ENSG00000260916","CCPG1",8.19024183426843
"patient3","ENSG00000133800","LYVE1",8.18659527656022
"patient3","ENSG00000151632","AKR1C2",8.18382772195383
"patient3","ENSG00000162998","FRZB",8.17872949999053
"patient3","ENSG00000174307","PHLDA3",8.17089755493153
"patient3","ENSG00000169398","PTK2",8.15155794610854
"patient3","ENSG00000106538","RARRES2",8.14568751192632
"patient3","ENSG00000143119","CD53",8.1452547198907
"patient3","ENSG00000126261","UBA2",8.13662420878068
"patient3","ENSG00000197894","ADH5",8.12606003468995
"patient3","ENSG00000150593","PDCD4",8.12603229140083
"patient3","ENSG00000198431","TXNRD1",8.12115622001178
"patient3","ENSG00000160213","CSTB",8.11703593568352
"patient3","ENSG00000196628","TCF4",8.10958161933263
"patient3","ENSG00000115594","IL1R1",8.09423978239406
"patient3","ENSG00000172301","COPRS",8.09213667063607
"patient3","ENSG00000054654","SYNE2",8.08985383166056
"patient3","ENSG00000269821","KCNQ1OT1",8.08698010400657
"patient3","ENSG00000108691","CCL2",8.08346180718905
"patient3","ENSG00000010327","STAB1",8.05536987962653
"patient3","ENSG00000181104","F2R",8.04892632770949
"patient3","ENSG00000071967","CYBRD1",8.01182298901419
"patient3","ENSG00000084070","SMAP2",8.00377051126267
"patient3","ENSG00000165092","ALDH1A1",7.99858573611987
"patient3","ENSG00000137161","CNPY3",7.99342625135734
"patient3","ENSG00000177105","RHOG",7.98608473659689
"patient3","ENSG00000173918","C1QTNF1",7.97782051103419
"patient3","ENSG00000108823","SGCA",7.95878845541387
"patient3","ENSG00000143013","LMO4",7.95705971194146
"patient3","ENSG00000112149","CD83",7.95097187525628
"patient3","ENSG00000213853","EMP2",7.94860239509875
"patient3","ENSG00000116774","OLFML3",7.94205715770456
"patient3","ENSG00000004799","PDK4",7.93650710873438
"patient3","ENSG00000162614","NEXN",7.93202981183854
"patient3","ENSG00000101384","JAG1",7.91050240507445
"patient3","ENSG00000146376","ARHGAP18",7.91045874219299
"patient3","ENSG00000163431","LMOD1",7.90944662757578
"patient3","ENSG00000117984","CTSD",7.89512226505483
"patient3","ENSG00000117410","ATP6V0B",7.89470902348076
"patient3","ENSG00000131669","NINJ1",7.89036122193738
"patient3","ENSG00000107738","VSIR",7.88604120502259
"patient3","ENSG00000151729","SLC25A4",7.88556337369608
"patient3","ENSG00000030582","GRN",7.88503172562846
"patient3","ENSG00000163565","IFI16",7.87874172571753
"patient3","ENSG00000092010","PSME1",7.87739277703534
"patient3","ENSG00000154589","LY96",7.86450851614496
"patient3","ENSG00000113269","RNF130",7.86243198126506
"patient3","ENSG00000109472","CPE",7.86061133639907
"patient3","ENSG00000172935","MRGPRF",7.85788267952403
"patient3","ENSG00000241685","ARPC1A",7.85586250853597
"patient3","ENSG00000143162","CREG1",7.85483743119292
"patient3","ENSG00000132002","DNAJB1",7.84947737511527
"patient3","ENSG00000141905","NFIC",7.84778449782536
"patient3","ENSG00000115306","SPTBN1",7.83822916400643
"patient3","ENSG00000183722","LHFPL6",7.82231523620377
"patient3","ENSG00000066336","SPI1",7.8179806457065
"patient3","ENSG00000173705","SUSD5",7.81522438601696
"patient3","ENSG00000148175","STOM",7.81412336128505
"patient3","ENSG00000129824","RPS4Y1",7.81212766025824
"patient3","ENSG00000154734","ADAMTS1",7.80587207581413
"patient3","ENSG00000090013","BLVRB",7.77418823107534
"patient3","ENSG00000128228","SDF2L1",7.77247810298243
"patient3","ENSG00000116717","GADD45A",7.76830898197351
"patient3","ENSG00000198848","CES1",7.7603376568411
"patient3","ENSG00000166333","ILK",7.75907065775556
"patient3","ENSG00000213626","LBH",7.74757692871484
"patient3","ENSG00000131236","CAP1",7.74747293846618
"patient3","ENSG00000169715","MT1E",7.73346703560784
"patient3","ENSG00000118515","SGK1",7.72118710552873
"patient3","ENSG00000050405","LIMA1",7.70212254496704
"patient3","ENSG00000169439","SDC2",7.66172749435167
"patient3","ENSG00000187608","ISG15",7.64015426762847
"patient3","ENSG00000135269","TES",7.63641836960181
"patient3","ENSG00000142192","APP",7.63430213145947
"patient3","ENSG00000183255","PTTG1IP",7.61534654959148
"patient3","ENSG00000117519","CNN3",7.61159163645276
"patient3","ENSG00000168899","VAMP5",7.59961020310672
"patient3","ENSG00000162434","JAK1",7.58430240897252
"patient3","ENSG00000145632","PLK2",7.57497767426871
"patient3","ENSG00000125844","RRBP1",7.57476655982696
"patient3","ENSG00000155090","KLF10",7.54392726597786
"patient3","ENSG00000163359","COL6A3",7.54285451156942
"patient3","ENSG00000129128","SPCS3",7.53900254771656
"patient3","ENSG00000086061","DNAJA1",7.53734737075303
"patient3","ENSG00000140931","CMTM3",7.52358654313154
"patient3","ENSG00000241343","RPL36A",7.5144467843614
"patient3","ENSG00000144802","NFKBIZ",7.50878897485624
"patient3","ENSG00000185432","TMT1A",7.4894144979561
"patient3","ENSG00000101955","SRPX",7.48195648524882
"patient3","ENSG00000161960","EIF4A1",7.46846260949527
"patient3","ENSG00000139679","LPAR6",7.46536327418766
"patient3","ENSG00000134107","BHLHE40",7.44758087890405
"patient3","ENSG00000175183","CSRP2",7.44713821999254
"patient3","ENSG00000181222","POLR2A",7.42820419824768
"patient3","ENSG00000115641","FHL2",7.42119566561928
"patient3","ENSG00000022267","FHL1",7.41378020931153
"patient3","ENSG00000142552","RCN3",7.4113605482144
"patient3","ENSG00000163660","CCNL1",7.40099387493389
"patient3","ENSG00000249669","ENSG00000249669",7.3985888298272
"patient3","ENSG00000130755","GMFG",7.392599225
"patient3","ENSG00000168003","SLC3A2",7.38627947438775
"patient3","ENSG00000196569","LAMA2",7.3784519054802
"patient3","ENSG00000131724","IL13RA1",7.37774117490866
"patient3","ENSG00000235162","C12orf75",7.36245194269951
"patient3","ENSG00000171860","C3AR1",7.35182923227464
"patient3","ENSG00000176845","METRNL",7.34723131130718
"patient3","ENSG00000112562","SMOC2",7.31717253899622
"patient3","ENSG00000197448","GSTK1",7.31401362373714
"patient3","ENSG00000100644","HIF1A",7.31126178457269
"patient3","ENSG00000111678","C12orf57",7.30362025836401
"patient3","ENSG00000197061","H4C3",7.28835670970019
"patient3","ENSG00000166165","CKB",7.28179454252851
"patient3","ENSG00000130522","JUND",7.26754696526153
"patient3","ENSG00000126264","HCST",7.26555333425166
"patient3","ENSG00000074842","MYDGF",7.26332794440574
"patient3","ENSG00000004776","HSPB6",7.24767109929279
"patient3","ENSG00000169413","RNASE6",7.24570840915971
"patient3","ENSG00000112308","C6orf62",7.24411953750939
"patient3","ENSG00000047457","CP",7.24149267193645
"patient3","ENSG00000176658","MYO1D",7.23103972893721
"patient3","ENSG00000006327","TNFRSF12A",7.21886806562547
"patient3","ENSG00000114850","SSR3",7.21795472156709
"patient3","ENSG00000136235","GPNMB",7.21579058703644
"patient3","ENSG00000173486","FKBP2",7.19826991609712
"patient3","ENSG00000204257","HLA-DMA",7.19099019461983
"patient3","ENSG00000139278","GLIPR1",7.18706065689204
"patient3","ENSG00000147872","PLIN2",7.18647388645124
"patient3","ENSG00000164116","GUCY1A1",7.17258400821967
"patient3","ENSG00000109861","CTSC",7.16689385052296
"patient3","ENSG00000004399","PLXND1",7.15133809536992
"patient3","ENSG00000204642","HLA-F",7.14320938353139
"patient3","ENSG00000134243","SORT1",7.12302921585804
"patient3","ENSG00000204388","HSPA1B",7.11644266142186
"patient3","ENSG00000136603","SKIL",7.1117761104138
"patient3","ENSG00000102802","MEDAG",7.11115671682315
"patient3","ENSG00000163110","PDLIM5",7.11106470283086
"patient3","ENSG00000133789","SWAP70",7.11030159718351
"patient3","ENSG00000163956","LRPAP1",7.10982213411521
"patient3","ENSG00000163171","CDC42EP3",7.10303187938656
"patient3","ENSG00000065809","FAM107B",7.09001969271355
"patient3","ENSG00000196352","CD55",7.08976582320066
"patient3","ENSG00000109787","KLF3",7.08971031825733
"patient3","ENSG00000275395","FCGBP",7.0699424229998
"patient3","ENSG00000137033","IL33",7.06799186318239
"patient3","ENSG00000229807","XIST",7.06612913646841
"patient3","ENSG00000143545","RAB13",7.06282532049527
"patient3","ENSG00000116473","RAP1A",7.06149976515793
"patient3","ENSG00000204256","BRD2",7.0476802537616
"patient3","ENSG00000173221","GLRX",7.04361414017144
"patient3","ENSG00000168461","RAB31",7.03315907322422
"patient3","ENSG00000182809","CRIP2",7.03016498902749
"patient3","ENSG00000085662","AKR1B1",7.01302375677096
"patient3","ENSG00000185630","PBX1",7.00197361882552
"patient3","ENSG00000142156","COL6A1",6.99975954495156
"patient3","ENSG00000198832","SELENOM",6.98342298993662
"patient3","ENSG00000072952","IRAG1",6.97814618725196
"patient3","ENSG00000166340","TPP1",6.97139201433738
"patient3","ENSG00000196507","TCEAL3",6.96977325537069
"patient3","ENSG00000182551","ADI1",6.96546344124515
"patient3","ENSG00000102144","PGK1",6.95820403160363
"patient3","ENSG00000196923","PDLIM7",6.95248640533258
"patient3","ENSG00000103769","RAB11A",6.95071950980376
"patient3","ENSG00000100911","PSME2",6.94839447514139
"patient3","ENSG00000100600","LGMN",6.93884611840087
"patient3","ENSG00000172531","PPP1CA",6.93727342144963
"patient3","ENSG00000164741","DLC1",6.91429370403521
"patient3","ENSG00000143878","RHOB",6.89887920348331
"patient3","ENSG00000172465","TCEAL1",6.89841438656052
"patient3","ENSG00000096060","FKBP5",6.89674694964527
"patient3","ENSG00000147862","NFIB",6.8966131497897
"patient3","ENSG00000187498","COL4A1",6.89404096540268
"patient3","ENSG00000021355","SERPINB1",6.89191912787133
"patient3","ENSG00000161921","CXCL16",6.88940439801049
"patient3","ENSG00000143110","C1orf162",6.88335520667367
"patient3","ENSG00000113594","LIFR",6.87863288675963
"patient3","ENSG00000079308","TNS1",6.87628870683678
"patient3","ENSG00000168994","PXDC1",6.86859071214108
"patient3","ENSG00000115468","EFHD1",6.86569763229499
"patient3","ENSG00000148908","RGS10",6.86231382766034
"patient3","ENSG00000153048","CARHSP1",6.85844317013937
"patient3","ENSG00000119922","IFIT2",6.85702080070158
"patient3","ENSG00000173848","NET1",6.82108026530851
"patient3","ENSG00000188313","PLSCR1",6.81638217756923
"patient3","ENSG00000115091","ACTR3",6.81290572923796
"patient3","ENSG00000026297","RNASET2",6.81171059599215
"patient3","ENSG00000136240","KDELR2",6.80004225686918
"patient3","ENSG00000061676","NCKAP1",6.79503765077565
"patient3","ENSG00000132780","NASP",6.79483895765925
"patient3","ENSG00000169604","ANTXR1",6.79375435330172
"patient3","ENSG00000134352","IL6ST",6.78852487526765
"patient3","ENSG00000184840","TMED9",6.78778705833495
"patient3","ENSG00000171867","PRNP",6.77802296501008
"patient3","ENSG00000138080","EMILIN1",6.7745790555585
"patient3","ENSG00000131471","AOC3",6.76626488403912
"patient3","ENSG00000163131","CTSS",6.76567611876664
"patient3","ENSG00000172348","RCAN2",6.75278848079944
"patient3","ENSG00000123416","TUBA1B",6.75141667929274
"patient3","ENSG00000082781","ITGB5",6.74262304400027
"patient3","ENSG00000069702","TGFBR3",6.73903059929817
"patient3","ENSG00000011422","PLAUR",6.72372158537389
"patient3","ENSG00000177697","CD151",6.7072299470973
"patient3","ENSG00000002549","LAP3",6.69798670339274
"patient3","ENSG00000005893","LAMP2",6.68452987091345
"patient3","ENSG00000111817","DSE",6.68169259561572
"patient3","ENSG00000110955","ATP5F1B",6.67083683177144
"patient3","ENSG00000163513","TGFBR2",6.66760017450494
"patient3","ENSG00000106819","ASPN",6.65651029764405
"patient3","ENSG00000134202","GSTM3",6.6563507295757
"patient3","ENSG00000170759","KIF5B",6.65547550337785
"patient3","ENSG00000121691","CAT",6.65271096778129
"patient3","ENSG00000177885","GRB2",6.64477728838407
"patient3","ENSG00000163584","RPL22L1",6.64225410079796
"patient3","ENSG00000137876","RSL24D1",6.63869052921636
"patient3","ENSG00000189067","LITAF",6.61867050249982
"patient3","ENSG00000118640","VAMP8",6.59815947369145
"patient3","ENSG00000138071","ACTR2",6.59026359484547
"patient3","ENSG00000106366","SERPINE1",6.5805437373264
"patient3","ENSG00000177674","AGTRAP",6.57753220461139
"patient3","ENSG00000124766","SOX4",6.56147030155109
"patient3","ENSG00000156804","FBXO32",6.54917716291881
"patient3","ENSG00000122884","P4HA1",6.54494949540266
"patient3","ENSG00000168214","RBPJ",6.5329169936045
"patient3","ENSG00000115738","ID2",6.52670367277125
"patient3","ENSG00000205364","MT1M",6.51755560548075
"patient3","ENSG00000131446","MGAT1",6.50745463324045
"patient3","ENSG00000116194","ANGPTL1",6.4952552965997
"patient3","ENSG00000164713","BRI3",6.49149457066458
"patient3","ENSG00000222041","CYTOR",6.48662335647204
"patient3","ENSG00000150337","FCGR1A",6.48284720769898
"patient3","ENSG00000170540","ARL6IP1",6.47961803202898
"patient3","ENSG00000181722","ZBTB20",6.46997246450133
"patient3","ENSG00000114861","FOXP1",6.46562638800913
"patient3","ENSG00000197965","MPZL1",6.46375133006075
"patient3","ENSG00000133142","TCEAL4",6.45658453312848
"patient3","ENSG00000113811","SELENOK",6.45352480076618
"patient3","ENSG00000118705","RPN2",6.44385320872412
"patient3","ENSG00000115977","AAK1",6.43652407722531
"patient3","ENSG00000167601","AXL",6.43506104632828
"patient3","ENSG00000123096","SSPN",6.4325202306878
"patient3","ENSG00000240972","MIF",6.41888625686587
"patient3","ENSG00000120896","SORBS3",6.41413354680451
"patient3","ENSG00000243927","MRPS6",6.40831365877156
"patient3","ENSG00000164442","CITED2",6.39369246162149
"patient3","ENSG00000129515","SNX6",6.3810538161159
"patient3","ENSG00000118508","RAB32",6.37682394795839
"patient3","ENSG00000160932","LY6E",6.37215058626858
"patient3","ENSG00000128245","YWHAH",6.37154164189646
"patient3","ENSG00000154188","ANGPT1",6.36573090966483
"patient3","ENSG00000079819","EPB41L2",6.36417858547888
"patient3","ENSG00000151914","DST",6.35039698349605
"patient3","ENSG00000143384","MCL1",6.3417495659198
"patient3","ENSG00000211455","STK38L",6.33556648880193
"patient3","ENSG00000172201","ID4",6.33216671003809
"patient3","ENSG00000068912","ERLEC1",6.32123220680503
"patient3","ENSG00000158747","NBL1",6.3194247837187
"patient3","ENSG00000163681","SLMAP",6.31403679181091
"patient3","ENSG00000174718","RESF1",6.31052652991566
"patient3","ENSG00000092964","DPYSL2",6.29747199038903
"patient3","ENSG00000164105","SAP30",6.29206025956901
"patient3","ENSG00000138814","PPP3CA",6.28263784628607
"patient3","ENSG00000204569","PPP1R10",6.27129838490087
"patient3","ENSG00000155368","DBI",6.26651761785574
"patient3","ENSG00000196230","TUBB",6.25503473729422
"patient3","ENSG00000150938","CRIM1",6.25087828819077
"patient3","ENSG00000175602","CCDC85B",6.24898170017508
"patient3","ENSG00000171055","FEZ2",6.2481184178026
"patient3","ENSG00000027697","IFNGR1",6.24398369768657
"patient3","ENSG00000049540","ELN",6.22762901663131
"patient3","ENSG00000047849","MAP4",6.2227193708236
"patient3","ENSG00000137509","PRCP",6.22259729167073
"patient3","ENSG00000105223","PLD3",6.22167370690609
"patient3","ENSG00000166147","FBN1",6.19632643634832
"patient3","ENSG00000169738","DCXR",6.18875755664464
"patient3","ENSG00000112514","CUTA",6.17833854395086
"patient3","ENSG00000198898","CAPZA2",6.17236372288002
"patient3","ENSG00000159884","CCDC107",6.16775587926792
"patient3","ENSG00000143870","PDIA6",6.13253143015236
"patient3","ENSG00000163430","FSTL1",6.13015100736823
"patient3","ENSG00000129116","PALLD",6.11982670250162
"patient3","ENSG00000106772","PRUNE2",6.10546324718874
"patient3","ENSG00000117906","RCN2",6.09474888646024
"patient3","ENSG00000164932","CTHRC1",6.09119359961378
"patient3","ENSG00000134294","SLC38A2",6.06121730153568
"patient3","ENSG00000122694","GLIPR2",6.03926576464872
"patient3","ENSG00000095794","CREM",6.03840345649974
"patient3","ENSG00000120738","EGR1",6.03359520364446
"patient3","ENSG00000126457","PRMT1",6.03210170937763
"patient3","ENSG00000171659","GPR34",6.03107515376274
"patient3","ENSG00000107798","LIPA",6.02953725892553
"patient3","ENSG00000114857","NKTR",6.02005483452565
"patient3","ENSG00000120129","DUSP1",6.01827910606673
"patient3","ENSG00000156052","GNAQ",6.01349358063296
"patient3","ENSG00000049860","HEXB",6.00450336560173
"patient3","ENSG00000115875","SRSF7",5.99759361626563
"patient3","ENSG00000173193","PARP14",5.9973767899394
"patient3","ENSG00000164032","H2AZ1",5.99342476356512
"patient3","ENSG00000167470","MIDN",5.98161640078204
"patient3","ENSG00000086062","B4GALT1",5.97641613762461
"patient3","ENSG00000123636","BAZ2B",5.9759042692742
"patient3","ENSG00000163683","SMIM14",5.95763080725138
"patient3","ENSG00000119950","MXI1",5.95686573813859
"patient3","ENSG00000108639","SYNGR2",5.94100686596924
"patient3","ENSG00000163346","PBXIP1",5.93840582116587
"patient3","ENSG00000138449","SLC40A1",5.91892129699226
"patient3","ENSG00000138758","SEPTIN11",5.91800997861409
"patient3","ENSG00000105373","NOP53",5.91325480669405
"patient3","ENSG00000134291","TMEM106C",5.908715929793
"patient3","ENSG00000187231","SESTD1",5.90042350979252
"patient3","ENSG00000159128","IFNGR2",5.89451997240629
"patient3","ENSG00000169641","LUZP1",5.87977084301488
"patient3","ENSG00000151789","ZNF385D",5.87533367283823
"patient3","ENSG00000135842","NIBAN1",5.87247546439038
"patient3","ENSG00000113140","SPARC",5.87073656146364
"patient3","ENSG00000147027","TMEM47",5.87052775824902
"patient3","ENSG00000122642","FKBP9",5.86827260726082
"patient3","ENSG00000141756","FKBP10",5.85106271594852
"patient3","ENSG00000044574","HSPA5",5.84626151030116
"patient3","ENSG00000126524","SBDS",5.82982741843064
"patient3","ENSG00000101856","PGRMC1",5.81538629100196
"patient3","ENSG00000217555","CKLF",5.81535843987064
"patient3","ENSG00000198189","HSD17B11",5.81476211682139
"patient3","ENSG00000198168","SVIP",5.81244918646843
"patient3","ENSG00000205544","TMEM256",5.8086751599766
"patient3","ENSG00000164056","SPRY1",5.80852637388516
"patient3","ENSG00000145936","KCNMB1",5.80830811407605
"patient3","ENSG00000172115","CYCS",5.79972419885054
"patient3","ENSG00000170348","TMED10",5.79736418392484
"patient3","ENSG00000140497","SCAMP2",5.79660973680057
"patient3","ENSG00000185215","TNFAIP2",5.78461285734095
"patient3","ENSG00000163399","ATP1A1",5.78049794313235
"patient3","ENSG00000147065","MSN",5.77124666705611
"patient3","ENSG00000145730","PAM",5.76688684460465
"patient3","ENSG00000137831","UACA",5.76313464181915
"patient3","ENSG00000131238","PPT1",5.75427511180954
"patient3","ENSG00000138735","PDE5A",5.7541244525438
"patient3","ENSG00000008441","NFIX",5.75367841864
"patient3","ENSG00000182240","BACE2",5.75015813999945
"patient3","ENSG00000168477","TNXB",5.74688883977097
"patient3","ENSG00000116489","CAPZA1",5.74685128629909
"patient3","ENSG00000204262","COL5A2",5.74426283775661
"patient3","ENSG00000141367","CLTC",5.73371882476194
"patient3","ENSG00000141543","EIF4A3",5.72353871094269
"patient3","ENSG00000165507","DEPP1",5.72320089280052
"patient3","ENSG00000090006","LTBP4",5.70881624678946
"patient3","ENSG00000134996","OSTF1",5.70726845240492
"patient3","ENSG00000164176","EDIL3",5.70028933461239
"patient3","ENSG00000168036","CTNNB1",5.69341311996322
"patient3","ENSG00000185532","PRKG1",5.6912372312197
"patient3","ENSG00000137491","SLCO2B1",5.69080656394128
"patient3","ENSG00000139687","RB1",5.68824754685275
"patient3","ENSG00000112773","TENT5A",5.6857917980595
"patient3","ENSG00000174080","CTSF",5.68495997573215
"patient3","ENSG00000120690","ELF1",5.6780409345646
"patient3","ENSG00000147454","SLC25A37",5.6751531699215
"patient3","ENSG00000163931","TKT",5.66494339406671
"patient3","ENSG00000149084","HSD17B12",5.66433174687148
"patient3","ENSG00000109906","ZBTB16",5.66133146039134
"patient3","ENSG00000082996","RNF13",5.65425421633568
"patient3","ENSG00000118292","C1orf54",5.65295390612881
"patient3","ENSG00000164104","HMGB2",5.62939268645342
"patient3","ENSG00000184584","STING1",5.61389440048929
"patient3","ENSG00000137941","TTLL7",5.61098434820956
"patient3","ENSG00000110841","PPFIBP1",5.6061146831552
"patient3","ENSG00000124225","PMEPA1",5.60507890870863
"patient3","ENSG00000102172","SMS",5.59324994263687
"patient3","ENSG00000168056","LTBP3",5.59190011716405
"patient3","ENSG00000162407","PLPP3",5.59152695225499
"patient3","ENSG00000126458","RRAS",5.58694407411028
"patient3","ENSG00000155660","PDIA4",5.58509354807746
"patient3","ENSG00000011638","LDAF1",5.57290606592166
"patient3","ENSG00000101460","MAP1LC3A",5.56989646892701
"patient3","ENSG00000134308","YWHAQ",5.56831583790092
"patient3","ENSG00000213614","HEXA",5.56038408049167
"patient3","ENSG00000173457","PPP1R14B",5.56032937384124
"patient3","ENSG00000103490","PYCARD",5.55873115610059
"patient3","ENSG00000182208","MOB2",5.55357784688939
"patient3","ENSG00000105971","CAV2",5.54925739160376
"patient3","ENSG00000197712","FAM114A1",5.54818027095823
"patient3","ENSG00000152291","TGOLN2",5.54755928047871
"patient3","ENSG00000215301","DDX3X",5.54348477273994
"patient3","ENSG00000105202","FBL",5.542715973639
"patient3","ENSG00000107372","ZFAND5",5.54157049412439
"patient3","ENSG00000213722","DDAH2",5.53944437135576
"patient3","ENSG00000120837","NFYB",5.53412129782548
"patient3","ENSG00000168140","VASN",5.52658732098591
"patient3","ENSG00000117318","ID3",5.52394705725716
"patient3","ENSG00000141480","ARRB2",5.51856159016979
"patient3","ENSG00000049449","RCN1",5.5108832699931
"patient3","ENSG00000108774","RAB5C",5.50907913323126
"patient3","ENSG00000138594","TMOD3",5.50557495245061
"patient3","ENSG00000120306","CYSTM1",5.49336422578387
"patient3","ENSG00000164949","GEM",5.49251152513139
"patient3","ENSG00000177469","CAVIN1",5.48277797151238
"patient3","ENSG00000148516","ZEB1",5.48133297104652
"patient3","ENSG00000124357","NAGK",5.47708326518979
"patient3","ENSG00000071127","WDR1",5.47570996620817
"patient3","ENSG00000175197","DDIT3",5.47510130673905
"patient3","ENSG00000132507","EIF5A",5.47366570520101
"patient3","ENSG00000018408","WWTR1",5.47311362420831
"patient3","ENSG00000149257","SERPINH1",5.45618714872945
"patient3","ENSG00000189221","MAOA",5.45610859925169
"patient3","ENSG00000185896","LAMP1",5.44813043617719
"patient3","ENSG00000095637","SORBS1",5.44616455930277
"patient3","ENSG00000071205","ARHGAP10",5.44068158246212
"patient3","ENSG00000239672","NME1",5.43985867972312
"patient3","ENSG00000013441","CLK1",5.43554251970886
"patient3","ENSG00000103145","HCFC1R1",5.43009361557567
"patient3","ENSG00000168374","ARF4",5.42675799842399
"patient3","ENSG00000122176","FMOD",5.42600146708861
"patient3","ENSG00000165410","CFL2",5.4252731319474
"patient3","ENSG00000171992","SYNPO",5.42048604985273
"patient3","ENSG00000118523","CCN2",5.41983284125864
"patient3","ENSG00000198399","ITSN2",5.41707534592148
"patient3","ENSG00000099797","TECR",5.41554487096904
"patient3","ENSG00000213949","ITGA1",5.40975848652847
"patient3","ENSG00000117691","NENF",5.40471736539423
"patient3","ENSG00000115355","CCDC88A",5.39890923268488
"patient3","ENSG00000146066","HIGD2A",5.3971498103092
"patient3","ENSG00000242574","HLA-DMB",5.39707130491013
"patient3","ENSG00000157110","RBPMS",5.38769477873007
"patient3","ENSG00000118482","PHF3",5.38634745622014
"patient3","ENSG00000182195","LDOC1",5.38133360555963
"patient3","ENSG00000265681","RPL17",5.37032135269464
"patient3","ENSG00000060237","WNK1",5.36781446543419
"patient3","ENSG00000183741","CBX6",5.36349642919638
"patient3","ENSG00000104823","ECH1",5.35917617015257
"patient3","ENSG00000100242","SUN2",5.352900229875
"patient3","ENSG00000119729","RHOQ",5.34758382726397
"patient3","ENSG00000173267","SNCG",5.34157000854895
"patient3","ENSG00000140836","ZFHX3",5.33977733463849
"patient3","ENSG00000205352","PRR13",5.33911712779882
"patient3","ENSG00000179820","MYADM",5.33640362715996
"patient3","ENSG00000180353","HCLS1",5.33526451227206
"patient3","ENSG00000114446","IFT57",5.31541217273414
"patient3","ENSG00000009413","REV3L",5.31106351903384
"patient3","ENSG00000080822","CLDND1",5.30684529304199
"patient3","ENSG00000189266","PNRC2",5.30539476013251
"patient3","ENSG00000165655","ZNF503",5.30508799066501
"patient3","ENSG00000123562","MORF4L2",5.30398851769237
"patient3","ENSG00000093010","COMT",5.30178927999622
"patient3","ENSG00000124831","LRRFIP1",5.29863130045374
"patient3","ENSG00000139112","GABARAPL1",5.29412042506713
"patient3","ENSG00000065135","GNAI3",5.2568388512123
"patient3","ENSG00000168615","ADAM9",5.24649241222243
"patient3","ENSG00000165527","ARF6",5.24571011337951
"patient3","ENSG00000197256","KANK2",5.24278883779893
"patient3","ENSG00000113658","SMAD5",5.24052273261484
"patient3","ENSG00000102409","BEX4",5.23337042654476
"patient3","ENSG00000111885","MAN1A1",5.2299329625688
"patient3","ENSG00000067900","ROCK1",5.22563721492272
"patient3","ENSG00000067182","TNFRSF1A",5.22135303906271
"patient3","ENSG00000160789","LMNA",5.21381777093267
"patient3","ENSG00000154380","ENAH",5.20757699533651
"patient3","ENSG00000091436","MAP3K20",5.20034565411
"patient3","ENSG00000198947","DMD",5.19814656023431
"patient3","ENSG00000003402","CFLAR",5.19516220889195
"patient3","ENSG00000198856","OSTC",5.19444755690732
"patient3","ENSG00000123240","OPTN",5.18989513379144
"patient3","ENSG00000224032","ENSG00000224032",5.18795963909518
"patient3","ENSG00000167553","TUBA1C",5.18763557692083
"patient3","ENSG00000104047","DTWD1",5.18627410591238
"patient3","ENSG00000172037","LAMB2",5.18605775316494
"patient3","ENSG00000072163","LIMS2",5.18444329044319
"patient3","ENSG00000054598","FOXC1",5.18433605356646
"patient3","ENSG00000120963","ZNF706",5.17777752375554
"patient3","ENSG00000120742","SERP1",5.17521271620101
"patient3","ENSG00000241399","CD302",5.1719034524965
"patient3","ENSG00000077157","PPP1R12B",5.16781127408555
"patient3","ENSG00000067167","TRAM1",5.16416678693906
"patient3","ENSG00000166681","BEX3",5.16010208374924
"patient3","ENSG00000100612","DHRS7",5.15464707519347
"patient3","ENSG00000160551","TAOK1",5.1538856196843
"patient3","ENSG00000266412","NCOA4",5.14370813494846
"patient3","ENSG00000116285","ERRFI1",5.1429073009756
"patient3","ENSG00000108679","LGALS3BP",5.14130020797534
"patient3","ENSG00000102580","DNAJC3",5.14047800877591
"patient3","ENSG00000141447","OSBPL1A",5.13540127551132
"patient3","ENSG00000140682","TGFB1I1",5.1313211227714
"patient3","ENSG00000173598","NUDT4",5.12734889147646
"patient3","ENSG00000170876","TMEM43",5.12481533690261
"patient3","ENSG00000067082","KLF6",5.12317669080723
"patient3","ENSG00000140575","IQGAP1",5.12293941241002
"patient3","ENSG00000205302","SNX2",5.11724410716949
"patient3","ENSG00000131435","PDLIM4",5.10894212131822
"patient3","ENSG00000164330","EBF1",5.10128906751997
"patient3","ENSG00000102024","PLS3",5.10021497334965
"patient3","ENSG00000197694","SPTAN1",5.09684835126736
"patient3","ENSG00000024422","EHD2",5.09618609966966
"patient3","ENSG00000125835","SNRPB",5.08647766071535
"patient3","ENSG00000109113","RAB34",5.08637040591262
"patient3","ENSG00000070087","PFN2",5.08326616739304
"patient3","ENSG00000107863","ARHGAP21",5.07893114486578
"patient3","ENSG00000071282","LMCD1",5.07682437602891
"patient3","ENSG00000177410","ZFAS1",5.07322490392267
"patient3","ENSG00000174695","TMEM167A",5.0547699726393
"patient3","ENSG00000162733","DDR2",5.04597642991699
"patient3","ENSG00000103202","NME4",5.045661193433
"patient3","ENSG00000005810","MYCBP2",5.01766673411671
"patient3","ENSG00000123505","AMD1",5.00611258113229
"patient3","ENSG00000184785","SMIM10",5.0041144985084
"patient3","ENSG00000075142","SRI",5.00397963314886
"patient3","ENSG00000099624","ATP5F1D",5.0010421182917
"patient3","ENSG00000176978","DPP7",4.98439317185261
"patient3","ENSG00000221968","FADS3",4.98259646812547
"patient3","ENSG00000144642","RBMS3",4.98062877635507
"patient3","ENSG00000117862","TXNDC12",4.97157088641378
"patient3","ENSG00000213977","TAX1BP3",4.9665993470518
"patient3","ENSG00000170955","CAVIN3",4.96597934103152
"patient3","ENSG00000138448","ITGAV",4.94671603401931
"patient3","ENSG00000116649","SRM",4.94414832602187
"patient3","ENSG00000138835","RGS3",4.94385281126682
"patient3","ENSG00000241553","ARPC4",4.93387902788066
"patient3","ENSG00000182774","RPS17",4.9292701906586
"patient3","ENSG00000011405","PIK3C2A",4.91946809532229
"patient3","ENSG00000178449","COX14",4.91790026578834
"patient3","ENSG00000176485","PLAAT3",4.91108757931209
"patient3","ENSG00000246705","H2AJ",4.91087239805871
"patient3","ENSG00000109046","WSB1",4.90584052172081
"patient3","ENSG00000180628","PCGF5",4.89969561096675
"patient3","ENSG00000100353","EIF3D",4.89421096373431
"patient3","ENSG00000069849","ATP1B3",4.89056090968476
"patient3","ENSG00000113621","TXNDC15",4.87773761727114
"patient3","ENSG00000129680","MAP7D3",4.87702282306295
"patient3","ENSG00000077782","FGFR1",4.86844991695492
"patient3","ENSG00000136051","WASHC4",4.86154169628676
"patient3","ENSG00000178913","TAF7",4.86114890134161
"patient3","ENSG00000273749","CYFIP1",4.84990803403309
"patient3","ENSG00000196975","ANXA4",4.84964267490523
"patient3","ENSG00000131016","AKAP12",4.84810706147347
"patient3","ENSG00000100243","CYB5R3",4.84698103410284
"patient3","ENSG00000130779","CLIP1",4.84145352313889
"patient3","ENSG00000137312","FLOT1",4.83960881130771
"patient3","ENSG00000138119","MYOF",4.83740158654757
"patient3","ENSG00000104067","TJP1",4.83708421677532
"patient3","ENSG00000112977","DAP",4.82021297141657
"patient3","ENSG00000070961","ATP2B1",4.8137143774546
"patient3","ENSG00000117298","ECE1",4.81370036528703
"patient3","ENSG00000180817","PPA1",4.80494726460102
"patient3","ENSG00000011454","RABGAP1",4.80444789395382
"patient3","ENSG00000177666","PNPLA2",4.80079672811946
"patient3","ENSG00000177156","TALDO1",4.79933531047029
"patient3","ENSG00000168298","H1-4",4.79146895927166
"patient3","ENSG00000135047","CTSL",4.79108212560104
"patient3","ENSG00000174099","MSRB3",4.78903676533048
"patient3","ENSG00000182117","NOP10",4.78034527953084
"patient3","ENSG00000159840","ZYX",4.77971532364842
"patient3","ENSG00000111912","NCOA7",4.77925322614134
"patient3","ENSG00000124570","SERPINB6",4.77377693447866
"patient3","ENSG00000074695","LMAN1",4.7717366170311
"patient3","ENSG00000089280","FUS",4.76837392324516
"patient3","ENSG00000168734","PKIG",4.76467063128914
"patient3","ENSG00000076043","REXO2",4.76320195323177
"patient3","ENSG00000131871","SELENOS",4.75775410602971
"patient3","ENSG00000178035","IMPDH2",4.74833424777533
"patient3","ENSG00000085733","CTTN",4.74672608514362
"patient3","ENSG00000104763","ASAH1",4.74061403517503
"patient3","ENSG00000058668","ATP2B4",4.73544243220363
"patient3","ENSG00000106034","CPED1",4.72977983865236
"patient3","ENSG00000104964","TLE5",4.72563577789257
"patient3","ENSG00000102317","RBM3",4.71861901874071
"patient3","ENSG00000053254","FOXN3",4.71218660813076
"patient3","ENSG00000172216","CEBPB",4.70439265591196
"patient3","ENSG00000111961","SASH1",4.69990566230329
"patient3","ENSG00000078808","SDF4",4.6975773651886
"patient3","ENSG00000188483","IER5L",4.68102600597375
"patient3","ENSG00000196954","CASP4",4.67853242290216
"patient3","ENSG00000109381","ELF2",4.67375630399709
"patient3","ENSG00000100711","ZFYVE21",4.67208725632571
"patient3","ENSG00000135926","TMBIM1",4.66635694741535
"patient3","ENSG00000100129","EIF3L",4.66468147578118
"patient3","ENSG00000106615","RHEB",4.66052604111958
"patient3","ENSG00000198931","APRT",4.65171612482005
"patient3","ENSG00000073712","FERMT2",4.64361314238237
"patient3","ENSG00000147274","RBMX",4.64161669455927
"patient3","ENSG00000147526","TACC1",4.6297438601751
"patient3","ENSG00000091527","CDV3",4.6297430615765
"patient3","ENSG00000243147","MRPL33",4.61593388631655
"patient3","ENSG00000197324","LRP10",4.61414165009946
"patient3","ENSG00000114450","GNB4",4.59892214238574
"patient3","ENSG00000075790","BCAP29",4.59800826861758
"patient3","ENSG00000183963","SMTN",4.59504602294143
"patient3","ENSG00000167397","VKORC1",4.59430199463545
"patient3","ENSG00000073921","PICALM",4.58375098671174
"patient3","ENSG00000115677","HDLBP",4.56904891222098
"patient3","ENSG00000171735","CAMTA1",4.5672745287691
"patient3","ENSG00000205581","HMGN1",4.55209389061235
"patient3","ENSG00000178741","COX5A",4.55201519606194
"patient3","ENSG00000162368","CMPK1",4.55109380110512
"patient3","ENSG00000147684","NDUFB9",4.54533446616453
"patient3","ENSG00000104765","BNIP3L",4.54266604059814
"patient3","ENSG00000100592","DAAM1",4.53956815267641
"patient3","ENSG00000197879","MYO1C",4.53159468547421
"patient3","ENSG00000211450","SELENOH",4.52678266364766
"patient3","ENSG00000149357","LAMTOR1",4.52107585885608
"patient3","ENSG00000138085","ATRAID",4.51826916001402
"patient3","ENSG00000138768","USO1",4.51769385572435
"patient3","ENSG00000174780","SRP72",4.49242355773489
"patient3","ENSG00000138495","COX17",4.49086135822911
"patient3","ENSG00000094963","FMO2",4.48345916327277
"patient3","ENSG00000143416","SELENBP1",4.48306965085566
"patient3","ENSG00000091317","CMTM6",4.44861870952253
"patient3","ENSG00000170776","AKAP13",4.44255634335625
"patient3","ENSG00000163069","SGCB",4.43596297583785
"patient3","ENSG00000149218","ENDOD1",4.42617700259432
"patient3","ENSG00000178104","PDE4DIP",4.42037142642668
"patient3","ENSG00000108256","NUFIP2",4.41352758054516
"patient3","ENSG00000104805","NUCB1",4.40583751929615
"patient3","ENSG00000067066","SP100",4.40421866789012
"patient3","ENSG00000162616","DNAJB4",4.40323374533875
"patient3","ENSG00000159210","SNF8",4.40258131819804
"patient3","ENSG00000108828","VAT1",4.38429925285895
"patient3","ENSG00000122033","MTIF3",4.38114992611728
"patient3","ENSG00000136436","CALCOCO2",4.37814836250978
"patient3","ENSG00000068305","MEF2A",4.37055802380335
"patient3","ENSG00000168291","PDHB",4.36320709405308
"patient3","ENSG00000183011","NAA38",4.36129526834125
"patient3","ENSG00000111639","MRPL51",4.35990551464394
"patient3","ENSG00000064601","CTSA",4.35485785479706
"patient3","ENSG00000005243","COPZ2",4.34794471545088
"patient3","ENSG00000115419","GLS",4.34616709038128
"patient3","ENSG00000185825","BCAP31",4.34113917337695
"patient3","ENSG00000178209","PLEC",4.33736312600472
"patient3","ENSG00000128524","ATP6V1F",4.33703579023635
"patient3","ENSG00000159228","CBR1",4.33661057909852
"patient3","ENSG00000113648","MACROH2A1",4.33247797270688
"patient3","ENSG00000114978","MOB1A",4.33232757210591
"patient3","ENSG00000129009","ISLR",4.32823421955933
"patient3","ENSG00000257923","CUX1",4.32591056041903
"patient3","ENSG00000180370","PAK2",4.32526008879831
"patient3","ENSG00000150977","RILPL2",4.32475445129996
"patient3","ENSG00000169045","HNRNPH1",4.31140673337628
"patient3","ENSG00000111077","TNS2",4.30052764633298
"patient3","ENSG00000113282","CLINT1",4.29849133845774
"patient3","ENSG00000156642","NPTN",4.2876673946793
"patient3","ENSG00000165512","ZNF22",4.28669399896874
"patient3","ENSG00000122359","ANXA11",4.26699962243555
"patient3","ENSG00000127947","PTPN12",4.26655353025852
"patient3","ENSG00000117448","AKR1A1",4.26198499193098
"patient3","ENSG00000101596","SMCHD1",4.26056097871636
"patient3","ENSG00000118407","FILIP1",4.25494297905515
"patient3","ENSG00000170043","TRAPPC1",4.25418457750602
"patient3","ENSG00000163902","RPN1",4.24524014093782
"patient3","ENSG00000116586","LAMTOR2",4.24268304680172
"patient3","ENSG00000121064","SCPEP1",4.24237142204762
"patient3","ENSG00000125458","NT5C",4.23945062534003
"patient3","ENSG00000247596","TWF2",4.23578694705324
"patient3","ENSG00000170248","PDCD6IP",4.23119523930406
"patient3","ENSG00000126709","IFI6",4.22942794716976
"patient3","ENSG00000172725","CORO1B",4.22532566169081
"patient3","ENSG00000169764","UGP2",4.21917906771517
"patient3","ENSG00000176386","CDC26",4.21768832593405
"patient3","ENSG00000122257","RBBP6",4.20374114472075
"patient3","ENSG00000003056","M6PR",4.20361568581653
"patient3","ENSG00000175334","BANF1",4.20173086527291
"patient3","ENSG00000164985","PSIP1",4.20168119164871
"patient3","ENSG00000146247","PHIP",4.20141489425813
"patient3","ENSG00000126247","CAPNS1",4.19954806720203
"patient3","ENSG00000144426","NBEAL1",4.19571279720935
"patient3","ENSG00000152492","CCDC50",4.19037930839428
"patient3","ENSG00000184990","SIVA1",4.18726752164655
"patient3","ENSG00000103152","MPG",4.18717575949484
"patient3","ENSG00000151468","CCDC3",4.1871133801896
"patient3","ENSG00000118418","HMGN3",4.17531215436567
"patient3","ENSG00000167815","PRDX2",4.17500560028647
"patient3","ENSG00000228253","MT-ATP8",4.17267944054975
"patient3","ENSG00000104324","CPQ",4.17164647484034
"patient3","ENSG00000070404","FSTL3",4.17068845132163
"patient3","ENSG00000198363","ASPH",4.16991008299671
"patient3","ENSG00000185222","TCEAL9",4.16830991357339
"patient3","ENSG00000156261","CCT8",4.15882542562717
"patient3","ENSG00000115350","POLE4",4.15455971958515
"patient3","ENSG00000035403","VCL",4.15272935920792
"patient3","ENSG00000173821","RNF213",4.12971298724863
"patient3","ENSG00000146540","CHLSN",4.12797802246688
"patient3","ENSG00000008282","SYPL1",4.12577402593405
"patient3","ENSG00000204435","CSNK2B",4.12230472115856
"patient3","ENSG00000089248","ERP29",4.12222641329179
"patient3","ENSG00000119138","KLF9",4.11885320720835
"patient3","ENSG00000124299","PEPD",4.11731542548675
"patient3","ENSG00000087502","ERGIC2",4.11495788883643
"patient3","ENSG00000231925","TAPBP",4.10049965796539
"patient3","ENSG00000114331","ACAP2",4.0977372745223
"patient3","ENSG00000172638","EFEMP2",4.09523659805927
"patient3","ENSG00000118971","CCND2",4.09238650986937
"patient3","ENSG00000169223","LMAN2",4.08796896012461
"patient3","ENSG00000125827","TMX4",4.07943701880545
"patient3","ENSG00000173272","MZT2A",4.07201248102236
"patient3","ENSG00000167797","CDK2AP2",4.06091402939332
"patient3","ENSG00000127603","MACF1",4.0571039953057
"patient3","ENSG00000135541","AHI1",4.04951315534477
"patient3","ENSG00000166503","HDGFL3",4.04782239744032
"patient3","ENSG00000136770","DNAJC1",4.04644974327752
"patient3","ENSG00000171314","PGAM1",4.04067561671875
"patient3","ENSG00000105401","CDC37",4.04004037982279
"patient3","ENSG00000131634","TMEM204",4.03735230749726
"patient3","ENSG00000137776","SLTM",4.03527724275382
"patient3","ENSG00000170430","MGMT",4.03029736618313
"patient3","ENSG00000100528","CNIH1",4.02785100394782
"patient3","ENSG00000163541","SUCLG1",4.02260425217541
"patient3","ENSG00000160752","FDPS",4.0091162430419
"patient3","ENSG00000135862","LAMC1",4.00892052068981
"patient3","ENSG00000082153","BZW1",4.00695085168087
"patient3","ENSG00000153310","CYRIB",4.00211985001893
"patient3","ENSG00000114125","RNF7",4.00085385832315
"patient3","ENSG00000142871","CCN1",3.99576410615432
"patient3","ENSG00000130520","LSM4",3.99293316139924
"patient3","ENSG00000167775","CD320",3.99235657838179
"patient3","ENSG00000169756","LIMS1",3.99114883331966
"patient3","ENSG00000111642","CHD4",3.98649776532842
"patient3","ENSG00000164039","BDH2",3.98072446596456
"patient3","ENSG00000116350","SRSF4",3.97923485212801
"patient3","ENSG00000149557","FEZ1",3.97807815595433
"patient3","ENSG00000184900","SUMO3",3.97537173749754
"patient3","ENSG00000106591","MRPL32",3.97291990049307
"patient3","ENSG00000165169","DYNLT3",3.97286619134177
"patient3","ENSG00000145050","MANF",3.97068997651066
"patient3","ENSG00000054148","PHPT1",3.96906071513962
"patient3","ENSG00000079950","STX7",3.96797986657792
"patient3","ENSG00000153187","HNRNPU",3.96781393065304
"patient3","ENSG00000163001","CFAP36",3.95610489798653
"patient3","ENSG00000197451","HNRNPAB",3.94197687889942
"patient3","ENSG00000148834","GSTO1",3.93803188641946
"patient3","ENSG00000051620","HEBP2",3.93247268369227
"patient3","ENSG00000044115","CTNNA1",3.92918699461853
"patient3","ENSG00000101745","ANKRD12",3.92060190221297
"patient3","ENSG00000265491","RNF115",3.91081302585818
"patient3","ENSG00000120913","PDLIM2",3.90505662354964
"patient3","ENSG00000196776","CD47",3.90362175677683
"patient3","ENSG00000220205","VAMP2",3.89242475835222
"patient3","ENSG00000034677","RNF19A",3.88659735095885
"patient3","ENSG00000164294","GPX8",3.88199749721117
"patient3","ENSG00000197043","ANXA6",3.87967868224856
"patient3","ENSG00000168610","STAT3",3.86526763676226
"patient3","ENSG00000112759","SLC29A1",3.8558645560174
"patient3","ENSG00000142166","IFNAR1",3.84575206768576
"patient3","ENSG00000183172","SMDT1",3.84428296730253
"patient3","ENSG00000105968","H2AZ2",3.84299955042288
"patient3","ENSG00000135316","SYNCRIP",3.81193260775444
"patient3","ENSG00000140740","UQCRC2",3.81151399443735
"patient3","ENSG00000048828","FAM120A",3.80458809252087
"patient3","ENSG00000173436","MICOS10",3.79772400512096
"patient3","ENSG00000132471","WBP2",3.79127578787314
"patient3","ENSG00000243317","STMP1",3.78732744331319
"patient3","ENSG00000006042","TMEM98",3.77842954421919
"patient3","ENSG00000149932","TMEM219",3.76562277751238
"patient3","ENSG00000161281","COX7A1",3.7598991727744
"patient3","ENSG00000153914","SREK1",3.75516180971383
"patient3","ENSG00000186395","KRT10",3.75407955471639
"patient3","ENSG00000213465","ARL2",3.75110383101937
"patient3","ENSG00000118762","PKD2",3.75019906628028
"patient3","ENSG00000122034","GTF3A",3.74419980641632
"patient3","ENSG00000172380","GNG12",3.74200088104501
"patient3","ENSG00000165732","DDX21",3.74171269347511
"patient3","ENSG00000105698","USF2",3.74046987219298
"patient3","ENSG00000140350","ANP32A",3.74029625282593
"patient3","ENSG00000100201","DDX17",3.73906674994604
"patient3","ENSG00000258289","CHURC1",3.738046099392
"patient3","ENSG00000146425","DYNLT1",3.7354625007083
"patient3","ENSG00000132424","PNISR",3.73062218692719
"patient3","ENSG00000134453","RBM17",3.72895549391355
"patient3","ENSG00000075785","RAB7A",3.72405117845115
"patient3","ENSG00000175701","MTLN",3.72145690914313
"patient3","ENSG00000160310","PRMT2",3.70916823115464
"patient3","ENSG00000130741","EIF2S3",3.69607718731788
"patient3","ENSG00000124762","CDKN1A",3.68971489948333
"patient3","ENSG00000165775","FUNDC2",3.68858807522983
"patient3","ENSG00000260032","NORAD",3.68274287130043
"patient3","ENSG00000117151","CTBS",3.68225957522371
"patient3","ENSG00000105669","COPE",3.67829312651195
"patient3","ENSG00000152558","TMEM123",3.67637832988537
"patient3","ENSG00000149923","PPP4C",3.67537704402805
"patient3","ENSG00000133398","MED10",3.66659094341215
"patient3","ENSG00000130313","PGLS",3.66312375509713
"patient3","ENSG00000140299","BNIP2",3.65074062784218
"patient3","ENSG00000145734","BDP1",3.65021826164384
"patient3","ENSG00000106400","ZNHIT1",3.629222909678
"patient3","ENSG00000157107","FCHO2",3.62364383703634
"patient3","ENSG00000143753","DEGS1",3.62183841388985
"patient3","ENSG00000125652","ALKBH7",3.61746577850466
"patient3","ENSG00000186184","POLR1D",3.61601531634627
"patient3","ENSG00000150316","CWC15",3.61470703957665
"patient3","ENSG00000102316","MAGED2",3.61212300986996
"patient3","ENSG00000130725","UBE2M",3.61183981823393
"patient3","ENSG00000165672","PRDX3",3.60631830548108
"patient3","ENSG00000151327","FAM177A1",3.60576627310464
"patient3","ENSG00000183291","SELENOF",3.60019760485064
"patient3","ENSG00000187051","RPS19BP1",3.58785204797536
"patient3","ENSG00000135387","CAPRIN1",3.58557993495498
"patient3","ENSG00000082641","NFE2L1",3.58490101172695
"patient3","ENSG00000133318","RTN3",3.56385639412917
"patient3","ENSG00000158604","TMED4",3.5564466855042
"patient3","ENSG00000090273","NUDC",3.55058475832146
"patient3","ENSG00000119705","SLIRP",3.54834679095852
"patient3","ENSG00000137100","DCTN3",3.54829905948691
"patient3","ENSG00000173511","VEGFB",3.53356047470634
"patient3","ENSG00000092531","SNAP23",3.53209781300372
"patient3","ENSG00000129968","ABHD17A",3.53170222363885
"patient3","ENSG00000173418","NAA20",3.52333419211615
"patient3","ENSG00000166226","CCT2",3.51365415309056
"patient3","ENSG00000101150","TPD52L2",3.51187806580912
"patient3","ENSG00000177200","CHD9",3.51054230295979
"patient3","ENSG00000198818","SFT2D1",3.50812317166157
"patient3","ENSG00000163754","GYG1",3.5068653909565
"patient3","ENSG00000077147","TM9SF3",3.49827803223848
"patient3","ENSG00000241644","INMT",3.49294730734847
"patient3","ENSG00000100567","PSMA3",3.48921999719539
"patient3","ENSG00000116005","PCYOX1",3.47612196850204
"patient3","ENSG00000117362","APH1A",3.47290141901496
"patient3","ENSG00000112419","PHACTR2",3.4706038426282
"patient3","ENSG00000244038","DDOST",3.47031309266591
"patient3","ENSG00000106460","TMEM106B",3.4701622771141
"patient3","ENSG00000099783","HNRNPM",3.46729191123024
"patient3","ENSG00000118058","KMT2A",3.4619770665585
"patient3","ENSG00000160075","SSU72",3.44987110751324
"patient3","ENSG00000173905","GOLIM4",3.44224021589538
"patient3","ENSG00000134884","ARGLU1",3.4373946990021
"patient3","ENSG00000183283","DAZAP2",3.43677324213905
"patient3","ENSG00000169139","UBE2V2",3.43548736226716
"patient3","ENSG00000182636","NDN",3.43392604741003
"patient3","ENSG00000106682","EIF4H",3.4305126674212
"patient3","ENSG00000089006","SNX5",3.40697557342862
"patient3","ENSG00000147419","CCDC25",3.40587902556504
"patient3","ENSG00000177425","PAWR",3.4008306868155
"patient3","ENSG00000173230","GOLGB1",3.39867686610877
"patient3","ENSG00000165476","REEP3",3.3976184842111
"patient3","ENSG00000128989","ARPP19",3.39461264296844
"patient3","ENSG00000180957","PITPNB",3.39117635600574
"patient3","ENSG00000102931","ARL2BP",3.38831081939317
"patient3","ENSG00000171988","JMJD1C",3.38704018557856
"patient3","ENSG00000265241","RBM8A",3.36916083545794
"patient3","ENSG00000177889","UBE2N",3.36871326928267
"patient3","ENSG00000114698","PLSCR4",3.36813953963911
"patient3","ENSG00000127125","PPCS",3.36810816088482
"patient3","ENSG00000137409","MTCH1",3.36374222822322
"patient3","ENSG00000134318","ROCK2",3.35715309301089
"patient3","ENSG00000164040","PGRMC2",3.35013876652914
"patient3","ENSG00000147202","DIAPH2",3.34762722738999
"patient3","ENSG00000166012","TAF1D",3.34117702745801
"patient3","ENSG00000163468","CCT3",3.3337211255414
"patient3","ENSG00000144381","HSPD1",3.33367040217552
"patient3","ENSG00000140941","MAP1LC3B",3.32678702584387
"patient3","ENSG00000111276","CDKN1B",3.32624946346696
"patient3","ENSG00000177879","AP3S1",3.32498775361975
"patient3","ENSG00000111237","VPS29",3.32149495937308
"patient3","ENSG00000031698","SARS1",3.31245229063062
"patient3","ENSG00000080503","SMARCA2",3.31100607628658
"patient3","ENSG00000127445","PIN1",3.29500607423426
"patient3","ENSG00000157500","APPL1",3.29410437953279
"patient3","ENSG00000119013","NDUFB3",3.28032578096159
"patient3","ENSG00000113580","NR3C1",3.27248462637187
"patient3","ENSG00000126653","NSRP1",3.27082273684619
"patient3","ENSG00000126351","THRA",3.27006576806862
"patient3","ENSG00000138592","USP8",3.26279487950946
"patient3","ENSG00000180964","TCEAL8",3.26191632627991
"patient3","ENSG00000101361","NOP56",3.2604245279927
"patient3","ENSG00000078618","NRDC",3.25580785637497
"patient3","ENSG00000132670","PTPRA",3.25073561557865
"patient3","ENSG00000180398","MCFD2",3.25000764465099
"patient3","ENSG00000198625","MDM4",3.23997701550347
"patient3","ENSG00000234545","FAM133B",3.2396237966203
"patient3","ENSG00000196504","PRPF40A",3.23215514905217
"patient3","ENSG00000187239","FNBP1",3.22667538152761
"patient3","ENSG00000041357","PSMA4",3.22633532317363
"patient3","ENSG00000117614","SYF2",3.2192791361632
"patient3","ENSG00000087088","BAX",3.21401326327294
"patient3","ENSG00000084623","EIF3I",3.21050244423526
"patient3","ENSG00000141552","ANAPC11",3.20183301718095
"patient3","ENSG00000213246","SUPT4H1",3.19853139973568
"patient3","ENSG00000107262","BAG1",3.1957500939442
"patient3","ENSG00000115561","CHMP3",3.18561758588777
"patient3","ENSG00000277972","CISD3",3.17754287255425
"patient3","ENSG00000189060","H1-0",3.17267874654437
"patient3","ENSG00000165264","NDUFB6",3.16446172196096
"patient3","ENSG00000100823","APEX1",3.16368706169771
"patient3","ENSG00000135655","USP15",3.16120671161747
"patient3","ENSG00000177830","CHID1",3.1605794447788
"patient3","ENSG00000134330","IAH1",3.15387031269048
"patient3","ENSG00000253729","PRKDC",3.13962863015014
"patient3","ENSG00000135837","CEP350",3.13182428004313
"patient3","ENSG00000147140","NONO",3.1315798632928
"patient3","ENSG00000176171","BNIP3",3.13024287008311
"patient3","ENSG00000110108","TMEM109",3.1294364178753
"patient3","ENSG00000062716","VMP1",3.12633752053577
"patient3","ENSG00000106299","WASL",3.12211579070511
"patient3","ENSG00000213585","VDAC1",3.11978815204157
"patient3","ENSG00000124749","COL21A1",3.11763876626733
"patient3","ENSG00000169062","UPF3A",3.11653620264621
"patient3","ENSG00000067829","IDH3G",3.11240433194837
"patient3","ENSG00000111906","HDDC2",3.11159217141464
"patient3","ENSG00000115484","CCT4",3.10474931698806
"patient3","ENSG00000143158","MPC2",3.10256089363619
"patient3","ENSG00000099800","TIMM13",3.10150363724899
"patient3","ENSG00000078369","GNB1",3.10097565898995
"patient3","ENSG00000106244","PDAP1",3.09994137267839
"patient3","ENSG00000159377","PSMB4",3.09432775099516
"patient3","ENSG00000152404","CWF19L2",3.09412523438789
"patient3","ENSG00000182534","MXRA7",3.07850139513743
"patient3","ENSG00000104852","SNRNP70",3.07743291717457
"patient3","ENSG00000179085","DPM3",3.07378027893381
"patient3","ENSG00000188529","SRSF10",3.07248608979165
"patient3","ENSG00000130340","SNX9",3.06774787685637
"patient3","ENSG00000196419","XRCC6",3.06771178908166
"patient3","ENSG00000109775","UFSP2",3.06709702859338
"patient3","ENSG00000135535","CD164",3.06440909003852
"patient3","ENSG00000110422","HIPK3",3.06242209427624
"patient3","ENSG00000171222","SCAND1",3.05335687003903
"patient3","ENSG00000204392","LSM2",3.04809668099499
"patient3","ENSG00000093167","LRRFIP2",3.04553667946704
"patient3","ENSG00000086598","TMED2",3.04538082555649
"patient3","ENSG00000186522","SEPTIN10",3.04057036134121
"patient3","ENSG00000085832","EPS15",3.03974221661717
"patient3","ENSG00000123091","RNF11",3.03926456958391
"patient3","ENSG00000142694","EVA1B",3.03884652482914
"patient3","ENSG00000159720","ATP6V0D1",3.03810108241737
"patient3","ENSG00000114439","BBX",3.0332604606545
"patient3","ENSG00000161547","SRSF2",3.03313097633109
"patient3","ENSG00000153130","SCOC",3.02400706945158
"patient3","ENSG00000162909","CAPN2",3.01360718320386
"patient3","ENSG00000162385","MAGOH",3.01172060302333
"patient3","ENSG00000127838","PNKD",3.00819744545274
"patient3","ENSG00000278311","GGNBP2",2.99837451236857
"patient3","ENSG00000100354","TNRC6B",2.99662227119324
"patient3","ENSG00000023734","STRAP",2.99286199088767
"patient3","ENSG00000131018","SYNE1",2.99192993989526
"patient3","ENSG00000025293","PHF20",2.98506362892854
"patient3","ENSG00000144895","EIF2A",2.98418968894393
"patient3","ENSG00000165389","SPTSSA",2.98380468587376
"patient3","ENSG00000085224","ATRX",2.98353292568699
"patient3","ENSG00000168724","DNAJC21",2.98343899786093
"patient3","ENSG00000118689","FOXO3",2.97830596352551
"patient3","ENSG00000205339","IPO7",2.9712516595172
"patient3","ENSG00000007168","PAFAH1B1",2.96957926835243
"patient3","ENSG00000198160","MIER1",2.96882648122364
"patient3","ENSG00000136527","TRA2B",2.96683868194839
"patient3","ENSG00000184897","H1-10",2.96462699808888
"patient3","ENSG00000174953","DHX36",2.95344151081631
"patient3","ENSG00000087365","SF3B2",2.95113019365463
"patient3","ENSG00000127990","SGCE",2.94177165932503
"patient3","ENSG00000100106","TRIOBP",2.93865556927047
"patient3","ENSG00000128951","DUT",2.93792443936514
"patient3","ENSG00000105258","POLR2I",2.91460482241268
"patient3","ENSG00000225663","MCRIP1",2.9066036491112
"patient3","ENSG00000148484","RSU1",2.90487326907105
"patient3","ENSG00000075420","FNDC3B",2.9048068707411
"patient3","ENSG00000114784","EIF1B",2.90369557830848
"patient3","ENSG00000175203","DCTN2",2.90354112268591
"patient3","ENSG00000148120","AOPEP",2.9015144915207
"patient3","ENSG00000119185","ITGB1BP1",2.89438400943212
"patient3","ENSG00000125676","THOC2",2.88380750893947
"patient3","ENSG00000179295","PTPN11",2.88352334158029
"patient3","ENSG00000165280","VCP",2.88336123404155
"patient3","ENSG00000118855","MFSD1",2.87769950909981
"patient3","ENSG00000048649","RSF1",2.87767031682065
"patient3","ENSG00000143570","SLC39A1",2.86813606129491
"patient3","ENSG00000150764","DIXDC1",2.86400499786807
"patient3","ENSG00000174437","ATP2A2",2.86320325890928
"patient3","ENSG00000145907","G3BP1",2.86231709788456
"patient3","ENSG00000139343","SNRPF",2.86007339561366
"patient3","ENSG00000089289","IGBP1",2.85424499145523
"patient3","ENSG00000186063","AIDA",2.85131742427042
"patient3","ENSG00000119396","RAB14",2.84582077807048
"patient3","ENSG00000164684","ZNF704",2.8410342400113
"patient3","ENSG00000178952","TUFM",2.83551824862197
"patient3","ENSG00000135624","CCT7",2.83333029759287
"patient3","ENSG00000127483","HP1BP3",2.82959685015603
"patient3","ENSG00000121851","POLR3GL",2.8238578612294
"patient3","ENSG00000103266","STUB1",2.8222212205609
"patient3","ENSG00000049618","ARID1B",2.81500289847509
"patient3","ENSG00000196199","MPHOSPH8",2.81204447311855
"patient3","ENSG00000162645","GBP2",2.80967743262549
"patient3","ENSG00000136521","NDUFB5",2.8076804536925
"patient3","ENSG00000136758","YME1L1",2.80618346891273
"patient3","ENSG00000257103","LSM14A",2.80564182015106
"patient3","ENSG00000196937","FAM3C",2.80216919029526
"patient3","ENSG00000182004","SNRPE",2.80093365273982
"patient3","ENSG00000141027","NCOR1",2.79844403564952
"patient3","ENSG00000102054","RBBP7",2.78902648518765
"patient3","ENSG00000165678","GHITM",2.78705523172787
"patient3","ENSG00000117616","RSRP1",2.77984138276449
"patient3","ENSG00000136628","EPRS1",2.7772058118988
"patient3","ENSG00000175416","CLTB",2.77669199303256
"patient3","ENSG00000091039","OSBPL8",2.77429477994732
"patient3","ENSG00000101367","MAPRE1",2.77385895580518
"patient3","ENSG00000185475","TMEM179B",2.77305261451514
"patient3","ENSG00000163320","CGGBP1",2.7728000584951
"patient3","ENSG00000114416","FXR1",2.7713779271872
"patient3","ENSG00000120438","TCP1",2.76961900008688
"patient3","ENSG00000181904","C5orf24",2.76948272549122
"patient3","ENSG00000124562","SNRPC",2.76692349559789
"patient3","ENSG00000131507","NDFIP1",2.76175772430642
"patient3","ENSG00000173692","PSMD1",2.76143848708902
"patient3","ENSG00000253738","OTUD6B-AS1",2.76101799256235
"patient3","ENSG00000072778","ACADVL",2.76071689380668
"patient3","ENSG00000144635","DYNC1LI1",2.75735888304701
"patient3","ENSG00000115241","PPM1G",2.756879973937
"patient3","ENSG00000143401","ANP32E",2.75632898471502
"patient3","ENSG00000167110","GOLGA2",2.75138630190323
"patient3","ENSG00000136279","DBNL",2.74735491202893
"patient3","ENSG00000167088","SNRPD1",2.74369880998065
"patient3","ENSG00000145912","NHP2",2.74343705586896
"patient3","ENSG00000100852","ARHGAP5",2.74058197574643
"patient3","ENSG00000137693","YAP1",2.73398471462468
"patient3","ENSG00000106355","LSM5",2.72532804966558
"patient3","ENSG00000184983","NDUFA6",2.72446655278994
"patient3","ENSG00000065154","OAT",2.72421204161032
"patient3","ENSG00000115464","USP34",2.72085182256328
"patient3","ENSG00000134186","PRPF38B",2.7165492197224
"patient3","ENSG00000125970","RALY",2.71507224756664
"patient3","ENSG00000035928","RFC1",2.70649287045089
"patient3","ENSG00000089693","MLF2",2.70540381194156
"patient3","ENSG00000176014","TUBB6",2.70191943449429
"patient3","ENSG00000174917","MICOS13",2.70170199790804
"patient3","ENSG00000145337","PYURF",2.70146392713358
"patient3","ENSG00000083896","YTHDC1",2.70002671711431
"patient3","ENSG00000165669","FAM204A",2.69527194340559
"patient3","ENSG00000171490","RSL1D1",2.69204813665285
"patient3","ENSG00000113851","CRBN",2.69081165562454
"patient3","ENSG00000134153","EMC7",2.68349369889957
"patient3","ENSG00000049245","VAMP3",2.67489140209125
"patient3","ENSG00000069329","VPS35",2.66967527152305
"patient3","ENSG00000198900","TOP1",2.66659424232331
"patient3","ENSG00000164346","NSA2",2.66379044778739
"patient3","ENSG00000134590","RTL8C",2.66364499458979
"patient3","ENSG00000184007","PTP4A2",2.66019073123494
"patient3","ENSG00000168300","PCMTD1",2.66001838800722
"patient3","ENSG00000013275","PSMC4",2.65694630239737
"patient3","ENSG00000134248","LAMTOR5",2.65573322068363
"patient3","ENSG00000132485","ZRANB2",2.65525245927069
"patient3","ENSG00000168701","TMEM208",2.65368680192523
"patient3","ENSG00000103342","GSPT1",2.65251944799786
"patient3","ENSG00000205531","NAP1L4",2.65133011522922
"patient3","ENSG00000204387","SNHG32",2.65015152383674
"patient3","ENSG00000131100","ATP6V1E1",2.64805816237928
"patient3","ENSG00000065243","PKN2",2.64767013860158
"patient3","ENSG00000101266","CSNK2A1",2.64726885669725
"patient3","ENSG00000105568","PPP2R1A",2.6461425496039
"patient3","ENSG00000115286","NDUFS7",2.64506796839366
"patient3","ENSG00000170275","CRTAP",2.64394125819623
"patient3","ENSG00000130731","METTL26",2.63479635025867
"patient3","ENSG00000134686","PHC2",2.62975932466435
"patient3","ENSG00000215021","PHB2",2.62008201485882
"patient3","ENSG00000162604","TM2D1",2.61974871165532
"patient3","ENSG00000099977","DDT",2.60976311008442
"patient3","ENSG00000146416","AIG1",2.60947604235017
"patient3","ENSG00000005483","KMT2E",2.60665813369023
"patient3","ENSG00000116560","SFPQ",2.59967182001038
"patient3","ENSG00000166337","TAF10",2.59888942988016
"patient3","ENSG00000186298","PPP1CC",2.59294025241446
"patient3","ENSG00000108055","SMC3",2.58955350145268
"patient3","ENSG00000133706","LARS1",2.58814526083607
"patient3","ENSG00000171634","BPTF",2.58526156457464
"patient3","ENSG00000085719","CPNE3",2.5783231417361
"patient3","ENSG00000172922","RNASEH2C",2.57583619447542
"patient3","ENSG00000120727","PAIP2",2.57179463507616
"patient3","ENSG00000159658","EFCAB14",2.56996811717704
"patient3","ENSG00000111011","RSRC2",2.56260610558654
"patient3","ENSG00000103024","NME3",2.55754706615843
"patient3","ENSG00000153774","CFDP1",2.55663435469209
"patient3","ENSG00000128272","ATF4",2.55484660413885
"patient3","ENSG00000182158","CREB3L2",2.55211882520266
"patient3","ENSG00000102898","NUTF2",2.5512604840931
"patient3","ENSG00000162734","PEA15",2.54791050980984
"patient3","ENSG00000148290","SURF1",2.54512868966475
"patient3","ENSG00000179091","CYC1",2.54495420902578
"patient3","ENSG00000160194","NDUFV3",2.54318991544835
"patient3","ENSG00000166228","PCBD1",2.54226302860518
"patient3","ENSG00000176973","FAM89B",2.54085684271477
"patient3","ENSG00000138668","HNRNPD",2.53816727286282
"patient3","ENSG00000138760","SCARB2",2.52997283557828
"patient3","ENSG00000102309","PIN4",2.52424900998034
"patient3","ENSG00000184752","NDUFA12",2.52369917874886
"patient3","ENSG00000147669","POLR2K",2.52305884388937
"patient3","ENSG00000159069","FBXW5",2.52260135205985
"patient3","ENSG00000090863","GLG1",2.51695641128173
"patient3","ENSG00000102030","NAA10",2.51682706484593
"patient3","ENSG00000124214","STAU1",2.51552949144895
"patient3","ENSG00000160014","CALM3",2.51380247890322
"patient3","ENSG00000184500","PROS1",2.51377391998741
"patient3","ENSG00000183978","COA3",2.50908914570101
"patient3","ENSG00000099901","RANBP1",2.50699298830618
"patient3","ENSG00000139793","MBNL2",2.50518867575991
"patient3","ENSG00000101294","HM13",2.5000542376467
"patient3","ENSG00000119537","KDSR",2.49598278808355
"patient3","ENSG00000135441","BLOC1S1",2.49393754408434
"patient3","ENSG00000006125","AP2B1",2.48387860996505
"patient3","ENSG00000141504","SAT2",2.48360795668909
"patient3","ENSG00000166557","TMED3",2.48110672378227
"patient3","ENSG00000175756","AURKAIP1",2.47518438604329
"patient3","ENSG00000168264","IRF2BP2",2.47225107115699
"patient3","ENSG00000144674","GOLGA4",2.46884534926961
"patient3","ENSG00000175550","DRAP1",2.46431212776545
"patient3","ENSG00000177971","IMP3",2.4563683479527
"patient3","ENSG00000170906","NDUFA3",2.45010651602858
"patient3","ENSG00000198843","SELENOT",2.44305076029569
"patient3","ENSG00000203667","COX20",2.43400851319396
"patient3","ENSG00000143575","HAX1",2.42959182070966
"patient3","ENSG00000097033","SH3GLB1",2.4292938222474
"patient3","ENSG00000144560","VGLL4",2.4288565360327
"patient3","ENSG00000123933","MXD4",2.42885543865225
"patient3","ENSG00000172500","FIBP",2.42769361080313
"patient3","ENSG00000134717","BTF3L4",2.42747022369322
"patient3","ENSG00000239697","TNFSF12",2.42705942409392
"patient3","ENSG00000143612","LTAP1",2.42212573573844
"patient3","ENSG00000135506","OS9",2.42019189568081
"patient3","ENSG00000014123","UFL1",2.41963734725438
"patient3","ENSG00000153250","RBMS1",2.41479671457124
"patient3","ENSG00000107290","SETX",2.41279133742111
"patient3","ENSG00000107581","EIF3A",2.412748605979
"patient3","ENSG00000111615","KRR1",2.41237859798779
"patient3","ENSG00000004059","ARF5",2.41150861347802
"patient3","ENSG00000168090","COPS6",2.40608234559961
"patient3","ENSG00000144579","CTDSP1",2.39871855960238
"patient3","ENSG00000060762","MPC1",2.39629143406477
"patient3","ENSG00000090060","PAPOLA",2.39538499566676
"patient3","ENSG00000101421","CHMP4B",2.38898614162689
"patient3","ENSG00000090238","YPEL3",2.38345694653904
"patient3","ENSG00000099385","BCL7C",2.37613097347147
"patient3","ENSG00000189241","TSPYL1",2.37442847612986
"patient3","ENSG00000072364","AFF4",2.37118570142738
"patient3","ENSG00000153037","SRP19",2.36596315991299
"patient3","ENSG00000109920","FNBP4",2.36573724054256
"patient3","ENSG00000146729","NIPSNAP2",2.36571923669072
"patient3","ENSG00000138029","HADHB",2.36553327246719
"patient3","ENSG00000115944","COX7A2L",2.36281345299023
"patient3","ENSG00000129003","VPS13C",2.35893693644227
"patient3","ENSG00000179950","PUF60",2.35825497509117
"patient3","ENSG00000088205","DDX18",2.35792813305902
"patient3","ENSG00000117335","CD46",2.3532050199056
"patient3","ENSG00000146731","CCT6A",2.34795191805518
"patient3","ENSG00000166275","BORCS7",2.34632539733122
"patient3","ENSG00000084733","RAB10",2.34374144695057
"patient3","ENSG00000177119","ANO6",2.33830398151085
"patient3","ENSG00000089048","ESF1",2.33479811666646
"patient3","ENSG00000230590","FTX",2.33446689269781
"patient3","ENSG00000169813","HNRNPF",2.33218293817402
"patient3","ENSG00000128534","LSM8",2.33140524862563
"patient3","ENSG00000108468","CBX1",2.3255119053039
"patient3","ENSG00000138600","SPPL2A",2.32461432430094
"patient3","ENSG00000137210","TMEM14B",2.31923656043128
"patient3","ENSG00000187257","RSBN1L",2.31802696452549
"patient3","ENSG00000163344","PMVK",2.3153093442977
"patient3","ENSG00000100603","SNW1",2.31256753655508
"patient3","ENSG00000116030","SUMO1",2.30400073610274
"patient3","ENSG00000232388","SMIM26",2.30004835243118
"patient3","ENSG00000065548","ZC3H15",2.29609367967152
"patient3","ENSG00000149100","EIF3M",2.2913463304048
"patient3","ENSG00000163463","KRTCAP2",2.28468518020588
"patient3","ENSG00000129351","ILF3",2.28068183180449
"patient3","ENSG00000114209","PDCD10",2.27633316733679
"patient3","ENSG00000106245","BUD31",2.27487401626213
"patient3","ENSG00000111832","RWDD1",2.27121731211239
"patient3","ENSG00000153827","TRIP12",2.26957593307748
"patient3","ENSG00000198677","SKIC3",2.26860866668812
"patient3","ENSG00000078140","UBE2K",2.26682963274238
"patient3","ENSG00000145494","NDUFS6",2.26673009993666
"patient3","ENSG00000116459","ATP5PB",2.26650518731596
"patient3","ENSG00000104671","DCTN6",2.26086554807607
"patient3","ENSG00000167522","ANKRD11",2.25262794417447
"patient3","ENSG00000205937","RNPS1",2.25190471425829
"patient3","ENSG00000198961","PJA2",2.25174636359207
"patient3","ENSG00000071553","ATP6AP1",2.2461713216111
"patient3","ENSG00000158417","EIF5B",2.24518999947842
"patient3","ENSG00000137500","CCDC90B",2.24258479907307
"patient3","ENSG00000149196","HIKESHI",2.23459190651955
"patient3","ENSG00000115685","PPP1R7",2.23309680755098
"patient3","ENSG00000113013","HSPA9",2.23070775780886
"patient3","ENSG00000055950","MRPL43",2.22832727343959
"patient3","ENSG00000131408","NR1H2",2.22793138207894
"patient3","ENSG00000120265","PCMT1",2.2256470503162
"patient3","ENSG00000165916","PSMC3",2.2231330812069
"patient3","ENSG00000257727","CNPY2",2.21794199176382
"patient3","ENSG00000179632","MAF1",2.21024124948611
"patient3","ENSG00000133104","SPART",2.20755934210582
"patient3","ENSG00000277791","PSMB3",2.2043622786959
"patient3","ENSG00000155876","RRAGA",2.20019610888288
"patient3","ENSG00000134851","TMEM165",2.19869049050613
"patient3","ENSG00000135090","TAOK3",2.19433180625937
"patient3","ENSG00000119541","VPS4B",2.1888280378842
"patient3","ENSG00000140391","TSPAN3",2.18726607123613
"patient3","ENSG00000012061","ERCC1",2.18535360673208
"patient3","ENSG00000110711","AIP",2.17937735217571
"patient3","ENSG00000196141","SPATS2L",2.17798625316446
"patient3","ENSG00000013374","NUB1",2.17447538084687
"patient3","ENSG00000113845","TIMMDC1",2.17416075962421
"patient3","ENSG00000115816","CEBPZ",2.17298832521793
"patient3","ENSG00000115541","HSPE1",2.16480229470383
"patient3","ENSG00000125944","HNRNPR",2.15736182718169
"patient3","ENSG00000101782","RIOK3",2.15303793936903
"patient3","ENSG00000069345","DNAJA2",2.1527098446364
"patient3","ENSG00000078674","PCM1",2.14094771504238
"patient3","ENSG00000111790","FGFR1OP2",2.14067269448669
"patient3","ENSG00000115307","AUP1",2.12829115472089
"patient3","ENSG00000066654","THUMPD1",2.12259332531578
"patient3","ENSG00000150753","CCT5",2.11702623671125
"patient3","ENSG00000014641","MDH1",2.11641479701338
"patient3","ENSG00000126934","MAP2K2",2.11548024680628
"patient3","ENSG00000141522","ARHGDIA",2.11321544084047
"patient3","ENSG00000164754","RAD21",2.11292372196285
"patient3","ENSG00000032219","ARID4A",2.11215599092716
"patient3","ENSG00000139218","SCAF11",2.10783575781884
"patient3","ENSG00000062194","GPBP1",2.10689209573123
"patient3","ENSG00000103994","ZNF106",2.10500235494933
"patient3","ENSG00000164323","CFAP97",2.09281257377217
"patient3","ENSG00000177733","HNRNPA0",2.09201997454633
"patient3","ENSG00000155115","GTF3C6",2.08964754655417
"patient3","ENSG00000174851","YIF1A",2.08575111472499
"patient3","ENSG00000205730","ITPRIPL2",2.0836441076685
"patient3","ENSG00000134744","TUT4",2.08312623376752
"patient3","ENSG00000100941","PNN",2.07588847271974
"patient3","ENSG00000111786","SRSF9",2.07326131848016
"patient3","ENSG00000092201","SUPT16H",2.07039101536943
"patient3","ENSG00000087884","AAMDC",2.06858693735547
"patient3","ENSG00000176209","SMIM19",2.06854236996792
"patient3","ENSG00000131966","ACTR10",2.06301290723086
"patient3","ENSG00000137815","RTF1",2.06083447426204
"patient3","ENSG00000179912","R3HDM2",2.05351676788828
"patient3","ENSG00000108561","C1QBP",2.04930408530195
"patient3","ENSG00000129235","TXNDC17",2.04641883919923
"patient3","ENSG00000162585","FAAP20",2.0440323212142
"patient3","ENSG00000167515","TRAPPC2L",2.03890214995464
"patient3","ENSG00000177556","ATOX1",2.03664732525998
"patient3","ENSG00000143621","ILF2",2.03497386865713
"patient3","ENSG00000101972","STAG2",2.03258506609617
"patient3","ENSG00000128699","ORMDL1",2.02825880972798
"patient3","ENSG00000173141","MRPL57",2.02385077096496
"patient3","ENSG00000169689","CENPX",2.01401471792365
"patient3","ENSG00000169230","PRELID1",2.01370078927485
"patient3","ENSG00000109536","FRG1",2.00479787076029
"patient3","ENSG00000166734","GOLM2",2.00385770272233
"patient3","ENSG00000159352","PSMD4",2.00239980077317
"patient3","ENSG00000103035","PSMD7",2.00167509481014
"patient3","ENSG00000079332","SAR1A",1.99361932208031
"patient3","ENSG00000110367","DDX6",1.99157822337046
"patient3","ENSG00000130748","TMEM160",1.98842207350775
"patient3","ENSG00000105355","PLIN3",1.9874280535635
"patient3","ENSG00000168894","RNF181",1.98516642183605
"patient3","ENSG00000088930","XRN2",1.98099253525559
"patient3","ENSG00000126067","PSMB2",1.97894900750501
"patient3","ENSG00000057608","GDI2",1.97780443465037
"patient3","ENSG00000181061","HIGD1A",1.97282935115157
"patient3","ENSG00000148248","SURF4",1.96782956716389
"patient3","ENSG00000143183","TMCO1",1.96717164453979
"patient3","ENSG00000108424","KPNB1",1.9649676206856
"patient3","ENSG00000055211","GINM1",1.96373766615078
"patient3","ENSG00000171159","BBLN",1.96077843766846
"patient3","ENSG00000177311","ZBTB38",1.95908897946008
"patient3","ENSG00000120860","WASHC3",1.94748854654092
"patient3","ENSG00000081154","PCNP",1.94191524382144
"patient3","ENSG00000006015","REX1BD",1.92467588492104
"patient3","ENSG00000008294","SPAG9",1.92432979564696
"patient3","ENSG00000095787","WAC",1.92127947257128
"patient3","ENSG00000272047","GTF2H5",1.91681383859211
"patient3","ENSG00000164258","NDUFS4",1.90939144424283
"patient3","ENSG00000176101","SSNA1",1.90758244363711
"patient3","ENSG00000087077","TRIP6",1.9043091331012
"patient3","ENSG00000106588","PSMA2",1.90428213463773
"patient3","ENSG00000143106","PSMA5",1.90018073382614
"patient3","ENSG00000105518","TMEM205",1.89520075283643
"patient3","ENSG00000166848","TERF2IP",1.89396952506798
"patient3","ENSG00000197982","C1orf122",1.89203974560872
"patient3","ENSG00000126698","DNAJC8",1.8874369815206
"patient3","ENSG00000120533","ENY2",1.88689282881849
"patient3","ENSG00000155438","NIFK",1.88488879308197
"patient3","ENSG00000111481","COPZ1",1.88171310393003
"patient3","ENSG00000128463","EMC4",1.87842996995216
"patient3","ENSG00000029363","BCLAF1",1.8758882215008
"patient3","ENSG00000164022","AIMP1",1.87491032851842
"patient3","ENSG00000146007","ZMAT2",1.87480862971429
"patient3","ENSG00000108946","PRKAR1A",1.87401933497304
"patient3","ENSG00000103275","UBE2I",1.87349361701807
"patient3","ENSG00000013583","HEBP1",1.87119777339513
"patient3","ENSG00000125977","EIF2S2",1.86278707082622
"patient3","ENSG00000099817","POLR2E",1.85737332397216
"patient3","ENSG00000137038","DMAC1",1.85461027713774
"patient3","ENSG00000137207","YIPF3",1.85393129110776
"patient3","ENSG00000084754","HADHA",1.85023126974258
"patient3","ENSG00000004700","RECQL",1.83979248987315
"patient3","ENSG00000178127","NDUFV2",1.83604179527046
"patient3","ENSG00000162384","CZIB",1.83577062725864
"patient3","ENSG00000123983","ACSL3",1.82452554384323
"patient3","ENSG00000185236","RAB11B",1.81103730960838
"patient3","ENSG00000054267","ARID4B",1.80851952323821
"patient3","ENSG00000117118","SDHB",1.80716670590967
"patient3","ENSG00000170860","LSM3",1.80659389272353
"patient3","ENSG00000143771","CNIH4",1.80608678072147
"patient3","ENSG00000127914","AKAP9",1.79434562811931
"patient3","ENSG00000105185","PDCD5",1.7910252947187
"patient3","ENSG00000080371","RAB21",1.7854570697139
"patient3","ENSG00000138674","SEC31A",1.78375538794321
"patient3","ENSG00000225733","FGD5-AS1",1.77450694785262
"patient3","ENSG00000168066","SF1",1.77191246712283
"patient3","ENSG00000185627","PSMD13",1.76392804290931
"patient3","ENSG00000143252","SDHC",1.76041678560733
"patient3","ENSG00000205981","DNAJC19",1.75690873225004
"patient3","ENSG00000055609","KMT2C",1.75590395245796
"patient3","ENSG00000185608","MRPL40",1.75548368509291
"patient3","ENSG00000134056","KGD4",1.75380893450202
"patient3","ENSG00000078668","VDAC3",1.75135411115589
"patient3","ENSG00000140307","GTF2A2",1.7494825980018
"patient3","ENSG00000183617","MRPL54",1.74352114492978
"patient3","ENSG00000087191","PSMC5",1.7415322268729
"patient3","ENSG00000120616","EPC1",1.72996825430686
"patient3","ENSG00000204370","SDHD",1.72740063077393
"patient3","ENSG00000100028","SNRPD3",1.72424619075886
"patient3","ENSG00000173674","EIF1AX",1.7212748452057
"patient3","ENSG00000166164","BRD7",1.72085679240991
"patient3","ENSG00000158864","NDUFS2",1.71536829179579
"patient3","ENSG00000143543","JTB",1.71448541916242
"patient3","ENSG00000124155","PIGT",1.71150561731055
"patient3","ENSG00000112697","CDC50A",1.70914219303952
"patient3","ENSG00000187837","H1-2",1.70447040360607
"patient3","ENSG00000182154","MRPL41",1.68291304014908
"patient3","ENSG00000172354","GNB2",1.67475813741825
"patient3","ENSG00000168710","AHCYL1",1.67469640759113
"patient3","ENSG00000135720","DYNC1LI2",1.67013211523614
"patient3","ENSG00000242485","MRPL20",1.6604552485815
"patient3","ENSG00000134440","NARS1",1.65790285615186
"patient3","ENSG00000112110","MRPL18",1.65067024963629
"patient3","ENSG00000135968","GCC2",1.64042927304259
"patient3","ENSG00000154582","ELOC",1.63854181081006
"patient3","ENSG00000162517","PEF1",1.63361282954896
"patient3","ENSG00000138757","G3BP2",1.63219179157752
"patient3","ENSG00000100216","TOMM22",1.62913412950963
"patient3","ENSG00000077232","DNAJC10",1.62612342505663
"patient3","ENSG00000168288","MMADHC",1.62518289979314
"patient3","ENSG00000095139","ARCN1",1.62115310713708
"patient3","ENSG00000119632","IFI27L2",1.61844887648632
"patient3","ENSG00000156256","USP16",1.61730863647257
"patient3","ENSG00000143222","UFC1",1.61205127471855
"patient3","ENSG00000130312","MRPL34",1.61190033597733
"patient3","ENSG00000110717","NDUFS8",1.60912367484122
"patient3","ENSG00000178057","NDUFAF3",1.60883681342714
"patient3","ENSG00000105887","MTPN",1.60866284847277
"patient3","ENSG00000125818","PSMF1",1.59925338120618
"patient3","ENSG00000129083","COPB1",1.59512697844456
"patient3","ENSG00000129103","SUMF2",1.5827455583097
"patient3","ENSG00000004779","NDUFAB1",1.58050894720648
"patient3","ENSG00000178951","ZBTB7A",1.57350210139472
"patient3","ENSG00000165416","SUGT1",1.57024519438872
"patient3","ENSG00000164615","CAMLG",1.56788517248901
"patient3","ENSG00000163319","MRPS18C",1.56273015326476
"patient3","ENSG00000070010","UFD1",1.556678190499
"patient3","ENSG00000138069","RAB1A",1.5523607822553
"patient3","ENSG00000139168","ZCRB1",1.54922942693353
"patient3","ENSG00000153006","SREK1IP1",1.54158193733649
"patient3","ENSG00000164190","NIPBL",1.53876706458001
"patient3","ENSG00000126005","MMP24OS",1.53049492182402
"patient3","ENSG00000017797","RALBP1",1.52372461035182
"patient3","ENSG00000188994","ZNF292",1.51276073188268
"patient3","ENSG00000129292","PHF20L1",1.50177329207966
"patient3","ENSG00000131013","PPIL4",1.48971025003764
"patient3","ENSG00000096401","CDC5L",1.47678650545234
"patient3","ENSG00000138175","ARL3",1.47016732750297
"patient3","ENSG00000113312","TTC1",1.4656418110566
"patient3","ENSG00000116747","RO60",1.46527507374281
"patient3","ENSG00000182934","SRPRA",1.45354498370784
"patient3","ENSG00000137106","GRHPR",1.44499263308691
"patient3","ENSG00000005075","POLR2J",1.44112575168224
"patient3","ENSG00000119801","YPEL5",1.43126799007845
"patient3","ENSG00000177565","TBL1XR1",1.43118337939623
"patient3","ENSG00000182827","ACBD3",1.42703535743088
"patient3","ENSG00000104131","EIF3J",1.41761007483144
"patient3","ENSG00000075292","ZNF638",1.41390548967373
"patient3","ENSG00000185043","CIB1",1.41297894495994
"patient3","ENSG00000122873","CISD1",1.41236134941384
"patient3","ENSG00000023318","ERP44",1.4118614347072
"patient3","ENSG00000117758","STX12",1.41082322082786
"patient3","ENSG00000169976","SF3B5",1.41012389864246
"patient3","ENSG00000112701","SENP6",1.40964917548283
"patient3","ENSG00000129518","EAPP",1.40748653893758
"patient3","ENSG00000022277","RTF2",1.40496686212235
"patient3","ENSG00000087274","ADD1",1.40366229261511
"patient3","ENSG00000074071","MRPS34",1.40322857183662
"patient3","ENSG00000138688","BLTP1",1.40175868241497
"patient3","ENSG00000102189","EEA1",1.40151529471867
"patient3","ENSG00000224877","NDUFAF8",1.39174856723001
"patient3","ENSG00000125991","ERGIC3",1.38127202466433
"patient3","ENSG00000116539","ASH1L",1.37763692111935
"patient3","ENSG00000266472","MRPS21",1.37290508090433
"patient3","ENSG00000187735","TCEA1",1.36193366602168
"patient3","ENSG00000116161","CACYBP",1.34784660173844
"patient3","ENSG00000138382","METTL5",1.33524258482289
"patient3","ENSG00000164054","SHISA5",1.32793826755374
"patient3","ENSG00000105993","DNAJB6",1.3257027561216
"patient3","ENSG00000143727","ACP1",1.32348050517873
"patient3","ENSG00000146701","MDH2",1.31679634883096
"patient3","ENSG00000130414","NDUFA10",1.30782923661379
"patient3","ENSG00000169021","UQCRFS1",1.30580473121467
"patient3","ENSG00000112739","PRP4K",1.29562628070322
"patient3","ENSG00000167792","NDUFV1",1.29558216183704
"patient3","ENSG00000131508","UBE2D2",1.28881524469858
"patient3","ENSG00000119707","RBM25",1.28432272005724
"patient3","ENSG00000102531","FNDC3A",1.28172034593953
"patient3","ENSG00000168259","DNAJC7",1.27801721332602
"patient3","ENSG00000175166","PSMD2",1.27529713811977
"patient3","ENSG00000182944","EWSR1",1.27031224045128
"patient3","ENSG00000010244","ZNF207",1.24890376575516
"patient3","ENSG00000154305","MIA3",1.24277897375026
"patient3","ENSG00000110917","MLEC",1.24101365782776
"patient3","ENSG00000197170","PSMD12",1.23665000604247
"patient3","ENSG00000128609","NDUFA5",1.23198227097681
"patient3","ENSG00000136146","MED4",1.23104603330676
"patient3","ENSG00000105379","ETFB",1.23009824368358
"patient3","ENSG00000096746","HNRNPH3",1.2272408290841
"patient3","ENSG00000146223","RPL7L1",1.22651615941086
"patient3","ENSG00000164172","MOCS2",1.22300751377488
"patient3","ENSG00000023287","RB1CC1",1.22201921481605
"patient3","ENSG00000075239","ACAT1",1.21153102088222
"patient3","ENSG00000106052","TAX1BP1",1.20949571144538
"patient3","ENSG00000105176","URI1",1.20744423452064
"patient3","ENSG00000130706","ADRM1",1.20296706580397
"patient3","ENSG00000126756","UXT",1.20290897954961
"patient3","ENSG00000136448","NMT1",1.19868709381168
"patient3","ENSG00000141867","BRD4",1.19234157182072
"patient3","ENSG00000116754","SRSF11",1.1878491676411
"patient3","ENSG00000136930","PSMB7",1.18035970256972
"patient3","ENSG00000094916","CBX5",1.18017478650875
"patient3","ENSG00000065613","SLK",1.18014874308421
"patient3","ENSG00000166946","CCNDBP1",1.16218254591902
"patient3","ENSG00000101161","PRPF6",1.16159565956225
"patient3","ENSG00000121774","KHDRBS1",1.15674724618558
"patient3","ENSG00000265808","SEC22B",1.15010020561457
"patient3","ENSG00000164031","DNAJB14",1.13515342994645
"patient3","ENSG00000136100","VPS36",1.13197023797869
"patient3","ENSG00000072506","HSD17B10",1.13140505935182
"patient3","ENSG00000101654","RNMT",1.12651355742263
"patient3","ENSG00000143256","PFDN2",1.12450462448038
"patient3","ENSG00000117899","MESD",1.12218385191546
"patient3","ENSG00000100811","YY1",1.11245677060362
"patient3","ENSG00000145833","DDX46",1.10673607875411
"patient3","ENSG00000124767","GLO1",1.10059998255175
"patient3","ENSG00000166200","COPS2",1.0950030874372
"patient3","ENSG00000100519","PSMC6",1.06357376228429
"patient3","ENSG00000129084","PSMA1",1.0583973400946
"patient3","ENSG00000174891","RSRC1",1.05391100018102
"patient3","ENSG00000136819","C9orf78",1.0494532844894
"patient3","ENSG00000111897","SERINC1",1.04857841616797
"patient3","ENSG00000174720","LARP7",1.04698302707217
"patient3","ENSG00000105402","NAPA",1.04451561550806
"patient3","ENSG00000163848","ZNF148",1.03884568892288
"patient3","ENSG00000132824","SERINC3",1.03808745590117
"patient3","ENSG00000067248","DHX29",1.02673269032472
"patient3","ENSG00000263001","GTF2I",1.01685902140386
"patient3","ENSG00000172590","MRPL52",1.01457314660274
"patient3","ENSG00000105677","TMEM147",0.98379509963531
"patient3","ENSG00000162961","DPY30",0.979057257852314
"patient3","ENSG00000179262","RAD23A",0.977856559824649
"patient3","ENSG00000120805","ARL1",0.974801613444579
"patient3","ENSG00000184432","COPB2",0.966478128509934
"patient3","ENSG00000159199","ATP5MC1",0.952119851443053
"patient3","ENSG00000002330","BAD",0.951060202486872
"patient3","ENSG00000167085","PHB1",0.950749941490096
"patient3","ENSG00000114956","DGUOK",0.948547595779165
"patient3","ENSG00000203950","RTL8A",0.941185784758004
"patient3","ENSG00000124783","SSR1",0.940560307369763
"patient3","ENSG00000130332","LSM7",0.933831694079136
"patient3","ENSG00000047410","TPR",0.929620715677033
"patient3","ENSG00000179271","GADD45GIP1",0.917136597539753
"patient3","ENSG00000038219","BOD1L1",0.903604269008921
"patient3","ENSG00000164463","CREBRF",0.899561832935769
"patient3","ENSG00000100804","PSMB5",0.896104073834238
"patient3","ENSG00000100815","TRIP11",0.893989432737298
"patient3","ENSG00000181924","COA4",0.889758906987081
"patient3","ENSG00000131495","NDUFA2",0.888500875298497
"patient3","ENSG00000161671","EMC10",0.87900055531227
"patient3","ENSG00000185129","PURA",0.877049620425297
"patient3","ENSG00000186010","NDUFA13",0.874269317224946
"patient3","ENSG00000100348","TXN2",0.869845263419384
"patient3","ENSG00000131116","ZNF428",0.855868559920795
"patient3","ENSG00000197102","DYNC1H1",0.830181899262248
"patient3","ENSG00000106443","PHF14",0.827750095522837
"patient3","ENSG00000083937","CHMP2B",0.816208817857654
"patient3","ENSG00000103978","TMEM87A",0.81042658372947
"patient3","ENSG00000184743","ATL3",0.80839115582375
"patient3","ENSG00000025796","SEC63",0.7780748474119
"patient3","ENSG00000184203","PPP1R2",0.772727315657009
"patient3","ENSG00000144747","TMF1",0.768277791576671
"patient3","ENSG00000169895","SYAP1",0.764627521663821
"patient3","ENSG00000146457","WTAP",0.760441044648983
"patient3","ENSG00000086065","CHMP5",0.739817795172842
"patient3","ENSG00000249915","PDCD6",0.731050907324444
"patient3","ENSG00000134313","KIDINS220",0.728873743483494
"patient3","ENSG00000165813","CCDC186",0.72517745878362
"patient3","ENSG00000169967","MAP3K2",0.722939526517386
"patient3","ENSG00000254505","CHMP4A",0.71902238907366
"patient3","ENSG00000148450","MSRB2",0.703057456973367
"patient3","ENSG00000105701","FKBP8",0.694244526084012
"patient3","ENSG00000157916","RER1",0.678617060562214
"patient3","ENSG00000100764","PSMC1",0.662650297173213
"patient3","ENSG00000147548","NSD3",0.65706225872872
"patient3","ENSG00000108588","CCDC47",0.636410730907871
"patient3","ENSG00000125304","TM9SF2",0.634928086468527
"patient3","ENSG00000229833","PET100",0.618469311023071
"patient3","ENSG00000168172","HOOK3",0.601693654090585
"patient3","ENSG00000214046","SMIM7",0.574885596602637
"patient3","ENSG00000115234","SNX17",0.547450180694627
"patient3","ENSG00000143977","SNRPG",0.544689572929261
"patient3","ENSG00000100568","VTI1B",0.5403011575287
"patient3","ENSG00000010404","IDS",0.528943193256567
"patient3","ENSG00000125870","SNRPB2",0.527471351052719
"patient3","ENSG00000242247","ARFGAP3",0.521270112705786
"patient3","ENSG00000138433","CIRSR",0.502927098524479
"patient3","ENSG00000153147","SMARCA5",0.46420541990008
"patient3","ENSG00000204272","NBDY",0.462051983280158
"patient3","ENSG00000113141","IK",0.450504590147657
"patient3","ENSG00000108848","LUC7L3",0.43905311778845
"patient3","ENSG00000114354","TFG",0.434996953702937
"patient3","ENSG00000007080","CCDC124",0.421017683946995
"patient3","ENSG00000163714","U2SURP",0.377149505636972
"patient3","ENSG00000143420","ENSA",0.368752208001031
"patient3","ENSG00000113068","PFDN1",0.365293906645607
"patient3","ENSG00000114062","UBE3A",0.360334724979552
"patient3","ENSG00000151461","UPF2",0.352457595828879
"patient3","ENSG00000163875","MEAF6",0.347931474721348
"patient3","ENSG00000138279","ANXA7",0.34067408534215
"patient3","ENSG00000122565","CBX3",0.322220223385563
"patient3","ENSG00000089053","ANAPC5",0.298298310811374
"patient3","ENSG00000055332","EIF2AK2",0.253669931635818
"patient3","ENSG00000123200","ZC3H13",0.222778636962048
"patient3","ENSG00000128789","PSMG2",0.221099899548229
"patient3","ENSG00000151923","TIAL1",0.218174878375987
"patient3","ENSG00000114023","FAM162A",0.21246843749928
"patient3","ENSG00000054118","THRAP3",0.176562637431278
"patient3","ENSG00000107771","CCSER2",0.156643423243026
"patient3","ENSG00000120675","DNAJC15",0.124832943430237
"patient3","ENSG00000105254","TBCB",0.109452565712892
"patient3","ENSG00000105856","HBP1",0.105222166935185
"patient3","ENSG00000100142","POLR2F",0.0991844598776937
"patient3","ENSG00000165525","NEMF",0.0982073800361674
"patient3","ENSG00000127884","ECHS1",0.0612436275200339
"patient3","ENSG00000125901","MRPS26",0.055970303033672
"patient3","ENSG00000186591","UBE2H",0.030036334840044
"patient3","ENSG00000150779","TIMM8B",-0.00308292064318396
"patient3","ENSG00000185651","UBE2L3",-0.00312058922445727
"patient3","ENSG00000125995","ROMO1",-0.0476060626076441
"patient3","ENSG00000163634","THOC7",-0.0698322743150678
"patient3","ENSG00000138398","PPIG",-0.0928924424283084
"patient3","ENSG00000079785","DDX1",-0.116622187652626
"patient3","ENSG00000242372","EIF6",-0.148258068477765
"patient3","ENSG00000071859","FAM50A",-0.161576632687369
"patient3","ENSG00000164182","NDUFAF2",-0.170535235453781
"patient3","ENSG00000100442","FKBP3",-0.173163698358508
"patient3","ENSG00000091164","TXNL1",-0.187023929089016
"patient3","ENSG00000141759","TXNL4A",-0.225476500336543
"patient3","ENSG00000225921","NOL7",-0.227043348988737
"patient3","ENSG00000197858","GPAA1",-0.291563326767163
"patient3","ENSG00000120686","UFM1",-0.364314424230692
"patient3","ENSG00000182670","TTC3",-0.387865280613449
"patient3","ENSG00000111142","METAP2",-0.392804646697353
"patient3","ENSG00000121067","SPOP",-0.411440739346277
"patient3","ENSG00000237765","FAM200B",-0.450234398471751
"patient3","ENSG00000107874","CUEDC2",-0.559219398389991
"patient3","ENSG00000112146","FBXO9",-0.687464639885017
"patient3","ENSG00000197345","MRPL21",-0.823492511725048
"patient3","ENSG00000102401","ARMCX3",-1.10476766791006
"patient3","ENSG00000213619","NDUFS3",-1.18980130621476
"patient3","ENSG00000090621","PABPC4",-1.2323474910311
"patient3","ENSG00000056097","ZFR",-1.48867976184041
"patient4","ENSG00000170323","FABP4",25.629009226376
"patient4","ENSG00000077942","FBLN1",22.3702393350819
"patient4","ENSG00000011465","DCN",22.0534890458663
"patient4","ENSG00000115414","FN1",21.7855991995127
"patient4","ENSG00000132386","SERPINF1",21.7453803549309
"patient4","ENSG00000111341","MGP",20.0506805345414
"patient4","ENSG00000100234","TIMP3",19.888094738673
"patient4","ENSG00000038427","VCAN",19.6144105566818
"patient4","ENSG00000143196","DPT",19.5291228639348
"patient4","ENSG00000120885","CLU",19.3381483451645
"patient4","ENSG00000164687","FABP5",18.3990309968465
"patient4","ENSG00000140092","FBLN5",18.1926827649179
"patient4","ENSG00000127951","FGL2",18.1742048891607
"patient4","ENSG00000115457","IGFBP2",17.6179231390496
"patient4","ENSG00000078596","ITM2A",17.5401830170791
"patient4","ENSG00000140285","FGF7",17.4951936139741
"patient4","ENSG00000141753","IGFBP4",17.1687488856324
"patient4","ENSG00000144810","COL8A1",17.1284143892523
"patient4","ENSG00000149591","TAGLN",17.0062886675572
"patient4","ENSG00000101335","MYL9",16.9932973695192
"patient4","ENSG00000198467","TPM2",16.97134720766
"patient4","ENSG00000127954","STEAP4",16.951505903021
"patient4","ENSG00000074181","NOTCH3",16.7842438055437
"patient4","ENSG00000261371","PECAM1",16.6999114190813
"patient4","ENSG00000140545","MFGE8",16.6804426938881
"patient4","ENSG00000008394","MGST1",16.3847795796249
"patient4","ENSG00000185551","NR2F2",16.3781480815899
"patient4","ENSG00000136999","CCN3",16.2602411929803
"patient4","ENSG00000107796","ACTA2",16.2297010060947
"patient4","ENSG00000186340","THBS2",15.9682127695542
"patient4","ENSG00000179144","GIMAP7",15.9660612202632
"patient4","ENSG00000181649","PHLDA2",15.8693398159678
"patient4","ENSG00000133026","MYH10",15.7951140039034
"patient4","ENSG00000176435","CLEC14A",15.623022707382
"patient4","ENSG00000135218","CD36",15.528457202281
"patient4","ENSG00000142910","TINAGL1",15.4731128847521
"patient4","ENSG00000162618","ADGRL4",15.4312765638164
"patient4","ENSG00000175899","A2M",15.4269002011807
"patient4","ENSG00000124212","PTGIS",15.3986320195642
"patient4","ENSG00000127083","OMD",15.3056802971868
"patient4","ENSG00000064042","LIMCH1",15.2853455104487
"patient4","ENSG00000103196","CRISPLD2",15.2637613456679
"patient4","ENSG00000189129","PLAC9",15.1595800286259
"patient4","ENSG00000115380","EFEMP1",15.1451559649574
"patient4","ENSG00000130300","PLVAP",15.1006062383846
"patient4","ENSG00000139329","LUM",15.0981374127525
"patient4","ENSG00000167641","PPP1R14A",15.0748763941522
"patient4","ENSG00000106809","OGN",15.0422518365618
"patient4","ENSG00000110799","VWF",14.9781015787547
"patient4","ENSG00000204472","AIF1",14.9250778066808
"patient4","ENSG00000106565","TMEM176B",14.8615458201514
"patient4","ENSG00000134853","PDGFRA",14.8102516223784
"patient4","ENSG00000167642","SPINT2",14.7858445730314
"patient4","ENSG00000049323","LTBP1",14.78528985104
"patient4","ENSG00000109099","PMP22",14.6744682635589
"patient4","ENSG00000203883","SOX18",14.6662180894701
"patient4","ENSG00000077943","ITGA8",14.6096270443334
"patient4","ENSG00000131477","RAMP2",14.5797826253874
"patient4","ENSG00000120594","PLXDC2",14.4858938706269
"patient4","ENSG00000122786","CALD1",14.46208384746
"patient4","ENSG00000182492","BGN",14.4119989278364
"patient4","ENSG00000168079","SCARA5",14.2324524886295
"patient4","ENSG00000107317","PTGDS",14.2118832101829
"patient4","ENSG00000184113","CLDN5",14.1175378483519
"patient4","ENSG00000099860","GADD45B",14.0187263988018
"patient4","ENSG00000148053","NTRK2",13.9691989079726
"patient4","ENSG00000149564","ESAM",13.9646474478112
"patient4","ENSG00000127528","KLF2",13.91130679866
"patient4","ENSG00000187244","BCAM",13.8987394527577
"patient4","ENSG00000105655","ISYNA1",13.8738690933543
"patient4","ENSG00000188783","PRELP",13.8189290705304
"patient4","ENSG00000249751","ECSCR",13.8092534312292
"patient4","ENSG00000213088","ACKR1",13.7593525233878
"patient4","ENSG00000010278","CD9",13.7563686611633
"patient4","ENSG00000204287","HLA-DRA",13.741920294551
"patient4","ENSG00000119681","LTBP2",13.7019206141962
"patient4","ENSG00000169851","PCDH7",13.6952404668165
"patient4","ENSG00000196126","HLA-DRB1",13.6367714514677
"patient4","ENSG00000072110","ACTN1",13.5889628845724
"patient4","ENSG00000170017","ALCAM",13.5658491097527
"patient4","ENSG00000172889","EGFL7",13.4857456165213
"patient4","ENSG00000157514","TSC22D3",13.48548440613
"patient4","ENSG00000133639","BTG1",13.4550716946577
"patient4","ENSG00000099260","PALMD",13.4539647548435
"patient4","ENSG00000187513","GJA4",13.4522097476654
"patient4","ENSG00000125868","DSTN",13.3861417741724
"patient4","ENSG00000158869","FCER1G",13.3717470173715
"patient4","ENSG00000240583","AQP1",13.2912006541092
"patient4","ENSG00000198959","TGM2",13.2677128792218
"patient4","ENSG00000197461","PDGFA",13.2332367010636
"patient4","ENSG00000122679","RAMP3",13.2315522569304
"patient4","ENSG00000130203","APOE",13.2279486729158
"patient4","ENSG00000002933","TMEM176A",13.2084133545954
"patient4","ENSG00000123384","LRP1",13.2050511831264
"patient4","ENSG00000132329","RAMP1",13.1965461988629
"patient4","ENSG00000165949","IFI27",13.1525658027696
"patient4","ENSG00000133392","MYH11",13.1387527380864
"patient4","ENSG00000250722","SELENOP",13.1042024894693
"patient4","ENSG00000275302","CCL4",13.0893151161641
"patient4","ENSG00000011600","TYROBP",13.0476677082973
"patient4","ENSG00000169554","ZEB2",13.013896011099
"patient4","ENSG00000149131","SERPING1",12.9933805914823
"patient4","ENSG00000125730","C3",12.9775872282017
"patient4","ENSG00000135678","CPM",12.8972355012554
"patient4","ENSG00000168497","CAVIN2",12.8771723035738
"patient4","ENSG00000106624","AEBP1",12.8064346247472
"patient4","ENSG00000129538","RNASE1",12.7609979952554
"patient4","ENSG00000185885","IFITM1",12.7414457929712
"patient4","ENSG00000163710","PCOLCE2",12.7282355795343
"patient4","ENSG00000164761","TNFRSF11B",12.7172701313406
"patient4","ENSG00000164692","COL1A2",12.5635671845506
"patient4","ENSG00000118849","RARRES1",12.5598252429558
"patient4","ENSG00000198523","PLN",12.486628639423
"patient4","ENSG00000068001","HYAL2",12.4524229123756
"patient4","ENSG00000154175","ABI3BP",12.4407144449045
"patient4","ENSG00000189058","APOD",12.4296175685629
"patient4","ENSG00000188643","S100A16",12.3810719398553
"patient4","ENSG00000019582","CD74",12.3683928842004
"patient4","ENSG00000003436","TFPI",12.3229425251324
"patient4","ENSG00000143226","FCGR2A",12.2742651963177
"patient4","ENSG00000170962","PDGFD",12.2686440143698
"patient4","ENSG00000133110","POSTN",12.2531185017836
"patient4","ENSG00000074416","MGLL",12.1883229459353
"patient4","ENSG00000144476","ACKR3",12.1477720687226
"patient4","ENSG00000076706","MCAM",12.1188572603502
"patient4","ENSG00000174348","PODN",12.1155524671545
"patient4","ENSG00000124491","F13A1",12.075956993639
"patient4","ENSG00000176971","FIBIN",12.0753388840483
"patient4","ENSG00000177606","JUN",12.0438429231288
"patient4","ENSG00000174059","CD34",12.035906721133
"patient4","ENSG00000123131","PRDX4",11.9491547594278
"patient4","ENSG00000133574","GIMAP4",11.9281611829666
"patient4","ENSG00000211445","GPX3",11.9152531098195
"patient4","ENSG00000135821","GLUL",11.8976978591226
"patient4","ENSG00000122862","SRGN",11.8785263158776
"patient4","ENSG00000130176","CNN1",11.8730795508663
"patient4","ENSG00000277632","CCL3",11.8568275553791
"patient4","ENSG00000159388","BTG2",11.8211726188441
"patient4","ENSG00000182871","COL18A1",11.7874451416744
"patient4","ENSG00000172403","SYNPO2",11.7751028362327
"patient4","ENSG00000265972","TXNIP",11.7708613493877
"patient4","ENSG00000184347","SLIT3",11.7645287669705
"patient4","ENSG00000129757","CDKN1C",11.7639010866804
"patient4","ENSG00000161638","ITGA5",11.7138773413806
"patient4","ENSG00000196154","S100A4",11.7024099157195
"patient4","ENSG00000197321","SVIL",11.7010707407409
"patient4","ENSG00000185633","COXFA4L2",11.6888580962746
"patient4","ENSG00000178695","KCTD12",11.6769184227323
"patient4","ENSG00000120708","TGFBI",11.6695518916851
"patient4","ENSG00000117632","STMN1",11.6638885830103
"patient4","ENSG00000204592","HLA-E",11.634648192593
"patient4","ENSG00000110077","MS4A6A",11.5841991692939
"patient4","ENSG00000102879","CORO1A",11.5710119021917
"patient4","ENSG00000131386","GALNT15",11.5416965796976
"patient4","ENSG00000121858","TNFSF10",11.5317975749686
"patient4","ENSG00000111348","ARHGDIB",11.5219938025691
"patient4","ENSG00000164035","EMCN",11.5080248050406
"patient4","ENSG00000106991","ENG",11.489995085908
"patient4","ENSG00000197614","MFAP5",11.4851740238042
"patient4","ENSG00000064205","CCN5",11.4672324496954
"patient4","ENSG00000164106","SCRG1",11.4662188552113
"patient4","ENSG00000184489","PTP4A3",11.4404574704132
"patient4","ENSG00000008517","IL32",11.3934643674426
"patient4","ENSG00000234745","HLA-B",11.36215768008
"patient4","ENSG00000129226","CD68",11.3507188903643
"patient4","ENSG00000159176","CSRP1",11.3458063175686
"patient4","ENSG00000162458","FBLIM1",11.3358299127188
"patient4","ENSG00000152518","ZFP36L2",11.3243325450496
"patient4","ENSG00000188257","PLA2G2A",11.3147638279796
"patient4","ENSG00000140945","CDH13",11.3054933108983
"patient4","ENSG00000142173","COL6A2",11.2930017604213
"patient4","ENSG00000125740","FOSB",11.2915569359495
"patient4","ENSG00000168209","DDIT4",11.2885044318225
"patient4","ENSG00000163520","FBLN2",11.2812201379931
"patient4","ENSG00000109610","SOD3",11.2757063986382
"patient4","ENSG00000168386","FILIP1L",11.2748579093629
"patient4","ENSG00000116132","PRRX1",11.2485770940665
"patient4","ENSG00000116016","EPAS1",11.2481432300957
"patient4","ENSG00000177575","CD163",11.2446407539799
"patient4","ENSG00000142227","EMP3",11.2297014041726
"patient4","ENSG00000176046","NUPR1",11.1924172643753
"patient4","ENSG00000204291","COL15A1",11.1703202561814
"patient4","ENSG00000135744","AGT",11.1468251776486
"patient4","ENSG00000101000","PROCR",11.1344528722117
"patient4","ENSG00000197747","S100A10",11.0794757652733
"patient4","ENSG00000140416","TPM1",11.0793047887181
"patient4","ENSG00000090382","LYZ",11.0779016610022
"patient4","ENSG00000107562","CXCL12",11.0757807438574
"patient4","ENSG00000126264","HCST",10.9845382626687
"patient4","ENSG00000188290","HES4",10.9772201210606
"patient4","ENSG00000182326","C1S",10.9392118327513
"patient4","ENSG00000160888","IER2",10.9088009977281
"patient4","ENSG00000231389","HLA-DPA1",10.8848982855693
"patient4","ENSG00000196735","HLA-DQA1",10.8720881517409
"patient4","ENSG00000159403","C1R",10.8522107854708
"patient4","ENSG00000213145","CRIP1",10.8497097776762
"patient4","ENSG00000065054","NHERF2",10.8351550667251
"patient4","ENSG00000152583","SPARCL1",10.8309271341173
"patient4","ENSG00000135916","ITM2C",10.8148356711454
"patient4","ENSG00000087245","MMP2",10.7964892291494
"patient4","ENSG00000166927","MS4A7",10.7823786484231
"patient4","ENSG00000198542","ITGBL1",10.77784001423
"patient4","ENSG00000065534","MYLK",10.7435036062403
"patient4","ENSG00000163220","S100A9",10.7388240864958
"patient4","ENSG00000124831","LRRFIP1",10.7047021629482
"patient4","ENSG00000091986","CCDC80",10.6942972711565
"patient4","ENSG00000213316","LTC4S",10.68406368886
"patient4","ENSG00000204103","MAFB",10.6758056073883
"patient4","ENSG00000145423","SFRP2",10.6709046485496
"patient4","ENSG00000101160","CTSZ",10.6234720471178
"patient4","ENSG00000187955","COL14A1",10.6096215180581
"patient4","ENSG00000166482","MFAP4",10.6093718232797
"patient4","ENSG00000104368","PLAT",10.5898045682328
"patient4","ENSG00000104870","FCGRT",10.5624364696806
"patient4","ENSG00000196616","ADH1B",10.5579337954341
"patient4","ENSG00000134531","EMP1",10.5450676406633
"patient4","ENSG00000188229","TUBB4B",10.5396281705763
"patient4","ENSG00000189171","S100A13",10.5246155849267
"patient4","ENSG00000123358","NR4A1",10.4861811588696
"patient4","ENSG00000127920","GNG11",10.4840828914324
"patient4","ENSG00000197766","CFD",10.4822123096152
"patient4","ENSG00000153823","PID1",10.4594795894022
"patient4","ENSG00000102786","INTS6",10.4570681983787
"patient4","ENSG00000145012","LPP",10.4222687383182
"patient4","ENSG00000143549","TPM3",10.3858195591444
"patient4","ENSG00000118257","NRP2",10.3536395344876
"patient4","ENSG00000185650","ZFP36L1",10.3147871354594
"patient4","ENSG00000119655","NPC2",10.2946822165832
"patient4","ENSG00000081237","PTPRC",10.2893883214251
"patient4","ENSG00000133142","TCEAL4",10.2690749808414
"patient4","ENSG00000167552","TUBA1A",10.2672546688949
"patient4","ENSG00000106483","SFRP4",10.264287700313
"patient4","ENSG00000160255","ITGB2",10.2638484865605
"patient4","ENSG00000136167","LCP1",10.2532282349985
"patient4","ENSG00000182287","AP1S2",10.2239792479548
"patient4","ENSG00000154556","SORBS2",10.2156049222941
"patient4","ENSG00000109846","CRYAB",10.1935257098271
"patient4","ENSG00000163017","ACTG2",10.1862703210456
"patient4","ENSG00000132334","PTPRE",10.183956521097
"patient4","ENSG00000154146","NRGN",10.1199807037868
"patient4","ENSG00000171862","PTEN",10.1172810042632
"patient4","ENSG00000162444","RBP7",10.0959075380323
"patient4","ENSG00000170458","CD14",10.0928327762162
"patient4","ENSG00000111716","LDHB",10.09102287482
"patient4","ENSG00000125968","ID1",10.086926102943
"patient4","ENSG00000196569","LAMA2",10.0551801922381
"patient4","ENSG00000143119","CD53",10.0546961211925
"patient4","ENSG00000152661","GJA1",10.0344755371844
"patient4","ENSG00000151491","EPS8",10.0301440857868
"patient4","ENSG00000159189","C1QC",10.0015435180052
"patient4","ENSG00000148700","ADD3",9.98995131914476
"patient4","ENSG00000153317","ASAP1",9.97748087525636
"patient4","ENSG00000119147","ECRG4",9.96986167455522
"patient4","ENSG00000038945","MSR1",9.94332294359837
"patient4","ENSG00000143127","ITGA10",9.92618298167038
"patient4","ENSG00000260314","MRC1",9.9248660917355
"patient4","ENSG00000196924","FLNA",9.91358796507165
"patient4","ENSG00000167779","IGFBP6",9.9101237080722
"patient4","ENSG00000135363","LMO2",9.9048582577407
"patient4","ENSG00000132965","ALOX5AP",9.87624354630587
"patient4","ENSG00000112531","QKI",9.85301316567167
"patient4","ENSG00000064989","CALCRL",9.77193117879399
"patient4","ENSG00000162511","LAPTM5",9.7524413941371
"patient4","ENSG00000179344","HLA-DQB1",9.75156029785729
"patient4","ENSG00000184557","SOCS3",9.74402895550821
"patient4","ENSG00000173918","C1QTNF1",9.73558108612215
"patient4","ENSG00000223865","HLA-DPB1",9.72005620047139
"patient4","ENSG00000250479","CHCHD10",9.712063343835
"patient4","ENSG00000141338","ABCA8",9.70371603010025
"patient4","ENSG00000107551","RASSF4",9.66432178639723
"patient4","ENSG00000221869","CEBPD",9.62472634385805
"patient4","ENSG00000163431","LMOD1",9.61754770510809
"patient4","ENSG00000134243","SORT1",9.60793951269494
"patient4","ENSG00000105974","CAV1",9.60548078719215
"patient4","ENSG00000000971","CFH",9.59488348139497
"patient4","ENSG00000122644","ARL4A",9.56744868859295
"patient4","ENSG00000115461","IGFBP5",9.56644361921381
"patient4","ENSG00000088832","FKBP1A",9.54060806751316
"patient4","ENSG00000182551","ADI1",9.53757495396571
"patient4","ENSG00000114315","HES1",9.53689909489306
"patient4","ENSG00000123416","TUBA1B",9.53308566684815
"patient4","ENSG00000067225","PKM",9.52752968681052
"patient4","ENSG00000166741","NNMT",9.51374013084366
"patient4","ENSG00000197943","PLCG2",9.50458929541255
"patient4","ENSG00000165795","NDRG2",9.49811358715172
"patient4","ENSG00000170345","FOS",9.4947662188336
"patient4","ENSG00000171223","JUNB",9.48346530061583
"patient4","ENSG00000106333","PCOLCE",9.47108414658748
"patient4","ENSG00000164733","CTSB",9.39635419365625
"patient4","ENSG00000173372","C1QA",9.38053621734377
"patient4","ENSG00000131370","SH3BP5",9.37424789200104
"patient4","ENSG00000085063","CD59",9.35466484594469
"patient4","ENSG00000157557","ETS2",9.34640503872208
"patient4","ENSG00000116774","OLFML3",9.34433617505824
"patient4","ENSG00000187479","C11orf96",9.32911771349339
"patient4","ENSG00000110079","MS4A4A",9.31899331661948
"patient4","ENSG00000137573","SULF1",9.31720681311859
"patient4","ENSG00000151789","ZNF385D",9.30911676046292
"patient4","ENSG00000165457","FOLR2",9.30877392818801
"patient4","ENSG00000066336","SPI1",9.29094689369551
"patient4","ENSG00000116194","ANGPTL1",9.26934557401034
"patient4","ENSG00000130402","ACTN4",9.25976392096773
"patient4","ENSG00000170891","CYTL1",9.23871604829417
"patient4","ENSG00000118785","SPP1",9.23443199065131
"patient4","ENSG00000156298","TSPAN7",9.23001729595156
"patient4","ENSG00000266964","FXYD1",9.22845734578896
"patient4","ENSG00000115641","FHL2",9.21318337533341
"patient4","ENSG00000165092","ALDH1A1",9.21290425999575
"patient4","ENSG00000163453","IGFBP7",9.20830174142365
"patient4","ENSG00000129422","MTUS1",9.20245601425473
"patient4","ENSG00000213203","GIMAP1",9.1803138009588
"patient4","ENSG00000173369","C1QB",9.15544090917779
"patient4","ENSG00000137962","ARHGAP29",9.14763778081419
"patient4","ENSG00000104332","SFRP1",9.14642672704653
"patient4","ENSG00000005022","SLC25A5",9.14362712883793
"patient4","ENSG00000136997","MYC",9.14336787881898
"patient4","ENSG00000118503","TNFAIP3",9.13592184797604
"patient4","ENSG00000104419","NDRG1",9.12843512708463
"patient4","ENSG00000100242","SUN2",9.12441117216892
"patient4","ENSG00000182578","CSF1R",9.11470626636155
"patient4","ENSG00000133816","MICAL2",9.07287478413561
"patient4","ENSG00000164125","GASK1B",9.07046175402215
"patient4","ENSG00000137331","IER3",9.06800654270428
"patient4","ENSG00000105835","NAMPT",9.06713879439191
"patient4","ENSG00000145390","USP53",9.04625146097859
"patient4","ENSG00000155659","VSIG4",9.04198547891389
"patient4","ENSG00000121898","CPXM2",9.03429421199372
"patient4","ENSG00000128595","CALU",9.03114414028725
"patient4","ENSG00000165168","CYBB",9.02805439971763
"patient4","ENSG00000169908","TM4SF1",9.022629759579
"patient4","ENSG00000138061","CYP1B1",9.01513396449511
"patient4","ENSG00000173641","HSPB7",9.01342173391697
"patient4","ENSG00000150540","HNMT",8.99288678515175
"patient4","ENSG00000103187","COTL1",8.98032773950724
"patient4","ENSG00000125347","IRF1",8.97870082008644
"patient4","ENSG00000125810","CD93",8.97518469052688
"patient4","ENSG00000145675","PIK3R1",8.97307002999796
"patient4","ENSG00000130066","SAT1",8.97128729978149
"patient4","ENSG00000169504","CLIC4",8.96188819094494
"patient4","ENSG00000182463","TSHZ2",8.96070147191058
"patient4","ENSG00000125148","MT2A",8.94650200347216
"patient4","ENSG00000197405","C5AR1",8.94400193026647
"patient4","ENSG00000129657","SEC14L1",8.91448329528774
"patient4","ENSG00000100219","XBP1",8.91153952139728
"patient4","ENSG00000168899","VAMP5",8.90675837681357
"patient4","ENSG00000130755","GMFG",8.90437729776305
"patient4","ENSG00000099250","NRP1",8.9033458799111
"patient4","ENSG00000115594","IL1R1",8.90138565741695
"patient4","ENSG00000100345","MYH9",8.89769167051626
"patient4","ENSG00000004799","PDK4",8.89388398540153
"patient4","ENSG00000102804","TSC22D1",8.89360627134652
"patient4","ENSG00000048740","CELF2",8.88685781013642
"patient4","ENSG00000104894","CD37",8.86324271060486
"patient4","ENSG00000133800","LYVE1",8.85487981840142
"patient4","ENSG00000260916","CCPG1",8.85195262450652
"patient4","ENSG00000130303","BST2",8.84479712635808
"patient4","ENSG00000169715","MT1E",8.84436846165169
"patient4","ENSG00000240065","PSMB9",8.80834016600552
"patient4","ENSG00000111145","ELK3",8.79447461037357
"patient4","ENSG00000196139","AKR1C3",8.79023846417323
"patient4","ENSG00000166562","SEC11C",8.77097625235449
"patient4","ENSG00000130429","ARPC1B",8.77030062735508
"patient4","ENSG00000242574","HLA-DMB",8.76520603227893
"patient4","ENSG00000071967","CYBRD1",8.76434756842328
"patient4","ENSG00000042753","AP2S1",8.76173192201171
"patient4","ENSG00000101347","SAMHD1",8.7607254371629
"patient4","ENSG00000089327","FXYD5",8.6990110113384
"patient4","ENSG00000113657","DPYSL3",8.69584412427556
"patient4","ENSG00000151632","AKR1C2",8.68317447763676
"patient4","ENSG00000277443","MARCKS",8.67405715188582
"patient4","ENSG00000145730","PAM",8.62787074461767
"patient4","ENSG00000143819","EPHX1",8.62609911713277
"patient4","ENSG00000084070","SMAP2",8.62490751398125
"patient4","ENSG00000162772","ATF3",8.60883219794011
"patient4","ENSG00000002549","LAP3",8.60767504635645
"patient4","ENSG00000198431","TXNRD1",8.60627961402067
"patient4","ENSG00000162576","MXRA8",8.60622970967305
"patient4","ENSG00000131711","MAP1B",8.60596303954799
"patient4","ENSG00000118515","SGK1",8.60511054709623
"patient4","ENSG00000025708","TYMP",8.5850130718239
"patient4","ENSG00000136826","KLF4",8.58227753151052
"patient4","ENSG00000162496","DHRS3",8.56786285698372
"patient4","ENSG00000004399","PLXND1",8.55892443948823
"patient4","ENSG00000181104","F2R",8.54485375704639
"patient4","ENSG00000172935","MRGPRF",8.54372402542642
"patient4","ENSG00000169439","SDC2",8.53524310909454
"patient4","ENSG00000004776","HSPB6",8.52762577745946
"patient4","ENSG00000100979","PLTP",8.50951588786602
"patient4","ENSG00000035862","TIMP2",8.5054018068549
"patient4","ENSG00000134871","COL4A2",8.50046020276963
"patient4","ENSG00000122378","PRXL2A",8.48503332934679
"patient4","ENSG00000183255","PTTG1IP",8.46943581727704
"patient4","ENSG00000122176","FMOD",8.45109644700355
"patient4","ENSG00000041982","TNC",8.44650831531898
"patient4","ENSG00000178726","THBD",8.41368486527037
"patient4","ENSG00000116044","NFE2L2",8.40395714016527
"patient4","ENSG00000123104","ITPR2",8.39998371838222
"patient4","ENSG00000203747","FCGR3A",8.39494545057361
"patient4","ENSG00000105329","TGFB1",8.38901305341307
"patient4","ENSG00000233016","SNHG7",8.37713476569026
"patient4","ENSG00000124225","PMEPA1",8.37175419946806
"patient4","ENSG00000166592","RRAD",8.35920491399454
"patient4","ENSG00000113721","PDGFRB",8.35210120583793
"patient4","ENSG00000196628","TCF4",8.35043465876431
"patient4","ENSG00000100097","LGALS1",8.33315757256559
"patient4","ENSG00000079308","TNS1",8.32059700537349
"patient4","ENSG00000119900","OGFRL1",8.31806059047462
"patient4","ENSG00000005020","SKAP2",8.29387904677281
"patient4","ENSG00000102760","RGCC",8.28915421307475
"patient4","ENSG00000163565","IFI16",8.27674937348858
"patient4","ENSG00000137575","SDCBP",8.25794422145398
"patient4","ENSG00000156113","KCNMA1",8.24280872298423
"patient4","ENSG00000081041","CXCL2",8.24140841856746
"patient4","ENSG00000170540","ARL6IP1",8.23922012151111
"patient4","ENSG00000163359","COL6A3",8.22359227100732
"patient4","ENSG00000072952","IRAG1",8.22298871400586
"patient4","ENSG00000120896","SORBS3",8.2214131925946
"patient4","ENSG00000142192","APP",8.21814604473589
"patient4","ENSG00000128739","SNRPN",8.2154328550989
"patient4","ENSG00000111817","DSE",8.2147538943886
"patient4","ENSG00000197894","ADH5",8.21083662956331
"patient4","ENSG00000162924","REL",8.19535951096683
"patient4","ENSG00000111275","ALDH2",8.18786140082506
"patient4","ENSG00000148671","ADIRF",8.18333956108393
"patient4","ENSG00000022267","FHL1",8.16769815916686
"patient4","ENSG00000196923","PDLIM7",8.14094368018755
"patient4","ENSG00000137710","RDX",8.1387503297051
"patient4","ENSG00000051523","CYBA",8.13600864529799
"patient4","ENSG00000126261","UBA2",8.1219293364592
"patient4","ENSG00000099998","GGT5",8.12145729923557
"patient4","ENSG00000173706","HEG1",8.11647380115882
"patient4","ENSG00000017427","IGF1",8.11212373409079
"patient4","ENSG00000168542","COL3A1",8.10973927824568
"patient4","ENSG00000134996","OSTF1",8.10941296854356
"patient4","ENSG00000214063","TSPAN4",8.10850058343393
"patient4","ENSG00000162599","NFIA",8.09142516855718
"patient4","ENSG00000162614","NEXN",8.08395429099623
"patient4","ENSG00000187193","MT1X",8.06605481062172
"patient4","ENSG00000026508","CD44",8.06516737694306
"patient4","ENSG00000269821","KCNQ1OT1",8.06435183163215
"patient4","ENSG00000241685","ARPC1A",8.05890966728972
"patient4","ENSG00000198502","HLA-DRB5",8.05320451565338
"patient4","ENSG00000050165","DKK3",8.04787379919203
"patient4","ENSG00000204264","PSMB8",8.04716659242796
"patient4","ENSG00000107281","NPDC1",8.04332282459367
"patient4","ENSG00000185624","P4HB",8.02664676898818
"patient4","ENSG00000112562","SMOC2",8.02302532871121
"patient4","ENSG00000109861","CTSC",8.00743801501409
"patient4","ENSG00000162998","FRZB",8.00339590128119
"patient4","ENSG00000143110","C1orf162",8.00154215887573
"patient4","ENSG00000092010","PSME1",7.99616834399425
"patient4","ENSG00000154553","PDLIM3",7.99032477403818
"patient4","ENSG00000187134","AKR1C1",7.99028557412371
"patient4","ENSG00000106066","CPVL",7.98615441985908
"patient4","ENSG00000172348","RCAN2",7.98582066047388
"patient4","ENSG00000204642","HLA-F",7.96946575721779
"patient4","ENSG00000150593","PDCD4",7.9557094476994
"patient4","ENSG00000051108","HERPUD1",7.94768047766927
"patient4","ENSG00000175183","CSRP2",7.93734294618761
"patient4","ENSG00000204257","HLA-DMA",7.92822021824951
"patient4","ENSG00000154096","THY1",7.92602368160495
"patient4","ENSG00000129824","RPS4Y1",7.91949239007636
"patient4","ENSG00000184840","TMED9",7.91322927025704
"patient4","ENSG00000124107","SLPI",7.90660724952043
"patient4","ENSG00000090013","BLVRB",7.89934296259058
"patient4","ENSG00000178573","MAF",7.89119610540004
"patient4","ENSG00000183963","SMTN",7.87717676288769
"patient4","ENSG00000204256","BRD2",7.87584996419313
"patient4","ENSG00000112936","C7",7.87403269052209
"patient4","ENSG00000241343","RPL36A",7.85899216134802
"patient4","ENSG00000114541","FRMD4B",7.8573468541859
"patient4","ENSG00000162434","JAK1",7.84045151146695
"patient4","ENSG00000142798","HSPG2",7.83536295335143
"patient4","ENSG00000154589","LY96",7.83410984399548
"patient4","ENSG00000166347","CYB5A",7.83125248547141
"patient4","ENSG00000130592","LSP1",7.8290064446233
"patient4","ENSG00000070081","NUCB2",7.8264167401643
"patient4","ENSG00000164116","GUCY1A1",7.82506310336746
"patient4","ENSG00000183722","LHFPL6",7.81588465472319
"patient4","ENSG00000153071","DAB2",7.80041803023914
"patient4","ENSG00000235162","C12orf75",7.78044785187723
"patient4","ENSG00000103145","HCFC1R1",7.77742816547983
"patient4","ENSG00000198355","PIM3",7.77587747357221
"patient4","ENSG00000197061","H4C3",7.77497229124987
"patient4","ENSG00000110852","CLEC2B",7.76274740018168
"patient4","ENSG00000163430","FSTL1",7.75822577807952
"patient4","ENSG00000196507","TCEAL3",7.74812965813522
"patient4","ENSG00000213626","LBH",7.74388560485419
"patient4","ENSG00000141905","NFIC",7.73832582533906
"patient4","ENSG00000183087","GAS6",7.72077751258447
"patient4","ENSG00000137941","TTLL7",7.71381422214677
"patient4","ENSG00000101955","SRPX",7.70657475320043
"patient4","ENSG00000108821","COL1A1",7.69149132887959
"patient4","ENSG00000141232","TOB1",7.66598051468474
"patient4","ENSG00000106366","SERPINE1",7.66128924900293
"patient4","ENSG00000269893","SNHG8",7.65734370009828
"patient4","ENSG00000134954","ETS1",7.64910081764276
"patient4","ENSG00000160213","CSTB",7.61668481773155
"patient4","ENSG00000189409","MMP23B",7.57925876977456
"patient4","ENSG00000102144","PGK1",7.57885899757176
"patient4","ENSG00000146674","IGFBP3",7.57642543963502
"patient4","ENSG00000185215","TNFAIP2",7.5718973443483
"patient4","ENSG00000111678","C12orf57",7.56716721595164
"patient4","ENSG00000185432","TMT1A",7.5599155246344
"patient4","ENSG00000159884","CCDC107",7.55164945071186
"patient4","ENSG00000110841","PPFIBP1",7.54752821858498
"patient4","ENSG00000185339","TCN2",7.54314683576047
"patient4","ENSG00000113140","SPARC",7.5422485763034
"patient4","ENSG00000102802","MEDAG",7.54028578348194
"patient4","ENSG00000160932","LY6E",7.53793666544708
"patient4","ENSG00000103769","RAB11A",7.52026316078206
"patient4","ENSG00000249669","ENSG00000249669",7.5102768385487
"patient4","ENSG00000137801","THBS1",7.50226106642708
"patient4","ENSG00000173705","SUSD5",7.48888039136316
"patient4","ENSG00000100906","NFKBIA",7.4843894574666
"patient4","ENSG00000137033","IL33",7.47983816871002
"patient4","ENSG00000106538","RARRES2",7.4616193318021
"patient4","ENSG00000102007","PLP2",7.45604595415162
"patient4","ENSG00000006327","TNFRSF12A",7.44870838193765
"patient4","ENSG00000163584","RPL22L1",7.44276784294394
"patient4","ENSG00000168994","PXDC1",7.4427661202531
"patient4","ENSG00000172301","COPRS",7.43793325588766
"patient4","ENSG00000187498","COL4A1",7.43362826879578
"patient4","ENSG00000151729","SLC25A4",7.43236432692141
"patient4","ENSG00000138080","EMILIN1",7.42979398148628
"patient4","ENSG00000166165","CKB",7.42751885344865
"patient4","ENSG00000198848","CES1",7.4255891050764
"patient4","ENSG00000130558","OLFM1",7.4178275234438
"patient4","ENSG00000150347","ARID5B",7.40831198391916
"patient4","ENSG00000139278","GLIPR1",7.38063991817586
"patient4","ENSG00000142552","RCN3",7.38061892722386
"patient4","ENSG00000131724","IL13RA1",7.37630772334429
"patient4","ENSG00000143013","LMO4",7.36661830006491
"patient4","ENSG00000147872","PLIN2",7.36321834972082
"patient4","ENSG00000116717","GADD45A",7.36022500445142
"patient4","ENSG00000169398","PTK2",7.3406275701174
"patient4","ENSG00000132002","DNAJB1",7.33868071585308
"patient4","ENSG00000142156","COL6A1",7.32494497741332
"patient4","ENSG00000205364","MT1M",7.31686959059611
"patient4","ENSG00000180304","OAZ2",7.29353595786677
"patient4","ENSG00000243927","MRPS6",7.27986549303417
"patient4","ENSG00000023902","PLEKHO1",7.27552916035477
"patient4","ENSG00000054654","SYNE2",7.27495920798284
"patient4","ENSG00000021355","SERPINB1",7.2654648651403
"patient4","ENSG00000186834","HEXIM1",7.24498804105827
"patient4","ENSG00000148908","RGS10",7.2413733582682
"patient4","ENSG00000184905","TCEAL2",7.23990759213612
"patient4","ENSG00000166398","GARRE1",7.23641545402469
"patient4","ENSG00000159128","IFNGR2",7.23496766746602
"patient4","ENSG00000112699","GMDS",7.22929836623116
"patient4","ENSG00000115875","SRSF7",7.21079901672749
"patient4","ENSG00000139318","DUSP6",7.20922390645695
"patient4","ENSG00000168461","RAB31",7.18937081960117
"patient4","ENSG00000087074","PPP1R15A",7.18802750894005
"patient4","ENSG00000107438","PDLIM1",7.17328615800715
"patient4","ENSG00000143878","RHOB",7.1644055724515
"patient4","ENSG00000167553","TUBA1C",7.159138812494
"patient4","ENSG00000275395","FCGBP",7.15818762181928
"patient4","ENSG00000099204","ABLIM1",7.14862453312366
"patient4","ENSG00000174307","PHLDA3",7.14488391537437
"patient4","ENSG00000166340","TPP1",7.14301332670794
"patient4","ENSG00000111666","CHPT1",7.13629730726581
"patient4","ENSG00000166033","HTRA1",7.12974487161056
"patient4","ENSG00000113594","LIFR",7.10761845050737
"patient4","ENSG00000126458","RRAS",7.10392354622631
"patient4","ENSG00000108691","CCL2",7.10116938846659
"patient4","ENSG00000150687","PRSS23",7.09613994178034
"patient4","ENSG00000176845","METRNL",7.09401716565817
"patient4","ENSG00000074842","MYDGF",7.08709462077078
"patient4","ENSG00000147862","NFIB",7.08344022781974
"patient4","ENSG00000106819","ASPN",7.08041587759355
"patient4","ENSG00000146376","ARHGAP18",7.07536680188791
"patient4","ENSG00000168938","PPIC",7.07332480494815
"patient4","ENSG00000058272","PPP1R12A",7.07104054704788
"patient4","ENSG00000169738","DCXR",7.06498725276649
"patient4","ENSG00000163110","PDLIM5",7.05477681673037
"patient4","ENSG00000103811","CTSH",7.05111067949872
"patient4","ENSG00000177697","CD151",7.04915981980178
"patient4","ENSG00000163131","CTSS",7.04190850116266
"patient4","ENSG00000109472","CPE",7.03242424432508
"patient4","ENSG00000085871","MGST2",7.00968723006599
"patient4","ENSG00000134294","SLC38A2",7.00744846833934
"patient4","ENSG00000170348","TMED10",7.00046929996572
"patient4","ENSG00000104765","BNIP3L",6.99965507917822
"patient4","ENSG00000137509","PRCP",6.99388873654222
"patient4","ENSG00000171860","C3AR1",6.99346438544806
"patient4","ENSG00000103966","EHD4",6.97830104304487
"patient4","ENSG00000143669","LYST",6.96670631964741
"patient4","ENSG00000134107","BHLHE40",6.96564171617839
"patient4","ENSG00000113269","RNF130",6.93155975467055
"patient4","ENSG00000102172","SMS",6.9218962250196
"patient4","ENSG00000188313","PLSCR1",6.92068151397956
"patient4","ENSG00000155368","DBI",6.90663344118255
"patient4","ENSG00000010327","STAB1",6.90608776739447
"patient4","ENSG00000128016","ZFP36",6.87255092434029
"patient4","ENSG00000030582","GRN",6.86568770880201
"patient4","ENSG00000135842","NIBAN1",6.86133851550483
"patient4","ENSG00000118855","MFSD1",6.86100031862454
"patient4","ENSG00000158747","NBL1",6.84953663702427
"patient4","ENSG00000171298","GAA",6.84922743748943
"patient4","ENSG00000213853","EMP2",6.83969813230002
"patient4","ENSG00000145632","PLK2",6.83866379062364
"patient4","ENSG00000139687","RB1",6.83751497026742
"patient4","ENSG00000091436","MAP3K20",6.83668021055041
"patient4","ENSG00000067113","PLPP1",6.83584616561774
"patient4","ENSG00000175602","CCDC85B",6.83377742390802
"patient4","ENSG00000120742","SERP1",6.83129123897805
"patient4","ENSG00000131669","NINJ1",6.82426767618563
"patient4","ENSG00000125753","VASP",6.81642000281362
"patient4","ENSG00000092964","DPYSL2",6.79401931723996
"patient4","ENSG00000117984","CTSD",6.7911138889737
"patient4","ENSG00000154188","ANGPT1",6.78795827322399
"patient4","ENSG00000138071","ACTR2",6.78577890508153
"patient4","ENSG00000136603","SKIL",6.78431110312392
"patient4","ENSG00000135269","TES",6.7842179231953
"patient4","ENSG00000140836","ZFHX3",6.77390107646736
"patient4","ENSG00000128228","SDF2L1",6.76943475445535
"patient4","ENSG00000116741","RGS2",6.76811955434704
"patient4","ENSG00000198832","SELENOM",6.74485077701771
"patient4","ENSG00000081189","MEF2C",6.74007231272923
"patient4","ENSG00000171735","CAMTA1",6.72080620001607
"patient4","ENSG00000042493","CAPG",6.69762481150141
"patient4","ENSG00000104823","ECH1",6.69237497348964
"patient4","ENSG00000137161","CNPY3",6.6900408795952
"patient4","ENSG00000106615","RHEB",6.67896043976224
"patient4","ENSG00000006016","CRLF1",6.678365608609
"patient4","ENSG00000136235","GPNMB",6.67509977303698
"patient4","ENSG00000125844","RRBP1",6.66966688649058
"patient4","ENSG00000166333","ILK",6.66883467035447
"patient4","ENSG00000118640","VAMP8",6.66778583564063
"patient4","ENSG00000173193","PARP14",6.6618498908932
"patient4","ENSG00000114115","RBP1",6.65756829896502
"patient4","ENSG00000136732","GYPC",6.63589776489912
"patient4","ENSG00000115468","EFHD1",6.6252400725178
"patient4","ENSG00000011422","PLAUR",6.61272060558132
"patient4","ENSG00000105223","PLD3",6.60020561881441
"patient4","ENSG00000047457","CP",6.58644267055749
"patient4","ENSG00000166750","SLFN5",6.56905404633566
"patient4","ENSG00000149084","HSD17B12",6.5589076211206
"patient4","ENSG00000132780","NASP",6.55880469777749
"patient4","ENSG00000213639","PPP1CB",6.55734844182171
"patient4","ENSG00000185896","LAMP1",6.55683783867768
"patient4","ENSG00000176485","PLAAT3",6.54683923310897
"patient4","ENSG00000168056","LTBP3",6.53671496271067
"patient4","ENSG00000131435","PDLIM4",6.53111820357905
"patient4","ENSG00000167601","AXL",6.52009301441376
"patient4","ENSG00000134352","IL6ST",6.50717667453183
"patient4","ENSG00000109113","RAB34",6.50435854853996
"patient4","ENSG00000181722","ZBTB20",6.49589872790664
"patient4","ENSG00000163513","TGFBR2",6.49396980717005
"patient4","ENSG00000154734","ADAMTS1",6.49010538193638
"patient4","ENSG00000151914","DST",6.48212864327418
"patient4","ENSG00000158716","DUSP23",6.47156791931573
"patient4","ENSG00000147416","ATP6V1B2",6.46696117960429
"patient4","ENSG00000156804","FBXO32",6.45769374741011
"patient4","ENSG00000273749","CYFIP1",6.45359608598979
"patient4","ENSG00000166147","FBN1",6.45005380914128
"patient4","ENSG00000095637","SORBS1",6.44631503009742
"patient4","ENSG00000163931","TKT",6.44516158613072
"patient4","ENSG00000108823","SGCA",6.42217385764376
"patient4","ENSG00000204388","HSPA1B",6.42078138152732
"patient4","ENSG00000240972","MIF",6.42017912732166
"patient4","ENSG00000180817","PPA1",6.41947138712794
"patient4","ENSG00000143387","CTSK",6.4126765575057
"patient4","ENSG00000173486","FKBP2",6.41063313341701
"patient4","ENSG00000185630","PBX1",6.40006439438116
"patient4","ENSG00000117448","AKR1A1",6.3820152758539
"patient4","ENSG00000138814","PPP3CA",6.37690208834588
"patient4","ENSG00000133789","SWAP70",6.37008144264104
"patient4","ENSG00000144802","NFKBIZ",6.36901088697115
"patient4","ENSG00000110092","CCND1",6.36869215957459
"patient4","ENSG00000134202","GSTM3",6.36727575133249
"patient4","ENSG00000211455","STK38L",6.36653700697793
"patient4","ENSG00000026297","RNASET2",6.36150243449287
"patient4","ENSG00000157107","FCHO2",6.36058586069368
"patient4","ENSG00000172201","ID4",6.35822509644944
"patient4","ENSG00000217555","CKLF",6.35501220517855
"patient4","ENSG00000143870","PDIA6",6.35242774355156
"patient4","ENSG00000159840","ZYX",6.33765724221755
"patient4","ENSG00000157150","TIMP4",6.32562048948873
"patient4","ENSG00000113811","SELENOK",6.31715734309111
"patient4","ENSG00000114850","SSR3",6.31367054722983
"patient4","ENSG00000107738","VSIR",6.30854993813734
"patient4","ENSG00000204569","PPP1R10",6.30700614267594
"patient4","ENSG00000100600","LGMN",6.29487954265455
"patient4","ENSG00000131238","PPT1",6.29333245433673
"patient4","ENSG00000060237","WNK1",6.29273409068502
"patient4","ENSG00000111077","TNS2",6.29197602875957
"patient4","ENSG00000164176","EDIL3",6.28769966113404
"patient4","ENSG00000126524","SBDS",6.28521605065266
"patient4","ENSG00000171659","GPR34",6.28100597420862
"patient4","ENSG00000099797","TECR",6.27844976195773
"patient4","ENSG00000035403","VCL",6.25142482842769
"patient4","ENSG00000221968","FADS3",6.25084552791465
"patient4","ENSG00000164032","H2AZ1",6.22905235746444
"patient4","ENSG00000153310","CYRIB",6.22840759161052
"patient4","ENSG00000067182","TNFRSF1A",6.22759051886476
"patient4","ENSG00000079819","EPB41L2",6.20719170182192
"patient4","ENSG00000120963","ZNF706",6.19920031321283
"patient4","ENSG00000113648","MACROH2A1",6.19298980729429
"patient4","ENSG00000101856","PGRMC1",6.18738027462049
"patient4","ENSG00000172216","CEBPB",6.185632441717
"patient4","ENSG00000070961","ATP2B1",6.17539178675672
"patient4","ENSG00000069702","TGFBR3",6.17276592009777
"patient4","ENSG00000181222","POLR2A",6.1713169670857
"patient4","ENSG00000082781","ITGB5",6.1664011967161
"patient4","ENSG00000162407","PLPP3",6.16612888987969
"patient4","ENSG00000164713","BRI3",6.14105689290188
"patient4","ENSG00000204389","HSPA1A",6.13138945046948
"patient4","ENSG00000147454","SLC25A37",6.12609714711872
"patient4","ENSG00000109787","KLF3",6.12605879765224
"patient4","ENSG00000067900","ROCK1",6.12558368824352
"patient4","ENSG00000128245","YWHAH",6.12257022963356
"patient4","ENSG00000117519","CNN3",6.11792083166529
"patient4","ENSG00000100644","HIF1A",6.1177560631341
"patient4","ENSG00000169604","ANTXR1",6.11447820224293
"patient4","ENSG00000177674","AGTRAP",6.10474338152007
"patient4","ENSG00000100911","PSME2",6.10374059668618
"patient4","ENSG00000197448","GSTK1",6.10362767623662
"patient4","ENSG00000122034","GTF3A",6.10250352518184
"patient4","ENSG00000111885","MAN1A1",6.08556235814608
"patient4","ENSG00000147027","TMEM47",6.07544684850513
"patient4","ENSG00000161921","CXCL16",6.07469085284924
"patient4","ENSG00000146066","HIGD2A",6.06659160612798
"patient4","ENSG00000133872","SARAF",6.06131275283255
"patient4","ENSG00000143162","CREG1",6.06100143534679
"patient4","ENSG00000141756","FKBP10",6.0490421974122
"patient4","ENSG00000182208","MOB2",6.04076276209309
"patient4","ENSG00000108639","SYNGR2",6.0336912697508
"patient4","ENSG00000120306","CYSTM1",6.03245598705648
"patient4","ENSG00000149557","FEZ1",6.03102914550715
"patient4","ENSG00000168003","SLC3A2",6.02689452451858
"patient4","ENSG00000106772","PRUNE2",6.02591292109701
"patient4","ENSG00000165655","ZNF503",6.00062864608779
"patient4","ENSG00000101384","JAG1",5.99093538561651
"patient4","ENSG00000115738","ID2",5.99091583988751
"patient4","ENSG00000120129","DUSP1",5.98902315857703
"patient4","ENSG00000173511","VEGFB",5.98270145980746
"patient4","ENSG00000044574","HSPA5",5.96988982022728
"patient4","ENSG00000197712","FAM114A1",5.9671951849154
"patient4","ENSG00000005243","COPZ2",5.95957525671089
"patient4","ENSG00000115306","SPTBN1",5.95491498706747
"patient4","ENSG00000187231","SESTD1",5.95370618756823
"patient4","ENSG00000178035","IMPDH2",5.95175160562359
"patient4","ENSG00000147065","MSN",5.94696992018799
"patient4","ENSG00000180353","HCLS1",5.94342782597542
"patient4","ENSG00000123096","SSPN",5.93535086893775
"patient4","ENSG00000173267","SNCG",5.91915141070842
"patient4","ENSG00000198947","DMD",5.9154242663745
"patient4","ENSG00000108774","RAB5C",5.90527748288972
"patient4","ENSG00000143537","ADAM15",5.90323875184693
"patient4","ENSG00000168036","CTNNB1",5.88738898139791
"patient4","ENSG00000222041","CYTOR",5.88312833247726
"patient4","ENSG00000118292","C1orf54",5.8808031340305
"patient4","ENSG00000171867","PRNP",5.87914301667235
"patient4","ENSG00000172531","PPP1CA",5.87723787685013
"patient4","ENSG00000163660","CCNL1",5.87708682609764
"patient4","ENSG00000243147","MRPL33",5.87354294717342
"patient4","ENSG00000027697","IFNGR1",5.86221976164925
"patient4","ENSG00000138449","SLC40A1",5.85884549381681
"patient4","ENSG00000143545","RAB13",5.84208540946832
"patient4","ENSG00000177469","CAVIN1",5.84204497282118
"patient4","ENSG00000121691","CAT",5.83833194368232
"patient4","ENSG00000164949","GEM",5.82900110248228
"patient4","ENSG00000049449","RCN1",5.82540889773388
"patient4","ENSG00000085662","AKR1B1",5.81802029324259
"patient4","ENSG00000204217","BMPR2",5.81003830619244
"patient4","ENSG00000164442","CITED2",5.7886316324494
"patient4","ENSG00000077157","PPP1R12B",5.78206403717719
"patient4","ENSG00000177885","GRB2",5.78159518353889
"patient4","ENSG00000047849","MAP4",5.76685718773041
"patient4","ENSG00000151726","ACSL1",5.75924685269758
"patient4","ENSG00000129116","PALLD",5.74548267525143
"patient4","ENSG00000173221","GLRX",5.743860840616
"patient4","ENSG00000116962","NID1",5.74186751864637
"patient4","ENSG00000155090","KLF10",5.73441222775687
"patient4","ENSG00000112576","CCND3",5.73008585873424
"patient4","ENSG00000126457","PRMT1",5.72998291848481
"patient4","ENSG00000125827","TMX4",5.72781318377687
"patient4","ENSG00000141543","EIF4A3",5.72592184659934
"patient4","ENSG00000204262","COL5A2",5.71357714242323
"patient4","ENSG00000071127","WDR1",5.70767902629317
"patient4","ENSG00000103490","PYCARD",5.69745999929985
"patient4","ENSG00000177105","RHOG",5.69529252996564
"patient4","ENSG00000108828","VAT1",5.68536727991519
"patient4","ENSG00000003402","CFLAR",5.68457295462469
"patient4","ENSG00000005893","LAMP2",5.67385987602915
"patient4","ENSG00000152818","UTRN",5.67366181686591
"patient4","ENSG00000111961","SASH1",5.66391796311266
"patient4","ENSG00000129680","MAP7D3",5.65853249995119
"patient4","ENSG00000065911","MTHFD2",5.6501891960287
"patient4","ENSG00000174718","RESF1",5.64497108189586
"patient4","ENSG00000116586","LAMTOR2",5.62514271167235
"patient4","ENSG00000129515","SNX6",5.62078780324361
"patient4","ENSG00000163001","CFAP36",5.61739108236276
"patient4","ENSG00000113621","TXNDC15",5.6151759134919
"patient4","ENSG00000154380","ENAH",5.61091805082808
"patient4","ENSG00000107372","ZFAND5",5.59681852395412
"patient4","ENSG00000241553","ARPC4",5.5915390772809
"patient4","ENSG00000131471","AOC3",5.58902883069413
"patient4","ENSG00000138735","PDE5A",5.58343930776507
"patient4","ENSG00000008441","NFIX",5.57824860408537
"patient4","ENSG00000129128","SPCS3",5.57804763749276
"patient4","ENSG00000131446","MGAT1",5.57720813231683
"patient4","ENSG00000140497","SCAMP2",5.57680521835347
"patient4","ENSG00000265681","RPL17",5.54813865664572
"patient4","ENSG00000182809","CRIP2",5.53943543618419
"patient4","ENSG00000105202","FBL",5.53092977138882
"patient4","ENSG00000128791","TWSG1",5.53059983771664
"patient4","ENSG00000176658","MYO1D",5.5101527671308
"patient4","ENSG00000123240","OPTN",5.5100002044224
"patient4","ENSG00000139679","LPAR6",5.50999279455992
"patient4","ENSG00000168477","TNXB",5.4937393195789
"patient4","ENSG00000115355","CCDC88A",5.48918478740323
"patient4","ENSG00000028137","TNFRSF1B",5.48892017546979
"patient4","ENSG00000165512","ZNF22",5.48119335802116
"patient4","ENSG00000141480","ARRB2",5.4720933801867
"patient4","ENSG00000241399","CD302",5.4713163623418
"patient4","ENSG00000169756","LIMS1",5.46412108510862
"patient4","ENSG00000167157","PRRX2",5.44246319077819
"patient4","ENSG00000196352","CD55",5.43422416736974
"patient4","ENSG00000068912","ERLEC1",5.42632663780758
"patient4","ENSG00000136240","KDELR2",5.42443578590399
"patient4","ENSG00000091136","LAMB1",5.42286499345277
"patient4","ENSG00000071205","ARHGAP10",5.41660612663838
"patient4","ENSG00000116560","SFPQ",5.41408271789735
"patient4","ENSG00000117410","ATP6V0B",5.41008081846301
"patient4","ENSG00000170776","AKAP13",5.37940273493632
"patient4","ENSG00000181019","NQO1",5.37646047732619
"patient4","ENSG00000182240","BACE2",5.36843690272097
"patient4","ENSG00000131236","CAP1",5.35655036916524
"patient4","ENSG00000168140","VASN",5.35131676279836
"patient4","ENSG00000118508","RAB32",5.35048888154768
"patient4","ENSG00000205302","SNX2",5.34979902761726
"patient4","ENSG00000133030","MPRIP",5.33615658052553
"patient4","ENSG00000241644","INMT",5.3354224191215
"patient4","ENSG00000197965","MPZL1",5.33470370385454
"patient4","ENSG00000165507","DEPP1",5.32481787697695
"patient4","ENSG00000108679","LGALS3BP",5.32174103164665
"patient4","ENSG00000145936","KCNMB1",5.31887495340527
"patient4","ENSG00000189067","LITAF",5.3122050673168
"patient4","ENSG00000119729","RHOQ",5.31175483479147
"patient4","ENSG00000138758","SEPTIN11",5.31049290480209
"patient4","ENSG00000115977","AAK1",5.29107042055456
"patient4","ENSG00000122642","FKBP9",5.28942283780872
"patient4","ENSG00000065809","FAM107B",5.28327338258623
"patient4","ENSG00000169764","UGP2",5.28270820945814
"patient4","ENSG00000118418","HMGN3",5.28202059963748
"patient4","ENSG00000157110","RBPMS",5.27648933769578
"patient4","ENSG00000171992","SYNPO",5.27006322015027
"patient4","ENSG00000054598","FOXC1",5.27005791731849
"patient4","ENSG00000161960","EIF4A1",5.26759150605411
"patient4","ENSG00000149257","SERPINH1",5.26409242842227
"patient4","ENSG00000147526","TACC1",5.26260625969964
"patient4","ENSG00000148175","STOM",5.2610681494061
"patient4","ENSG00000116473","RAP1A",5.25647179233308
"patient4","ENSG00000053254","FOXN3",5.25506880284529
"patient4","ENSG00000123636","BAZ2B",5.2465481624638
"patient4","ENSG00000135047","CTSL",5.23685115076702
"patient4","ENSG00000163171","CDC42EP3",5.23427234026344
"patient4","ENSG00000077782","FGFR1",5.22933843526861
"patient4","ENSG00000164932","CTHRC1",5.22479211370922
"patient4","ENSG00000173848","NET1",5.22054778552391
"patient4","ENSG00000149218","ENDOD1",5.21780125571785
"patient4","ENSG00000176978","DPP7",5.21504900132002
"patient4","ENSG00000140575","IQGAP1",5.20424533806468
"patient4","ENSG00000100243","CYB5R3",5.20025225637951
"patient4","ENSG00000034677","RNF19A",5.19954512905643
"patient4","ENSG00000247596","TWF2",5.18146126686591
"patient4","ENSG00000173598","NUDT4",5.18060099322063
"patient4","ENSG00000086061","DNAJA1",5.18034174605826
"patient4","ENSG00000164056","SPRY1",5.1769557252291
"patient4","ENSG00000070214","SLC44A1",5.17669174743431
"patient4","ENSG00000196954","CASP4",5.16125733245134
"patient4","ENSG00000071282","LMCD1",5.15638717855525
"patient4","ENSG00000011405","PIK3C2A",5.15594975674857
"patient4","ENSG00000050405","LIMA1",5.14253853027379
"patient4","ENSG00000105971","CAV2",5.1322163931526
"patient4","ENSG00000087502","ERGIC2",5.12939228051296
"patient4","ENSG00000008282","SYPL1",5.11104023021361
"patient4","ENSG00000137312","FLOT1",5.08797221268654
"patient4","ENSG00000239672","NME1",5.08620259530406
"patient4","ENSG00000082996","RNF13",5.08481846651131
"patient4","ENSG00000107798","LIPA",5.08270717525199
"patient4","ENSG00000122694","GLIPR2",5.08155025501323
"patient4","ENSG00000119326","CTNNAL1",5.07402330490809
"patient4","ENSG00000118705","RPN2",5.07117138691313
"patient4","ENSG00000246705","H2AJ",5.0708881412683
"patient4","ENSG00000160752","FDPS",5.068888038233
"patient4","ENSG00000068305","MEF2A",5.06257887095846
"patient4","ENSG00000011454","RABGAP1",5.05474584556359
"patient4","ENSG00000168710","AHCYL1",5.04965643541452
"patient4","ENSG00000153048","CARHSP1",5.04308448321245
"patient4","ENSG00000111276","CDKN1B",5.03723162395505
"patient4","ENSG00000120738","EGR1",5.03453782775666
"patient4","ENSG00000144724","PTPRG",5.0332533940401
"patient4","ENSG00000138594","TMOD3",5.03302222341909
"patient4","ENSG00000148834","GSTO1",5.03148583377008
"patient4","ENSG00000197043","ANXA6",5.01938681759587
"patient4","ENSG00000198189","HSD17B11",5.0149482457259
"patient4","ENSG00000018408","WWTR1",5.01492629456325
"patient4","ENSG00000175197","DDIT3",5.00629821399842
"patient4","ENSG00000112308","C6orf62",5.00225680130877
"patient4","ENSG00000168214","RBPJ",5.00189114384235
"patient4","ENSG00000141447","OSBPL1A",4.99905649386342
"patient4","ENSG00000118523","CCN2",4.99330605885185
"patient4","ENSG00000124766","SOX4",4.98536954897636
"patient4","ENSG00000196843","ARID5A",4.97041115821187
"patient4","ENSG00000009413","REV3L",4.97040603116653
"patient4","ENSG00000061676","NCKAP1",4.96188569766468
"patient4","ENSG00000164105","SAP30",4.94802470754331
"patient4","ENSG00000127947","PTPN12",4.92987722945619
"patient4","ENSG00000144426","NBEAL1",4.92834806844877
"patient4","ENSG00000145050","MANF",4.92760904668448
"patient4","ENSG00000156642","NPTN",4.92596915417548
"patient4","ENSG00000152558","TMEM123",4.92371877407074
"patient4","ENSG00000266412","NCOA4",4.91487762991589
"patient4","ENSG00000144642","RBMS3",4.91302850661403
"patient4","ENSG00000095794","CREM",4.90760134214986
"patient4","ENSG00000104763","ASAH1",4.9059326137981
"patient4","ENSG00000117691","NENF",4.90032939084859
"patient4","ENSG00000152291","TGOLN2",4.89962012673257
"patient4","ENSG00000198856","OSTC",4.89899008038913
"patient4","ENSG00000109906","ZBTB16",4.89108180465699
"patient4","ENSG00000189221","MAOA",4.8859398483412
"patient4","ENSG00000178719","GRINA",4.88175273053729
"patient4","ENSG00000172380","GNG12",4.88061578110157
"patient4","ENSG00000174080","CTSF",4.87989975772214
"patient4","ENSG00000165389","SPTSSA",4.86922378205064
"patient4","ENSG00000173436","MICOS10",4.86828306606636
"patient4","ENSG00000090006","LTBP4",4.86657657416688
"patient4","ENSG00000166337","TAF10",4.86220514475738
"patient4","ENSG00000117298","ECE1",4.85966485107137
"patient4","ENSG00000185825","BCAP31",4.84703215321867
"patient4","ENSG00000138119","MYOF",4.83539714580447
"patient4","ENSG00000164104","HMGB2",4.82311591673023
"patient4","ENSG00000148516","ZEB1",4.82230860582435
"patient4","ENSG00000167397","VKORC1",4.81959307416598
"patient4","ENSG00000173457","PPP1R14B",4.81534044484495
"patient4","ENSG00000070404","FSTL3",4.81132438115942
"patient4","ENSG00000196230","TUBB",4.79185542120347
"patient4","ENSG00000187608","ISG15",4.7858429991236
"patient4","ENSG00000137831","UACA",4.78573784233112
"patient4","ENSG00000213614","HEXA",4.78246245128094
"patient4","ENSG00000140682","TGFB1I1",4.75568473689375
"patient4","ENSG00000160613","PCSK7",4.75093045117843
"patient4","ENSG00000111912","NCOA7",4.74144806758561
"patient4","ENSG00000121064","SCPEP1",4.73961701694962
"patient4","ENSG00000155660","PDIA4",4.73754123160202
"patient4","ENSG00000118762","PKD2",4.73638514839354
"patient4","ENSG00000114861","FOXP1",4.73599621971012
"patient4","ENSG00000170759","KIF5B",4.73591393022316
"patient4","ENSG00000024422","EHD2",4.73171990011127
"patient4","ENSG00000184584","STING1",4.71536224463748
"patient4","ENSG00000140941","MAP1LC3B",4.7067655959189
"patient4","ENSG00000179820","MYADM",4.69652256502176
"patient4","ENSG00000139112","GABARAPL1",4.68642988155224
"patient4","ENSG00000229807","XIST",4.67032191659092
"patient4","ENSG00000116539","ASH1L",4.65715962472373
"patient4","ENSG00000182636","NDN",4.65596168598086
"patient4","ENSG00000147669","POLR2K",4.63827290969385
"patient4","ENSG00000182117","NOP10",4.63503230498751
"patient4","ENSG00000091317","CMTM6",4.63469335660175
"patient4","ENSG00000108256","NUFIP2",4.62687633589899
"patient4","ENSG00000174099","MSRB3",4.62189636422064
"patient4","ENSG00000107863","ARHGAP21",4.6140933033737
"patient4","ENSG00000167470","MIDN",4.61360440112182
"patient4","ENSG00000172493","AFF1",4.61275836353976
"patient4","ENSG00000164039","BDH2",4.61203801969419
"patient4","ENSG00000117318","ID3",4.61172819387026
"patient4","ENSG00000177410","ZFAS1",4.60885338103461
"patient4","ENSG00000118971","CCND2",4.60786923050383
"patient4","ENSG00000162385","MAGOH",4.58908550778042
"patient4","ENSG00000114857","NKTR",4.58278106020216
"patient4","ENSG00000163956","LRPAP1",4.57872943504357
"patient4","ENSG00000073921","PICALM",4.57756526053381
"patient4","ENSG00000162616","DNAJB4",4.57292664606796
"patient4","ENSG00000166681","BEX3",4.57216177617363
"patient4","ENSG00000163902","RPN1",4.56993655147286
"patient4","ENSG00000134318","ROCK2",4.56259892453645
"patient4","ENSG00000150977","RILPL2",4.55975364593496
"patient4","ENSG00000085733","CTTN",4.54973237913515
"patient4","ENSG00000116489","CAPZA1",4.54684028626307
"patient4","ENSG00000169641","LUZP1",4.53788315312081
"patient4","ENSG00000173821","RNF213",4.53284890962958
"patient4","ENSG00000197256","KANK2",4.52997968253682
"patient4","ENSG00000071553","ATP6AP1",4.51101881188554
"patient4","ENSG00000119138","KLF9",4.51018609959164
"patient4","ENSG00000177156","TALDO1",4.50757581103213
"patient4","ENSG00000138279","ANXA7",4.50037154015078
"patient4","ENSG00000278311","GGNBP2",4.49780728483563
"patient4","ENSG00000265491","RNF115",4.49660879541229
"patient4","ENSG00000127603","MACF1",4.49450874307593
"patient4","ENSG00000166503","HDGFL3",4.49428463455144
"patient4","ENSG00000003056","M6PR",4.49167226279942
"patient4","ENSG00000178741","COX5A",4.48520506975764
"patient4","ENSG00000105373","NOP53",4.47434994733171
"patient4","ENSG00000176171","BNIP3",4.46706969497103
"patient4","ENSG00000120837","NFYB",4.46513969045528
"patient4","ENSG00000117906","RCN2",4.45565009138752
"patient4","ENSG00000163683","SMIM14",4.45168459964081
"patient4","ENSG00000198931","APRT",4.44260449846071
"patient4","ENSG00000080822","CLDND1",4.439195780103
"patient4","ENSG00000134308","YWHAQ",4.43520434247039
"patient4","ENSG00000091527","CDV3",4.43434851376054
"patient4","ENSG00000104324","CPQ",4.43224632105102
"patient4","ENSG00000169926","KLF13",4.43085157568796
"patient4","ENSG00000179085","DPM3",4.42665459943066
"patient4","ENSG00000124299","PEPD",4.41586857926502
"patient4","ENSG00000173272","MZT2A",4.41523751869555
"patient4","ENSG00000189060","H1-0",4.40355224059651
"patient4","ENSG00000130779","CLIP1",4.40127969780469
"patient4","ENSG00000196975","ANXA4",4.39911079698482
"patient4","ENSG00000072163","LIMS2",4.39784209609239
"patient4","ENSG00000197879","MYO1C",4.39575220879445
"patient4","ENSG00000162733","DDR2",4.38688596846251
"patient4","ENSG00000126351","THRA",4.38245520024983
"patient4","ENSG00000147202","DIAPH2",4.3820846122941
"patient4","ENSG00000131018","SYNE1",4.38003437429902
"patient4","ENSG00000130313","PGLS",4.37684290396508
"patient4","ENSG00000102898","NUTF2",4.37453064082603
"patient4","ENSG00000135535","CD164",4.36853786117525
"patient4","ENSG00000117616","RSRP1",4.36590985183131
"patient4","ENSG00000134884","ARGLU1",4.36009014170812
"patient4","ENSG00000213949","ITGA1",4.35701812845373
"patient4","ENSG00000142871","CCN1",4.35048049587505
"patient4","ENSG00000170876","TMEM43",4.34666608718504
"patient4","ENSG00000049860","HEXB",4.34656540279742
"patient4","ENSG00000162734","PEA15",4.34645984365288
"patient4","ENSG00000119950","MXI1",4.34004716459472
"patient4","ENSG00000113742","CPEB4",4.33553857546576
"patient4","ENSG00000122884","P4HA1",4.33421011987275
"patient4","ENSG00000105401","CDC37",4.33267149388597
"patient4","ENSG00000172037","LAMB2",4.33252978384209
"patient4","ENSG00000093010","COMT",4.33214714709733
"patient4","ENSG00000082153","BZW1",4.32675274164428
"patient4","ENSG00000168615","ADAM9",4.31913983985051
"patient4","ENSG00000075539","FRYL",4.31871900792195
"patient4","ENSG00000164330","EBF1",4.31611564785479
"patient4","ENSG00000239697","TNFSF12",4.31515722712536
"patient4","ENSG00000163069","SGCB",4.31426678041841
"patient4","ENSG00000178104","PDE4DIP",4.30968636878323
"patient4","ENSG00000049540","ELN",4.30335240068066
"patient4","ENSG00000104325","DECR1",4.29269390348825
"patient4","ENSG00000184990","SIVA1",4.29247591970045
"patient4","ENSG00000117362","APH1A",4.29171112955545
"patient4","ENSG00000107290","SETX",4.29145111437206
"patient4","ENSG00000170955","CAVIN3",4.27697601174519
"patient4","ENSG00000196776","CD47",4.27450678850095
"patient4","ENSG00000078808","SDF4",4.27067472041574
"patient4","ENSG00000172638","EFEMP2",4.25838379542224
"patient4","ENSG00000144560","VGLL4",4.25327134254733
"patient4","ENSG00000135926","TMBIM1",4.24728201898634
"patient4","ENSG00000185532","PRKG1",4.24282624846284
"patient4","ENSG00000164741","DLC1",4.23416315374199
"patient4","ENSG00000085224","ATRX",4.22779930576979
"patient4","ENSG00000164985","PSIP1",4.22616490025443
"patient4","ENSG00000167775","CD320",4.22438789879698
"patient4","ENSG00000168374","ARF4",4.22129131616556
"patient4","ENSG00000100804","PSMB5",4.22127135515002
"patient4","ENSG00000100711","ZFYVE21",4.22011901636528
"patient4","ENSG00000096060","FKBP5",4.21826789076392
"patient4","ENSG00000011638","LDAF1",4.2126119734034
"patient4","ENSG00000159228","CBR1",4.21117885523695
"patient4","ENSG00000184785","SMIM10",4.20685181882667
"patient4","ENSG00000115091","ACTR3",4.20113469625778
"patient4","ENSG00000102024","PLS3",4.1968676871005
"patient4","ENSG00000135862","LAMC1",4.1929650421367
"patient4","ENSG00000112514","CUTA",4.1879093457466
"patient4","ENSG00000115419","GLS",4.18020094162343
"patient4","ENSG00000112773","TENT5A",4.16723280025913
"patient4","ENSG00000116285","ERRFI1",4.16648633016103
"patient4","ENSG00000147274","RBMX",4.16644461008596
"patient4","ENSG00000102316","MAGED2",4.16038731943675
"patient4","ENSG00000171055","FEZ2",4.1509565117731
"patient4","ENSG00000100567","PSMA3",4.15012758156621
"patient4","ENSG00000143416","SELENBP1",4.13983235037851
"patient4","ENSG00000165527","ARF6",4.13146390691815
"patient4","ENSG00000168734","PKIG",4.1300324400357
"patient4","ENSG00000136770","DNAJC1",4.11647340821647
"patient4","ENSG00000204370","SDHD",4.10680640449287
"patient4","ENSG00000224032","ENSG00000224032",4.1048559328794
"patient4","ENSG00000094963","FMO2",4.09984042855252
"patient4","ENSG00000166946","CCNDBP1",4.09873585809517
"patient4","ENSG00000135677","GNS",4.09739894106463
"patient4","ENSG00000144381","HSPD1",4.08157770776247
"patient4","ENSG00000182534","MXRA7",4.07799220682617
"patient4","ENSG00000124357","NAGK",4.075591821638
"patient4","ENSG00000161281","COX7A1",4.0738969850771
"patient4","ENSG00000123562","MORF4L2",4.07222704704678
"patient4","ENSG00000147140","NONO",4.07059051776836
"patient4","ENSG00000182195","LDOC1",4.05894230322119
"patient4","ENSG00000150938","CRIM1",4.05021383564493
"patient4","ENSG00000188483","IER5L",4.04597981531453
"patient4","ENSG00000102030","NAA10",4.03238873375746
"patient4","ENSG00000100106","TRIOBP",4.02958210297821
"patient4","ENSG00000128524","ATP6V1F",4.02454981583527
"patient4","ENSG00000177666","PNPLA2",4.0157399615837
"patient4","ENSG00000101294","HM13",4.01555920225268
"patient4","ENSG00000180628","PCGF5",4.00788779006624
"patient4","ENSG00000160014","CALM3",4.0025356940904
"patient4","ENSG00000136758","YME1L1",3.99176225879275
"patient4","ENSG00000103152","MPG",3.98963191442629
"patient4","ENSG00000129968","ABHD17A",3.98707344244235
"patient4","ENSG00000071054","MAP4K4",3.97604175278766
"patient4","ENSG00000183291","SELENOF",3.96745154763005
"patient4","ENSG00000168291","PDHB",3.95841848593354
"patient4","ENSG00000127914","AKAP9",3.94445828841758
"patient4","ENSG00000110108","TMEM109",3.93485501552768
"patient4","ENSG00000166734","GOLM2",3.93332415250021
"patient4","ENSG00000170043","TRAPPC1",3.9294342866142
"patient4","ENSG00000069849","ATP1B3",3.92020386654984
"patient4","ENSG00000169813","HNRNPF",3.91599243674614
"patient4","ENSG00000067082","KLF6",3.91529625218787
"patient4","ENSG00000101460","MAP1LC3A",3.90859221183198
"patient4","ENSG00000156052","GNAQ",3.90147578534758
"patient4","ENSG00000187239","FNBP1",3.90090645855979
"patient4","ENSG00000090863","GLG1",3.89762228777881
"patient4","ENSG00000182774","RPS17",3.89608527570979
"patient4","ENSG00000205544","TMEM256",3.89458084124533
"patient4","ENSG00000204392","LSM2",3.8909057064775
"patient4","ENSG00000164463","CREBRF",3.88854062586238
"patient4","ENSG00000131634","TMEM204",3.88788338888216
"patient4","ENSG00000126247","CAPNS1",3.88504047175039
"patient4","ENSG00000164615","CAMLG",3.88444657355826
"patient4","ENSG00000112419","PHACTR2",3.88379925486671
"patient4","ENSG00000120690","ELF1",3.88189660828661
"patient4","ENSG00000152404","CWF19L2",3.86697524235138
"patient4","ENSG00000104067","TJP1",3.85436969439447
"patient4","ENSG00000166173","LARP6",3.8524880246043
"patient4","ENSG00000114450","GNB4",3.85125185278269
"patient4","ENSG00000080503","SMARCA2",3.84973925563136
"patient4","ENSG00000112977","DAP",3.84661347370203
"patient4","ENSG00000132507","EIF5A",3.84067160439062
"patient4","ENSG00000116161","CACYBP",3.8406428584457
"patient4","ENSG00000196937","FAM3C",3.82935971158486
"patient4","ENSG00000183741","CBX6",3.8259756127697
"patient4","ENSG00000104964","TLE5",3.82439592280111
"patient4","ENSG00000006015","REX1BD",3.82288858331587
"patient4","ENSG00000258289","CHURC1",3.82235089636539
"patient4","ENSG00000167815","PRDX2",3.81809525847551
"patient4","ENSG00000173230","GOLGB1",3.80175230371326
"patient4","ENSG00000170430","MGMT",3.7749088113649
"patient4","ENSG00000114331","ACAP2",3.77027281168446
"patient4","ENSG00000136436","CALCOCO2",3.77007404733215
"patient4","ENSG00000215301","DDX3X",3.76273901287185
"patient4","ENSG00000136051","WASHC4",3.75976794936779
"patient4","ENSG00000101361","NOP56",3.74542146129653
"patient4","ENSG00000006042","TMEM98",3.7382901103918
"patient4","ENSG00000128534","LSM8",3.73381727788679
"patient4","ENSG00000163399","ATP1A1",3.73127763656429
"patient4","ENSG00000163346","PBXIP1",3.72201443861844
"patient4","ENSG00000135506","OS9",3.71758554808215
"patient4","ENSG00000131508","UBE2D2",3.71572734099422
"patient4","ENSG00000111615","KRR1",3.71406235807997
"patient4","ENSG00000100354","TNRC6B",3.7114278357993
"patient4","ENSG00000138495","COX17",3.70975420748579
"patient4","ENSG00000070087","PFN2",3.7084517008964
"patient4","ENSG00000114125","RNF7",3.70809600999104
"patient4","ENSG00000105669","COPE",3.70604012475241
"patient4","ENSG00000116649","SRM",3.70538817958393
"patient4","ENSG00000178952","TUFM",3.70468104567994
"patient4","ENSG00000167797","CDK2AP2",3.70303155870078
"patient4","ENSG00000132824","SERINC3",3.69974769782261
"patient4","ENSG00000165476","REEP3",3.69229201157363
"patient4","ENSG00000102580","DNAJC3",3.68827158951638
"patient4","ENSG00000171314","PGAM1",3.68824795760735
"patient4","ENSG00000178913","TAF7",3.67898329739275
"patient4","ENSG00000185222","TCEAL9",3.66937714275868
"patient4","ENSG00000130741","EIF2S3",3.66744859107072
"patient4","ENSG00000112697","CDC50A",3.65758979415963
"patient4","ENSG00000116747","RO60",3.6538039175626
"patient4","ENSG00000124762","CDKN1A",3.65081147301288
"patient4","ENSG00000184500","PROS1",3.63861719967315
"patient4","ENSG00000148484","RSU1",3.63053303698214
"patient4","ENSG00000004779","NDUFAB1",3.62516323440146
"patient4","ENSG00000161547","SRSF2",3.62257971233928
"patient4","ENSG00000100592","DAAM1",3.61915484671797
"patient4","ENSG00000148120","AOPEP",3.61436754662146
"patient4","ENSG00000138085","ATRAID",3.6104753529707
"patient4","ENSG00000110422","HIPK3",3.6090327681871
"patient4","ENSG00000143776","CDC42BPA",3.60444693789207
"patient4","ENSG00000198363","ASPH",3.59113823940984
"patient4","ENSG00000134686","PHC2",3.59054979676884
"patient4","ENSG00000140350","ANP32A",3.5904195862746
"patient4","ENSG00000103994","ZNF106",3.58631267499585
"patient4","ENSG00000116005","PCYOX1",3.58238408602662
"patient4","ENSG00000111786","SRSF9",3.58049909149706
"patient4","ENSG00000177119","ANO6",3.57785172003071
"patient4","ENSG00000155438","NIFK",3.56911918216976
"patient4","ENSG00000134453","RBM17",3.56660180916916
"patient4","ENSG00000049245","VAMP3",3.56465003227386
"patient4","ENSG00000055211","GINM1",3.56414893849416
"patient4","ENSG00000137693","YAP1",3.56402964877831
"patient4","ENSG00000005810","MYCBP2",3.5636680467845
"patient4","ENSG00000160551","TAOK1",3.56347537681588
"patient4","ENSG00000131966","ACTR10",3.56339720437969
"patient4","ENSG00000130725","UBE2M",3.56327163710893
"patient4","ENSG00000101940","WDR13",3.56113121083169
"patient4","ENSG00000120913","PDLIM2",3.55292776805448
"patient4","ENSG00000146540","CHLSN",3.53833786323845
"patient4","ENSG00000132670","PTPRA",3.53660336661505
"patient4","ENSG00000213977","TAX1BP3",3.53129337670273
"patient4","ENSG00000135541","AHI1",3.53011062007603
"patient4","ENSG00000198695","MT-ND6",3.52823513118592
"patient4","ENSG00000128923","MINDY2",3.52699790654988
"patient4","ENSG00000103202","NME4",3.51854689268073
"patient4","ENSG00000131016","AKAP12",3.51510056792943
"patient4","ENSG00000184900","SUMO3",3.51323458330905
"patient4","ENSG00000198898","CAPZA2",3.51187826072295
"patient4","ENSG00000131871","SELENOS",3.51159065706969
"patient4","ENSG00000089280","FUS",3.51141714999178
"patient4","ENSG00000168701","TMEM208",3.50109840584098
"patient4","ENSG00000146731","CCT6A",3.49910564798368
"patient4","ENSG00000228253","MT-ATP8",3.49696113383078
"patient4","ENSG00000125835","SNRPB",3.49109721814263
"patient4","ENSG00000006125","AP2B1",3.48353459955799
"patient4","ENSG00000162032","SPSB3",3.48241487277108
"patient4","ENSG00000130340","SNX9",3.48081853100764
"patient4","ENSG00000134153","EMC7",3.48028793395494
"patient4","ENSG00000172115","CYCS",3.4748314268891
"patient4","ENSG00000165410","CFL2",3.47410296977315
"patient4","ENSG00000173905","GOLIM4",3.47083601440849
"patient4","ENSG00000114446","IFT57",3.46736779196177
"patient4","ENSG00000100201","DDX17",3.46269936188827
"patient4","ENSG00000114698","PLSCR4",3.4514365976636
"patient4","ENSG00000014641","MDH1",3.45021786358648
"patient4","ENSG00000122257","RBBP6",3.44793420736247
"patient4","ENSG00000131507","NDFIP1",3.44627821433722
"patient4","ENSG00000198843","SELENOT",3.44595312274744
"patient4","ENSG00000138768","USO1",3.44278563187837
"patient4","ENSG00000138600","SPPL2A",3.43195350633028
"patient4","ENSG00000182004","SNRPE",3.42861458431368
"patient4","ENSG00000165916","PSMC3",3.42123381776826
"patient4","ENSG00000075790","BCAP29",3.42079471159639
"patient4","ENSG00000065135","GNAI3",3.42008339099436
"patient4","ENSG00000178209","PLEC",3.41820868017571
"patient4","ENSG00000075785","RAB7A",3.41753836899288
"patient4","ENSG00000149923","PPP4C",3.41639068385586
"patient4","ENSG00000128951","DUT",3.41353983508326
"patient4","ENSG00000164190","NIPBL",3.41179365077168
"patient4","ENSG00000205581","HMGN1",3.40838346815466
"patient4","ENSG00000112701","SENP6",3.40010543778998
"patient4","ENSG00000141367","CLTC",3.3948248537575
"patient4","ENSG00000151468","CCDC3",3.39362701553819
"patient4","ENSG00000184007","PTP4A2",3.38487365393302
"patient4","ENSG00000115677","HDLBP",3.37999961823534
"patient4","ENSG00000111790","FGFR1OP2",3.37301015021731
"patient4","ENSG00000172465","TCEAL1",3.36945412374313
"patient4","ENSG00000166226","CCT2",3.36603194896625
"patient4","ENSG00000168906","MAT2A",3.35719151875075
"patient4","ENSG00000076043","REXO2",3.35534594147488
"patient4","ENSG00000175166","PSMD2",3.35180807621882
"patient4","ENSG00000116459","ATP5PB",3.34992297805533
"patient4","ENSG00000166228","PCBD1",3.34796125623289
"patient4","ENSG00000171159","BBLN",3.34698158089783
"patient4","ENSG00000196199","MPHOSPH8",3.34557949792581
"patient4","ENSG00000162604","TM2D1",3.3411189409356
"patient4","ENSG00000136279","DBNL",3.33998185565125
"patient4","ENSG00000124570","SERPINB6",3.33771047054782
"patient4","ENSG00000111897","SERINC1",3.3289982713391
"patient4","ENSG00000082641","NFE2L1",3.32617958779253
"patient4","ENSG00000119013","NDUFB3",3.32058440615408
"patient4","ENSG00000186395","KRT10",3.31977914531487
"patient4","ENSG00000180370","PAK2",3.31936479310459
"patient4","ENSG00000123505","AMD1",3.311965228857
"patient4","ENSG00000143401","ANP32E",3.30291734933449
"patient4","ENSG00000067066","SP100",3.30093606693994
"patient4","ENSG00000029363","BCLAF1",3.29286436110008
"patient4","ENSG00000135090","TAOK3",3.28991823755412
"patient4","ENSG00000158864","NDUFS2",3.28376343765156
"patient4","ENSG00000106591","MRPL32",3.28338560638632
"patient4","ENSG00000144674","GOLGA4",3.27806154169253
"patient4","ENSG00000152492","CCDC50",3.27552109189229
"patient4","ENSG00000205352","PRR13",3.27233268817533
"patient4","ENSG00000138029","HADHB",3.27142041148343
"patient4","ENSG00000134186","PRPF38B",3.26273211126185
"patient4","ENSG00000266472","MRPS21",3.26099674183394
"patient4","ENSG00000002330","BAD",3.25928785013469
"patient4","ENSG00000112739","PRP4K",3.25732105355199
"patient4","ENSG00000138448","ITGAV",3.24877084557875
"patient4","ENSG00000130312","MRPL34",3.239753310463
"patient4","ENSG00000150753","CCT5",3.23727933247748
"patient4","ENSG00000182512","GLRX5",3.23663807524465
"patient4","ENSG00000136527","TRA2B",3.23353885231798
"patient4","ENSG00000153914","SREK1",3.23138869997019
"patient4","ENSG00000179091","CYC1",3.22494940517816
"patient4","ENSG00000160310","PRMT2",3.21872670936763
"patient4","ENSG00000123179","EBPL",3.21332558887088
"patient4","ENSG00000197694","SPTAN1",3.20931836486802
"patient4","ENSG00000172922","RNASEH2C",3.20722581761795
"patient4","ENSG00000069345","DNAJA2",3.20539992200586
"patient4","ENSG00000164040","PGRMC2",3.19987956084597
"patient4","ENSG00000143612","LTAP1",3.19838296698233
"patient4","ENSG00000005483","KMT2E",3.19713389602916
"patient4","ENSG00000102908","NFAT5",3.19121244054597
"patient4","ENSG00000133318","RTN3",3.19080658055667
"patient4","ENSG00000143753","DEGS1",3.17369291449656
"patient4","ENSG00000153774","CFDP1",3.16929238057666
"patient4","ENSG00000067167","TRAM1",3.16815318493107
"patient4","ENSG00000179950","PUF60",3.16479115487259
"patient4","ENSG00000177425","PAWR",3.15423757071644
"patient4","ENSG00000182670","TTC3",3.15362538149308
"patient4","ENSG00000168090","COPS6",3.1487987972692
"patient4","ENSG00000169045","HNRNPH1",3.1485684536509
"patient4","ENSG00000132485","ZRANB2",3.14843161588766
"patient4","ENSG00000130520","LSM4",3.14710137220644
"patient4","ENSG00000055609","KMT2C",3.14512137982706
"patient4","ENSG00000086062","B4GALT1",3.14227905419382
"patient4","ENSG00000073712","FERMT2",3.14216528652373
"patient4","ENSG00000135316","SYNCRIP",3.14190534118967
"patient4","ENSG00000087088","BAX",3.13610035915416
"patient4","ENSG00000174780","SRP72",3.13605825627917
"patient4","ENSG00000164754","RAD21",3.13560571891073
"patient4","ENSG00000203950","RTL8A",3.13531786652653
"patient4","ENSG00000265241","RBM8A",3.13444502763176
"patient4","ENSG00000118407","FILIP1",3.13335695084156
"patient4","ENSG00000230590","FTX",3.13061909556542
"patient4","ENSG00000163468","CCT3",3.11638303238508
"patient4","ENSG00000180957","PITPNB",3.11615106291286
"patient4","ENSG00000177879","AP3S1",3.11346408743152
"patient4","ENSG00000074695","LMAN1",3.10547673058743
"patient4","ENSG00000168610","STAT3",3.10416278667209
"patient4","ENSG00000064601","CTSA",3.10176748445563
"patient4","ENSG00000176014","TUBB6",3.09939358672937
"patient4","ENSG00000175334","BANF1",3.09725267994741
"patient4","ENSG00000105698","USF2",3.09610313118596
"patient4","ENSG00000106355","LSM5",3.09566013761933
"patient4","ENSG00000134046","MBD2",3.09518921821119
"patient4","ENSG00000176209","SMIM19",3.09428111788329
"patient4","ENSG00000013441","CLK1",3.09212448731405
"patient4","ENSG00000140740","UQCRC2",3.08732230781794
"patient4","ENSG00000159352","PSMD4",3.08560629727196
"patient4","ENSG00000117335","CD46",3.08352416973908
"patient4","ENSG00000174437","ATP2A2",3.08233554931532
"patient4","ENSG00000084754","HADHA",3.07716898253952
"patient4","ENSG00000120727","PAIP2",3.07323918421393
"patient4","ENSG00000178996","SNX18",3.07044323439492
"patient4","ENSG00000127990","SGCE",3.06752672780403
"patient4","ENSG00000121851","POLR3GL",3.06683971228446
"patient4","ENSG00000129009","ISLR",3.06574764949791
"patient4","ENSG00000204387","SNHG32",3.06461405300434
"patient4","ENSG00000117614","SYF2",3.06408117995887
"patient4","ENSG00000101972","STAG2",3.06285375200721
"patient4","ENSG00000120616","EPC1",3.06173283996765
"patient4","ENSG00000109046","WSB1",3.05987086791799
"patient4","ENSG00000163681","SLMAP",3.05690242681799
"patient4","ENSG00000198171","DDRGK1",3.05464568139638
"patient4","ENSG00000184743","ATL3",3.05249139615017
"patient4","ENSG00000105568","PPP2R1A",3.04639065425996
"patient4","ENSG00000106034","CPED1",3.04022677525374
"patient4","ENSG00000058668","ATP2B4",3.03578695449387
"patient4","ENSG00000103024","NME3",3.03406472791028
"patient4","ENSG00000167088","SNRPD1",3.03335068431854
"patient4","ENSG00000105402","NAPA",3.02784197370504
"patient4","ENSG00000164346","NSA2",3.01949874651799
"patient4","ENSG00000109686","SH3D19",3.01922917004902
"patient4","ENSG00000105258","POLR2I",3.01910409520281
"patient4","ENSG00000075142","SRI",3.0181135690423
"patient4","ENSG00000211450","SELENOH",3.01176656710914
"patient4","ENSG00000176973","FAM89B",3.01107537028201
"patient4","ENSG00000032219","ARID4A",3.01026128096943
"patient4","ENSG00000115944","COX7A2L",3.00850651504906
"patient4","ENSG00000126709","IFI6",3.00824937804528
"patient4","ENSG00000164182","NDUFAF2",3.00688260031642
"patient4","ENSG00000215021","PHB2",3.00577121125501
"patient4","ENSG00000170906","NDUFA3",3.00308738273766
"patient4","ENSG00000177200","CHD9",3.00240909482634
"patient4","ENSG00000129235","TXNDC17",3.00161974823803
"patient4","ENSG00000220205","VAMP2",3.00042277453642
"patient4","ENSG00000166164","BRD7",2.99835810737393
"patient4","ENSG00000168298","H1-4",2.9948822566029
"patient4","ENSG00000149823","VPS51",2.99167488161803
"patient4","ENSG00000115286","NDUFS7",2.98727686054045
"patient4","ENSG00000097033","SH3GLB1",2.98692321385724
"patient4","ENSG00000232388","SMIM26",2.98447592982326
"patient4","ENSG00000182158","CREB3L2",2.98397360430893
"patient4","ENSG00000165280","VCP",2.9677068886378
"patient4","ENSG00000205730","ITPRIPL2",2.96249952791217
"patient4","ENSG00000101150","TPD52L2",2.96039506980468
"patient4","ENSG00000078618","NRDC",2.95695421546775
"patient4","ENSG00000123983","ACSL3",2.94823090293338
"patient4","ENSG00000085832","EPS15",2.94688630623907
"patient4","ENSG00000111642","CHD4",2.94120146392796
"patient4","ENSG00000181350","LRRC75A",2.93734838856772
"patient4","ENSG00000126067","PSMB2",2.93270983235546
"patient4","ENSG00000164258","NDUFS4",2.93233404635361
"patient4","ENSG00000165732","DDX21",2.92834349840387
"patient4","ENSG00000137409","MTCH1",2.92800283443056
"patient4","ENSG00000111906","HDDC2",2.92476821785705
"patient4","ENSG00000169895","SYAP1",2.92121621287172
"patient4","ENSG00000231925","TAPBP",2.92027047422367
"patient4","ENSG00000178449","COX14",2.91686158732214
"patient4","ENSG00000138760","SCARB2",2.91532788787766
"patient4","ENSG00000170248","PDCD6IP",2.91509804673251
"patient4","ENSG00000148290","SURF1",2.91428109611047
"patient4","ENSG00000008294","SPAG9",2.90731243956038
"patient4","ENSG00000062194","GPBP1",2.90459502451199
"patient4","ENSG00000133104","SPART",2.89140459567132
"patient4","ENSG00000147548","NSD3",2.89136675962454
"patient4","ENSG00000128272","ATF4",2.89028189103483
"patient4","ENSG00000101596","SMCHD1",2.8873414805384
"patient4","ENSG00000159069","FBXW5",2.88530416564274
"patient4","ENSG00000181904","C5orf24",2.87986198298468
"patient4","ENSG00000183011","NAA38",2.87629401333078
"patient4","ENSG00000023734","STRAP",2.87060709842771
"patient4","ENSG00000143570","SLC39A1",2.86666147867377
"patient4","ENSG00000125818","PSMF1",2.8649700222419
"patient4","ENSG00000129003","VPS13C",2.86222444743415
"patient4","ENSG00000143384","MCL1",2.86163113103823
"patient4","ENSG00000225921","NOL7",2.85998008887468
"patient4","ENSG00000165169","DYNLT3",2.85899387694583
"patient4","ENSG00000125458","NT5C",2.84978731283702
"patient4","ENSG00000148248","SURF4",2.84939602566923
"patient4","ENSG00000186522","SEPTIN10",2.84487095080809
"patient4","ENSG00000117020","AKT3",2.84252211139105
"patient4","ENSG00000084623","EIF3I",2.83858262786268
"patient4","ENSG00000185129","PURA",2.83720787780197
"patient4","ENSG00000010256","UQCRC1",2.82911913625163
"patient4","ENSG00000054267","ARID4B",2.81631282622622
"patient4","ENSG00000088930","XRN2",2.81341537337254
"patient4","ENSG00000156261","CCT8",2.81241216046865
"patient4","ENSG00000257923","CUX1",2.80273713061913
"patient4","ENSG00000143771","CNIH4",2.79751049583765
"patient4","ENSG00000138382","METTL5",2.79678126054121
"patient4","ENSG00000099800","TIMM13",2.7923276703031
"patient4","ENSG00000136521","NDUFB5",2.787712349371
"patient4","ENSG00000108055","SMC3",2.78207143095899
"patient4","ENSG00000182944","EWSR1",2.76137184319364
"patient4","ENSG00000177556","ATOX1",2.75965161494298
"patient4","ENSG00000159720","ATP6V0D1",2.74126143139041
"patient4","ENSG00000187735","TCEA1",2.73516063399668
"patient4","ENSG00000170275","CRTAP",2.73377335650965
"patient4","ENSG00000162384","CZIB",2.73209351070217
"patient4","ENSG00000075239","ACAT1",2.72468537762449
"patient4","ENSG00000144579","CTDSP1",2.71758408189809
"patient4","ENSG00000165775","FUNDC2",2.71227050347796
"patient4","ENSG00000069329","VPS35",2.7024773061159
"patient4","ENSG00000159658","EFCAB14",2.6995826107178
"patient4","ENSG00000113013","HSPA9",2.69396879168023
"patient4","ENSG00000197102","DYNC1H1",2.69077599151526
"patient4","ENSG00000120533","ENY2",2.68948710171802
"patient4","ENSG00000066654","THUMPD1",2.68823873306823
"patient4","ENSG00000129084","PSMA1",2.68718227844149
"patient4","ENSG00000014123","UFL1",2.68632912722733
"patient4","ENSG00000141522","ARHGDIA",2.68298366016679
"patient4","ENSG00000166012","TAF1D",2.68262622178183
"patient4","ENSG00000125944","HNRNPR",2.680890332289
"patient4","ENSG00000171490","RSL1D1",2.67690634133014
"patient4","ENSG00000229833","PET100",2.6764035212664
"patient4","ENSG00000117758","STX12",2.67392013547594
"patient4","ENSG00000153250","RBMS1",2.67306510818377
"patient4","ENSG00000170860","LSM3",2.67290487446628
"patient4","ENSG00000149932","TMEM219",2.67077231796377
"patient4","ENSG00000031698","SARS1",2.67049487545795
"patient4","ENSG00000099901","RANBP1",2.66633704739298
"patient4","ENSG00000090238","YPEL3",2.66566189545734
"patient4","ENSG00000099785","MARCHF2",2.66505779918915
"patient4","ENSG00000102054","RBBP7",2.66247037255103
"patient4","ENSG00000145337","PYURF",2.66120139710445
"patient4","ENSG00000174695","TMEM167A",2.65703062603649
"patient4","ENSG00000122033","MTIF3",2.6559413513796
"patient4","ENSG00000186184","POLR1D",2.6556885929817
"patient4","ENSG00000079950","STX7",2.65013047560872
"patient4","ENSG00000108468","CBX1",2.65003951376683
"patient4","ENSG00000141759","TXNL4A",2.64739326228536
"patient4","ENSG00000025796","SEC63",2.64437616108048
"patient4","ENSG00000173692","PSMD1",2.64223051775895
"patient4","ENSG00000134851","TMEM165",2.63818883331619
"patient4","ENSG00000120805","ARL1",2.63189223741544
"patient4","ENSG00000171206","TRIM8",2.62768873590073
"patient4","ENSG00000087077","TRIP6",2.62663309498456
"patient4","ENSG00000124155","PIGT",2.62532808881948
"patient4","ENSG00000137207","YIPF3",2.61188601225275
"patient4","ENSG00000113851","CRBN",2.59619190616723
"patient4","ENSG00000165672","PRDX3",2.59544363671705
"patient4","ENSG00000084733","RAB10",2.58224590865845
"patient4","ENSG00000150316","CWC15",2.58090347859596
"patient4","ENSG00000110917","MLEC",2.57862776301153
"patient4","ENSG00000166848","TERF2IP",2.57585126081657
"patient4","ENSG00000213465","ARL2",2.57482713002905
"patient4","ENSG00000163319","MRPS18C",2.56907712220368
"patient4","ENSG00000109381","ELF2",2.56725841791771
"patient4","ENSG00000204435","CSNK2B",2.56673350809352
"patient4","ENSG00000141504","SAT2",2.56619247069928
"patient4","ENSG00000100823","APEX1",2.56459480024742
"patient4","ENSG00000135624","CCT7",2.5610377424192
"patient4","ENSG00000168259","DNAJC7",2.55905788525762
"patient4","ENSG00000117151","CTBS",2.55895446703341
"patient4","ENSG00000197982","C1orf122",2.5531576279984
"patient4","ENSG00000137776","SLTM",2.55019772403503
"patient4","ENSG00000109920","FNBP4",2.54885962030396
"patient4","ENSG00000100528","CNIH1",2.54272244497311
"patient4","ENSG00000126756","UXT",2.53747349405751
"patient4","ENSG00000168066","SF1",2.53406271160595
"patient4","ENSG00000100348","TXN2",2.52237861011138
"patient4","ENSG00000135441","BLOC1S1",2.52210956418415
"patient4","ENSG00000138175","ARL3",2.51641428288328
"patient4","ENSG00000177971","IMP3",2.51602085141711
"patient4","ENSG00000174851","YIF1A",2.51308889054092
"patient4","ENSG00000113580","NR3C1",2.51262570210683
"patient4","ENSG00000108561","C1QBP",2.50895093674202
"patient4","ENSG00000118689","FOXO3",2.50791342767745
"patient4","ENSG00000257727","CNPY2",2.50570819244351
"patient4","ENSG00000138433","CIRSR",2.50446927166217
"patient4","ENSG00000140391","TSPAN3",2.50436493821234
"patient4","ENSG00000163463","KRTCAP2",2.4956480950836
"patient4","ENSG00000125995","ROMO1",2.49386230356251
"patient4","ENSG00000093167","LRRFIP2",2.49365155312867
"patient4","ENSG00000130332","LSM7",2.48856994270617
"patient4","ENSG00000166557","TMED3",2.48137780606238
"patient4","ENSG00000114978","MOB1A",2.48007616640705
"patient4","ENSG00000197451","HNRNPAB",2.47585761001292
"patient4","ENSG00000089289","IGBP1",2.46830056624811
"patient4","ENSG00000108424","KPNB1",2.4668434311034
"patient4","ENSG00000115541","HSPE1",2.46494804882634
"patient4","ENSG00000138757","G3BP2",2.45606840888027
"patient4","ENSG00000099624","ATP5F1D",2.4557785334015
"patient4","ENSG00000139793","MBNL2",2.45572815214535
"patient4","ENSG00000100764","PSMC1",2.45459616656311
"patient4","ENSG00000092201","SUPT16H",2.45384591139001
"patient4","ENSG00000142694","EVA1B",2.45100001917933
"patient4","ENSG00000197324","LRP10",2.44345017878958
"patient4","ENSG00000185043","CIB1",2.4417700202646
"patient4","ENSG00000124562","SNRPC",2.43775120983305
"patient4","ENSG00000113141","IK",2.43687330678854
"patient4","ENSG00000130706","ADRM1",2.43642050071279
"patient4","ENSG00000120675","DNAJC15",2.43303059992885
"patient4","ENSG00000085719","CPNE3",2.4328633837248
"patient4","ENSG00000224877","NDUFAF8",2.43191589791579
"patient4","ENSG00000130731","METTL26",2.43056227308504
"patient4","ENSG00000107581","EIF3A",2.4263690730136
"patient4","ENSG00000183283","DAZAP2",2.42056809651921
"patient4","ENSG00000130414","NDUFA10",2.41742574148669
"patient4","ENSG00000180398","MCFD2",2.41222529898736
"patient4","ENSG00000151327","FAM177A1",2.40576121054937
"patient4","ENSG00000213722","DDAH2",2.40499285406584
"patient4","ENSG00000162368","CMPK1",2.40412608678227
"patient4","ENSG00000143252","SDHC",2.3971565974744
"patient4","ENSG00000134440","NARS1",2.39549371581391
"patient4","ENSG00000164684","ZNF704",2.3921590896627
"patient4","ENSG00000150779","TIMM8B",2.37821865427334
"patient4","ENSG00000114023","FAM162A",2.37428582624594
"patient4","ENSG00000179295","PTPN11",2.37010509257017
"patient4","ENSG00000127125","PPCS",2.36850050709348
"patient4","ENSG00000126934","MAP2K2",2.3635041259568
"patient4","ENSG00000183172","SMDT1",2.36008679318191
"patient4","ENSG00000103035","PSMD7",2.35951182933772
"patient4","ENSG00000186591","UBE2H",2.35891309772393
"patient4","ENSG00000107262","BAG1",2.35709757447974
"patient4","ENSG00000140299","BNIP2",2.35632551705693
"patient4","ENSG00000121774","KHDRBS1",2.3507351797897
"patient4","ENSG00000119705","SLIRP",2.34737931026022
"patient4","ENSG00000124783","SSR1",2.34618856521238
"patient4","ENSG00000148450","MSRB2",2.34509388581201
"patient4","ENSG00000153037","SRP19",2.34261830005382
"patient4","ENSG00000172725","CORO1B",2.33941355780199
"patient4","ENSG00000106052","TAX1BP1",2.33732939310052
"patient4","ENSG00000175203","DCTN2",2.33687655028072
"patient4","ENSG00000102931","ARL2BP",2.33572052177639
"patient4","ENSG00000179632","MAF1",2.33390132399958
"patient4","ENSG00000146457","WTAP",2.33164510992171
"patient4","ENSG00000081154","PCNP",2.33150290035622
"patient4","ENSG00000049618","ARID1B",2.32436504567679
"patient4","ENSG00000184983","NDUFA6",2.32235457542351
"patient4","ENSG00000131408","NR1H2",2.32114483028335
"patient4","ENSG00000178057","NDUFAF3",2.32112535493341
"patient4","ENSG00000185236","RAB11B",2.31433745817159
"patient4","ENSG00000169062","UPF3A",2.30989988246708
"patient4","ENSG00000184897","H1-10",2.30966360117967
"patient4","ENSG00000185475","TMEM179B",2.30777731977573
"patient4","ENSG00000157500","APPL1",2.29902415137937
"patient4","ENSG00000169021","UQCRFS1",2.28985655627693
"patient4","ENSG00000138592","USP8",2.28811039801044
"patient4","ENSG00000146701","MDH2",2.28617823445198
"patient4","ENSG00000044115","CTNNA1",2.28388131650177
"patient4","ENSG00000114209","PDCD10",2.28178239026018
"patient4","ENSG00000122565","CBX3",2.28130154707513
"patient4","ENSG00000125970","RALY",2.27756122627595
"patient4","ENSG00000169976","SF3B5",2.27152080653076
"patient4","ENSG00000055950","MRPL43",2.27111814972303
"patient4","ENSG00000173418","NAA20",2.26263631379236
"patient4","ENSG00000119801","YPEL5",2.26136249257562
"patient4","ENSG00000119537","KDSR",2.25720535986258
"patient4","ENSG00000092531","SNAP23",2.25625793976918
"patient4","ENSG00000165813","CCDC186",2.25242936125064
"patient4","ENSG00000013583","HEBP1",2.25011441036327
"patient4","ENSG00000135655","USP15",2.2496833716327
"patient4","ENSG00000120438","TCP1",2.24636148793573
"patient4","ENSG00000169230","PRELID1",2.24346056553346
"patient4","ENSG00000062716","VMP1",2.24107394953296
"patient4","ENSG00000103342","GSPT1",2.23735474589915
"patient4","ENSG00000114784","EIF1B",2.21852683908597
"patient4","ENSG00000004700","RECQL",2.21846270611281
"patient4","ENSG00000054148","PHPT1",2.21759677324696
"patient4","ENSG00000137106","GRHPR",2.21738654598113
"patient4","ENSG00000167110","GOLGA2",2.21164999567971
"patient4","ENSG00000154582","ELOC",2.2115873628991
"patient4","ENSG00000051620","HEBP2",2.20504429416292
"patient4","ENSG00000165416","SUGT1",2.20108120348996
"patient4","ENSG00000057608","GDI2",2.20064541565248
"patient4","ENSG00000101745","ANKRD12",2.19825851936021
"patient4","ENSG00000083896","YTHDC1",2.19334736674369
"patient4","ENSG00000225663","MCRIP1",2.18393034873953
"patient4","ENSG00000122873","CISD1",2.18184814141701
"patient4","ENSG00000173141","MRPL57",2.17750996825341
"patient4","ENSG00000087884","AAMDC",2.1747323963429
"patient4","ENSG00000143420","ENSA",2.16877530642492
"patient4","ENSG00000149100","EIF3M",2.16433618455565
"patient4","ENSG00000177733","HNRNPA0",2.16211741017733
"patient4","ENSG00000147684","NDUFB9",2.16198711994303
"patient4","ENSG00000153130","SCOC",2.15827598006574
"patient4","ENSG00000175416","CLTB",2.15825115892545
"patient4","ENSG00000198160","MIER1",2.15716788316562
"patient4","ENSG00000105355","PLIN3",2.15592010543963
"patient4","ENSG00000115816","CEBPZ",2.15454667333815
"patient4","ENSG00000260032","NORAD",2.15453763554644
"patient4","ENSG00000257103","LSM14A",2.1448459089583
"patient4","ENSG00000138668","HNRNPD",2.13732171055372
"patient4","ENSG00000048828","FAM120A",2.12714025537394
"patient4","ENSG00000175550","DRAP1",2.1206052959194
"patient4","ENSG00000196504","PRPF40A",2.10874022813084
"patient4","ENSG00000124767","GLO1",2.10804823668869
"patient4","ENSG00000089248","ERP29",2.10705018072906
"patient4","ENSG00000105518","TMEM205",2.10425528833457
"patient4","ENSG00000010404","IDS",2.09929035609288
"patient4","ENSG00000181061","HIGD1A",2.09888465218057
"patient4","ENSG00000153827","TRIP12",2.09789870329766
"patient4","ENSG00000145907","G3BP1",2.08733573118976
"patient4","ENSG00000128609","NDUFA5",2.07749403833131
"patient4","ENSG00000114416","FXR1",2.07564653403968
"patient4","ENSG00000134330","IAH1",2.07538540946999
"patient4","ENSG00000110717","NDUFS8",2.07509320310132
"patient4","ENSG00000114439","BBX",2.07181594772832
"patient4","ENSG00000107874","CUEDC2",2.06146636405053
"patient4","ENSG00000090273","NUDC",2.05814525848198
"patient4","ENSG00000145734","BDP1",2.05166249796183
"patient4","ENSG00000143256","PFDN2",2.03756430636199
"patient4","ENSG00000205339","IPO7",2.0349392589551
"patient4","ENSG00000169689","CENPX",2.02884843050794
"patient4","ENSG00000146416","AIG1",2.02803981378856
"patient4","ENSG00000110711","AIP",2.02050087361321
"patient4","ENSG00000196141","SPATS2L",2.01810334975643
"patient4","ENSG00000177889","UBE2N",2.00804704108428
"patient4","ENSG00000119707","RBM25",2.00751808837466
"patient4","ENSG00000117118","SDHB",2.00433282757411
"patient4","ENSG00000185627","PSMD13",2.00098110182545
"patient4","ENSG00000104695","PPP2CB",1.99912685950743
"patient4","ENSG00000005075","POLR2J",1.99652834941825
"patient4","ENSG00000189266","PNRC2",1.99604198331781
"patient4","ENSG00000134744","TUT4",1.99387533805989
"patient4","ENSG00000127483","HP1BP3",1.99059207788659
"patient4","ENSG00000132424","PNISR",1.9875394180587
"patient4","ENSG00000038219","BOD1L1",1.98451999189388
"patient4","ENSG00000135968","GCC2",1.98369493982444
"patient4","ENSG00000137210","TMEM14B",1.98118255003064
"patient4","ENSG00000134313","KIDINS220",1.9804412410346
"patient4","ENSG00000127838","PNKD",1.97739297523169
"patient4","ENSG00000178951","ZBTB7A",1.9714486196369
"patient4","ENSG00000162585","FAAP20",1.9597429600049
"patient4","ENSG00000162645","GBP2",1.95684004027802
"patient4","ENSG00000110367","DDX6",1.95531264704219
"patient4","ENSG00000078668","VDAC3",1.95486790433144
"patient4","ENSG00000101367","MAPRE1",1.94469943163395
"patient4","ENSG00000138398","PPIG",1.94466535172789
"patient4","ENSG00000129351","ILF3",1.94160367114927
"patient4","ENSG00000106244","PDAP1",1.93997765058866
"patient4","ENSG00000054118","THRAP3",1.93871013561752
"patient4","ENSG00000125870","SNRPB2",1.93830292073963
"patient4","ENSG00000055332","EIF2AK2",1.9376499684189
"patient4","ENSG00000077147","TM9SF3",1.92609232779496
"patient4","ENSG00000007168","PAFAH1B1",1.92592998787538
"patient4","ENSG00000153006","SREK1IP1",1.92465578862437
"patient4","ENSG00000127445","PIN1",1.9191637604453
"patient4","ENSG00000168264","IRF2BP2",1.91313005252779
"patient4","ENSG00000263001","GTF2I",1.91288032142474
"patient4","ENSG00000171988","JMJD1C",1.91236926424482
"patient4","ENSG00000111639","MRPL51",1.90866194634238
"patient4","ENSG00000176101","SSNA1",1.89091402205689
"patient4","ENSG00000177311","ZBTB38",1.89039993300817
"patient4","ENSG00000071859","FAM50A",1.87099440010029
"patient4","ENSG00000090060","PAPOLA",1.86665243508324
"patient4","ENSG00000186298","PPP1CC",1.86301356142661
"patient4","ENSG00000099385","BCL7C",1.86102904399438
"patient4","ENSG00000121067","SPOP",1.85853114446723
"patient4","ENSG00000136628","EPRS1",1.8536717385215
"patient4","ENSG00000134590","RTL8C",1.85115679257171
"patient4","ENSG00000143183","TMCO1",1.83594489804868
"patient4","ENSG00000107341","UBE2R2",1.83570518319283
"patient4","ENSG00000174917","MICOS13",1.83098735560051
"patient4","ENSG00000125991","ERGIC3",1.83054881374685
"patient4","ENSG00000123066","MED13L",1.82514505211761
"patient4","ENSG00000167792","NDUFV1",1.82463848810498
"patient4","ENSG00000143222","UFC1",1.8228615982609
"patient4","ENSG00000187837","H1-2",1.82172442309587
"patient4","ENSG00000150764","DIXDC1",1.82138994257681
"patient4","ENSG00000169223","LMAN2",1.81419190162557
"patient4","ENSG00000115241","PPM1G",1.8138756215623
"patient4","ENSG00000146247","PHIP",1.81000569238667
"patient4","ENSG00000182827","ACBD3",1.79824099115567
"patient4","ENSG00000065243","PKN2",1.79433827426898
"patient4","ENSG00000158417","EIF5B",1.79330303243948
"patient4","ENSG00000106245","BUD31",1.79267093416221
"patient4","ENSG00000105323","HNRNPUL1",1.79170853673443
"patient4","ENSG00000108848","LUC7L3",1.78870128420777
"patient4","ENSG00000138688","BLTP1",1.78334141971511
"patient4","ENSG00000139343","SNRPF",1.78178520678173
"patient4","ENSG00000175756","AURKAIP1",1.77750356878865
"patient4","ENSG00000165525","NEMF",1.77568625162806
"patient4","ENSG00000091039","OSBPL8",1.76873379668888
"patient4","ENSG00000133706","LARS1",1.76327112122129
"patient4","ENSG00000175701","MTLN",1.76262987741141
"patient4","ENSG00000182154","MRPL41",1.76135181275301
"patient4","ENSG00000119396","RAB14",1.75747244167553
"patient4","ENSG00000087274","ADD1",1.74436226533126
"patient4","ENSG00000131100","ATP6V1E1",1.74353649550641
"patient4","ENSG00000143575","HAX1",1.73967784343658
"patient4","ENSG00000168724","DNAJC21",1.73412593351577
"patient4","ENSG00000114062","UBE3A",1.7336224484229
"patient4","ENSG00000167515","TRAPPC2L",1.70288652659734
"patient4","ENSG00000078140","UBE2K",1.70211806932913
"patient4","ENSG00000115464","USP34",1.69347509167381
"patient4","ENSG00000143106","PSMA5",1.6896937416837
"patient4","ENSG00000203667","COX20",1.68625082794873
"patient4","ENSG00000067829","IDH3G",1.68278570218716
"patient4","ENSG00000174720","LARP7",1.67904577959255
"patient4","ENSG00000141027","NCOR1",1.67512264178717
"patient4","ENSG00000065613","SLK",1.66635484771451
"patient4","ENSG00000144895","EIF2A",1.66010788588552
"patient4","ENSG00000242485","MRPL20",1.64887354379961
"patient4","ENSG00000225733","FGD5-AS1",1.64745362837524
"patient4","ENSG00000214046","SMIM7",1.64609534643756
"patient4","ENSG00000139218","SCAF11",1.62996646558528
"patient4","ENSG00000013275","PSMC4",1.62765891642726
"patient4","ENSG00000128463","EMC4",1.62328102544227
"patient4","ENSG00000159199","ATP5MC1",1.61897653764988
"patient4","ENSG00000099783","HNRNPM",1.61850022280069
"patient4","ENSG00000130748","TMEM160",1.61765477680657
"patient4","ENSG00000072364","AFF4",1.61565468976034
"patient4","ENSG00000183617","MRPL54",1.61448880564758
"patient4","ENSG00000087191","PSMC5",1.61202952378964
"patient4","ENSG00000165264","NDUFB6",1.61000689656939
"patient4","ENSG00000089048","ESF1",1.60985741476961
"patient4","ENSG00000116350","SRSF4",1.5936030401088
"patient4","ENSG00000129518","EAPP",1.5881858941285
"patient4","ENSG00000135387","CAPRIN1",1.5860935033901
"patient4","ENSG00000023318","ERP44",1.57703327986793
"patient4","ENSG00000253729","PRKDC",1.57126395580538
"patient4","ENSG00000120265","PCMT1",1.56859733643777
"patient4","ENSG00000106299","WASL",1.55925008858086
"patient4","ENSG00000102409","BEX4",1.55875771253738
"patient4","ENSG00000134056","KGD4",1.55412303218729
"patient4","ENSG00000104131","EIF3J",1.54453915578106
"patient4","ENSG00000163320","CGGBP1",1.53114564302147
"patient4","ENSG00000099977","DDT",1.51133693963953
"patient4","ENSG00000160075","SSU72",1.51019039493157
"patient4","ENSG00000116030","SUMO1",1.50623876009962
"patient4","ENSG00000198399","ITSN2",1.50445759814732
"patient4","ENSG00000096746","HNRNPH3",1.50311725915372
"patient4","ENSG00000185651","UBE2L3",1.49545132627944
"patient4","ENSG00000087365","SF3B2",1.48893408503674
"patient4","ENSG00000205937","RNPS1",1.48685302003277
"patient4","ENSG00000155876","RRAGA",1.48662487897219
"patient4","ENSG00000134717","BTF3L4",1.48510172801968
"patient4","ENSG00000136819","C9orf78",1.47769416995229
"patient4","ENSG00000114956","DGUOK",1.47157077037937
"patient4","ENSG00000143158","MPC2",1.47108514624749
"patient4","ENSG00000086598","TMED2",1.46940862200382
"patient4","ENSG00000146223","RPL7L1",1.46826121670815
"patient4","ENSG00000205981","DNAJC19",1.46814784644332
"patient4","ENSG00000188529","SRSF10",1.46746903627181
"patient4","ENSG00000095787","WAC",1.46464037052323
"patient4","ENSG00000120860","WASHC3",1.46431773676215
"patient4","ENSG00000102531","FNDC3A",1.46361143139748
"patient4","ENSG00000099817","POLR2E",1.45288598651167
"patient4","ENSG00000145912","NHP2",1.4482064292192
"patient4","ENSG00000198900","TOP1",1.43853213608469
"patient4","ENSG00000168288","MMADHC",1.43739059615999
"patient4","ENSG00000105185","PDCD5",1.43702767723446
"patient4","ENSG00000077232","DNAJC10",1.43680843766456
"patient4","ENSG00000166275","BORCS7",1.43264474676052
"patient4","ENSG00000112110","MRPL18",1.42803684905481
"patient4","ENSG00000155115","GTF3C6",1.42607694718805
"patient4","ENSG00000164323","CFAP97",1.42166681510107
"patient4","ENSG00000147419","CCDC25",1.42150350651842
"patient4","ENSG00000120686","UFM1",1.40729739988956
"patient4","ENSG00000128989","ARPP19",1.39885636125213
"patient4","ENSG00000113845","TIMMDC1",1.39782999389341
"patient4","ENSG00000041357","PSMA4",1.3959953841304
"patient4","ENSG00000179262","RAD23A",1.39422378482207
"patient4","ENSG00000184752","NDUFA12",1.39412155210025
"patient4","ENSG00000168894","RNF181",1.38841233578373
"patient4","ENSG00000119632","IFI27L2",1.37704504852914
"patient4","ENSG00000179271","GADD45GIP1",1.37285576184187
"patient4","ENSG00000213585","VDAC1",1.36598418019924
"patient4","ENSG00000104805","NUCB1",1.36588241907392
"patient4","ENSG00000159377","PSMB4",1.36350844518199
"patient4","ENSG00000253738","OTUD6B-AS1",1.36274375653425
"patient4","ENSG00000106588","PSMA2",1.36152572669749
"patient4","ENSG00000104852","SNRNP70",1.34694055032515
"patient4","ENSG00000162909","CAPN2",1.34536317035666
"patient4","ENSG00000113282","CLINT1",1.33757813086251
"patient4","ENSG00000047410","TPR",1.33610444630021
"patient4","ENSG00000244038","DDOST",1.3282651652694
"patient4","ENSG00000118482","PHF3",1.32091480034825
"patient4","ENSG00000100129","EIF3L",1.31809466248222
"patient4","ENSG00000118058","KMT2A",1.31552098522755
"patient4","ENSG00000013364","MVP",1.31406743508914
"patient4","ENSG00000171634","BPTF",1.3107407682579
"patient4","ENSG00000157916","RER1",1.31011336981045
"patient4","ENSG00000122359","ANXA11",1.29889933164366
"patient4","ENSG00000143621","ILF2",1.29502840678042
"patient4","ENSG00000107771","CCSER2",1.27232307938851
"patient4","ENSG00000083937","CHMP2B",1.26966155234475
"patient4","ENSG00000127884","ECHS1",1.26596890639573
"patient4","ENSG00000094916","CBX5",1.25312489176759
"patient4","ENSG00000101782","RIOK3",1.23847601099373
"patient4","ENSG00000022277","RTF2",1.23501036727665
"patient4","ENSG00000174953","DHX36",1.23102528175039
"patient4","ENSG00000165678","GHITM",1.23098654314882
"patient4","ENSG00000106443","PHF14",1.23002660786271
"patient4","ENSG00000163714","U2SURP",1.22648121158906
"patient4","ENSG00000249915","PDCD6",1.22511854825732
"patient4","ENSG00000013374","NUB1",1.22393873345624
"patient4","ENSG00000105993","DNAJB6",1.21749695246165
"patient4","ENSG00000243317","STMP1",1.19922955510981
"patient4","ENSG00000105254","TBCB",1.19599389074276
"patient4","ENSG00000164031","DNAJB14",1.19212064125231
"patient4","ENSG00000135837","CEP350",1.1898167420073
"patient4","ENSG00000151461","UPF2",1.18629573127195
"patient4","ENSG00000172590","MRPL52",1.18111108089466
"patient4","ENSG00000115484","CCT4",1.17742140498995
"patient4","ENSG00000169967","MAP3K2",1.17576423299889
"patient4","ENSG00000111011","RSRC2",1.17091902083117
"patient4","ENSG00000100353","EIF3D",1.16925700951996
"patient4","ENSG00000123200","ZC3H13",1.1686117672181
"patient4","ENSG00000101654","RNMT",1.16855131659719
"patient4","ENSG00000128789","PSMG2",1.16463707720789
"patient4","ENSG00000100142","POLR2F",1.16262882496324
"patient4","ENSG00000074071","MRPS34",1.16037258338812
"patient4","ENSG00000164054","SHISA5",1.15917200906376
"patient4","ENSG00000137038","DMAC1",1.14945066284865
"patient4","ENSG00000148672","GLUD1",1.14751516400612
"patient4","ENSG00000105968","H2AZ2",1.1427622884712
"patient4","ENSG00000035928","RFC1",1.13536726890647
"patient4","ENSG00000205531","NAP1L4",1.12796709975774
"patient4","ENSG00000115350","POLE4",1.12347808918423
"patient4","ENSG00000159210","SNF8",1.12308750324625
"patient4","ENSG00000023287","RB1CC1",1.11145787268028
"patient4","ENSG00000125652","ALKBH7",1.10991176330027
"patient4","ENSG00000048649","RSF1",1.10673743640174
"patient4","ENSG00000100612","DHRS7",1.10230470517254
"patient4","ENSG00000100568","VTI1B",1.09823750148667
"patient4","ENSG00000125304","TM9SF2",1.09708699906862
"patient4","ENSG00000197345","MRPL21",1.08781406329902
"patient4","ENSG00000119185","ITGB1BP1",1.06480094844377
"patient4","ENSG00000100941","PNN",1.06347730787983
"patient4","ENSG00000112146","FBXO9",1.06163777905359
"patient4","ENSG00000065154","OAT",1.06114139260737
"patient4","ENSG00000123933","MXD4",1.05699746468381
"patient4","ENSG00000163541","SUCLG1",1.0492187678429
"patient4","ENSG00000146007","ZMAT2",1.04515114597362
"patient4","ENSG00000158604","TMED4",1.04158791093677
"patient4","ENSG00000187257","RSBN1L",1.03768878124942
"patient4","ENSG00000135720","DYNC1LI2",1.02860927259474
"patient4","ENSG00000100519","PSMC6",1.0275003235511
"patient4","ENSG00000078674","PCM1",1.02650118400942
"patient4","ENSG00000096401","CDC5L",1.02256003902955
"patient4","ENSG00000172354","GNB2",1.02043635662344
"patient4","ENSG00000186010","NDUFA13",1.0129547446932
"patient4","ENSG00000242247","ARFGAP3",1.00518568320193
"patient4","ENSG00000060762","MPC1",1.00256547785821
"patient4","ENSG00000100811","YY1",1.00057555166761
"patient4","ENSG00000160194","NDUFV3",1.00026322972868
"patient4","ENSG00000105176","URI1",0.997300644797201
"patient4","ENSG00000079785","DDX1",0.992287992100124
"patient4","ENSG00000006652","IFRD1",0.990947476182146
"patient4","ENSG00000101421","CHMP4B",0.990779684693368
"patient4","ENSG00000161671","EMC10",0.988566347703779
"patient4","ENSG00000143727","ACP1",0.985638550284494
"patient4","ENSG00000196419","XRCC6",0.98482732586074
"patient4","ENSG00000204272","NBDY",0.97919464323038
"patient4","ENSG00000146425","DYNLT1",0.944268791897796
"patient4","ENSG00000103266","STUB1",0.942197878282431
"patient4","ENSG00000138674","SEC31A",0.933290612288863
"patient4","ENSG00000010244","ZNF207",0.922168936746795
"patient4","ENSG00000100603","SNW1",0.895435176293536
"patient4","ENSG00000106682","EIF4H",0.894593750072578
"patient4","ENSG00000163634","THOC7",0.894390132998561
"patient4","ENSG00000168300","PCMTD1",0.89171427976724
"patient4","ENSG00000198677","SKIC3",0.888641484670478
"patient4","ENSG00000145833","DDX46",0.883377126951006
"patient4","ENSG00000017797","RALBP1",0.879102839884425
"patient4","ENSG00000113068","PFDN1",0.877730487987077
"patient4","ENSG00000072778","ACADVL",0.863364323109929
"patient4","ENSG00000105677","TMEM147",0.852944325880751
"patient4","ENSG00000086065","CHMP5",0.84838425022466
"patient4","ENSG00000079332","SAR1A",0.844406842579479
"patient4","ENSG00000254505","CHMP4A",0.83516429206974
"patient4","ENSG00000126698","DNAJC8",0.828631903829679
"patient4","ENSG00000167085","PHB1",0.824411994059362
"patient4","ENSG00000136930","PSMB7",0.82058219377945
"patient4","ENSG00000164022","AIMP1",0.811507182695815
"patient4","ENSG00000126653","NSRP1",0.808507115250449
"patient4","ENSG00000186063","AIDA",0.799547610027512
"patient4","ENSG00000103275","UBE2I",0.797973395328754
"patient4","ENSG00000091164","TXNL1",0.777559331565826
"patient4","ENSG00000108588","CCDC47",0.76465799230475
"patient4","ENSG00000117899","MESD",0.762653761269515
"patient4","ENSG00000080345","RIF1",0.72975637131887
"patient4","ENSG00000142166","IFNAR1",0.729307881036241
"patient4","ENSG00000165669","FAM204A",0.711531225047386
"patient4","ENSG00000168172","HOOK3",0.673014037074883
"patient4","ENSG00000136146","MED4",0.659687596716777
"patient4","ENSG00000105379","ETFB",0.638159195354683
"patient4","ENSG00000109536","FRG1",0.62635067143396
"patient4","ENSG00000139168","ZCRB1",0.626252454510269
"patient4","ENSG00000234545","FAM133B",0.624491670632749
"patient4","ENSG00000100815","TRIP11",0.623524129218097
"patient4","ENSG00000088205","DDX18",0.615659399573877
"patient4","ENSG00000100442","FKBP3",0.608224180357788
"patient4","ENSG00000136448","NMT1",0.607432084409038
"patient4","ENSG00000078369","GNB1",0.604370777546066
"patient4","ENSG00000100028","SNRPD3",0.604018169646862
"patient4","ENSG00000125676","THOC2",0.59075718797813
"patient4","ENSG00000105856","HBP1",0.590657341299094
"patient4","ENSG00000100852","ARHGAP5",0.587827513924343
"patient4","ENSG00000089693","MLF2",0.585859815187788
"patient4","ENSG00000075292","ZNF638",0.580603500798713
"patient4","ENSG00000197858","GPAA1",0.55964822681541
"patient4","ENSG00000166200","COPS2",0.558575208981372
"patient4","ENSG00000166595","CIAO2B",0.556100796484062
"patient4","ENSG00000143543","JTB",0.550959248477916
"patient4","ENSG00000108946","PRKAR1A",0.545697482424111
"patient4","ENSG00000170515","PA2G4",0.530705058606214
"patient4","ENSG00000106400","ZNHIT1",0.481703324985652
"patient4","ENSG00000111142","METAP2",0.470054164864821
"patient4","ENSG00000272047","GTF2H5",0.42133630325278
"patient4","ENSG00000188994","ZNF292",0.409068934879924
"patient4","ENSG00000141867","BRD4",0.40515223289062
"patient4","ENSG00000184432","COPB2",0.372240896233681
"patient4","ENSG00000129103","SUMF2",0.297653765132071
"patient4","ENSG00000180964","TCEAL8",0.239371869661952
"patient4","ENSG00000167522","ANKRD11",0.228623957149513
"patient4","ENSG00000137815","RTF1",0.228063799273869
"patient4","ENSG00000065548","ZC3H15",0.227828327815733
"patient4","ENSG00000102401","ARMCX3",0.2034087587634
"patient4","ENSG00000007080","CCDC124",0.199758263573273
"patient4","ENSG00000277972","CISD3",0.191991602165179
"patient4","ENSG00000070010","UFD1",0.184808931744454
"patient4","ENSG00000111237","VPS29",0.174139672437119
"patient4","ENSG00000115561","CHMP3",0.169788951514387
"patient4","ENSG00000213246","SUPT4H1",0.16701175781586
"patient4","ENSG00000145494","NDUFS6",0.152064819976142
"patient4","ENSG00000156256","USP16",0.14381206720047
"patient4","ENSG00000172500","FIBP",0.136150677712944
"patient4","ENSG00000138069","RAB1A",0.133838978500999
"patient4","ENSG00000103978","TMEM87A",0.0997440937289498
"patient4","ENSG00000137100","DCTN3",0.0742693114416353
"patient4","ENSG00000072506","HSD17B10",0.0639267837565508
"patient4","ENSG00000187051","RPS19BP1",0.0419378499958252
"patient4","ENSG00000101266","CSNK2A1",0.0385507002029656
"patient4","ENSG00000164172","MOCS2",0.0381185637786283
"patient4","ENSG00000101161","PRPF6",0.0366691719322614
"patient4","ENSG00000144635","DYNC1LI1",0.030100596210938
"patient4","ENSG00000131495","NDUFA2",0.0296781230983335
"patient4","ENSG00000105887","MTPN",0.00010079649216401
"patient4","ENSG00000075420","FNDC3B",-0.000429990567038204
"patient4","ENSG00000242372","EIF6",-0.00301105033093313
"patient4","ENSG00000129292","PHF20L1",-0.0694474208238148
"patient4","ENSG00000174891","RSRC1",-0.0759174129430453
"patient4","ENSG00000184203","PPP1R2",-0.0819298907248646
"patient4","ENSG00000113312","TTC1",-0.0907235677941448
"patient4","ENSG00000140307","GTF2A2",-0.144081487604392
"patient4","ENSG00000119541","VPS4B",-0.146839992334777
"patient4","ENSG00000131116","ZNF428",-0.162766563926771
"patient4","ENSG00000080371","RAB21",-0.183682465471548
"patient4","ENSG00000171222","SCAND1",-0.232839081948876
"patient4","ENSG00000143977","SNRPG",-0.247493685270756
"patient4","ENSG00000126005","MMP24OS",-0.267100017606368
"patient4","ENSG00000115234","SNX17",-0.271419491244471
"patient4","ENSG00000102189","EEA1",-0.273876111072301
"patient4","ENSG00000154305","MIA3",-0.284812746364119
"patient4","ENSG00000129083","COPB1",-0.303194581514979
"patient4","ENSG00000265808","SEC22B",-0.307577515873701
"patient4","ENSG00000185608","MRPL40",-0.322471649626502
"patient4","ENSG00000144747","TMF1",-0.481608953112522
"patient4","ENSG00000089053","ANAPC5",-0.516155182878731
"patient4","ENSG00000182934","SRPRA",-0.544409120307742
"patient4","ENSG00000198961","PJA2",-0.560128006502244
"patient4","ENSG00000177565","TBL1XR1",-0.564196561058625
"patient4","ENSG00000114354","TFG",-0.608897303796662
"patient4","ENSG00000153147","SMARCA5",-0.610635083181037
"patient4","ENSG00000128699","ORMDL1",-0.673997446162854
"patient4","ENSG00000056097","ZFR",-0.698375599189232
"patient4","ENSG00000163875","MEAF6",-0.796138991701183
"patient4","ENSG00000067248","DHX29",-0.818534159719432
"patient4","ENSG00000124214","STAU1",-0.895682162229399
"patient4","ENSG00000090621","PABPC4",-1.02361483467433
"patient4","ENSG00000004059","ARF5",-1.17225137484813
"patient5","ENSG00000170323","FABP4",26.8245865467996
"patient5","ENSG00000077942","FBLN1",25.7169921747607
"patient5","ENSG00000011465","DCN",25.5099505443393
"patient5","ENSG00000132386","SERPINF1",24.5041725750648
"patient5","ENSG00000100234","TIMP3",21.496571958347
"patient5","ENSG00000164687","FABP5",19.8920764031305
"patient5","ENSG00000078596","ITM2A",19.8537241361684
"patient5","ENSG00000111341","MGP",19.7702461796314
"patient5","ENSG00000038427","VCAN",19.7632105855726
"patient5","ENSG00000120885","CLU",19.5741023124296
"patient5","ENSG00000008394","MGST1",19.5388698081037
"patient5","ENSG00000261371","PECAM1",18.9893952691412
"patient5","ENSG00000144810","COL8A1",18.8204637109461
"patient5","ENSG00000186340","THBS2",18.6324064468684
"patient5","ENSG00000140285","FGF7",18.5587156040714
"patient5","ENSG00000127954","STEAP4",18.3961672326305
"patient5","ENSG00000141753","IGFBP4",18.1227856709906
"patient5","ENSG00000198467","TPM2",17.6588969510449
"patient5","ENSG00000115414","FN1",17.5565168894958
"patient5","ENSG00000149591","TAGLN",17.5375020371204
"patient5","ENSG00000107796","ACTA2",17.5347447342194
"patient5","ENSG00000143196","DPT",17.4484983916349
"patient5","ENSG00000204472","AIF1",17.4162331273307
"patient5","ENSG00000101335","MYL9",17.2361694788839
"patient5","ENSG00000189129","PLAC9",17.2184012401821
"patient5","ENSG00000181649","PHLDA2",17.1920953637844
"patient5","ENSG00000176435","CLEC14A",17.17551576461
"patient5","ENSG00000115457","IGFBP2",16.9444989743431
"patient5","ENSG00000162618","ADGRL4",16.587897551488
"patient5","ENSG00000074181","NOTCH3",16.5051316215854
"patient5","ENSG00000140092","FBLN5",16.1919950610949
"patient5","ENSG00000167641","PPP1R14A",16.140977362049
"patient5","ENSG00000187513","GJA4",16.1028077066496
"patient5","ENSG00000203883","SOX18",16.0235179814241
"patient5","ENSG00000130300","PLVAP",15.9161857660632
"patient5","ENSG00000127951","FGL2",15.8366250442848
"patient5","ENSG00000122786","CALD1",15.8198734380919
"patient5","ENSG00000179144","GIMAP7",15.8103009418694
"patient5","ENSG00000139329","LUM",15.7337743420133
"patient5","ENSG00000142910","TINAGL1",15.7229061307552
"patient5","ENSG00000182871","COL18A1",15.7204090542919
"patient5","ENSG00000133026","MYH10",15.6959852765163
"patient5","ENSG00000131477","RAMP2",15.660181441807
"patient5","ENSG00000110799","VWF",15.504372132713
"patient5","ENSG00000120594","PLXDC2",15.4536963306609
"patient5","ENSG00000106565","TMEM176B",15.3645742998427
"patient5","ENSG00000132329","RAMP1",15.3631185324706
"patient5","ENSG00000107317","PTGDS",15.3096995883953
"patient5","ENSG00000123358","NR4A1",15.2466370998824
"patient5","ENSG00000158869","FCER1G",15.218110273211
"patient5","ENSG00000184113","CLDN5",15.1053827758172
"patient5","ENSG00000125730","C3",15.078530345627
"patient5","ENSG00000002933","TMEM176A",14.950734955297
"patient5","ENSG00000140545","MFGE8",14.9275607006586
"patient5","ENSG00000177606","JUN",14.9035255021969
"patient5","ENSG00000124212","PTGIS",14.8991430478741
"patient5","ENSG00000249751","ECSCR",14.8657862579258
"patient5","ENSG00000135678","CPM",14.8425105671076
"patient5","ENSG00000077943","ITGA8",14.837823512534
"patient5","ENSG00000125868","DSTN",14.7679169666796
"patient5","ENSG00000136999","CCN3",14.7299246860722
"patient5","ENSG00000109099","PMP22",14.7078286400511
"patient5","ENSG00000172889","EGFL7",14.6326005056903
"patient5","ENSG00000130203","APOE",14.6243279221116
"patient5","ENSG00000149564","ESAM",14.5329798151321
"patient5","ENSG00000169851","PCDH7",14.4372535742972
"patient5","ENSG00000119681","LTBP2",14.4270073150095
"patient5","ENSG00000099260","PALMD",14.4193633490884
"patient5","ENSG00000115380","EFEMP1",14.3976416347336
"patient5","ENSG00000167642","SPINT2",14.3730391378205
"patient5","ENSG00000157514","TSC22D3",14.0627583980917
"patient5","ENSG00000111348","ARHGDIB",14.0513896060006
"patient5","ENSG00000165795","NDRG2",14.0174562279972
"patient5","ENSG00000127083","OMD",14.0104169522449
"patient5","ENSG00000049323","LTBP1",13.9908957291352
"patient5","ENSG00000011600","TYROBP",13.9127286861116
"patient5","ENSG00000127528","KLF2",13.880342398481
"patient5","ENSG00000166562","SEC11C",13.8752635997822
"patient5","ENSG00000165949","IFI27",13.8543336157613
"patient5","ENSG00000105655","ISYNA1",13.842863867305
"patient5","ENSG00000123384","LRP1",13.812340557312
"patient5","ENSG00000189058","APOD",13.7814113173241
"patient5","ENSG00000175899","A2M",13.7433978313641
"patient5","ENSG00000105664","COMP",13.6608317484918
"patient5","ENSG00000122679","RAMP3",13.6515971384256
"patient5","ENSG00000250722","SELENOP",13.6385234191004
"patient5","ENSG00000134853","PDGFRA",13.6178599500753
"patient5","ENSG00000182492","BGN",13.5977795273572
"patient5","ENSG00000106809","OGN",13.5439106426369
"patient5","ENSG00000109610","SOD3",13.5374789564429
"patient5","ENSG00000102879","CORO1A",13.4969654514155
"patient5","ENSG00000197614","MFAP5",13.493563470368
"patient5","ENSG00000213088","ACKR1",13.4578880926244
"patient5","ENSG00000091986","CCDC80",13.4482196842145
"patient5","ENSG00000188783","PRELP",13.4172605121759
"patient5","ENSG00000154175","ABI3BP",13.3244107073091
"patient5","ENSG00000117632","STMN1",13.2875967028132
"patient5","ENSG00000240583","AQP1",13.2734801241327
"patient5","ENSG00000151491","EPS8",13.2717184285447
"patient5","ENSG00000064205","CCN5",13.2599593414452
"patient5","ENSG00000118849","RARRES1",13.2542121257008
"patient5","ENSG00000121858","TNFSF10",13.2524150361489
"patient5","ENSG00000197461","PDGFA",13.2346324686732
"patient5","ENSG00000111404","RERGL",13.1913563654693
"patient5","ENSG00000132965","ALOX5AP",13.1738662718284
"patient5","ENSG00000168497","CAVIN2",13.0729546410519
"patient5","ENSG00000140945","CDH13",13.0623117870182
"patient5","ENSG00000143226","FCGR2A",13.0584216659565
"patient5","ENSG00000099860","GADD45B",13.009504840965
"patient5","ENSG00000196126","HLA-DRB1",12.9999750119542
"patient5","ENSG00000174059","CD34",12.9815677221588
"patient5","ENSG00000152583","SPARCL1",12.9584165740143
"patient5","ENSG00000131386","GALNT15",12.9514278386351
"patient5","ENSG00000144476","ACKR3",12.8606832016252
"patient5","ENSG00000133574","GIMAP4",12.8329424196693
"patient5","ENSG00000145423","SFRP2",12.8101764135392
"patient5","ENSG00000196616","ADH1B",12.8050797958848
"patient5","ENSG00000213145","CRIP1",12.797483076587
"patient5","ENSG00000123131","PRDX4",12.7400612312098
"patient5","ENSG00000250479","CHCHD10",12.7327500164227
"patient5","ENSG00000197747","S100A10",12.7121956666366
"patient5","ENSG00000164692","COL1A2",12.7095619729109
"patient5","ENSG00000064042","LIMCH1",12.6879308424187
"patient5","ENSG00000163520","FBLN2",12.6841084808813
"patient5","ENSG00000019582","CD74",12.5356884183031
"patient5","ENSG00000170345","FOS",12.5133546151818
"patient5","ENSG00000125810","CD93",12.5017060200536
"patient5","ENSG00000197766","CFD",12.4939545374942
"patient5","ENSG00000198523","PLN",12.4528706356339
"patient5","ENSG00000163710","PCOLCE2",12.4241895556963
"patient5","ENSG00000170962","PDGFD",12.4013141582125
"patient5","ENSG00000187244","BCAM",12.371450490774
"patient5","ENSG00000120708","TGFBI",12.3557985405035
"patient5","ENSG00000122862","SRGN",12.3284561549918
"patient5","ENSG00000129538","RNASE1",12.3133818826874
"patient5","ENSG00000072110","ACTN1",12.2658736704302
"patient5","ENSG00000162772","ATF3",12.2488030230472
"patient5","ENSG00000185885","IFITM1",12.2449073353053
"patient5","ENSG00000010278","CD9",12.2446094095295
"patient5","ENSG00000106624","AEBP1",12.2314941782248
"patient5","ENSG00000162496","DHRS3",12.2280264236781
"patient5","ENSG00000068001","HYAL2",12.1341793471556
"patient5","ENSG00000133392","MYH11",12.1053938786242
"patient5","ENSG00000185650","ZFP36L1",12.0915704661551
"patient5","ENSG00000185551","NR2F2",12.0901907050431
"patient5","ENSG00000141232","TOB1",12.0816849459465
"patient5","ENSG00000129422","MTUS1",12.0495233648005
"patient5","ENSG00000125740","FOSB",12.0119735573066
"patient5","ENSG00000196154","S100A4",12.0090364885395
"patient5","ENSG00000076706","MCAM",11.9621709426257
"patient5","ENSG00000171223","JUNB",11.9258386774567
"patient5","ENSG00000116132","PRRX1",11.9207001033148
"patient5","ENSG00000140416","TPM1",11.9110609320824
"patient5","ENSG00000170458","CD14",11.8693927771901
"patient5","ENSG00000137573","SULF1",11.8654609624412
"patient5","ENSG00000164106","SCRG1",11.8499663963928
"patient5","ENSG00000213316","LTC4S",11.8380236052542
"patient5","ENSG00000170017","ALCAM",11.8363883734614
"patient5","ENSG00000182326","C1S",11.7792867074153
"patient5","ENSG00000090104","RGS1",11.7672010192092
"patient5","ENSG00000106991","ENG",11.7154494308394
"patient5","ENSG00000107562","CXCL12",11.6852498800547
"patient5","ENSG00000119655","NPC2",11.6674620297394
"patient5","ENSG00000074416","MGLL",11.6627062776963
"patient5","ENSG00000152518","ZFP36L2",11.662632834781
"patient5","ENSG00000265972","TXNIP",11.6411695154074
"patient5","ENSG00000164761","TNFRSF11B",11.6277461237224
"patient5","ENSG00000213203","GIMAP1",11.6044169429417
"patient5","ENSG00000188229","TUBB4B",11.5896693745293
"patient5","ENSG00000100097","LGALS1",11.5858819118734
"patient5","ENSG00000154146","NRGN",11.5504862334548
"patient5","ENSG00000145675","PIK3R1",11.5313305761314
"patient5","ENSG00000129757","CDKN1C",11.5100488938151
"patient5","ENSG00000133639","BTG1",11.5031724003474
"patient5","ENSG00000159388","BTG2",11.4813223899188
"patient5","ENSG00000142173","COL6A2",11.4737327573611
"patient5","ENSG00000003436","TFPI",11.4548615103373
"patient5","ENSG00000159403","C1R",11.4450515973171
"patient5","ENSG00000101000","PROCR",11.3968934256198
"patient5","ENSG00000119147","ECRG4",11.3675603120036
"patient5","ENSG00000159176","CSRP1",11.3564624902674
"patient5","ENSG00000204287","HLA-DRA",11.2585209036111
"patient5","ENSG00000133110","POSTN",11.2347960169221
"patient5","ENSG00000135916","ITM2C",11.2271266227296
"patient5","ENSG00000136167","LCP1",11.2201817371711
"patient5","ENSG00000188290","HES4",11.2149459405024
"patient5","ENSG00000115461","IGFBP5",11.2067313669562
"patient5","ENSG00000085063","CD59",11.1715683276389
"patient5","ENSG00000051523","CYBA",11.1389504064406
"patient5","ENSG00000143127","ITGA10",11.1207473060494
"patient5","ENSG00000150687","PRSS23",11.0819296708113
"patient5","ENSG00000143119","CD53",11.072202036681
"patient5","ENSG00000112936","C7",11.0583867753606
"patient5","ENSG00000084234","APLP2",11.0546709219256
"patient5","ENSG00000134531","EMP1",11.041218967239
"patient5","ENSG00000004799","PDK4",11.0395159140733
"patient5","ENSG00000160888","IER2",11.0339941247445
"patient5","ENSG00000005022","SLC25A5",11.0004121439869
"patient5","ENSG00000141338","ABCA8",10.9158436813694
"patient5","ENSG00000188643","S100A16",10.9117049648987
"patient5","ENSG00000240065","PSMB9",10.8978412262793
"patient5","ENSG00000164733","CTSB",10.8918509019844
"patient5","ENSG00000198959","TGM2",10.8884072890718
"patient5","ENSG00000149131","SERPING1",10.8608718325633
"patient5","ENSG00000176971","FIBIN",10.8559013447564
"patient5","ENSG00000162511","LAPTM5",10.8347021071462
"patient5","ENSG00000187955","COL14A1",10.8124395954081
"patient5","ENSG00000137801","THBS1",10.7932275880828
"patient5","ENSG00000234745","HLA-B",10.7379409579065
"patient5","ENSG00000130176","CNN1",10.7044110785437
"patient5","ENSG00000111716","LDHB",10.6983713736802
"patient5","ENSG00000130303","BST2",10.6936629618921
"patient5","ENSG00000116016","EPAS1",10.6681396798398
"patient5","ENSG00000143153","ATP1B1",10.665613221832
"patient5","ENSG00000184060","ADAP2",10.6464348564986
"patient5","ENSG00000136826","KLF4",10.6391292921561
"patient5","ENSG00000065534","MYLK",10.6276336987846
"patient5","ENSG00000105974","CAV1",10.6261047252028
"patient5","ENSG00000162444","RBP7",10.5898297683244
"patient5","ENSG00000177575","CD163",10.5834136712849
"patient5","ENSG00000153823","PID1",10.5814836035155
"patient5","ENSG00000087245","MMP2",10.5803215602148
"patient5","ENSG00000135744","AGT",10.5702807426817
"patient5","ENSG00000178695","KCTD12",10.5221889123461
"patient5","ENSG00000109846","CRYAB",10.5009703013195
"patient5","ENSG00000106333","PCOLCE",10.4901479923257
"patient5","ENSG00000070081","NUCB2",10.4749094480702
"patient5","ENSG00000176046","NUPR1",10.4594193964357
"patient5","ENSG00000177697","CD151",10.4572487082359
"patient5","ENSG00000125968","ID1",10.4559814864302
"patient5","ENSG00000100219","XBP1",10.4506580253173
"patient5","ENSG00000277632","CCL3",10.4440449297279
"patient5","ENSG00000135821","GLUL",10.441214472044
"patient5","ENSG00000104368","PLAT",10.4255405440313
"patient5","ENSG00000184489","PTP4A3",10.4043661449011
"patient5","ENSG00000170891","CYTL1",10.3995640440635
"patient5","ENSG00000102786","INTS6",10.3722881755398
"patient5","ENSG00000145012","LPP",10.3690421896061
"patient5","ENSG00000275302","CCL4",10.3674675981781
"patient5","ENSG00000102760","RGCC",10.3673323214197
"patient5","ENSG00000185633","COXFA4L2",10.3510353897276
"patient5","ENSG00000161638","ITGA5",10.3176181815883
"patient5","ENSG00000108691","CCL2",10.3170571306333
"patient5","ENSG00000122378","PRXL2A",10.287071419626
"patient5","ENSG00000038945","MSR1",10.2471969119807
"patient5","ENSG00000172403","SYNPO2",10.2376373679441
"patient5","ENSG00000221869","CEBPD",10.2037219797617
"patient5","ENSG00000183087","GAS6",10.1856469795788
"patient5","ENSG00000196569","LAMA2",10.1817928634303
"patient5","ENSG00000005020","SKAP2",10.1616031186373
"patient5","ENSG00000066336","SPI1",10.1440363182409
"patient5","ENSG00000211445","GPX3",10.1428505237561
"patient5","ENSG00000107551","RASSF4",10.1313560499787
"patient5","ENSG00000125148","MT2A",10.118585178417
"patient5","ENSG00000152661","GJA1",10.1090007701442
"patient5","ENSG00000153234","NR4A2",10.1058217904798
"patient5","ENSG00000179344","HLA-DQB1",10.1032138459707
"patient5","ENSG00000102007","PLP2",10.1006958727938
"patient5","ENSG00000198542","ITGBL1",10.0839018359947
"patient5","ENSG00000187134","AKR1C1",10.0370671959395
"patient5","ENSG00000168386","FILIP1L",10.026944845089
"patient5","ENSG00000008517","IL32",10.016806295672
"patient5","ENSG00000160255","ITGB2",10.0004002585435
"patient5","ENSG00000065054","NHERF2",9.98051530899004
"patient5","ENSG00000163513","TGFBR2",9.97559468718571
"patient5","ENSG00000107281","NPDC1",9.96488884688754
"patient5","ENSG00000168209","DDIT4",9.95556420743157
"patient5","ENSG00000166482","MFAP4",9.9535546555865
"patient5","ENSG00000166592","RRAD",9.9309276504678
"patient5","ENSG00000000971","CFH",9.9166012658716
"patient5","ENSG00000132334","PTPRE",9.91608109882664
"patient5","ENSG00000101160","CTSZ",9.90250326746211
"patient5","ENSG00000163453","IGFBP7",9.88475550026815
"patient5","ENSG00000130429","ARPC1B",9.88450735786433
"patient5","ENSG00000189171","S100A13",9.86401943944628
"patient5","ENSG00000172935","MRGPRF",9.86140848411171
"patient5","ENSG00000137331","IER3",9.85816895640961
"patient5","ENSG00000105329","TGFB1",9.83468830917286
"patient5","ENSG00000143819","EPHX1",9.82850543004248
"patient5","ENSG00000102804","TSC22D1",9.81750249263267
"patient5","ENSG00000155659","VSIG4",9.80316643127401
"patient5","ENSG00000163220","S100A9",9.79619178851263
"patient5","ENSG00000231389","HLA-DPA1",9.76529418213198
"patient5","ENSG00000134243","SORT1",9.75953984198394
"patient5","ENSG00000004399","PLXND1",9.73008609255547
"patient5","ENSG00000106483","SFRP4",9.72669951834018
"patient5","ENSG00000172531","PPP1CA",9.72164604603626
"patient5","ENSG00000123416","TUBA1B",9.69313974673874
"patient5","ENSG00000167552","TUBA1A",9.68817052488713
"patient5","ENSG00000124491","F13A1",9.66983391955363
"patient5","ENSG00000109861","CTSC",9.66369328482241
"patient5","ENSG00000135363","LMO2",9.64104551664818
"patient5","ENSG00000187193","MT1X",9.62827007628249
"patient5","ENSG00000064989","CALCRL",9.62721696593599
"patient5","ENSG00000099250","NRP1",9.61720175526084
"patient5","ENSG00000131711","MAP1B",9.60965736866934
"patient5","ENSG00000166927","MS4A7",9.59996133091348
"patient5","ENSG00000081237","PTPRC",9.59809332510596
"patient5","ENSG00000266964","FXYD1",9.57034887563604
"patient5","ENSG00000169554","ZEB2",9.56757620310945
"patient5","ENSG00000124831","LRRFIP1",9.55264031318856
"patient5","ENSG00000169429","CXCL8",9.54333810226622
"patient5","ENSG00000108821","COL1A1",9.52384619979761
"patient5","ENSG00000104894","CD37",9.51382736510076
"patient5","ENSG00000101347","SAMHD1",9.50882099905237
"patient5","ENSG00000142227","EMP3",9.49731926446049
"patient5","ENSG00000167553","TUBA1C",9.47731922346762
"patient5","ENSG00000169908","TM4SF1",9.43296795296542
"patient5","ENSG00000159251","ACTC1",9.42979193254676
"patient5","ENSG00000104870","FCGRT",9.4282991797308
"patient5","ENSG00000051108","HERPUD1",9.4137379581197
"patient5","ENSG00000129226","CD68",9.41367392583176
"patient5","ENSG00000090382","LYZ",9.41267628479726
"patient5","ENSG00000099998","GGT5",9.41239765480587
"patient5","ENSG00000121898","CPXM2",9.40935115693584
"patient5","ENSG00000173372","C1QA",9.39902671544397
"patient5","ENSG00000169398","PTK2",9.3871717826303
"patient5","ENSG00000168461","RAB31",9.3809075484258
"patient5","ENSG00000126264","HCST",9.37795105196102
"patient5","ENSG00000103811","CTSH",9.37458942899283
"patient5","ENSG00000154556","SORBS2",9.36951951725006
"patient5","ENSG00000006327","TNFRSF12A",9.35970058045327
"patient5","ENSG00000141905","NFIC",9.32761033963115
"patient5","ENSG00000158747","NBL1",9.30733482810012
"patient5","ENSG00000121966","CXCR4",9.25898433334793
"patient5","ENSG00000277443","MARCKS",9.2549474935365
"patient5","ENSG00000025708","TYMP",9.23615498528455
"patient5","ENSG00000260916","CCPG1",9.23321594548792
"patient5","ENSG00000131370","SH3BP5",9.23172641203593
"patient5","ENSG00000026508","CD44",9.22573575632424
"patient5","ENSG00000137076","TLN1",9.21062466699058
"patient5","ENSG00000115956","PLEK",9.18513256469998
"patient5","ENSG00000110077","MS4A6A",9.16986398681434
"patient5","ENSG00000116194","ANGPTL1",9.16822478918279
"patient5","ENSG00000100906","NFKBIA",9.16694252937422
"patient5","ENSG00000182287","AP1S2",9.16500267493077
"patient5","ENSG00000159189","C1QC",9.16466084387021
"patient5","ENSG00000249669","ENSG00000249669",9.12889210153743
"patient5","ENSG00000165092","ALDH1A1",9.10557092721128
"patient5","ENSG00000204103","MAFB",9.08705135405935
"patient5","ENSG00000128595","CALU",9.05665704438447
"patient5","ENSG00000126261","UBA2",9.05147875980298
"patient5","ENSG00000196628","TCF4",9.05098029571115
"patient5","ENSG00000106211","HSPB1",9.0481983322308
"patient5","ENSG00000115594","IL1R1",9.04194183366193
"patient5","ENSG00000112699","GMDS",9.03725762528489
"patient5","ENSG00000162458","FBLIM1",9.0350799233766
"patient5","ENSG00000114541","FRMD4B",9.03329974726396
"patient5","ENSG00000136732","GYPC",9.01944778071733
"patient5","ENSG00000100242","SUN2",9.01497854528791
"patient5","ENSG00000196735","HLA-DQA1",8.99079944100501
"patient5","ENSG00000143110","C1orf162",8.98798233273441
"patient5","ENSG00000154553","PDLIM3",8.98609909935429
"patient5","ENSG00000163359","COL6A3",8.95350279842968
"patient5","ENSG00000233016","SNHG7",8.94667939954783
"patient5","ENSG00000166033","HTRA1",8.94231226662422
"patient5","ENSG00000137962","ARHGAP29",8.94184573944935
"patient5","ENSG00000183722","LHFPL6",8.93343384800779
"patient5","ENSG00000130066","SAT1",8.9293554836001
"patient5","ENSG00000173918","C1QTNF1",8.92339762311659
"patient5","ENSG00000243449","NICOL1",8.9152743861173
"patient5","ENSG00000061676","NCKAP1",8.90670191734469
"patient5","ENSG00000042493","CAPG",8.8712145459764
"patient5","ENSG00000171862","PTEN",8.8625082125114
"patient5","ENSG00000173641","HSPB7",8.83902615993214
"patient5","ENSG00000203747","FCGR3A",8.83529842793771
"patient5","ENSG00000119900","OGFRL1",8.83135936118667
"patient5","ENSG00000173369","C1QB",8.82089528192346
"patient5","ENSG00000137575","SDCBP",8.79408157703932
"patient5","ENSG00000153071","DAB2",8.7924385251293
"patient5","ENSG00000162599","NFIA",8.79214269553051
"patient5","ENSG00000167779","IGFBP6",8.78393499313026
"patient5","ENSG00000163563","MNDA",8.78039317074174
"patient5","ENSG00000081189","MEF2C",8.77762815107717
"patient5","ENSG00000151632","AKR1C2",8.77221334154081
"patient5","ENSG00000085662","AKR1B1",8.75827592065331
"patient5","ENSG00000100345","MYH9",8.7575094343734
"patient5","ENSG00000006016","CRLF1",8.7519745880785
"patient5","ENSG00000048740","CELF2",8.73158625460073
"patient5","ENSG00000104419","NDRG1",8.72879315454369
"patient5","ENSG00000127920","GNG11",8.72117526161556
"patient5","ENSG00000196924","FLNA",8.72051551492868
"patient5","ENSG00000116717","GADD45A",8.71825751739955
"patient5","ENSG00000223865","HLA-DPB1",8.71029092984698
"patient5","ENSG00000114850","SSR3",8.70823595376577
"patient5","ENSG00000166741","NNMT",8.70819284893997
"patient5","ENSG00000148175","STOM",8.68898755322753
"patient5","ENSG00000133872","SARAF",8.67576773261152
"patient5","ENSG00000128245","YWHAH",8.66542937752366
"patient5","ENSG00000162614","NEXN",8.66068012076354
"patient5","ENSG00000147862","NFIB",8.66064429831417
"patient5","ENSG00000004776","HSPB6",8.64023483954011
"patient5","ENSG00000088832","FKBP1A",8.6377163741958
"patient5","ENSG00000058272","PPP1R12A",8.60961660061363
"patient5","ENSG00000142798","HSPG2",8.58614211228972
"patient5","ENSG00000196139","AKR1C3",8.58141671937549
"patient5","ENSG00000050165","DKK3",8.56247179607288
"patient5","ENSG00000241685","ARPC1A",8.54877143809414
"patient5","ENSG00000112531","QKI",8.53681055792483
"patient5","ENSG00000204389","HSPA1A",8.53081232029105
"patient5","ENSG00000130402","ACTN4",8.52500718587004
"patient5","ENSG00000165457","FOLR2",8.51193722236062
"patient5","ENSG00000204264","PSMB8",8.50979055251142
"patient5","ENSG00000106366","SERPINE1",8.49888620304032
"patient5","ENSG00000150540","HNMT",8.4925014613529
"patient5","ENSG00000197405","C5AR1",8.49045495801258
"patient5","ENSG00000162998","FRZB",8.47723796421135
"patient5","ENSG00000022267","FHL1",8.46511028950206
"patient5","ENSG00000049449","RCN1",8.46499172988602
"patient5","ENSG00000118785","SPP1",8.45360751531626
"patient5","ENSG00000100979","PLTP",8.44897851124378
"patient5","ENSG00000185862","EVI2B",8.44166407531229
"patient5","ENSG00000111275","ALDH2",8.43773672848285
"patient5","ENSG00000163431","LMOD1",8.43121200781402
"patient5","ENSG00000132002","DNAJB1",8.42949883232206
"patient5","ENSG00000113721","PDGFRB",8.4284598275445
"patient5","ENSG00000175183","CSRP2",8.4173003838864
"patient5","ENSG00000027697","IFNGR1",8.40555850948009
"patient5","ENSG00000110079","MS4A4A",8.40104323532656
"patient5","ENSG00000160932","LY6E",8.38463095480784
"patient5","ENSG00000184905","TCEAL2",8.34963950762379
"patient5","ENSG00000101955","SRPX",8.3390187907802
"patient5","ENSG00000100292","HMOX1",8.33887665969133
"patient5","ENSG00000023902","PLEKHO1",8.33731771183102
"patient5","ENSG00000157557","ETS2",8.31894333426308
"patient5","ENSG00000162576","MXRA8",8.30449873103937
"patient5","ENSG00000054654","SYNE2",8.29910375808091
"patient5","ENSG00000170348","TMED10",8.29650453562322
"patient5","ENSG00000089327","FXYD5",8.29205928878577
"patient5","ENSG00000145936","KCNMB1",8.28429800927222
"patient5","ENSG00000166165","CKB",8.27733182448651
"patient5","ENSG00000084070","SMAP2",8.26824207146091
"patient5","ENSG00000042753","AP2S1",8.25646941164267
"patient5","ENSG00000186834","HEXIM1",8.24659975775266
"patient5","ENSG00000148671","ADIRF",8.24571996878835
"patient5","ENSG00000189067","LITAF",8.24559914314874
"patient5","ENSG00000163017","ACTG2",8.23962908441954
"patient5","ENSG00000112149","CD83",8.23373110057408
"patient5","ENSG00000168542","COL3A1",8.23314729781035
"patient5","ENSG00000165168","CYBB",8.22884144102144
"patient5","ENSG00000172301","COPRS",8.22418164604351
"patient5","ENSG00000104332","SFRP1",8.20602009905112
"patient5","ENSG00000065911","MTHFD2",8.20082098133289
"patient5","ENSG00000198431","TXNRD1",8.19981478287816
"patient5","ENSG00000260314","MRC1",8.19686435539159
"patient5","ENSG00000243927","MRPS6",8.19226522272148
"patient5","ENSG00000169715","MT1E",8.16282183880752
"patient5","ENSG00000115641","FHL2",8.16071977370884
"patient5","ENSG00000139318","DUSP6",8.14572060359034
"patient5","ENSG00000071967","CYBRD1",8.14560024648008
"patient5","ENSG00000163565","IFI16",8.1415122178242
"patient5","ENSG00000182578","CSF1R",8.13814871552211
"patient5","ENSG00000111817","DSE",8.13719012406628
"patient5","ENSG00000120742","SERP1",8.13078688585979
"patient5","ENSG00000114315","HES1",8.12519741806327
"patient5","ENSG00000187479","C11orf96",8.120247634248
"patient5","ENSG00000197321","SVIL",8.11484514233288
"patient5","ENSG00000108679","LGALS3BP",8.1089968172265
"patient5","ENSG00000115306","SPTBN1",8.0922950073018
"patient5","ENSG00000118515","SGK1",8.08282170450427
"patient5","ENSG00000164125","GASK1B",8.08025290200069
"patient5","ENSG00000174080","CTSF",8.07162846065465
"patient5","ENSG00000143537","ADAM15",8.055652885457
"patient5","ENSG00000106066","CPVL",8.0471840004405
"patient5","ENSG00000269821","KCNQ1OT1",8.04468938875209
"patient5","ENSG00000130592","LSP1",8.02651128051224
"patient5","ENSG00000269893","SNHG8",8.00469725481115
"patient5","ENSG00000145390","USP53",7.99494332721566
"patient5","ENSG00000143013","LMO4",7.98010139370637
"patient5","ENSG00000143162","CREG1",7.95909309054934
"patient5","ENSG00000139112","GABARAPL1",7.95680622375571
"patient5","ENSG00000115468","EFHD1",7.92825836735259
"patient5","ENSG00000144802","NFKBIZ",7.91571561677313
"patient5","ENSG00000131238","PPT1",7.91306325571298
"patient5","ENSG00000118503","TNFAIP3",7.89415181821838
"patient5","ENSG00000108823","SGCA",7.89111582063271
"patient5","ENSG00000103187","COTL1",7.88981974993228
"patient5","ENSG00000196923","PDLIM7",7.88974612174901
"patient5","ENSG00000213853","EMP2",7.87837010391505
"patient5","ENSG00000164713","BRI3",7.87457749721607
"patient5","ENSG00000146674","IGFBP3",7.85278828331148
"patient5","ENSG00000156113","KCNMA1",7.81550693654565
"patient5","ENSG00000168003","SLC3A2",7.80633992183941
"patient5","ENSG00000188313","PLSCR1",7.78939605805762
"patient5","ENSG00000113657","DPYSL3",7.78787462902492
"patient5","ENSG00000107738","VSIR",7.7860043983519
"patient5","ENSG00000129657","SEC14L1",7.77746422216426
"patient5","ENSG00000117410","ATP6V0B",7.76412279862685
"patient5","ENSG00000204642","HLA-F",7.75999135802867
"patient5","ENSG00000162434","JAK1",7.75987448922517
"patient5","ENSG00000173486","FKBP2",7.74971356798356
"patient5","ENSG00000101384","JAG1",7.74425674265931
"patient5","ENSG00000197894","ADH5",7.73050808408877
"patient5","ENSG00000169504","CLIC4",7.72947935073711
"patient5","ENSG00000109472","CPE",7.72090867911804
"patient5","ENSG00000079308","TNS1",7.72020111700684
"patient5","ENSG00000178573","MAF",7.71515767844355
"patient5","ENSG00000140931","CMTM3",7.7122352128834
"patient5","ENSG00000151729","SLC25A4",7.69691291919383
"patient5","ENSG00000170540","ARL6IP1",7.69529201448945
"patient5","ENSG00000115091","ACTR3",7.69358803187762
"patient5","ENSG00000113594","LIFR",7.68971374976766
"patient5","ENSG00000112562","SMOC2",7.68793385271206
"patient5","ENSG00000198502","HLA-DRB5",7.66294148701247
"patient5","ENSG00000103769","RAB11A",7.66014359079371
"patient5","ENSG00000145730","PAM",7.65510197703808
"patient5","ENSG00000213626","LBH",7.63871149762709
"patient5","ENSG00000102172","SMS",7.62270459220086
"patient5","ENSG00000168938","PPIC",7.61914577486275
"patient5","ENSG00000030582","GRN",7.61783908921862
"patient5","ENSG00000167601","AXL",7.61296217629316
"patient5","ENSG00000131446","MGAT1",7.60480194340173
"patient5","ENSG00000174307","PHLDA3",7.60321946505963
"patient5","ENSG00000130755","GMFG",7.58926466470688
"patient5","ENSG00000171867","PRNP",7.5606152114295
"patient5","ENSG00000125753","VASP",7.55128571136113
"patient5","ENSG00000168214","RBPJ",7.53918908195624
"patient5","ENSG00000134533","RERG",7.5250844987953
"patient5","ENSG00000081041","CXCL2",7.52127915187281
"patient5","ENSG00000118508","RAB32",7.52049009780289
"patient5","ENSG00000130522","JUND",7.51273011099853
"patient5","ENSG00000105835","NAMPT",7.50769778349319
"patient5","ENSG00000135269","TES",7.50525763586849
"patient5","ENSG00000146376","ARHGAP18",7.4908051236295
"patient5","ENSG00000148700","ADD3",7.48637142619112
"patient5","ENSG00000183255","PTTG1IP",7.48553041848897
"patient5","ENSG00000116044","NFE2L2",7.48379391800982
"patient5","ENSG00000184840","TMED9",7.45038736959114
"patient5","ENSG00000154734","ADAMTS1",7.44773950993401
"patient5","ENSG00000011422","PLAUR",7.43681249741782
"patient5","ENSG00000125844","RRBP1",7.43528988980864
"patient5","ENSG00000166347","CYB5A",7.42311697600853
"patient5","ENSG00000147872","PLIN2",7.42110756277901
"patient5","ENSG00000154096","THY1",7.40494437092265
"patient5","ENSG00000096060","FKBP5",7.39533458509493
"patient5","ENSG00000166147","FBN1",7.3941481211763
"patient5","ENSG00000120690","ELF1",7.38853322214794
"patient5","ENSG00000256235","SMIM3",7.38533804609545
"patient5","ENSG00000217555","CKLF",7.36754685179742
"patient5","ENSG00000125347","IRF1",7.36436066872792
"patient5","ENSG00000124225","PMEPA1",7.36229060323469
"patient5","ENSG00000160789","LMNA",7.35970174431056
"patient5","ENSG00000123636","BAZ2B",7.35910969581639
"patient5","ENSG00000150347","ARID5B",7.3513152437006
"patient5","ENSG00000137033","IL33",7.34756190973209
"patient5","ENSG00000164056","SPRY1",7.34733089642978
"patient5","ENSG00000139679","LPAR6",7.34567192153051
"patient5","ENSG00000163931","TKT",7.34308503356691
"patient5","ENSG00000118640","VAMP8",7.34284051457978
"patient5","ENSG00000165655","ZNF503",7.33362446300368
"patient5","ENSG00000185630","PBX1",7.33215369730873
"patient5","ENSG00000120896","SORBS3",7.32126096623215
"patient5","ENSG00000111666","CHPT1",7.31565280863797
"patient5","ENSG00000169413","RNASE6",7.3023348822418
"patient5","ENSG00000021355","SERPINB1",7.29119737464612
"patient5","ENSG00000169439","SDC2",7.28286481150285
"patient5","ENSG00000129128","SPCS3",7.28265030607394
"patient5","ENSG00000150593","PDCD4",7.27059245434992
"patient5","ENSG00000129116","PALLD",7.26419839048713
"patient5","ENSG00000173705","SUSD5",7.26334035380772
"patient5","ENSG00000074842","MYDGF",7.26034488025581
"patient5","ENSG00000166333","ILK",7.25992713176779
"patient5","ENSG00000185624","P4HB",7.250717142286
"patient5","ENSG00000110852","CLEC2B",7.24624094307581
"patient5","ENSG00000131724","IL13RA1",7.22543784939165
"patient5","ENSG00000116741","RGS2",7.21949858059128
"patient5","ENSG00000010327","STAB1",7.21805338741794
"patient5","ENSG00000134871","COL4A2",7.21644032927513
"patient5","ENSG00000122176","FMOD",7.21523193884129
"patient5","ENSG00000134996","OSTF1",7.21027385842538
"patient5","ENSG00000128228","SDF2L1",7.20456148729624
"patient5","ENSG00000196352","CD55",7.20398062913016
"patient5","ENSG00000137710","RDX",7.18808126535344
"patient5","ENSG00000182809","CRIP2",7.18356998027913
"patient5","ENSG00000275395","FCGBP",7.18090316662678
"patient5","ENSG00000103490","PYCARD",7.17328921569286
"patient5","ENSG00000163584","RPL22L1",7.16649580069149
"patient5","ENSG00000113269","RNF130",7.16420420891839
"patient5","ENSG00000092010","PSME1",7.16373450060582
"patient5","ENSG00000246705","H2AJ",7.16064192003409
"patient5","ENSG00000116774","OLFML3",7.150352087739
"patient5","ENSG00000181104","F2R",7.14967651122302
"patient5","ENSG00000117519","CNN3",7.14401670862738
"patient5","ENSG00000150337","FCGR1A",7.13512936817915
"patient5","ENSG00000177885","GRB2",7.12812783803325
"patient5","ENSG00000138071","ACTR2",7.11899611545247
"patient5","ENSG00000090013","BLVRB",7.11790925398014
"patient5","ENSG00000140497","SCAMP2",7.10806279288792
"patient5","ENSG00000204256","BRD2",7.08729426794683
"patient5","ENSG00000028137","TNFRSF1B",7.08562139425379
"patient5","ENSG00000169738","DCXR",7.06658975265396
"patient5","ENSG00000128016","ZFP36",7.06464015492403
"patient5","ENSG00000111912","NCOA7",7.05861808985113
"patient5","ENSG00000198848","CES1",7.04758695847914
"patient5","ENSG00000003402","CFLAR",7.046586658753
"patient5","ENSG00000136235","GPNMB",7.03728299204639
"patient5","ENSG00000035862","TIMP2",7.01986084580615
"patient5","ENSG00000110092","CCND1",7.01869895374215
"patient5","ENSG00000162924","REL",7.01788501359933
"patient5","ENSG00000172348","RCAN2",7.01019906105792
"patient5","ENSG00000164116","GUCY1A1",6.99745193491193
"patient5","ENSG00000235162","C12orf75",6.99523986288631
"patient5","ENSG00000142192","APP",6.98303805396778
"patient5","ENSG00000105223","PLD3",6.97675532847548
"patient5","ENSG00000240972","MIF",6.96895810512384
"patient5","ENSG00000126524","SBDS",6.96327270976969
"patient5","ENSG00000111678","C12orf57",6.9606885720193
"patient5","ENSG00000086061","DNAJA1",6.94571528105155
"patient5","ENSG00000156052","GNAQ",6.92480161697699
"patient5","ENSG00000187498","COL4A1",6.92383239786732
"patient5","ENSG00000011405","PIK3C2A",6.92284365671826
"patient5","ENSG00000163430","FSTL1",6.92234178073739
"patient5","ENSG00000131669","NINJ1",6.90832447919984
"patient5","ENSG00000204257","HLA-DMA",6.90099136445382
"patient5","ENSG00000128739","SNRPN",6.89812200828083
"patient5","ENSG00000133800","LYVE1",6.88710006817654
"patient5","ENSG00000132507","EIF5A",6.88659226836944
"patient5","ENSG00000112773","TENT5A",6.88535523632258
"patient5","ENSG00000142552","RCN3",6.86837165082133
"patient5","ENSG00000100644","HIF1A",6.86677143466982
"patient5","ENSG00000112576","CCND3",6.85576928459254
"patient5","ENSG00000152818","UTRN",6.85033901093402
"patient5","ENSG00000067113","PLPP1",6.84804318961042
"patient5","ENSG00000087074","PPP1R15A",6.82400086848307
"patient5","ENSG00000139278","GLIPR1",6.81709983108994
"patient5","ENSG00000137509","PRCP",6.816019440003
"patient5","ENSG00000122644","ARL4A",6.81117465523406
"patient5","ENSG00000110841","PPFIBP1",6.8057191235753
"patient5","ENSG00000176845","METRNL",6.78370141477954
"patient5","ENSG00000113648","MACROH2A1",6.78071208823367
"patient5","ENSG00000176485","PLAAT3",6.7756697761083
"patient5","ENSG00000163956","LRPAP1",6.77352675865771
"patient5","ENSG00000068305","MEF2A",6.77204693303973
"patient5","ENSG00000204217","BMPR2",6.7683083806891
"patient5","ENSG00000198832","SELENOM",6.76800542256901
"patient5","ENSG00000159840","ZYX",6.76789658088248
"patient5","ENSG00000177105","RHOG",6.76545335093893
"patient5","ENSG00000124570","SERPINB6",6.75039695943845
"patient5","ENSG00000117984","CTSD",6.73334638829591
"patient5","ENSG00000002549","LAP3",6.71740852012431
"patient5","ENSG00000196507","TCEAL3",6.71675449025737
"patient5","ENSG00000140836","ZFHX3",6.71415199094111
"patient5","ENSG00000143387","CTSK",6.71307479727757
"patient5","ENSG00000134294","SLC38A2",6.70137772567379
"patient5","ENSG00000070961","ATP2B1",6.69756672039232
"patient5","ENSG00000049860","HEXB",6.69263242064572
"patient5","ENSG00000065809","FAM107B",6.67951543578704
"patient5","ENSG00000161960","EIF4A1",6.67909776830822
"patient5","ENSG00000163171","CDC42EP3",6.67624914814494
"patient5","ENSG00000121691","CAT",6.67585928945416
"patient5","ENSG00000168899","VAMP5",6.67567844939207
"patient5","ENSG00000132780","NASP",6.6708355819804
"patient5","ENSG00000111885","MAN1A1",6.66917745495692
"patient5","ENSG00000164104","HMGB2",6.65200505790655
"patient5","ENSG00000214063","TSPAN4",6.63108315477078
"patient5","ENSG00000160213","CSTB",6.62616973543496
"patient5","ENSG00000145632","PLK2",6.61396240346901
"patient5","ENSG00000147416","ATP6V1B2",6.59882176926096
"patient5","ENSG00000151914","DST",6.59870643120995
"patient5","ENSG00000168994","PXDC1",6.59007519678096
"patient5","ENSG00000211455","STK38L",6.58262534174816
"patient5","ENSG00000166340","TPP1",6.57180918388039
"patient5","ENSG00000120129","DUSP1",6.56966492143139
"patient5","ENSG00000163131","CTSS",6.56699718818037
"patient5","ENSG00000182551","ADI1",6.55385846617293
"patient5","ENSG00000153048","CARHSP1",6.55072348074337
"patient5","ENSG00000136603","SKIL",6.55057216319109
"patient5","ENSG00000205364","MT1M",6.54354878771886
"patient5","ENSG00000137161","CNPY3",6.54154128568588
"patient5","ENSG00000143878","RHOB",6.53522433117767
"patient5","ENSG00000107438","PDLIM1",6.53212897234549
"patient5","ENSG00000106538","RARRES2",6.52749555791267
"patient5","ENSG00000018408","WWTR1",6.5201141348254
"patient5","ENSG00000204388","HSPA1B",6.51906895359243
"patient5","ENSG00000126458","RRAS",6.51889036931024
"patient5","ENSG00000067182","TNFRSF1A",6.51829776263313
"patient5","ENSG00000162407","PLPP3",6.51110839125749
"patient5","ENSG00000134352","IL6ST",6.5109292814425
"patient5","ENSG00000113140","SPARC",6.5076835415767
"patient5","ENSG00000072952","IRAG1",6.47206972024104
"patient5","ENSG00000241399","CD302",6.4684980023483
"patient5","ENSG00000243147","MRPL33",6.46381430727841
"patient5","ENSG00000198856","OSTC",6.45270658705036
"patient5","ENSG00000135047","CTSL",6.45137813588322
"patient5","ENSG00000187231","SESTD1",6.44738691107257
"patient5","ENSG00000113811","SELENOK",6.43817247208155
"patient5","ENSG00000181222","POLR2A",6.43706722370427
"patient5","ENSG00000091317","CMTM6",6.43545404942759
"patient5","ENSG00000115738","ID2",6.43409919979501
"patient5","ENSG00000071205","ARHGAP10",6.42284697982199
"patient5","ENSG00000123104","ITPR2",6.41432307895501
"patient5","ENSG00000142156","COL6A1",6.41139698744008
"patient5","ENSG00000109787","KLF3",6.40988308572078
"patient5","ENSG00000108774","RAB5C",6.40365612352127
"patient5","ENSG00000167470","MIDN",6.40080069333335
"patient5","ENSG00000100600","LGMN",6.39475842024739
"patient5","ENSG00000157150","TIMP4",6.39051467755465
"patient5","ENSG00000197712","FAM114A1",6.39027061294248
"patient5","ENSG00000115875","SRSF7",6.38749388320723
"patient5","ENSG00000105971","CAV2",6.37889494030755
"patient5","ENSG00000171860","C3AR1",6.37128637958254
"patient5","ENSG00000184990","SIVA1",6.33942522540963
"patient5","ENSG00000133142","TCEAL4",6.33870434117306
"patient5","ENSG00000131471","AOC3",6.33863456645487
"patient5","ENSG00000196954","CASP4",6.3369370748221
"patient5","ENSG00000180304","OAZ2",6.33523231754401
"patient5","ENSG00000060237","WNK1",6.32844701666227
"patient5","ENSG00000034677","RNF19A",6.3264689136976
"patient5","ENSG00000143416","SELENBP1",6.29218324689898
"patient5","ENSG00000154188","ANGPT1",6.28716797994508
"patient5","ENSG00000148908","RGS10",6.2780720756292
"patient5","ENSG00000143549","TPM3",6.26363325621975
"patient5","ENSG00000175602","CCDC85B",6.25057452195889
"patient5","ENSG00000077782","FGFR1",6.24174057240085
"patient5","ENSG00000198168","SVIP",6.24157684315931
"patient5","ENSG00000159884","CCDC107",6.23470422349491
"patient5","ENSG00000102024","PLS3",6.22973831007971
"patient5","ENSG00000138735","PDE5A",6.22690907898077
"patient5","ENSG00000182774","RPS17",6.22101273235666
"patient5","ENSG00000177200","CHD9",6.2200541035515
"patient5","ENSG00000176658","MYO1D",6.21498617606605
"patient5","ENSG00000170759","KIF5B",6.21447700080491
"patient5","ENSG00000072163","LIMS2",6.19110414161426
"patient5","ENSG00000137876","RSL24D1",6.18250042612029
"patient5","ENSG00000164176","EDIL3",6.17576022073978
"patient5","ENSG00000181722","ZBTB20",6.16328222846631
"patient5","ENSG00000197043","ANXA6",6.13574247920461
"patient5","ENSG00000123562","MORF4L2",6.11986709997937
"patient5","ENSG00000155660","PDIA4",6.11846199480072
"patient5","ENSG00000134202","GSTM3",6.08275508162471
"patient5","ENSG00000167775","CD320",6.08047863773524
"patient5","ENSG00000171659","GPR34",6.07617888811106
"patient5","ENSG00000173221","GLRX",6.07034798931876
"patient5","ENSG00000156804","FBXO32",6.06857521029232
"patient5","ENSG00000104823","ECH1",6.06352536447241
"patient5","ENSG00000204482","LST1",6.05465211140987
"patient5","ENSG00000099797","TECR",6.05074987658933
"patient5","ENSG00000085871","MGST2",6.03364907465973
"patient5","ENSG00000102317","RBM3",6.02432267399791
"patient5","ENSG00000106034","CPED1",6.02254386514753
"patient5","ENSG00000105373","NOP53",6.01291531998892
"patient5","ENSG00000069702","TGFBR3",6.01257785575482
"patient5","ENSG00000101856","PGRMC1",5.99392180829598
"patient5","ENSG00000140941","MAP1LC3B",5.98359895874301
"patient5","ENSG00000204569","PPP1R10",5.9760271526802
"patient5","ENSG00000067082","KLF6",5.9690529130628
"patient5","ENSG00000138758","SEPTIN11",5.96836094278569
"patient5","ENSG00000122034","GTF3A",5.96339391300838
"patient5","ENSG00000177674","AGTRAP",5.96284703554543
"patient5","ENSG00000164040","PGRMC2",5.95884062612227
"patient5","ENSG00000068912","ERLEC1",5.95859290211886
"patient5","ENSG00000175197","DDIT3",5.95780276257527
"patient5","ENSG00000155368","DBI",5.95341720368048
"patient5","ENSG00000139687","RB1",5.94312520260788
"patient5","ENSG00000071127","WDR1",5.94105657154432
"patient5","ENSG00000164985","PSIP1",5.94103071913166
"patient5","ENSG00000173821","RNF213",5.9401716810697
"patient5","ENSG00000147526","TACC1",5.93205090681172
"patient5","ENSG00000103202","NME4",5.93149231779282
"patient5","ENSG00000117318","ID3",5.92053420581565
"patient5","ENSG00000138594","TMOD3",5.91632449508487
"patient5","ENSG00000229807","XIST",5.91048369954277
"patient5","ENSG00000129824","RPS4Y1",5.90751585487224
"patient5","ENSG00000163681","SLMAP",5.90008350128937
"patient5","ENSG00000182534","MXRA7",5.89865456329867
"patient5","ENSG00000143384","MCL1",5.8916155777357
"patient5","ENSG00000154589","LY96",5.89042654144946
"patient5","ENSG00000164032","H2AZ1",5.8887608556498
"patient5","ENSG00000182240","BACE2",5.88638879834944
"patient5","ENSG00000164949","GEM",5.8684221363
"patient5","ENSG00000213614","HEXA",5.85670292474823
"patient5","ENSG00000173598","NUDT4",5.8501475647432
"patient5","ENSG00000171735","CAMTA1",5.84916352306153
"patient5","ENSG00000184785","SMIM10",5.8386407975462
"patient5","ENSG00000278311","GGNBP2",5.83804177439777
"patient5","ENSG00000054598","FOXC1",5.82311664115294
"patient5","ENSG00000114861","FOXP1",5.82200034571278
"patient5","ENSG00000164442","CITED2",5.8216466511503
"patient5","ENSG00000213977","TAX1BP3",5.81625663528977
"patient5","ENSG00000024422","EHD2",5.7973202664802
"patient5","ENSG00000082996","RNF13",5.78172414655935
"patient5","ENSG00000189221","MAOA",5.78101698448264
"patient5","ENSG00000173193","PARP14",5.77690881970218
"patient5","ENSG00000173848","NET1",5.77543840333631
"patient5","ENSG00000116473","RAP1A",5.77382041341245
"patient5","ENSG00000156642","NPTN",5.76905866951299
"patient5","ENSG00000100100","PIK3IP1",5.76800913868166
"patient5","ENSG00000162616","DNAJB4",5.76632772869987
"patient5","ENSG00000044574","HSPA5",5.7645331911418
"patient5","ENSG00000185432","TMT1A",5.75313746114587
"patient5","ENSG00000155090","KLF10",5.7518407689294
"patient5","ENSG00000174718","RESF1",5.74950017231273
"patient5","ENSG00000178741","COX5A",5.74886608330011
"patient5","ENSG00000122884","P4HA1",5.74772068724458
"patient5","ENSG00000106615","RHEB",5.74661564423947
"patient5","ENSG00000100592","DAAM1",5.74182805310866
"patient5","ENSG00000117906","RCN2",5.7409714579018
"patient5","ENSG00000149218","ENDOD1",5.73441087988515
"patient5","ENSG00000144642","RBMS3",5.72534663862261
"patient5","ENSG00000143870","PDIA6",5.7236435394332
"patient5","ENSG00000221968","FADS3",5.7213278949163
"patient5","ENSG00000102144","PGK1",5.71514413635515
"patient5","ENSG00000106819","ASPN",5.71038176079454
"patient5","ENSG00000146066","HIGD2A",5.69946288837337
"patient5","ENSG00000215301","DDX3X",5.6912429463212
"patient5","ENSG00000095794","CREM",5.68831293049499
"patient5","ENSG00000168036","CTNNB1",5.67459533501438
"patient5","ENSG00000135506","OS9",5.67304656093536
"patient5","ENSG00000069849","ATP1B3",5.67035716277603
"patient5","ENSG00000131236","CAP1",5.66689773901178
"patient5","ENSG00000141480","ARRB2",5.66480006965773
"patient5","ENSG00000123096","SSPN",5.66310398828708
"patient5","ENSG00000164932","CTHRC1",5.65846061053446
"patient5","ENSG00000182208","MOB2",5.65703281488144
"patient5","ENSG00000134291","TMEM106C",5.65691348201991
"patient5","ENSG00000092964","DPYSL2",5.65204069271668
"patient5","ENSG00000198189","HSD17B11",5.63498774683646
"patient5","ENSG00000176978","DPP7",5.60215396753237
"patient5","ENSG00000011454","RABGAP1",5.5907370732249
"patient5","ENSG00000035403","VCL",5.59015301174626
"patient5","ENSG00000108639","SYNGR2",5.57746910769742
"patient5","ENSG00000104067","TJP1",5.56782070520646
"patient5","ENSG00000138080","EMILIN1",5.56507157186433
"patient5","ENSG00000147065","MSN",5.56340770292262
"patient5","ENSG00000123240","OPTN",5.56016514903766
"patient5","ENSG00000123505","AMD1",5.55928614465665
"patient5","ENSG00000129680","MAP7D3",5.55891169905777
"patient5","ENSG00000164105","SAP30",5.55166527321568
"patient5","ENSG00000197448","GSTK1",5.54374186919358
"patient5","ENSG00000159128","IFNGR2",5.54273158685511
"patient5","ENSG00000087088","BAX",5.54206846354433
"patient5","ENSG00000119950","MXI1",5.53576462189787
"patient5","ENSG00000077157","PPP1R12B",5.53442938188477
"patient5","ENSG00000151789","ZNF385D",5.51734927180984
"patient5","ENSG00000104964","TLE5",5.51280807432372
"patient5","ENSG00000163110","PDLIM5",5.50690881389077
"patient5","ENSG00000169604","ANTXR1",5.50080150849855
"patient5","ENSG00000090006","LTBP4",5.49381475469261
"patient5","ENSG00000169813","HNRNPF",5.48841307749485
"patient5","ENSG00000158716","DUSP23",5.47117465949652
"patient5","ENSG00000129515","SNX6",5.44357534428306
"patient5","ENSG00000178035","IMPDH2",5.43825498073477
"patient5","ENSG00000103145","HCFC1R1",5.4381396416423
"patient5","ENSG00000171992","SYNPO",5.43798073533033
"patient5","ENSG00000079819","EPB41L2",5.43261666780959
"patient5","ENSG00000047457","CP",5.42722418246866
"patient5","ENSG00000185532","PRKG1",5.42533262876045
"patient5","ENSG00000086062","B4GALT1",5.42520248207584
"patient5","ENSG00000174099","MSRB3",5.41698960911221
"patient5","ENSG00000026297","RNASET2",5.41606372457094
"patient5","ENSG00000133789","SWAP70",5.413359113995
"patient5","ENSG00000111145","ELK3",5.40562605088276
"patient5","ENSG00000265241","RBM8A",5.39102922385238
"patient5","ENSG00000205581","HMGN1",5.38064629646805
"patient5","ENSG00000005893","LAMP2",5.36816036028996
"patient5","ENSG00000141756","FKBP10",5.36463607817716
"patient5","ENSG00000095637","SORBS1",5.36294279283215
"patient5","ENSG00000163660","CCNL1",5.35728665834677
"patient5","ENSG00000163541","SUCLG1",5.35546537582543
"patient5","ENSG00000140575","IQGAP1",5.35338052922706
"patient5","ENSG00000163399","ATP1A1",5.34888921894637
"patient5","ENSG00000116459","ATP5PB",5.34684994693306
"patient5","ENSG00000114626","ABTB1",5.34498026905701
"patient5","ENSG00000131435","PDLIM4",5.3342808736493
"patient5","ENSG00000180353","HCLS1",5.32740876484155
"patient5","ENSG00000127947","PTPN12",5.32228336603578
"patient5","ENSG00000198947","DMD",5.32174875440325
"patient5","ENSG00000173267","SNCG",5.32010179678506
"patient5","ENSG00000266412","NCOA4",5.3017246246019
"patient5","ENSG00000082781","ITGB5",5.29831360586557
"patient5","ENSG00000100911","PSME2",5.29532228327442
"patient5","ENSG00000114857","NKTR",5.29404599735747
"patient5","ENSG00000196230","TUBB",5.28731815523943
"patient5","ENSG00000008441","NFIX",5.28450661733549
"patient5","ENSG00000111276","CDKN1B",5.28359931027094
"patient5","ENSG00000122642","FKBP9",5.28121608951108
"patient5","ENSG00000161921","CXCL16",5.2597877426811
"patient5","ENSG00000143545","RAB13",5.25355406536263
"patient5","ENSG00000165507","DEPP1",5.24952195297011
"patient5","ENSG00000172201","ID4",5.24894382462026
"patient5","ENSG00000163346","PBXIP1",5.24517561064181
"patient5","ENSG00000112308","C6orf62",5.23946023398662
"patient5","ENSG00000258289","CHURC1",5.23126570187916
"patient5","ENSG00000104765","BNIP3L",5.23027007008628
"patient5","ENSG00000247596","TWF2",5.22745815746591
"patient5","ENSG00000124357","NAGK",5.2263777166187
"patient5","ENSG00000135842","NIBAN1",5.2255313009883
"patient5","ENSG00000112378","PERP",5.22406083382042
"patient5","ENSG00000050405","LIMA1",5.22344215559548
"patient5","ENSG00000173905","GOLIM4",5.22171314606005
"patient5","ENSG00000115355","CCDC88A",5.21731249466851
"patient5","ENSG00000137941","TTLL7",5.21284546338444
"patient5","ENSG00000116560","SFPQ",5.20554837840259
"patient5","ENSG00000242574","HLA-DMB",5.19633028099262
"patient5","ENSG00000197061","H4C3",5.19142135100483
"patient5","ENSG00000138495","COX17",5.1765589725936
"patient5","ENSG00000196937","FAM3C",5.16711962922492
"patient5","ENSG00000128951","DUT",5.1670999338492
"patient5","ENSG00000140682","TGFB1I1",5.15639698880379
"patient5","ENSG00000135862","LAMC1",5.15133433128041
"patient5","ENSG00000173436","MICOS10",5.1444000152359
"patient5","ENSG00000179820","MYADM",5.14271319113563
"patient5","ENSG00000118855","MFSD1",5.14218933471268
"patient5","ENSG00000172037","LAMB2",5.1221728535973
"patient5","ENSG00000119729","RHOQ",5.12032541525173
"patient5","ENSG00000150938","CRIM1",5.11617937625741
"patient5","ENSG00000165410","CFL2",5.10309721512925
"patient5","ENSG00000134308","YWHAQ",5.10158618856044
"patient5","ENSG00000137312","FLOT1",5.09616127250558
"patient5","ENSG00000171298","GAA",5.07257056451162
"patient5","ENSG00000136240","KDELR2",5.06533508943275
"patient5","ENSG00000182195","LDOC1",5.06165610539785
"patient5","ENSG00000067066","SP100",5.05704929074887
"patient5","ENSG00000129009","ISLR",5.05499241796643
"patient5","ENSG00000138814","PPP3CA",5.0504655249782
"patient5","ENSG00000166681","BEX3",5.04963143496491
"patient5","ENSG00000112514","CUTA",5.04786754498211
"patient5","ENSG00000184897","H1-10",5.0425482695868
"patient5","ENSG00000138448","ITGAV",5.03987509358044
"patient5","ENSG00000163902","RPN1",5.03469865687485
"patient5","ENSG00000127022","CANX",5.02503958573873
"patient5","ENSG00000196776","CD47",5.02460977485952
"patient5","ENSG00000104763","ASAH1",5.01279897405312
"patient5","ENSG00000165512","ZNF22",5.00121871212663
"patient5","ENSG00000178719","GRINA",4.99919229567958
"patient5","ENSG00000177156","TALDO1",4.99508122086634
"patient5","ENSG00000147027","TMEM47",4.99419403344941
"patient5","ENSG00000177469","CAVIN1",4.99163814025302
"patient5","ENSG00000164741","DLC1",4.9866642078334
"patient5","ENSG00000168140","VASN",4.98145886351203
"patient5","ENSG00000100243","CYB5R3",4.98035227420973
"patient5","ENSG00000170955","CAVIN3",4.98034649510646
"patient5","ENSG00000204262","COL5A2",4.97622273909635
"patient5","ENSG00000180628","PCGF5",4.96891035212312
"patient5","ENSG00000205302","SNX2",4.95855561348618
"patient5","ENSG00000008282","SYPL1",4.95630689255962
"patient5","ENSG00000178104","PDE4DIP",4.95470563340832
"patient5","ENSG00000101460","MAP1LC3A",4.9495297060047
"patient5","ENSG00000114978","MOB1A",4.93876061281778
"patient5","ENSG00000154380","ENAH",4.92333802340389
"patient5","ENSG00000138449","SLC40A1",4.91820473725781
"patient5","ENSG00000152492","CCDC50",4.91791241469453
"patient5","ENSG00000137831","UACA",4.91593526170525
"patient5","ENSG00000107372","ZFAND5",4.91355206729499
"patient5","ENSG00000116586","LAMTOR2",4.90540997797281
"patient5","ENSG00000105669","COPE",4.90094991414994
"patient5","ENSG00000067167","TRAM1",4.89935895522603
"patient5","ENSG00000032219","ARID4A",4.89827901795151
"patient5","ENSG00000179163","FUCA1",4.89797225125052
"patient5","ENSG00000198625","MDM4",4.88776830441549
"patient5","ENSG00000149257","SERPINH1",4.88567843912778
"patient5","ENSG00000158864","NDUFS2",4.88420162911242
"patient5","ENSG00000157110","RBPMS",4.88159122290976
"patient5","ENSG00000147454","SLC25A37",4.87971595519467
"patient5","ENSG00000120306","CYSTM1",4.87913662898057
"patient5","ENSG00000196843","ARID5A",4.8752205703983
"patient5","ENSG00000071282","LMCD1",4.87202438245351
"patient5","ENSG00000141367","CLTC",4.86904994383826
"patient5","ENSG00000117691","NENF",4.86668173377714
"patient5","ENSG00000116489","CAPZA1",4.86535290038369
"patient5","ENSG00000120837","NFYB",4.8626445032618
"patient5","ENSG00000163001","CFAP36",4.85871046662397
"patient5","ENSG00000157107","FCHO2",4.8502626168415
"patient5","ENSG00000163683","SMIM14",4.84917024718843
"patient5","ENSG00000153187","HNRNPU",4.84565210623023
"patient5","ENSG00000148834","GSTO1",4.83730984347821
"patient5","ENSG00000123179","EBPL",4.82134650795489
"patient5","ENSG00000118523","CCN2",4.82108509369543
"patient5","ENSG00000172465","TCEAL1",4.82028052185302
"patient5","ENSG00000197879","MYO1C",4.8108395720612
"patient5","ENSG00000003056","M6PR",4.79957337259243
"patient5","ENSG00000197256","KANK2",4.7993827972401
"patient5","ENSG00000265491","RNF115",4.79867505859821
"patient5","ENSG00000073921","PICALM",4.79581103124823
"patient5","ENSG00000265681","RPL17",4.79147393455493
"patient5","ENSG00000198818","SFT2D1",4.79091255566245
"patient5","ENSG00000138029","HADHB",4.79022994089819
"patient5","ENSG00000126457","PRMT1",4.78474112909039
"patient5","ENSG00000105202","FBL",4.76559636438896
"patient5","ENSG00000095380","NANS",4.7629000856693
"patient5","ENSG00000177410","ZFAS1",4.75309289378658
"patient5","ENSG00000168701","TMEM208",4.73449064317766
"patient5","ENSG00000078808","SDF4",4.73042844997343
"patient5","ENSG00000130741","EIF2S3",4.71364014641103
"patient5","ENSG00000149084","HSD17B12",4.70600998686881
"patient5","ENSG00000104324","CPQ",4.69471631237152
"patient5","ENSG00000173511","VEGFB",4.69270905685709
"patient5","ENSG00000107798","LIPA",4.69167259522402
"patient5","ENSG00000220205","VAMP2",4.68981373557121
"patient5","ENSG00000135090","TAOK3",4.68831239596812
"patient5","ENSG00000124299","PEPD",4.68784837738383
"patient5","ENSG00000164039","BDH2",4.68725617914133
"patient5","ENSG00000173272","MZT2A",4.68560326310469
"patient5","ENSG00000149923","PPP4C",4.68178048703385
"patient5","ENSG00000197694","SPTAN1",4.67952081546331
"patient5","ENSG00000115977","AAK1",4.66197453297935
"patient5","ENSG00000182512","GLRX5",4.66042184060732
"patient5","ENSG00000145050","MANF",4.64936241579387
"patient5","ENSG00000243317","STMP1",4.64727774197938
"patient5","ENSG00000118407","FILIP1",4.64122988117135
"patient5","ENSG00000105401","CDC37",4.6250601483047
"patient5","ENSG00000047849","MAP4",4.62418930758496
"patient5","ENSG00000135535","CD164",4.62414983995308
"patient5","ENSG00000169764","UGP2",4.6214969669672
"patient5","ENSG00000213639","PPP1CB",4.60616009034736
"patient5","ENSG00000239672","NME1",4.60324515561551
"patient5","ENSG00000117362","APH1A",4.60311845974402
"patient5","ENSG00000140350","ANP32A",4.60306301539146
"patient5","ENSG00000168734","PKIG",4.60041194734821
"patient5","ENSG00000091527","CDV3",4.59945714589851
"patient5","ENSG00000175334","BANF1",4.59679207196576
"patient5","ENSG00000148516","ZEB1",4.58386017812084
"patient5","ENSG00000091436","MAP3K20",4.58268802223236
"patient5","ENSG00000183963","SMTN",4.57794942150144
"patient5","ENSG00000138600","SPPL2A",4.57734491837164
"patient5","ENSG00000169045","HNRNPH1",4.57699598307354
"patient5","ENSG00000124766","SOX4",4.57516671048552
"patient5","ENSG00000141447","OSBPL1A",4.56784566862804
"patient5","ENSG00000172115","CYCS",4.56784477083439
"patient5","ENSG00000111639","MRPL51",4.56549359256845
"patient5","ENSG00000049540","ELN",4.5624180903605
"patient5","ENSG00000115677","HDLBP",4.56193307600529
"patient5","ENSG00000120963","ZNF706",4.56170295020777
"patient5","ENSG00000129968","ABHD17A",4.56085704716938
"patient5","ENSG00000135655","USP15",4.5490377553408
"patient5","ENSG00000102316","MAGED2",4.54705626097533
"patient5","ENSG00000087274","ADD1",4.54023710370854
"patient5","ENSG00000119138","KLF9",4.5368075371758
"patient5","ENSG00000118418","HMGN3",4.53293706267599
"patient5","ENSG00000176014","TUBB6",4.52752330541286
"patient5","ENSG00000116005","PCYOX1",4.52591733561751
"patient5","ENSG00000164330","EBF1",4.52274256168399
"patient5","ENSG00000109390","NDUFC1",4.52003162519872
"patient5","ENSG00000005810","MYCBP2",4.51893362821506
"patient5","ENSG00000100612","DHRS7",4.51836798821466
"patient5","ENSG00000197943","PLCG2",4.51820230170313
"patient5","ENSG00000135926","TMBIM1",4.51300099034815
"patient5","ENSG00000168615","ADAM9",4.50809239471573
"patient5","ENSG00000164924","YWHAZ",4.50317916834089
"patient5","ENSG00000178449","COX14",4.49419588086968
"patient5","ENSG00000241553","ARPC4",4.48863882776812
"patient5","ENSG00000085733","CTTN",4.4707369599082
"patient5","ENSG00000160310","PRMT2",4.45564471843161
"patient5","ENSG00000198931","APRT",4.45106156250736
"patient5","ENSG00000141543","EIF4A3",4.44805751828007
"patient5","ENSG00000153310","CYRIB",4.44557864973264
"patient5","ENSG00000136436","CALCOCO2",4.44060410325578
"patient5","ENSG00000117448","AKR1A1",4.42917921804233
"patient5","ENSG00000213949","ITGA1",4.42627674171916
"patient5","ENSG00000171055","FEZ2",4.41496413268127
"patient5","ENSG00000109906","ZBTB16",4.41380740014877
"patient5","ENSG00000172725","CORO1B",4.41004073139708
"patient5","ENSG00000141522","ARHGDIA",4.40549664984554
"patient5","ENSG00000205544","TMEM256",4.40009881784846
"patient5","ENSG00000167815","PRDX2",4.39549434758776
"patient5","ENSG00000159720","ATP6V0D1",4.39342298516261
"patient5","ENSG00000101367","MAPRE1",4.38831183202165
"patient5","ENSG00000169756","LIMS1",4.3825032416738
"patient5","ENSG00000170776","AKAP13",4.37716395842049
"patient5","ENSG00000172216","CEBPB",4.37552362396532
"patient5","ENSG00000197622","CDC42SE1",4.36718279821701
"patient5","ENSG00000120265","PCMT1",4.36635042380875
"patient5","ENSG00000125827","TMX4",4.35791419461865
"patient5","ENSG00000011638","LDAF1",4.35743256809025
"patient5","ENSG00000100711","ZFYVE21",4.35545712684479
"patient5","ENSG00000108468","CBX1",4.35283341555034
"patient5","ENSG00000137776","SLTM",4.34653029647554
"patient5","ENSG00000205352","PRR13",4.34621308230435
"patient5","ENSG00000131016","AKAP12",4.33549799762299
"patient5","ENSG00000072778","ACADVL",4.33522634603404
"patient5","ENSG00000111481","COPZ1",4.33255886833871
"patient5","ENSG00000112977","DAP",4.32837832540447
"patient5","ENSG00000114416","FXR1",4.32218070004018
"patient5","ENSG00000131507","NDFIP1",4.31774120895959
"patient5","ENSG00000093010","COMT",4.31609778928126
"patient5","ENSG00000184584","STING1",4.31301583976314
"patient5","ENSG00000113621","TXNDC15",4.31269820148197
"patient5","ENSG00000163468","CCT3",4.31213485673562
"patient5","ENSG00000180817","PPA1",4.31164169761266
"patient5","ENSG00000156261","CCT8",4.30566101758531
"patient5","ENSG00000006042","TMEM98",4.30415846617389
"patient5","ENSG00000136051","WASHC4",4.29255690783931
"patient5","ENSG00000135541","AHI1",4.28864202085346
"patient5","ENSG00000165389","SPTSSA",4.28558345044184
"patient5","ENSG00000084754","HADHA",4.27734857311021
"patient5","ENSG00000064666","CNN2",4.26686039966864
"patient5","ENSG00000171159","BBLN",4.24986365419194
"patient5","ENSG00000079950","STX7",4.23907774830625
"patient5","ENSG00000181019","NQO1",4.23898102265054
"patient5","ENSG00000094963","FMO2",4.23731469183286
"patient5","ENSG00000148484","RSU1",4.23437001186572
"patient5","ENSG00000171105","INSR",4.23171197585216
"patient5","ENSG00000168374","ARF4",4.22784325758534
"patient5","ENSG00000185475","TMEM179B",4.22186078509726
"patient5","ENSG00000112419","PHACTR2",4.21635197848677
"patient5","ENSG00000138768","USO1",4.20502152874354
"patient5","ENSG00000110422","HIPK3",4.19178600957618
"patient5","ENSG00000118292","C1orf54",4.19146311366919
"patient5","ENSG00000107581","EIF3A",4.18739953995401
"patient5","ENSG00000160613","PCSK7",4.17864670479724
"patient5","ENSG00000104805","NUCB1",4.17212238142202
"patient5","ENSG00000048828","FAM120A",4.16935625034052
"patient5","ENSG00000118705","RPN2",4.16787307308553
"patient5","ENSG00000183741","CBX6",4.16619213894896
"patient5","ENSG00000013441","CLK1",4.16287314010782
"patient5","ENSG00000103152","MPG",4.15673660898937
"patient5","ENSG00000144381","HSPD1",4.15539032753169
"patient5","ENSG00000132670","PTPRA",4.15133134755969
"patient5","ENSG00000168056","LTBP3",4.14802745981971
"patient5","ENSG00000147140","NONO",4.14505407321581
"patient5","ENSG00000127603","MACF1",4.14409859917277
"patient5","ENSG00000185896","LAMP1",4.14071247634094
"patient5","ENSG00000266472","MRPS21",4.13938643338558
"patient5","ENSG00000273749","CYFIP1",4.13344215475592
"patient5","ENSG00000100823","APEX1",4.12670346688123
"patient5","ENSG00000114331","ACAP2",4.12584201743068
"patient5","ENSG00000161547","SRSF2",4.1163289740678
"patient5","ENSG00000231925","TAPBP",4.11157101841998
"patient5","ENSG00000124783","SSR1",4.1015980900347
"patient5","ENSG00000277972","CISD3",4.10133505653334
"patient5","ENSG00000112759","SLC29A1",4.09550455405475
"patient5","ENSG00000213465","ARL2",4.08973280693818
"patient5","ENSG00000115350","POLE4",4.07079592401964
"patient5","ENSG00000070087","PFN2",4.05063268304698
"patient5","ENSG00000147202","DIAPH2",4.04788881779718
"patient5","ENSG00000168291","PDHB",4.0465905385969
"patient5","ENSG00000143222","UFC1",4.04454602848533
"patient5","ENSG00000137491","SLCO2B1",4.04446847413439
"patient5","ENSG00000224032","ENSG00000224032",4.04028598619293
"patient5","ENSG00000076043","REXO2",4.0321914931473
"patient5","ENSG00000117616","RSRP1",4.02810908884592
"patient5","ENSG00000120738","EGR1",4.02776616273188
"patient5","ENSG00000053254","FOXN3",4.02115771050775
"patient5","ENSG00000182117","NOP10",4.01168779561451
"patient5","ENSG00000129103","SUMF2",4.01025383186707
"patient5","ENSG00000120805","ARL1",4.0100374592394
"patient5","ENSG00000128272","ATF4",4.00913379644777
"patient5","ENSG00000230590","FTX",3.99778817964986
"patient5","ENSG00000138175","ARL3",3.9963352795448
"patient5","ENSG00000127483","HP1BP3",3.99068662740517
"patient5","ENSG00000185825","BCAP31",3.98971257362476
"patient5","ENSG00000167397","VKORC1",3.98115486758077
"patient5","ENSG00000089280","FUS",3.97981848401893
"patient5","ENSG00000163754","GYG1",3.97223746346946
"patient5","ENSG00000144426","NBEAL1",3.95940596767409
"patient5","ENSG00000172638","EFEMP2",3.946206390559
"patient5","ENSG00000151327","FAM177A1",3.94476570482832
"patient5","ENSG00000085719","CPNE3",3.94221846023729
"patient5","ENSG00000205730","ITPRIPL2",3.93835854799532
"patient5","ENSG00000177425","PAWR",3.9341864015033
"patient5","ENSG00000170043","TRAPPC1",3.9316449232339
"patient5","ENSG00000116285","ERRFI1",3.92313442933556
"patient5","ENSG00000134686","PHC2",3.92199529188153
"patient5","ENSG00000159228","CBR1",3.90620766514966
"patient5","ENSG00000105698","USF2",3.9051397647936
"patient5","ENSG00000162604","TM2D1",3.90274858544602
"patient5","ENSG00000102409","BEX4",3.87717654805654
"patient5","ENSG00000183172","SMDT1",3.87001985132469
"patient5","ENSG00000125835","SNRPB",3.86356940234774
"patient5","ENSG00000197982","C1orf122",3.86352779812047
"patient5","ENSG00000148120","AOPEP",3.86338047427056
"patient5","ENSG00000249915","PDCD6",3.86153955400554
"patient5","ENSG00000184752","NDUFA12",3.85731753260313
"patient5","ENSG00000114450","GNB4",3.85724942392995
"patient5","ENSG00000115419","GLS",3.84764917069887
"patient5","ENSG00000089006","SNX5",3.84687950268889
"patient5","ENSG00000115234","SNX17",3.84172764740598
"patient5","ENSG00000100353","EIF3D",3.83126796741112
"patient5","ENSG00000117862","TXNDC12",3.82845267130723
"patient5","ENSG00000149557","FEZ1",3.82775960020492
"patient5","ENSG00000241644","INMT",3.8274768268272
"patient5","ENSG00000164190","NIPBL",3.81931290914212
"patient5","ENSG00000152291","TGOLN2",3.81501673465121
"patient5","ENSG00000142871","CCN1",3.81493962438205
"patient5","ENSG00000136770","DNAJC1",3.81476538523476
"patient5","ENSG00000117758","STX12",3.81463731861321
"patient5","ENSG00000197451","HNRNPAB",3.80883006940984
"patient5","ENSG00000166503","HDGFL3",3.80864869498622
"patient5","ENSG00000180370","PAK2",3.80244031085343
"patient5","ENSG00000162368","CMPK1",3.80230561413041
"patient5","ENSG00000120913","PDLIM2",3.80207007316321
"patient5","ENSG00000067900","ROCK1",3.79994344397214
"patient5","ENSG00000126756","UXT",3.79755060900378
"patient5","ENSG00000130313","PGLS",3.79676043977296
"patient5","ENSG00000173418","NAA20",3.79650027124117
"patient5","ENSG00000211450","SELENOH",3.79121574214995
"patient5","ENSG00000161281","COX7A1",3.78114257674109
"patient5","ENSG00000135441","BLOC1S1",3.78031960601523
"patient5","ENSG00000122033","MTIF3",3.77382716305986
"patient5","ENSG00000172380","GNG12",3.77116757427972
"patient5","ENSG00000120533","ENY2",3.77064790176415
"patient5","ENSG00000151468","CCDC3",3.7696781341628
"patient5","ENSG00000140299","BNIP2",3.76475088771799
"patient5","ENSG00000181904","C5orf24",3.76079130558472
"patient5","ENSG00000115944","COX7A2L",3.75636577325557
"patient5","ENSG00000163069","SGCB",3.75020590970551
"patient5","ENSG00000147669","POLR2K",3.74242246168817
"patient5","ENSG00000077147","TM9SF3",3.72969784798391
"patient5","ENSG00000168610","STAT3",3.72278851428274
"patient5","ENSG00000130725","UBE2M",3.71890833372313
"patient5","ENSG00000075785","RAB7A",3.70757787727323
"patient5","ENSG00000023318","ERP44",3.70747235704473
"patient5","ENSG00000131634","TMEM204",3.70411285074007
"patient5","ENSG00000139793","MBNL2",3.70249217326577
"patient5","ENSG00000010256","UQCRC1",3.70148694575817
"patient5","ENSG00000145833","DDX46",3.69765602496816
"patient5","ENSG00000138592","USP8",3.68999329687753
"patient5","ENSG00000099624","ATP5F1D",3.68649210027593
"patient5","ENSG00000162385","MAGOH",3.67097942272929
"patient5","ENSG00000225733","FGD5-AS1",3.65964231908479
"patient5","ENSG00000117151","CTBS",3.65632904242562
"patient5","ENSG00000198363","ASPH",3.65260200996978
"patient5","ENSG00000171988","JMJD1C",3.6454132621666
"patient5","ENSG00000260032","NORAD",3.64519250517644
"patient5","ENSG00000100567","PSMA3",3.64199223656304
"patient5","ENSG00000111077","TNS2",3.62666574744872
"patient5","ENSG00000101596","SMCHD1",3.62174797232374
"patient5","ENSG00000138760","SCARB2",3.61925150277294
"patient5","ENSG00000165280","VCP",3.61736249667041
"patient5","ENSG00000254505","CHMP4A",3.61717305618645
"patient5","ENSG00000087502","ERGIC2",3.61582064336395
"patient5","ENSG00000127990","SGCE",3.61396889557372
"patient5","ENSG00000125970","RALY",3.60191228604137
"patient5","ENSG00000118762","PKD2",3.60095160442765
"patient5","ENSG00000115816","CEBPZ",3.59083977657578
"patient5","ENSG00000144560","VGLL4",3.587024000824
"patient5","ENSG00000089248","ERP29",3.58603634054986
"patient5","ENSG00000177889","UBE2N",3.58409263410743
"patient5","ENSG00000134590","RTL8C",3.57988942232522
"patient5","ENSG00000009413","REV3L",3.57870137764461
"patient5","ENSG00000090863","GLG1",3.57643330466162
"patient5","ENSG00000179091","CYC1",3.57629089868775
"patient5","ENSG00000134717","BTF3L4",3.55329346240401
"patient5","ENSG00000138085","ATRAID",3.54742990479202
"patient5","ENSG00000174695","TMEM167A",3.54673113003364
"patient5","ENSG00000103024","NME3",3.53965229067307
"patient5","ENSG00000081154","PCNP",3.53371270076919
"patient5","ENSG00000073712","FERMT2",3.53008103564147
"patient5","ENSG00000105258","POLR2I",3.52788880643008
"patient5","ENSG00000110917","MLEC",3.52770924960915
"patient5","ENSG00000150753","CCT5",3.52765903641211
"patient5","ENSG00000133398","MED10",3.52690566530341
"patient5","ENSG00000117614","SYF2",3.52560789403981
"patient5","ENSG00000171314","PGAM1",3.52386690795376
"patient5","ENSG00000196975","ANXA4",3.52311052103274
"patient5","ENSG00000178913","TAF7",3.51712964016258
"patient5","ENSG00000165732","DDX21",3.51707325711382
"patient5","ENSG00000070214","SLC44A1",3.51197218141164
"patient5","ENSG00000120616","EPC1",3.51066093158224
"patient5","ENSG00000186010","NDUFA13",3.50696960997558
"patient5","ENSG00000188483","IER5L",3.50612434515266
"patient5","ENSG00000165527","ARF6",3.49696839322337
"patient5","ENSG00000215021","PHB2",3.49658151972069
"patient5","ENSG00000196199","MPHOSPH8",3.4963760288374
"patient5","ENSG00000069329","VPS35",3.49604228575706
"patient5","ENSG00000186522","SEPTIN10",3.4768538785968
"patient5","ENSG00000082641","NFE2L1",3.47321422534409
"patient5","ENSG00000169223","LMAN2",3.46929330477886
"patient5","ENSG00000149932","TMEM219",3.45998112518836
"patient5","ENSG00000130779","CLIP1",3.45974141042118
"patient5","ENSG00000171490","RSL1D1",3.45332304966897
"patient5","ENSG00000108256","NUFIP2",3.45127854240126
"patient5","ENSG00000101150","TPD52L2",3.45099519561364
"patient5","ENSG00000180398","MCFD2",3.44898277057016
"patient5","ENSG00000150764","DIXDC1",3.44796260237249
"patient5","ENSG00000153250","RBMS1",3.43440409524627
"patient5","ENSG00000141504","SAT2",3.43200738335946
"patient5","ENSG00000170906","NDUFA3",3.42129720256745
"patient5","ENSG00000160752","FDPS",3.41808753167103
"patient5","ENSG00000006015","REX1BD",3.4115758520147
"patient5","ENSG00000134318","ROCK2",3.40198006097014
"patient5","ENSG00000166226","CCT2",3.40104304760593
"patient5","ENSG00000054148","PHPT1",3.39964945804629
"patient5","ENSG00000170430","MGMT",3.39944532869604
"patient5","ENSG00000164054","SHISA5",3.39600853681713
"patient5","ENSG00000122359","ANXA11",3.39291498206849
"patient5","ENSG00000198399","ITSN2",3.3890119767767
"patient5","ENSG00000166275","BORCS7",3.38866363073288
"patient5","ENSG00000134884","ARGLU1",3.38767672823684
"patient5","ENSG00000187837","H1-2",3.38336064069242
"patient5","ENSG00000133104","SPART",3.38281410404194
"patient5","ENSG00000164615","CAMLG",3.38083523429675
"patient5","ENSG00000184500","PROS1",3.38008791878175
"patient5","ENSG00000133318","RTN3",3.37611302011476
"patient5","ENSG00000124562","SNRPC",3.37439044944343
"patient5","ENSG00000179085","DPM3",3.37360545888514
"patient5","ENSG00000078369","GNB1",3.37226406888573
"patient5","ENSG00000128524","ATP6V1F",3.36594370358161
"patient5","ENSG00000099783","HNRNPM",3.3648582032596
"patient5","ENSG00000242372","EIF6",3.36143155825689
"patient5","ENSG00000054267","ARID4B",3.35670168165543
"patient5","ENSG00000153147","SMARCA5",3.35640712639606
"patient5","ENSG00000153914","SREK1",3.35533196928167
"patient5","ENSG00000128534","LSM8",3.34664036459311
"patient5","ENSG00000117899","MESD",3.33875857180569
"patient5","ENSG00000085224","ATRX",3.33768393017003
"patient5","ENSG00000203667","COX20",3.32898029422136
"patient5","ENSG00000151461","UPF2",3.32321385905255
"patient5","ENSG00000162384","CZIB",3.30953184844188
"patient5","ENSG00000198843","SELENOT",3.30931515876055
"patient5","ENSG00000134453","RBM17",3.30178004546255
"patient5","ENSG00000104231","ZFAND1",3.29757734390704
"patient5","ENSG00000152558","TMEM123",3.29121801614491
"patient5","ENSG00000102030","NAA10",3.2761156395022
"patient5","ENSG00000044115","CTNNA1",3.27594836555411
"patient5","ENSG00000125991","ERGIC3",3.27581884665739
"patient5","ENSG00000244038","DDOST",3.27304053873405
"patient5","ENSG00000179632","MAF1",3.27047462325763
"patient5","ENSG00000065135","GNAI3",3.26268215762077
"patient5","ENSG00000153037","SRP19",3.26247498771729
"patient5","ENSG00000101294","HM13",3.26082286891497
"patient5","ENSG00000166228","PCBD1",3.25962613659411
"patient5","ENSG00000179912","R3HDM2",3.25533678758236
"patient5","ENSG00000170248","PDCD6IP",3.25473676833276
"patient5","ENSG00000133706","LARS1",3.25405092083506
"patient5","ENSG00000108424","KPNB1",3.25283340288878
"patient5","ENSG00000101745","ANKRD12",3.25092664091291
"patient5","ENSG00000213722","DDAH2",3.2498551747405
"patient5","ENSG00000132824","SERINC3",3.24257136304023
"patient5","ENSG00000170275","CRTAP",3.23514718319001
"patient5","ENSG00000120686","UFM1",3.23048230360578
"patient5","ENSG00000184900","SUMO3",3.22368140399635
"patient5","ENSG00000100528","CNIH1",3.21904488534171
"patient5","ENSG00000136758","YME1L1",3.21903162410995
"patient5","ENSG00000090238","YPEL3",3.21900040918265
"patient5","ENSG00000014641","MDH1",3.18955262631193
"patient5","ENSG00000198160","MIER1",3.18693299749927
"patient5","ENSG00000114698","PLSCR4",3.18650703221314
"patient5","ENSG00000176731","RBIS",3.18074445682267
"patient5","ENSG00000177971","IMP3",3.18006490729243
"patient5","ENSG00000104325","DECR1",3.17778067186396
"patient5","ENSG00000143158","MPC2",3.17442443823965
"patient5","ENSG00000100804","PSMB5",3.16209179782685
"patient5","ENSG00000182154","MRPL41",3.16107670600028
"patient5","ENSG00000167792","NDUFV1",3.15990691051611
"patient5","ENSG00000203950","RTL8A",3.15960483022217
"patient5","ENSG00000126934","MAP2K2",3.15719263671265
"patient5","ENSG00000124155","PIGT",3.15367907565659
"patient5","ENSG00000146540","CHLSN",3.15240393503707
"patient5","ENSG00000105355","PLIN3",3.14952576394659
"patient5","ENSG00000165169","DYNLT3",3.14275839638759
"patient5","ENSG00000187735","TCEA1",3.13937765161067
"patient5","ENSG00000162521","RBBP4",3.13865483274694
"patient5","ENSG00000115286","NDUFS7",3.13678021460505
"patient5","ENSG00000121064","SCPEP1",3.12625072213282
"patient5","ENSG00000116754","SRSF11",3.1256943554119
"patient5","ENSG00000128609","NDUFA5",3.12118040022338
"patient5","ENSG00000136521","NDUFB5",3.11363362410097
"patient5","ENSG00000119705","SLIRP",3.10311954393393
"patient5","ENSG00000176101","SSNA1",3.09632038224127
"patient5","ENSG00000136448","NMT1",3.09081209358542
"patient5","ENSG00000205937","RNPS1",3.09039210800916
"patient5","ENSG00000099385","BCL7C",3.07916265525416
"patient5","ENSG00000155876","RRAGA",3.06803451770404
"patient5","ENSG00000197170","PSMD12",3.0648293219833
"patient5","ENSG00000150977","RILPL2",3.05790032492203
"patient5","ENSG00000078618","NRDC",3.05291127873574
"patient5","ENSG00000126709","IFI6",3.04837393308152
"patient5","ENSG00000126247","CAPNS1",3.04667571232611
"patient5","ENSG00000115464","USP34",3.04178361572393
"patient5","ENSG00000070010","UFD1",3.04119866055574
"patient5","ENSG00000182004","SNRPE",3.03919718972415
"patient5","ENSG00000109113","RAB34",3.03872162891355
"patient5","ENSG00000186063","AIDA",3.03515479716096
"patient5","ENSG00000178209","PLEC",3.02516012696501
"patient5","ENSG00000165416","SUGT1",3.02506443840155
"patient5","ENSG00000119801","YPEL5",3.02374325401389
"patient5","ENSG00000102898","NUTF2",3.01710459149677
"patient5","ENSG00000182636","NDN",3.0117616074882
"patient5","ENSG00000101361","NOP56",3.00854988742893
"patient5","ENSG00000169062","UPF3A",3.00659750133768
"patient5","ENSG00000075790","BCAP29",3.00656236584245
"patient5","ENSG00000109046","WSB1",3.00542389255543
"patient5","ENSG00000173230","GOLGB1",3.00038294311536
"patient5","ENSG00000137409","MTCH1",2.98385533871658
"patient5","ENSG00000136527","TRA2B",2.98093875850865
"patient5","ENSG00000237765","FAM200B",2.97925537184981
"patient5","ENSG00000204387","SNHG32",2.97740115885101
"patient5","ENSG00000131018","SYNE1",2.97732643356636
"patient5","ENSG00000125458","NT5C",2.96534755555151
"patient5","ENSG00000239697","TNFSF12",2.96140295096071
"patient5","ENSG00000111790","FGFR1OP2",2.96065423732367
"patient5","ENSG00000185222","TCEAL9",2.95815162143687
"patient5","ENSG00000141027","NCOR1",2.95698604255083
"patient5","ENSG00000160075","SSU72",2.95663009101616
"patient5","ENSG00000107341","UBE2R2",2.95660723212649
"patient5","ENSG00000108561","C1QBP",2.95531236716649
"patient5","ENSG00000172590","MRPL52",2.95448844733732
"patient5","ENSG00000132424","PNISR",2.95234854411517
"patient5","ENSG00000143106","PSMA5",2.95088645258473
"patient5","ENSG00000145494","NDUFS6",2.95080374196128
"patient5","ENSG00000253738","OTUD6B-AS1",2.94963286509178
"patient5","ENSG00000082153","BZW1",2.93091242164811
"patient5","ENSG00000162733","DDR2",2.92779400655147
"patient5","ENSG00000086598","TMED2",2.92314935949955
"patient5","ENSG00000064601","CTSA",2.92135070197984
"patient5","ENSG00000129003","VPS13C",2.91490112679197
"patient5","ENSG00000116539","ASH1L",2.91404274289032
"patient5","ENSG00000197102","DYNC1H1",2.91378435844466
"patient5","ENSG00000175550","DRAP1",2.91059480732394
"patient5","ENSG00000118482","PHF3",2.90766658786737
"patient5","ENSG00000228253","MT-ATP8",2.89889146895445
"patient5","ENSG00000115241","PPM1G",2.88962227940412
"patient5","ENSG00000118971","CCND2",2.88866350463326
"patient5","ENSG00000111642","CHD4",2.88746571898765
"patient5","ENSG00000062716","VMP1",2.88149613499497
"patient5","ENSG00000127445","PIN1",2.87403292106261
"patient5","ENSG00000158417","EIF5B",2.86520404736303
"patient5","ENSG00000130340","SNX9",2.86162399124486
"patient5","ENSG00000164172","MOCS2",2.84497258184647
"patient5","ENSG00000138430","OLA1",2.84390099966014
"patient5","ENSG00000166012","TAF1D",2.82797657837905
"patient5","ENSG00000067829","IDH3G",2.82296282363313
"patient5","ENSG00000077380","DYNC1I2",2.81565273718048
"patient5","ENSG00000132485","ZRANB2",2.81529221220891
"patient5","ENSG00000189060","H1-0",2.81065147957961
"patient5","ENSG00000165264","NDUFB6",2.7925803315996
"patient5","ENSG00000100129","EIF3L",2.79251688555033
"patient5","ENSG00000162032","SPSB3",2.79053848074749
"patient5","ENSG00000146729","NIPSNAP2",2.78995971829997
"patient5","ENSG00000106591","MRPL32",2.78367233223875
"patient5","ENSG00000160014","CALM3",2.7794936868485
"patient5","ENSG00000118689","FOXO3",2.77874379471805
"patient5","ENSG00000099800","TIMM13",2.77588983885648
"patient5","ENSG00000177666","PNPLA2",2.76832827796916
"patient5","ENSG00000213585","VDAC1",2.762437972655
"patient5","ENSG00000100348","TXN2",2.75722128155836
"patient5","ENSG00000173141","MRPL57",2.74825440810919
"patient5","ENSG00000164898","FMC1",2.73822869282772
"patient5","ENSG00000147684","NDUFB9",2.73675014047135
"patient5","ENSG00000196504","PRPF40A",2.73201020023671
"patient5","ENSG00000106244","PDAP1",2.73185264530816
"patient5","ENSG00000140740","UQCRC2",2.72061587893933
"patient5","ENSG00000196141","SPATS2L",2.71672181853043
"patient5","ENSG00000170876","TMEM43",2.71066977848552
"patient5","ENSG00000167515","TRAPPC2L",2.70716591145567
"patient5","ENSG00000135968","GCC2",2.69822607973508
"patient5","ENSG00000115307","AUP1",2.69777517880439
"patient5","ENSG00000129084","PSMA1",2.69570796918259
"patient5","ENSG00000114125","RNF7",2.68844333413143
"patient5","ENSG00000177119","ANO6",2.68566514300987
"patient5","ENSG00000234545","FAM133B",2.6835184598397
"patient5","ENSG00000013364","MVP",2.67876236328615
"patient5","ENSG00000116171","SCP2",2.67680957793949
"patient5","ENSG00000119013","NDUFB3",2.67300119659419
"patient5","ENSG00000147274","RBMX",2.67118177595258
"patient5","ENSG00000111906","HDDC2",2.67080107219896
"patient5","ENSG00000144224","UBXN4",2.66671461711383
"patient5","ENSG00000165775","FUNDC2",2.66178015404852
"patient5","ENSG00000173457","PPP1R14B",2.66141921650976
"patient5","ENSG00000143753","DEGS1",2.66014649029821
"patient5","ENSG00000144579","CTDSP1",2.64296582119772
"patient5","ENSG00000116898","MRPS15",2.64279974038519
"patient5","ENSG00000180957","PITPNB",2.6427552565887
"patient5","ENSG00000177879","AP3S1",2.64257145342635
"patient5","ENSG00000143977","SNRPG",2.63410637390579
"patient5","ENSG00000184007","PTP4A2",2.63178303115953
"patient5","ENSG00000125977","EIF2S2",2.62981490395098
"patient5","ENSG00000141759","TXNL4A",2.62842924647855
"patient5","ENSG00000101940","WDR13",2.6189045515297
"patient5","ENSG00000006125","AP2B1",2.61638665386357
"patient5","ENSG00000106052","TAX1BP1",2.61636668916659
"patient5","ENSG00000101266","CSNK2A1",2.61363532465801
"patient5","ENSG00000134186","PRPF38B",2.61246760012608
"patient5","ENSG00000137500","CCDC90B",2.60503539303652
"patient5","ENSG00000197324","LRP10",2.59325439033574
"patient5","ENSG00000146731","CCT6A",2.59155239843726
"patient5","ENSG00000132471","WBP2",2.59147566288308
"patient5","ENSG00000162517","PEF1",2.58564067659995
"patient5","ENSG00000087191","PSMC5",2.57865003947612
"patient5","ENSG00000113851","CRBN",2.57714832897025
"patient5","ENSG00000123933","MXD4",2.56999216822466
"patient5","ENSG00000102580","DNAJC3",2.56887078201524
"patient5","ENSG00000166337","TAF10",2.56775872813218
"patient5","ENSG00000122873","CISD1",2.56678473802067
"patient5","ENSG00000176973","FAM89B",2.56400917543636
"patient5","ENSG00000119541","VPS4B",2.56199995472218
"patient5","ENSG00000177311","ZBTB38",2.54859411579672
"patient5","ENSG00000162734","PEA15",2.54145113203429
"patient5","ENSG00000055332","EIF2AK2",2.53788734344718
"patient5","ENSG00000168300","PCMTD1",2.53112850472695
"patient5","ENSG00000083896","YTHDC1",2.52420872069664
"patient5","ENSG00000065154","OAT",2.52190736943589
"patient5","ENSG00000165476","REEP3",2.51395381665162
"patient5","ENSG00000175756","AURKAIP1",2.51313264324812
"patient5","ENSG00000263001","GTF2I",2.50818292745634
"patient5","ENSG00000127838","PNKD",2.50272304669643
"patient5","ENSG00000143401","ANP32E",2.4976093519073
"patient5","ENSG00000123091","RNF11",2.49741241534641
"patient5","ENSG00000159658","EFCAB14",2.49376031243325
"patient5","ENSG00000168724","DNAJC21",2.48973380002815
"patient5","ENSG00000174720","LARP7",2.48567629137708
"patient5","ENSG00000106400","ZNHIT1",2.4855150987121
"patient5","ENSG00000116350","SRSF4",2.48293854420135
"patient5","ENSG00000178952","TUFM",2.47553117022916
"patient5","ENSG00000149196","HIKESHI",2.47301176228298
"patient5","ENSG00000074695","LMAN1",2.47004803343499
"patient5","ENSG00000169021","UQCRFS1",2.46625976150364
"patient5","ENSG00000119632","IFI27L2",2.46085099316805
"patient5","ENSG00000139168","ZCRB1",2.45992658245247
"patient5","ENSG00000146425","DYNLT1",2.45721738349008
"patient5","ENSG00000188994","ZNF292",2.45212806777253
"patient5","ENSG00000111786","SRSF9",2.45171790833232
"patient5","ENSG00000181350","LRRC75A",2.45143794668149
"patient5","ENSG00000126945","HNRNPH2",2.44731547408171
"patient5","ENSG00000017797","RALBP1",2.44324402617595
"patient5","ENSG00000157500","APPL1",2.43979807621414
"patient5","ENSG00000140307","GTF2A2",2.43379645809586
"patient5","ENSG00000115484","CCT4",2.43073264230359
"patient5","ENSG00000134440","NARS1",2.42985501630916
"patient5","ENSG00000105568","PPP2R1A",2.42723367878585
"patient5","ENSG00000186184","POLR1D",2.42392242931455
"patient5","ENSG00000108848","LUC7L3",2.42358392528711
"patient5","ENSG00000114209","PDCD10",2.42026010657059
"patient5","ENSG00000225663","MCRIP1",2.41402145402524
"patient5","ENSG00000129235","TXNDC17",2.41279957068737
"patient5","ENSG00000172354","GNB2",2.41126810774091
"patient5","ENSG00000134153","EMC7",2.40629458854606
"patient5","ENSG00000146457","WTAP",2.40178458193151
"patient5","ENSG00000069345","DNAJA2",2.39497430839979
"patient5","ENSG00000167797","CDK2AP2",2.39122515543982
"patient5","ENSG00000005243","COPZ2",2.3842920993336
"patient5","ENSG00000100028","SNRPD3",2.3812041098263
"patient5","ENSG00000184743","ATL3",2.37931239848317
"patient5","ENSG00000230989","HSBP1",2.37608881671173
"patient5","ENSG00000159199","ATP5MC1",2.37514943178418
"patient5","ENSG00000163463","KRTCAP2",2.37308000962696
"patient5","ENSG00000114439","BBX",2.37000559701291
"patient5","ENSG00000177556","ATOX1",2.3598491333411
"patient5","ENSG00000080822","CLDND1",2.35926710823196
"patient5","ENSG00000102931","ARL2BP",2.35353125812086
"patient5","ENSG00000007080","CCDC124",2.3524359985385
"patient5","ENSG00000143570","SLC39A1",2.35213872234603
"patient5","ENSG00000103275","UBE2I",2.34894461085215
"patient5","ENSG00000146223","RPL7L1",2.34415969234193
"patient5","ENSG00000168259","DNAJC7",2.34270197301615
"patient5","ENSG00000131495","NDUFA2",2.34020914316368
"patient5","ENSG00000183291","SELENOF",2.33951347287237
"patient5","ENSG00000089289","IGBP1",2.33881785723559
"patient5","ENSG00000143543","JTB",2.3385890063207
"patient5","ENSG00000158604","TMED4",2.33809882682829
"patient5","ENSG00000183283","DAZAP2",2.33714231798508
"patient5","ENSG00000186298","PPP1CC",2.32955087160259
"patient5","ENSG00000224877","NDUFAF8",2.32871881359499
"patient5","ENSG00000041357","PSMA4",2.3258422652152
"patient5","ENSG00000153130","SCOC",2.32440816972124
"patient5","ENSG00000134851","TMEM165",2.3242941797037
"patient5","ENSG00000145734","BDP1",2.32008911840855
"patient5","ENSG00000120727","PAIP2",2.31577285129554
"patient5","ENSG00000134313","KIDINS220",2.31346695337135
"patient5","ENSG00000128699","ORMDL1",2.3116502471616
"patient5","ENSG00000117335","CD46",2.30444358072081
"patient5","ENSG00000104412","EMC2",2.29857982595771
"patient5","ENSG00000139218","SCAF11",2.28946152826421
"patient5","ENSG00000165672","PRDX3",2.28355193887815
"patient5","ENSG00000242247","ARFGAP3",2.28301858732578
"patient5","ENSG00000185608","MRPL40",2.28286506638939
"patient5","ENSG00000148248","SURF4",2.2748055444404
"patient5","ENSG00000166557","TMED3",2.27279880886933
"patient5","ENSG00000131508","UBE2D2",2.27212239228511
"patient5","ENSG00000152404","CWF19L2",2.2718097404483
"patient5","ENSG00000150779","TIMM8B",2.26479195758435
"patient5","ENSG00000108055","SMC3",2.2585815447312
"patient5","ENSG00000140391","TSPAN3",2.25802598880029
"patient5","ENSG00000130706","ADRM1",2.25308319473861
"patient5","ENSG00000092531","SNAP23",2.25099816547698
"patient5","ENSG00000127914","AKAP9",2.24576281698986
"patient5","ENSG00000167522","ANKRD11",2.24223901063226
"patient5","ENSG00000135624","CCT7",2.23807471019931
"patient5","ENSG00000155115","GTF3C6",2.23527792448084
"patient5","ENSG00000168264","IRF2BP2",2.2347928590755
"patient5","ENSG00000138069","RAB1A",2.23110202178443
"patient5","ENSG00000111615","KRR1",2.22646613035873
"patient5","ENSG00000135316","SYNCRIP",2.22407114479047
"patient5","ENSG00000137815","RTF1",2.22197783064477
"patient5","ENSG00000122565","CBX3",2.21395404601079
"patient5","ENSG00000163634","THOC7",2.20979693893016
"patient5","ENSG00000143420","ENSA",2.2091334175617
"patient5","ENSG00000013275","PSMC4",2.20547379917962
"patient5","ENSG00000051620","HEBP2",2.20218564081604
"patient5","ENSG00000164258","NDUFS4",2.20131504344254
"patient5","ENSG00000164323","CFAP97",2.20096062460901
"patient5","ENSG00000116747","RO60",2.19613070461471
"patient5","ENSG00000103978","TMEM87A",2.19539708613783
"patient5","ENSG00000085832","EPS15",2.19070180838481
"patient5","ENSG00000257103","LSM14A",2.18583948791186
"patient5","ENSG00000109775","UFSP2",2.1834380248253
"patient5","ENSG00000113580","NR3C1",2.1814202839052
"patient5","ENSG00000119537","KDSR",2.18006182927005
"patient5","ENSG00000189266","PNRC2",2.17897205085008
"patient5","ENSG00000106588","PSMA2",2.17744184182316
"patient5","ENSG00000101782","RIOK3",2.17577591274817
"patient5","ENSG00000100216","TOMM22",2.17490308545673
"patient5","ENSG00000010244","ZNF207",2.17220697966209
"patient5","ENSG00000155438","NIFK",2.17143672793429
"patient5","ENSG00000022277","RTF2",2.16925976754878
"patient5","ENSG00000116030","SUMO1",2.1667239054559
"patient5","ENSG00000101161","PRPF6",2.16633669055295
"patient5","ENSG00000113312","TTC1",2.16577707953076
"patient5","ENSG00000143727","ACP1",2.16371536605346
"patient5","ENSG00000107874","CUEDC2",2.16023728519949
"patient5","ENSG00000012061","ERCC1",2.15133437254211
"patient5","ENSG00000176386","CDC26",2.14434852592851
"patient5","ENSG00000125676","THOC2",2.13604061351402
"patient5","ENSG00000149823","VPS51",2.13000573379595
"patient5","ENSG00000138757","G3BP2",2.12156725860613
"patient5","ENSG00000131871","SELENOS",2.12054811713805
"patient5","ENSG00000084733","RAB10",2.1139738483955
"patient5","ENSG00000113282","CLINT1",2.11286018544484
"patient5","ENSG00000185651","UBE2L3",2.10495687243058
"patient5","ENSG00000065613","SLK",2.10361868848197
"patient5","ENSG00000100603","SNW1",2.10319560960933
"patient5","ENSG00000125901","MRPS26",2.09889668343894
"patient5","ENSG00000101654","RNMT",2.09431681997891
"patient5","ENSG00000163714","U2SURP",2.09098802786086
"patient5","ENSG00000167085","PHB1",2.09024780582618
"patient5","ENSG00000143575","HAX1",2.08826569700981
"patient5","ENSG00000008294","SPAG9",2.07763863930348
"patient5","ENSG00000145912","NHP2",2.07662582618113
"patient5","ENSG00000091039","OSBPL8",2.07630875468392
"patient5","ENSG00000104852","SNRNP70",2.07265787075431
"patient5","ENSG00000144895","EIF2A",2.0726006698521
"patient5","ENSG00000171634","BPTF",2.07246006635774
"patient5","ENSG00000126005","MMP24OS",2.07217624741834
"patient5","ENSG00000174851","YIF1A",2.06313827157556
"patient5","ENSG00000023734","STRAP",2.06287182441122
"patient5","ENSG00000121851","POLR3GL",2.06062321880197
"patient5","ENSG00000071859","FAM50A",2.05783359811851
"patient5","ENSG00000242485","MRPL20",2.05724166899666
"patient5","ENSG00000096746","HNRNPH3",2.05235594492751
"patient5","ENSG00000047410","TPR",2.05194050091486
"patient5","ENSG00000114023","FAM162A",2.05063622607206
"patient5","ENSG00000163320","CGGBP1",2.05013115288396
"patient5","ENSG00000168710","AHCYL1",2.04908806348698
"patient5","ENSG00000106299","WASL",2.04330276743639
"patient5","ENSG00000089053","ANAPC5",2.03140308327286
"patient5","ENSG00000134056","KGD4",2.02998340289956
"patient5","ENSG00000111237","VPS29",2.0286739824494
"patient5","ENSG00000102119","EMD",2.02490067827737
"patient5","ENSG00000112110","MRPL18",2.02328086028912
"patient5","ENSG00000272047","GTF2H5",2.01595667712668
"patient5","ENSG00000125037","EMC3",2.01572974442544
"patient5","ENSG00000057608","GDI2",2.0140170268927
"patient5","ENSG00000099901","RANBP1",2.01203846967628
"patient5","ENSG00000023287","RB1CC1",2.0068997670635
"patient5","ENSG00000025796","SEC63",2.00663325347989
"patient5","ENSG00000160194","NDUFV3",2.00600290675565
"patient5","ENSG00000172500","FIBP",2.00094088361881
"patient5","ENSG00000127314","RAP1B",1.99840930481646
"patient5","ENSG00000204435","CSNK2B",1.99785653508922
"patient5","ENSG00000066654","THUMPD1",1.99740284309716
"patient5","ENSG00000136279","DBNL",1.99096934496222
"patient5","ENSG00000164346","NSA2",1.97084781549907
"patient5","ENSG00000127125","PPCS",1.96925836795885
"patient5","ENSG00000002330","BAD",1.96633099148222
"patient5","ENSG00000120675","DNAJC15",1.96631650290735
"patient5","ENSG00000115541","HSPE1",1.96102342381688
"patient5","ENSG00000005075","POLR2J",1.9529757637064
"patient5","ENSG00000186591","UBE2H",1.94915901798367
"patient5","ENSG00000162909","CAPN2",1.94801782764642
"patient5","ENSG00000106682","EIF4H",1.94558640098428
"patient5","ENSG00000112739","PRP4K",1.94099696076336
"patient5","ENSG00000204370","SDHD",1.93629844100607
"patient5","ENSG00000143621","ILF2",1.93455032999839
"patient5","ENSG00000175416","CLTB",1.93079191753172
"patient5","ENSG00000186395","KRT10",1.92070828195746
"patient5","ENSG00000101421","CHMP4B",1.92052370322359
"patient5","ENSG00000116649","SRM",1.9204028100552
"patient5","ENSG00000121774","KHDRBS1",1.91615691028669
"patient5","ENSG00000167088","SNRPD1",1.91577256174388
"patient5","ENSG00000198961","PJA2",1.91338293776566
"patient5","ENSG00000097033","SH3GLB1",1.90009063469859
"patient5","ENSG00000110717","NDUFS8",1.8949232851713
"patient5","ENSG00000075292","ZNF638",1.89426751348549
"patient5","ENSG00000148450","MSRB2",1.89363815998093
"patient5","ENSG00000087884","AAMDC",1.88839594731317
"patient5","ENSG00000176209","SMIM19",1.88798821198257
"patient5","ENSG00000189241","TSPYL1",1.88041311544658
"patient5","ENSG00000128789","PSMG2",1.87531282122617
"patient5","ENSG00000105968","H2AZ2",1.87438745283798
"patient5","ENSG00000154582","ELOC",1.86921758379792
"patient5","ENSG00000129351","ILF3",1.86403472349143
"patient5","ENSG00000205981","DNAJC19",1.86231722065352
"patient5","ENSG00000166946","CCNDBP1",1.85927838953554
"patient5","ENSG00000079785","DDX1",1.85837085813911
"patient5","ENSG00000055211","GINM1",1.85761333719085
"patient5","ENSG00000128989","ARPP19",1.8542131936708
"patient5","ENSG00000165916","PSMC3",1.85392507250126
"patient5","ENSG00000142694","EVA1B",1.8516461261148
"patient5","ENSG00000125944","HNRNPR",1.85032139894696
"patient5","ENSG00000100852","ARHGAP5",1.83935578775026
"patient5","ENSG00000151923","TIAL1",1.83324751632412
"patient5","ENSG00000090273","NUDC",1.83008912885052
"patient5","ENSG00000115685","PPP1R7",1.82359247405548
"patient5","ENSG00000130414","NDUFA10",1.82234883922685
"patient5","ENSG00000185236","RAB11B",1.82096524840334
"patient5","ENSG00000184983","NDUFA6",1.81361536836546
"patient5","ENSG00000100442","FKBP3",1.81347873424805
"patient5","ENSG00000110367","DDX6",1.80777506538699
"patient5","ENSG00000213619","NDUFS3",1.80520351079635
"patient5","ENSG00000164022","AIMP1",1.80243108498622
"patient5","ENSG00000131116","ZNF428",1.79918574443757
"patient5","ENSG00000159352","PSMD4",1.79823708076463
"patient5","ENSG00000115561","CHMP3",1.79300267951029
"patient5","ENSG00000181061","HIGD1A",1.79249912384206
"patient5","ENSG00000105518","TMEM205",1.77649831728526
"patient5","ENSG00000212907","MT-ND4L",1.77161339350784
"patient5","ENSG00000092199","HNRNPC",1.76872599880575
"patient5","ENSG00000136628","EPRS1",1.76868813159183
"patient5","ENSG00000089048","ESF1",1.7685592328487
"patient5","ENSG00000055950","MRPL43",1.76819015398023
"patient5","ENSG00000102189","EEA1",1.76468201191767
"patient5","ENSG00000106355","LSM5",1.75714059141384
"patient5","ENSG00000187051","RPS19BP1",1.75383780092119
"patient5","ENSG00000080371","RAB21",1.75228679140902
"patient5","ENSG00000105700","KXD1",1.75129588652822
"patient5","ENSG00000088205","DDX18",1.74612043454134
"patient5","ENSG00000119820","YIPF4",1.74573504411986
"patient5","ENSG00000125818","PSMF1",1.7423638953102
"patient5","ENSG00000166848","TERF2IP",1.74051698289592
"patient5","ENSG00000108588","CCDC47",1.7389433793053
"patient5","ENSG00000169895","SYAP1",1.72857114096822
"patient5","ENSG00000090060","PAPOLA",1.72129574155131
"patient5","ENSG00000144635","DYNC1LI1",1.71973738454045
"patient5","ENSG00000118058","KMT2A",1.7166952654411
"patient5","ENSG00000078140","UBE2K",1.71420375528385
"patient5","ENSG00000143771","CNIH4",1.71276688455992
"patient5","ENSG00000129197","RPAIN",1.71145200383807
"patient5","ENSG00000161671","EMC10",1.71135666442357
"patient5","ENSG00000110321","EIF4G2",1.70788111714987
"patient5","ENSG00000013583","HEBP1",1.70505630420926
"patient5","ENSG00000172239","PAIP1",1.70470322673889
"patient5","ENSG00000101972","STAG2",1.69906090343347
"patient5","ENSG00000100201","DDX17",1.69593459032664
"patient5","ENSG00000198171","DDRGK1",1.69267773132232
"patient5","ENSG00000103502","CDIPT",1.68616420453272
"patient5","ENSG00000138382","METTL5",1.68172232182283
"patient5","ENSG00000188529","SRSF10",1.66890057390294
"patient5","ENSG00000198900","TOP1",1.65987858435825
"patient5","ENSG00000185129","PURA",1.65323517516696
"patient5","ENSG00000179262","RAD23A",1.65311732159096
"patient5","ENSG00000125652","ALKBH7",1.65059112789145
"patient5","ENSG00000134046","MBD2",1.64760428538766
"patient5","ENSG00000100811","YY1",1.64332114180419
"patient5","ENSG00000180964","TCEAL8",1.64320285013836
"patient5","ENSG00000173692","PSMD1",1.62946126695542
"patient5","ENSG00000130332","LSM7",1.62421740054123
"patient5","ENSG00000162645","GBP2",1.61930466709171
"patient5","ENSG00000136146","MED4",1.61615676734124
"patient5","ENSG00000164031","DNAJB14",1.61386195297931
"patient5","ENSG00000181924","COA4",1.6112293148929
"patient5","ENSG00000056097","ZFR",1.61096652436813
"patient5","ENSG00000079332","SAR1A",1.6107093198971
"patient5","ENSG00000119707","RBM25",1.60773292823825
"patient5","ENSG00000165283","STOML2",1.60074450328977
"patient5","ENSG00000105993","DNAJB6",1.60059675658937
"patient5","ENSG00000087365","SF3B2",1.59458604044057
"patient5","ENSG00000174891","RSRC1",1.58715037813445
"patient5","ENSG00000014123","UFL1",1.58401756902973
"patient5","ENSG00000004700","RECQL",1.58091901696855
"patient5","ENSG00000183011","NAA38",1.57566923479673
"patient5","ENSG00000074071","MRPS34",1.57549807072167
"patient5","ENSG00000165678","GHITM",1.56985206969949
"patient5","ENSG00000229833","PET100",1.56833540093172
"patient5","ENSG00000119396","RAB14",1.56670209546136
"patient5","ENSG00000100354","TNRC6B",1.56118599347287
"patient5","ENSG00000166164","BRD7",1.56071560289143
"patient5","ENSG00000145687","SSBP2",1.55580590287264
"patient5","ENSG00000105701","FKBP8",1.55357909588241
"patient5","ENSG00000119185","ITGB1BP1",1.5491119696409
"patient5","ENSG00000232388","SMIM26",1.53693091886965
"patient5","ENSG00000113013","HSPA9",1.53068001810362
"patient5","ENSG00000130520","LSM4",1.52874376044767
"patient5","ENSG00000120860","WASHC3",1.52627960668193
"patient5","ENSG00000176171","BNIP3",1.52134906658713
"patient5","ENSG00000048649","RSF1",1.51683316701516
"patient5","ENSG00000126351","THRA",1.51170459206734
"patient5","ENSG00000137207","YIPF3",1.50715413467077
"patient5","ENSG00000134330","IAH1",1.49860326034509
"patient5","ENSG00000105887","MTPN",1.49632466272173
"patient5","ENSG00000117118","SDHB",1.48946120187736
"patient5","ENSG00000112697","CDC50A",1.48929574811124
"patient5","ENSG00000164754","RAD21",1.48832733261594
"patient5","ENSG00000104131","EIF3J",1.48772133585565
"patient5","ENSG00000174780","SRP72",1.48340246370464
"patient5","ENSG00000130312","MRPL34",1.48243046260314
"patient5","ENSG00000075239","ACAT1",1.47777345765368
"patient5","ENSG00000127884","ECHS1",1.47163584791549
"patient5","ENSG00000126698","DNAJC8",1.46894662417098
"patient5","ENSG00000253729","PRKDC",1.46643971267996
"patient5","ENSG00000110711","AIP",1.46229880605333
"patient5","ENSG00000078668","VDAC3",1.45958760422366
"patient5","ENSG00000049245","VAMP3",1.44312111290406
"patient5","ENSG00000004059","ARF5",1.44242287387104
"patient5","ENSG00000136930","PSMB7",1.43951695028874
"patient5","ENSG00000166200","COPS2",1.42987209600429
"patient5","ENSG00000138433","CIRSR",1.42829589950135
"patient5","ENSG00000130731","METTL26",1.42412002082074
"patient5","ENSG00000102401","ARMCX3",1.42030797547005
"patient5","ENSG00000103035","PSMD7",1.41864458256024
"patient5","ENSG00000113845","TIMMDC1",1.41459099957755
"patient5","ENSG00000170860","LSM3",1.40964003710671
"patient5","ENSG00000169139","UBE2V2",1.40794478379722
"patient5","ENSG00000196419","XRCC6",1.40626750987032
"patient5","ENSG00000143183","TMCO1",1.39737793468769
"patient5","ENSG00000111011","RSRC2",1.38275171026445
"patient5","ENSG00000184203","PPP1R2",1.3782017356108
"patient5","ENSG00000103266","STUB1",1.37373638705365
"patient5","ENSG00000169689","CENPX",1.3690421185834
"patient5","ENSG00000131100","ATP6V1E1",1.36704269205559
"patient5","ENSG00000100815","TRIP11",1.36355298199103
"patient5","ENSG00000179950","PUF60",1.36026294908795
"patient5","ENSG00000163319","MRPS18C",1.34893604148727
"patient5","ENSG00000168894","RNF181",1.34746411084248
"patient5","ENSG00000157916","RER1",1.34553973685549
"patient5","ENSG00000146007","ZMAT2",1.34158946700319
"patient5","ENSG00000187257","RSBN1L",1.33210378354567
"patient5","ENSG00000125304","TM9SF2",1.3247573823108
"patient5","ENSG00000005483","KMT2E",1.32355577292499
"patient5","ENSG00000156256","USP16",1.32258876786609
"patient5","ENSG00000099817","POLR2E",1.30741979995842
"patient5","ENSG00000150316","CWC15",1.30698691506073
"patient5","ENSG00000115524","SF3B1",1.29097817517445
"patient5","ENSG00000169976","SF3B5",1.29042308046196
"patient5","ENSG00000100764","PSMC1",1.28821068289981
"patient5","ENSG00000168288","MMADHC",1.28016268387452
"patient5","ENSG00000175203","DCTN2",1.2783872434016
"patient5","ENSG00000147419","CCDC25",1.27453874023605
"patient5","ENSG00000136819","C9orf78",1.27369538966049
"patient5","ENSG00000174917","MICOS13",1.269912542836
"patient5","ENSG00000185627","PSMD13",1.25398310286016
"patient5","ENSG00000112701","SENP6",1.25353636267072
"patient5","ENSG00000164182","NDUFAF2",1.24600187110277
"patient5","ENSG00000065548","ZC3H15",1.23784474746562
"patient5","ENSG00000114062","UBE3A",1.2347518955282
"patient5","ENSG00000114784","EIF1B",1.23165081067
"patient5","ENSG00000111897","SERINC1",1.22919988115333
"patient5","ENSG00000146701","MDH2",1.22794641602218
"patient5","ENSG00000185043","CIB1",1.22230957900132
"patient5","ENSG00000166734","GOLM2",1.22129650679116
"patient5","ENSG00000096401","CDC5L",1.21472078107977
"patient5","ENSG00000108946","PRKAR1A",1.21272745336931
"patient5","ENSG00000138668","HNRNPD",1.19529186737979
"patient5","ENSG00000169230","PRELID1",1.16961563620001
"patient5","ENSG00000198677","SKIC3",1.16344641648488
"patient5","ENSG00000142166","IFNAR1",1.15952994150256
"patient5","ENSG00000100519","PSMC6",1.15787211261545
"patient5","ENSG00000149100","EIF3M",1.15634771604106
"patient5","ENSG00000159210","SNF8",1.14972322160101
"patient5","ENSG00000135837","CEP350",1.14399686717823
"patient5","ENSG00000174953","DHX36",1.14378835724666
"patient5","ENSG00000146416","AIG1",1.13670230680723
"patient5","ENSG00000109381","ELF2",1.13642251628933
"patient5","ENSG00000010404","IDS",1.13420669524779
"patient5","ENSG00000204392","LSM2",1.12965370568181
"patient5","ENSG00000099977","DDT",1.126945211321
"patient5","ENSG00000093167","LRRFIP2",1.12680034624192
"patient5","ENSG00000084623","EIF3I",1.12596138708825
"patient5","ENSG00000197345","MRPL21",1.12290580264668
"patient5","ENSG00000182934","SRPRA",1.11811921611939
"patient5","ENSG00000111142","METAP2",1.1163108697217
"patient5","ENSG00000131966","ACTR10",1.1138328113527
"patient5","ENSG00000124214","STAU1",1.11341665517906
"patient5","ENSG00000138279","ANXA7",1.11254096831528
"patient5","ENSG00000067248","DHX29",1.09626999933729
"patient5","ENSG00000163875","MEAF6",1.08848069153261
"patient5","ENSG00000115866","DARS1",1.08581762907171
"patient5","ENSG00000106460","TMEM106B",1.08466460244084
"patient5","ENSG00000078674","PCM1",1.08342528433658
"patient5","ENSG00000083937","CHMP2B",1.06782384632335
"patient5","ENSG00000225921","NOL7",1.06704056974235
"patient5","ENSG00000162585","FAAP20",1.05899140151285
"patient5","ENSG00000129518","EAPP",1.05683541676432
"patient5","ENSG00000153774","CFDP1",1.05339587945211
"patient5","ENSG00000182944","EWSR1",1.04978348748442
"patient5","ENSG00000007168","PAFAH1B1",1.04326696150429
"patient5","ENSG00000145337","PYURF",1.03250410487147
"patient5","ENSG00000166595","CIAO2B",1.00013956187275
"patient5","ENSG00000089693","MLF2",0.999125936475191
"patient5","ENSG00000137210","TMEM14B",0.998418278162724
"patient5","ENSG00000110108","TMEM109",0.994349479261873
"patient5","ENSG00000172922","RNASEH2C",0.992293947253128
"patient5","ENSG00000091164","TXNL1",0.991931598991661
"patient5","ENSG00000257923","CUX1",0.980804759784751
"patient5","ENSG00000105185","PDCD5",0.977051193198113
"patient5","ENSG00000145907","G3BP1",0.969474173683582
"patient5","ENSG00000090621","PABPC4",0.965677031021617
"patient5","ENSG00000075142","SRI",0.951566031989281
"patient5","ENSG00000175166","PSMD2",0.94625269706406
"patient5","ENSG00000159069","FBXW5",0.945672833136544
"patient5","ENSG00000197858","GPAA1",0.92343085087021
"patient5","ENSG00000141867","BRD4",0.91993555624457
"patient5","ENSG00000168172","HOOK3",0.918662794814928
"patient5","ENSG00000137100","DCTN3",0.918426077539243
"patient5","ENSG00000204272","NBDY",0.917762888909085
"patient5","ENSG00000177733","HNRNPA0",0.914843933115151
"patient5","ENSG00000107771","CCSER2",0.911944609846237
"patient5","ENSG00000165813","CCDC186",0.901509714287626
"patient5","ENSG00000109536","FRG1",0.89505438582097
"patient5","ENSG00000113141","IK",0.889053839955187
"patient5","ENSG00000183617","MRPL54",0.874584214454761
"patient5","ENSG00000107262","BAG1",0.86550332611368
"patient5","ENSG00000060762","MPC1",0.837134857613753
"patient5","ENSG00000137038","DMAC1",0.83505573886559
"patient5","ENSG00000105254","TBCB",0.832800395973374
"patient5","ENSG00000106245","BUD31",0.831973000543488
"patient5","ENSG00000178057","NDUFAF3",0.829212299196325
"patient5","ENSG00000143256","PFDN2",0.825812228846054
"patient5","ENSG00000168090","COPS6",0.82131458803456
"patient5","ENSG00000213246","SUPT4H1",0.805025184361006
"patient5","ENSG00000141552","ANAPC11",0.792016709810272
"patient5","ENSG00000147548","NSD3",0.790206263301628
"patient5","ENSG00000129292","PHF20L1",0.761003052862889
"patient5","ENSG00000114956","DGUOK",0.760993990746678
"patient5","ENSG00000257727","CNPY2",0.752961233105716
"patient5","ENSG00000103994","ZNF106",0.750733876792798
"patient5","ENSG00000143612","LTAP1",0.746562829191889
"patient5","ENSG00000071553","ATP6AP1",0.731777488397257
"patient5","ENSG00000214046","SMIM7",0.724326278198789
"patient5","ENSG00000165669","FAM204A",0.706514051176312
"patient5","ENSG00000105402","NAPA",0.703658216147402
"patient5","ENSG00000031698","SARS1",0.702590092860677
"patient5","ENSG00000100142","POLR2F",0.695052406321022
"patient5","ENSG00000125870","SNRPB2",0.687588401705986
"patient5","ENSG00000197223","C1D",0.686015252079199
"patient5","ENSG00000077232","DNAJC10",0.676670293825631
"patient5","ENSG00000139343","SNRPF",0.670420018391532
"patient5","ENSG00000054118","THRAP3",0.668869273870957
"patient5","ENSG00000178951","ZBTB7A",0.667542685406105
"patient5","ENSG00000116161","CACYBP",0.664620482431606
"patient5","ENSG00000144747","TMF1",0.657388370251375
"patient5","ENSG00000175701","MTLN",0.618132526284486
"patient5","ENSG00000102309","PIN4",0.601722809329868
"patient5","ENSG00000113068","PFDN1",0.576341978346237
"patient5","ENSG00000111832","RWDD1",0.573975842508452
"patient5","ENSG00000049618","ARID1B",0.573512819331183
"patient5","ENSG00000123200","ZC3H13",0.572938668269904
"patient5","ENSG00000105379","ETFB",0.568987794162405
"patient5","ENSG00000102054","RBBP7",0.56377606583625
"patient5","ENSG00000147533","GOLGA7",0.535743162395698
"patient5","ENSG00000105677","TMEM147",0.53387578090509
"patient5","ENSG00000148290","SURF1",0.533261519124334
"patient5","ENSG00000038219","BOD1L1",0.519846272442235
"patient5","ENSG00000196998","WDR45",0.514957531574769
"patient5","ENSG00000095787","WAC",0.506694777493962
"patient5","ENSG00000173674","EIF1AX",0.493044881408274
"patient5","ENSG00000170035","UBE2E3",0.468461776084578
"patient5","ENSG00000100568","VTI1B",0.451431158582388
"patient5","ENSG00000130748","TMEM160",0.438247885234469
"patient5","ENSG00000154305","MIA3",0.429062506485092
"patient5","ENSG00000035928","RFC1",0.421439775881036
"patient5","ENSG00000124762","CDKN1A",0.41597949433648
"patient5","ENSG00000100941","PNN",0.39757281821999
"patient5","ENSG00000177565","TBL1XR1",0.395348110602132
"patient5","ENSG00000135720","DYNC1LI2",0.349942731843757
"patient5","ENSG00000138398","PPIG",0.325898082338732
"patient5","ENSG00000184432","COPB2",0.321893779838962
"patient5","ENSG00000138674","SEC31A",0.307528848091692
"patient5","ENSG00000137106","GRHPR",0.263166168651964
"patient5","ENSG00000141002","TCF25",0.262696574776545
"patient5","ENSG00000106443","PHF14",0.254490359342431
"patient5","ENSG00000088930","XRN2",0.214639719275586
"patient5","ENSG00000146247","PHIP",0.199899678547542
"patient5","ENSG00000126653","NSRP1",0.197427728463865
"patient5","ENSG00000105856","HBP1",0.196153582058607
"patient5","ENSG00000165525","NEMF",0.172801119024225
"patient5","ENSG00000121067","SPOP",0.162973299966607
"patient5","ENSG00000144674","GOLGA4",0.162048281127942
"patient5","ENSG00000182670","TTC3",0.140440006891898
"patient5","ENSG00000159377","PSMB4",0.138972962221912
"patient5","ENSG00000126067","PSMB2",0.123141932863408
"patient5","ENSG00000162961","DPY30",0.0736348718995856
"patient5","ENSG00000179271","GADD45GIP1",0.0604899670397149
"patient5","ENSG00000072506","HSD17B10",0.0326506190426706
"patient5","ENSG00000086065","CHMP5",0.0309987226800611
"patient5","ENSG00000004534","RBM6",0.00230872130016372
"patient5","ENSG00000205531","NAP1L4",-0.000605788101480733
"patient5","ENSG00000183978","COA3",-0.0348344754404724
"patient5","ENSG00000114354","TFG",-0.110318096777072
"patient5","ENSG00000004779","NDUFAB1",-0.111299041961331
"patient5","ENSG00000065243","PKN2",-0.114433294314626
"patient5","ENSG00000062194","GPBP1",-0.117044801317557
"patient5","ENSG00000131408","NR1H2",-0.125998524227245
"patient5","ENSG00000124767","GLO1",-0.136324315361593
"patient5","ENSG00000129083","COPB1",-0.146834302951741
"patient5","ENSG00000168066","SF1",-0.170334894614565
"patient5","ENSG00000164463","CREBRF",-0.204117559047601
"patient5","ENSG00000125995","ROMO1",-0.220745477571134
"patient5","ENSG00000143252","SDHC",-0.311644692121291
"patient5","ENSG00000153006","SREK1IP1",-0.451315039461728
"patient5","ENSG00000029363","BCLAF1",-0.530449430269279
"patient5","ENSG00000134248","LAMTOR5",-0.582376941041274
"patient5","ENSG00000120438","TCP1",-0.611903676842518
"patient5","ENSG00000102531","FNDC3A",-0.746669292758454
"patient5","ENSG00000128463","EMC4",-0.761900227344866
"patient5","ENSG00000092201","SUPT16H",-0.828985781698786
"patient5","ENSG00000265808","SEC22B",-1.03395046491702
"patient5","ENSG00000013374","NUB1",-1.21055813722231
"patient5","ENSG00000104671","DCTN6",-1.26863286826402
"patient5","ENSG00000171222","SCAND1",-1.36501535861187
"patient6","ENSG00000170323","FABP4",27.9374749897338
"patient6","ENSG00000011465","DCN",24.2538339419101
"patient6","ENSG00000132386","SERPINF1",24.0646407532
"patient6","ENSG00000077942","FBLN1",21.7239523836431
"patient6","ENSG00000100234","TIMP3",21.6010749701983
"patient6","ENSG00000078596","ITM2A",20.8114797770488
"patient6","ENSG00000115457","IGFBP2",20.6683725682565
"patient6","ENSG00000140285","FGF7",19.9777475855053
"patient6","ENSG00000143196","DPT",19.8540515203676
"patient6","ENSG00000181649","PHLDA2",19.4124772014671
"patient6","ENSG00000008394","MGST1",19.3126257273471
"patient6","ENSG00000111341","MGP",19.292710937608
"patient6","ENSG00000198467","TPM2",19.2907273467203
"patient6","ENSG00000115414","FN1",19.0067988171272
"patient6","ENSG00000176435","CLEC14A",18.9008729337485
"patient6","ENSG00000164687","FABP5",18.7952377320893
"patient6","ENSG00000127954","STEAP4",18.397378831531
"patient6","ENSG00000038427","VCAN",18.3610516657295
"patient6","ENSG00000142910","TINAGL1",18.1438981363098
"patient6","ENSG00000101335","MYL9",17.9016219365903
"patient6","ENSG00000124212","PTGIS",17.602817498929
"patient6","ENSG00000120885","CLU",17.5462035773452
"patient6","ENSG00000136999","CCN3",17.5320342927552
"patient6","ENSG00000140092","FBLN5",17.4867553372697
"patient6","ENSG00000127951","FGL2",17.483844827148
"patient6","ENSG00000144810","COL8A1",17.3431898666587
"patient6","ENSG00000203883","SOX18",17.2807659851176
"patient6","ENSG00000133026","MYH10",17.2052416977013
"patient6","ENSG00000141753","IGFBP4",16.9733924402536
"patient6","ENSG00000261371","PECAM1",16.8077881027857
"patient6","ENSG00000149591","TAGLN",16.7483339309911
"patient6","ENSG00000130300","PLVAP",16.5610633763126
"patient6","ENSG00000122786","CALD1",16.4833666867966
"patient6","ENSG00000074181","NOTCH3",16.4485603170987
"patient6","ENSG00000107796","ACTA2",16.3942568889301
"patient6","ENSG00000167641","PPP1R14A",16.36204664229
"patient6","ENSG00000172889","EGFL7",16.3102567216898
"patient6","ENSG00000167642","SPINT2",16.272525836408
"patient6","ENSG00000189129","PLAC9",16.2654017298111
"patient6","ENSG00000204472","AIF1",16.1912922375774
"patient6","ENSG00000249751","ECSCR",15.9878510780334
"patient6","ENSG00000162618","ADGRL4",15.917508472176
"patient6","ENSG00000131477","RAMP2",15.8966635498451
"patient6","ENSG00000135218","CD36",15.7496517620482
"patient6","ENSG00000139329","LUM",15.6267567631605
"patient6","ENSG00000197747","S100A10",15.5935699319316
"patient6","ENSG00000120594","PLXDC2",15.4466922075428
"patient6","ENSG00000125868","DSTN",15.3439301281006
"patient6","ENSG00000184113","CLDN5",15.2637967651845
"patient6","ENSG00000186340","THBS2",15.197128953463
"patient6","ENSG00000110799","VWF",15.1187026283553
"patient6","ENSG00000169851","PCDH7",15.0933566611318
"patient6","ENSG00000182492","BGN",15.0425459626855
"patient6","ENSG00000099260","PALMD",15.0239024113651
"patient6","ENSG00000187513","GJA4",15.0228805700014
"patient6","ENSG00000115380","EFEMP1",14.9992466877219
"patient6","ENSG00000140545","MFGE8",14.850224801798
"patient6","ENSG00000122679","RAMP3",14.8097265977541
"patient6","ENSG00000132329","RAMP1",14.7612972142934
"patient6","ENSG00000107317","PTGDS",14.7551826909319
"patient6","ENSG00000125730","C3",14.7036508603036
"patient6","ENSG00000135678","CPM",14.6534393827022
"patient6","ENSG00000149564","ESAM",14.5710299177402
"patient6","ENSG00000197614","MFAP5",14.5069428236255
"patient6","ENSG00000265972","TXNIP",14.4189997070881
"patient6","ENSG00000163710","PCOLCE2",14.3904833985207
"patient6","ENSG00000168497","CAVIN2",14.3801712732635
"patient6","ENSG00000213088","ACKR1",14.2258642715129
"patient6","ENSG00000049323","LTBP1",14.2079880860254
"patient6","ENSG00000179144","GIMAP7",14.2068927272993
"patient6","ENSG00000106565","TMEM176B",14.1793134798687
"patient6","ENSG00000121858","TNFSF10",14.1652542332185
"patient6","ENSG00000134853","PDGFRA",14.0730373858345
"patient6","ENSG00000250722","SELENOP",14.0676886412572
"patient6","ENSG00000102265","TIMP1",13.9823048229007
"patient6","ENSG00000119681","LTBP2",13.952197721838
"patient6","ENSG00000170962","PDGFD",13.9469462326759
"patient6","ENSG00000077943","ITGA8",13.9301640669757
"patient6","ENSG00000064042","LIMCH1",13.9012656333145
"patient6","ENSG00000148053","NTRK2",13.8657706103169
"patient6","ENSG00000118849","RARRES1",13.8182023700446
"patient6","ENSG00000185551","NR2F2",13.8012126649764
"patient6","ENSG00000111404","RERGL",13.7220144432748
"patient6","ENSG00000002933","TMEM176A",13.6742495951061
"patient6","ENSG00000144476","ACKR3",13.663492536212
"patient6","ENSG00000109099","PMP22",13.604698858071
"patient6","ENSG00000158869","FCER1G",13.571616769996
"patient6","ENSG00000137507","LRRC32",13.5606787735165
"patient6","ENSG00000123384","LRP1",13.5325214459769
"patient6","ENSG00000129538","RNASE1",13.4616366975119
"patient6","ENSG00000164692","COL1A2",13.3951689963586
"patient6","ENSG00000240583","AQP1",13.3696990139464
"patient6","ENSG00000154175","ABI3BP",13.3450841019912
"patient6","ENSG00000117632","STMN1",13.3423916585506
"patient6","ENSG00000106991","ENG",13.3238929384279
"patient6","ENSG00000166562","SEC11C",13.3148389028728
"patient6","ENSG00000091986","CCDC80",13.3100708501822
"patient6","ENSG00000130203","APOE",13.2548597657735
"patient6","ENSG00000165949","IFI27",13.2358550317236
"patient6","ENSG00000011600","TYROBP",13.1834072069697
"patient6","ENSG00000127083","OMD",13.1810987257659
"patient6","ENSG00000106809","OGN",13.1697716632305
"patient6","ENSG00000132965","ALOX5AP",13.1109219911031
"patient6","ENSG00000099860","GADD45B",13.1012068094719
"patient6","ENSG00000003436","TFPI",13.070681230296
"patient6","ENSG00000170017","ALCAM",13.0553053433921
"patient6","ENSG00000134531","EMP1",13.0220676743655
"patient6","ENSG00000111348","ARHGDIB",12.8969710238581
"patient6","ENSG00000064205","CCN5",12.8815726380786
"patient6","ENSG00000160888","IER2",12.8133058178366
"patient6","ENSG00000010278","CD9",12.7810712676595
"patient6","ENSG00000019582","CD74",12.7657191175313
"patient6","ENSG00000123358","NR4A1",12.7484283971589
"patient6","ENSG00000120708","TGFBI",12.7450467577236
"patient6","ENSG00000122862","SRGN",12.7307790382519
"patient6","ENSG00000157514","TSC22D3",12.67315736209
"patient6","ENSG00000187244","BCAM",12.6194458048772
"patient6","ENSG00000182326","C1S",12.6067010146333
"patient6","ENSG00000133574","GIMAP4",12.5672306869562
"patient6","ENSG00000164106","SCRG1",12.5606290267445
"patient6","ENSG00000140945","CDH13",12.551147653797
"patient6","ENSG00000124491","F13A1",12.5174322852538
"patient6","ENSG00000129757","CDKN1C",12.5015059245763
"patient6","ENSG00000174348","PODN",12.4966819129093
"patient6","ENSG00000152583","SPARCL1",12.4842409093769
"patient6","ENSG00000149131","SERPING1",12.4743458813777
"patient6","ENSG00000198959","TGM2",12.4562584391392
"patient6","ENSG00000165795","NDRG2",12.4197319072811
"patient6","ENSG00000065054","NHERF2",12.3923079957135
"patient6","ENSG00000197461","PDGFA",12.3181175903554
"patient6","ENSG00000116132","PRRX1",12.2886835782471
"patient6","ENSG00000125740","FOSB",12.2834208003797
"patient6","ENSG00000188783","PRELP",12.278158947932
"patient6","ENSG00000185650","ZFP36L1",12.2696530477221
"patient6","ENSG00000159403","C1R",12.2629153192718
"patient6","ENSG00000234745","HLA-B",12.2611579604355
"patient6","ENSG00000196154","S100A4",12.2482629348493
"patient6","ENSG00000163520","FBLN2",12.2285814570088
"patient6","ENSG00000065534","MYLK",12.1807040560762
"patient6","ENSG00000140416","TPM1",12.1407277096286
"patient6","ENSG00000196616","ADH1B",12.0954187837339
"patient6","ENSG00000145423","SFRP2",12.0866863712903
"patient6","ENSG00000110077","MS4A6A",12.0818860288634
"patient6","ENSG00000162458","FBLIM1",12.0753023463869
"patient6","ENSG00000133392","MYH11",12.0728230582301
"patient6","ENSG00000135916","ITM2C",12.0556669414462
"patient6","ENSG00000119655","NPC2",12.0416920601783
"patient6","ENSG00000196126","HLA-DRB1",11.9768603583071
"patient6","ENSG00000161638","ITGA5",11.9680658292655
"patient6","ENSG00000213316","LTC4S",11.9278000974305
"patient6","ENSG00000166482","MFAP4",11.8886910662259
"patient6","ENSG00000123131","PRDX4",11.8812477570266
"patient6","ENSG00000197766","CFD",11.8666480301415
"patient6","ENSG00000076706","MCAM",11.8576403175817
"patient6","ENSG00000204287","HLA-DRA",11.8177150332539
"patient6","ENSG00000162496","DHRS3",11.8133422595813
"patient6","ENSG00000170345","FOS",11.8082247408362
"patient6","ENSG00000143226","FCGR2A",11.8011647366135
"patient6","ENSG00000008517","IL32",11.796093348507
"patient6","ENSG00000170458","CD14",11.7293281113936
"patient6","ENSG00000198523","PLN",11.7158769102211
"patient6","ENSG00000174059","CD34",11.7144851872082
"patient6","ENSG00000107562","CXCL12",11.699207856718
"patient6","ENSG00000133110","POSTN",11.6902528375868
"patient6","ENSG00000105655","ISYNA1",11.6870262134699
"patient6","ENSG00000116016","EPAS1",11.6763185635061
"patient6","ENSG00000106483","SFRP4",11.6556464787332
"patient6","ENSG00000250479","CHCHD10",11.6479764025864
"patient6","ENSG00000159176","CSRP1",11.6186910899778
"patient6","ENSG00000168386","FILIP1L",11.5541546210092
"patient6","ENSG00000184347","SLIT3",11.4857762899494
"patient6","ENSG00000169554","ZEB2",11.4419627130954
"patient6","ENSG00000176971","FIBIN",11.4292849028798
"patient6","ENSG00000090382","LYZ",11.4151359575724
"patient6","ENSG00000180304","OAZ2",11.413557410369
"patient6","ENSG00000115461","IGFBP5",11.3964839513479
"patient6","ENSG00000175899","A2M",11.3955716539365
"patient6","ENSG00000177606","JUN",11.3267393832972
"patient6","ENSG00000112936","C7",11.2974476333196
"patient6","ENSG00000131386","GALNT15",11.2899528604195
"patient6","ENSG00000133639","BTG1",11.2769097008665
"patient6","ENSG00000182871","COL18A1",11.2513042344996
"patient6","ENSG00000017427","IGF1",11.2487465039234
"patient6","ENSG00000109610","SOD3",11.2403844139114
"patient6","ENSG00000189058","APOD",11.2178420122061
"patient6","ENSG00000213145","CRIP1",11.2061449046601
"patient6","ENSG00000187479","C11orf96",11.2015873099222
"patient6","ENSG00000197894","ADH5",11.1845071126617
"patient6","ENSG00000142173","COL6A2",11.1458080682971
"patient6","ENSG00000213203","GIMAP1",11.1457840498844
"patient6","ENSG00000275302","CCL4",11.1436834591487
"patient6","ENSG00000172403","SYNPO2",11.1409607355993
"patient6","ENSG00000185885","IFITM1",11.1381896165432
"patient6","ENSG00000106624","AEBP1",11.0650567004735
"patient6","ENSG00000173706","HEG1",11.0477098756098
"patient6","ENSG00000159388","BTG2",11.0377223928612
"patient6","ENSG00000145012","LPP",11.0252122112583
"patient6","ENSG00000189171","S100A13",11.0212687934303
"patient6","ENSG00000102879","CORO1A",10.9904527584787
"patient6","ENSG00000179344","HLA-DQB1",10.9781462512032
"patient6","ENSG00000197943","PLCG2",10.9689850188751
"patient6","ENSG00000188290","HES4",10.9378997385712
"patient6","ENSG00000119147","ECRG4",10.930523861091
"patient6","ENSG00000111716","LDHB",10.853829941537
"patient6","ENSG00000125968","ID1",10.8513702660379
"patient6","ENSG00000184905","TCEAL2",10.8504407957594
"patient6","ENSG00000105974","CAV1",10.8390239795179
"patient6","ENSG00000143127","ITGA10",10.8379720652573
"patient6","ENSG00000068001","HYAL2",10.834241600135
"patient6","ENSG00000104894","CD37",10.8169686066951
"patient6","ENSG00000135744","AGT",10.7794591867377
"patient6","ENSG00000197321","SVIL",10.7643907639592
"patient6","ENSG00000168209","DDIT4",10.7616445105064
"patient6","ENSG00000145675","PIK3R1",10.7438579017539
"patient6","ENSG00000173372","C1QA",10.6933475591282
"patient6","ENSG00000131370","SH3BP5",10.6805345774147
"patient6","ENSG00000102786","INTS6",10.6651766238402
"patient6","ENSG00000211445","GPX3",10.6555497255608
"patient6","ENSG00000048740","CELF2",10.6519783879167
"patient6","ENSG00000188257","PLA2G2A",10.6196707172563
"patient6","ENSG00000153823","PID1",10.6172303560277
"patient6","ENSG00000130176","CNN1",10.6097284368598
"patient6","ENSG00000151491","EPS8",10.5935703110899
"patient6","ENSG00000187955","COL14A1",10.5925334658076
"patient6","ENSG00000198542","ITGBL1",10.5860237705313
"patient6","ENSG00000159251","ACTC1",10.5668163880652
"patient6","ENSG00000137331","IER3",10.5623768864433
"patient6","ENSG00000159189","C1QC",10.5596339353841
"patient6","ENSG00000106211","HSPB1",10.5524976038236
"patient6","ENSG00000104368","PLAT",10.5483915672587
"patient6","ENSG00000143819","EPHX1",10.5396284204343
"patient6","ENSG00000127920","GNG11",10.5359782373241
"patient6","ENSG00000185633","COXFA4L2",10.5155972669133
"patient6","ENSG00000112699","GMDS",10.5064610923667
"patient6","ENSG00000176046","NUPR1",10.4837088179829
"patient6","ENSG00000099998","GGT5",10.4733086711109
"patient6","ENSG00000184489","PTP4A3",10.4569364665473
"patient6","ENSG00000164733","CTSB",10.4413639825945
"patient6","ENSG00000100242","SUN2",10.4299263089346
"patient6","ENSG00000038945","MSR1",10.416708722093
"patient6","ENSG00000153179","RASSF3",10.4081096993614
"patient6","ENSG00000100219","XBP1",10.3976293627979
"patient6","ENSG00000004799","PDK4",10.3950333826483
"patient6","ENSG00000177575","CD163",10.3923154628964
"patient6","ENSG00000152661","GJA1",10.3654111931712
"patient6","ENSG00000072110","ACTN1",10.3340085976937
"patient6","ENSG00000154146","NRGN",10.3313057226393
"patient6","ENSG00000165092","ALDH1A1",10.3219684963036
"patient6","ENSG00000135821","GLUL",10.3149268024706
"patient6","ENSG00000143119","CD53",10.3077839216749
"patient6","ENSG00000148671","ADIRF",10.2988363376333
"patient6","ENSG00000125148","MT2A",10.2804739265462
"patient6","ENSG00000164761","TNFRSF11B",10.2790827901377
"patient6","ENSG00000130429","ARPC1B",10.2724517592184
"patient6","ENSG00000173369","C1QB",10.2666566964792
"patient6","ENSG00000099250","NRP1",10.2627165441634
"patient6","ENSG00000142227","EMP3",10.2472567188363
"patient6","ENSG00000102804","TSC22D1",10.2448736367535
"patient6","ENSG00000100345","MYH9",10.2435386998541
"patient6","ENSG00000090104","RGS1",10.235602365874
"patient6","ENSG00000154556","SORBS2",10.2145780736122
"patient6","ENSG00000051108","HERPUD1",10.1719109827211
"patient6","ENSG00000163359","COL6A3",10.1703223791624
"patient6","ENSG00000121966","CXCR4",10.165588153996
"patient6","ENSG00000104870","FCGRT",10.1546281475066
"patient6","ENSG00000136826","KLF4",10.1524346490772
"patient6","ENSG00000188643","S100A16",10.1507750585656
"patient6","ENSG00000153317","ASAP1",10.1480749025587
"patient6","ENSG00000178573","MAF",10.1468156130293
"patient6","ENSG00000184060","ADAP2",10.1426588501985
"patient6","ENSG00000101160","CTSZ",10.136177447902
"patient6","ENSG00000064989","CALCRL",10.1346737649617
"patient6","ENSG00000182463","TSHZ2",10.1341877449779
"patient6","ENSG00000150687","PRSS23",10.1253777372161
"patient6","ENSG00000126264","HCST",10.1249400392625
"patient6","ENSG00000166741","NNMT",10.115203582653
"patient6","ENSG00000162599","NFIA",10.1127604985006
"patient6","ENSG00000231389","HLA-DPA1",10.0935016380571
"patient6","ENSG00000162576","MXRA8",10.0839730598189
"patient6","ENSG00000173848","NET1",10.0772788084099
"patient6","ENSG00000087245","MMP2",10.0641812392113
"patient6","ENSG00000141232","TOB1",10.0343479982281
"patient6","ENSG00000166927","MS4A7",10.0302449795658
"patient6","ENSG00000163453","IGFBP7",10.0097950119595
"patient6","ENSG00000162444","RBP7",9.98647398674523
"patient6","ENSG00000169908","TM4SF1",9.96038181867991
"patient6","ENSG00000162511","LAPTM5",9.95048106698858
"patient6","ENSG00000081237","PTPRC",9.94820409270652
"patient6","ENSG00000088832","FKBP1A",9.94382867702621
"patient6","ENSG00000103811","CTSH",9.92786446084866
"patient6","ENSG00000173918","C1QTNF1",9.90124849531266
"patient6","ENSG00000177697","CD151",9.89443111446206
"patient6","ENSG00000118257","NRP2",9.89261822699098
"patient6","ENSG00000223865","HLA-DPB1",9.8729477170064
"patient6","ENSG00000160255","ITGB2",9.86688200992682
"patient6","ENSG00000106333","PCOLCE",9.81962028986723
"patient6","ENSG00000165168","CYBB",9.79335638091308
"patient6","ENSG00000109846","CRYAB",9.76596389965185
"patient6","ENSG00000196139","AKR1C3",9.74681004689629
"patient6","ENSG00000127528","KLF2",9.73799703258326
"patient6","ENSG00000137710","RDX",9.73634522019372
"patient6","ENSG00000167779","IGFBP6",9.72295339810537
"patient6","ENSG00000169504","CLIC4",9.71808728552279
"patient6","ENSG00000108821","COL1A1",9.71567236022996
"patient6","ENSG00000105329","TGFB1",9.7123865586443
"patient6","ENSG00000081189","MEF2C",9.71086636561372
"patient6","ENSG00000122378","PRXL2A",9.70202516895281
"patient6","ENSG00000110079","MS4A4A",9.697549996185
"patient6","ENSG00000155659","VSIG4",9.680970326525
"patient6","ENSG00000130592","LSP1",9.67711552225041
"patient6","ENSG00000240065","PSMB9",9.67087065457124
"patient6","ENSG00000182287","AP1S2",9.6694182007771
"patient6","ENSG00000010327","STAB1",9.65816079925234
"patient6","ENSG00000101000","PROCR",9.65477161660658
"patient6","ENSG00000174080","CTSF",9.65155565884986
"patient6","ENSG00000005020","SKAP2",9.64506817719623
"patient6","ENSG00000042493","CAPG",9.64467343620252
"patient6","ENSG00000163431","LMOD1",9.64042512775832
"patient6","ENSG00000204103","MAFB",9.63880516781104
"patient6","ENSG00000100292","HMOX1",9.63235297741057
"patient6","ENSG00000133142","TCEAL4",9.62425087124705
"patient6","ENSG00000154553","PDLIM3",9.58344449917885
"patient6","ENSG00000163220","S100A9",9.58300452221161
"patient6","ENSG00000104419","NDRG1",9.5664168042798
"patient6","ENSG00000129226","CD68",9.56353905050508
"patient6","ENSG00000277632","CCL3",9.55221190606948
"patient6","ENSG00000148700","ADD3",9.51276151360792
"patient6","ENSG00000125810","CD93",9.51273330016146
"patient6","ENSG00000182578","CSF1R",9.50490488179681
"patient6","ENSG00000260916","CCPG1",9.49333135474575
"patient6","ENSG00000135919","SERPINE2",9.49136211709868
"patient6","ENSG00000137801","THBS1",9.47441847465734
"patient6","ENSG00000184840","TMED9",9.45133182490964
"patient6","ENSG00000168542","COL3A1",9.44630471960327
"patient6","ENSG00000110852","CLEC2B",9.42643063841655
"patient6","ENSG00000183087","GAS6",9.42205691758302
"patient6","ENSG00000164116","GUCY1A1",9.3941266286399
"patient6","ENSG00000051523","CYBA",9.39360762894797
"patient6","ENSG00000067225","PKM",9.390903782475
"patient6","ENSG00000102760","RGCC",9.37697281063284
"patient6","ENSG00000129657","SEC14L1",9.3751314115049
"patient6","ENSG00000150540","HNMT",9.37280855666513
"patient6","ENSG00000128739","SNRPN",9.34551888254834
"patient6","ENSG00000128595","CALU",9.34417086818181
"patient6","ENSG00000188229","TUBB4B",9.34325766162021
"patient6","ENSG00000170891","CYTL1",9.30875419517799
"patient6","ENSG00000168214","RBPJ",9.29398388992164
"patient6","ENSG00000143162","CREG1",9.28102113736313
"patient6","ENSG00000171223","JUNB",9.26987331378113
"patient6","ENSG00000100979","PLTP",9.26658401323435
"patient6","ENSG00000266964","FXYD1",9.26637634826075
"patient6","ENSG00000114541","FRMD4B",9.26294373911086
"patient6","ENSG00000137962","ARHGAP29",9.26019132940538
"patient6","ENSG00000137573","SULF1",9.25710488905279
"patient6","ENSG00000152518","ZFP36L2",9.21740574807775
"patient6","ENSG00000106066","CPVL",9.21072590563091
"patient6","ENSG00000196924","FLNA",9.19646138097095
"patient6","ENSG00000101347","SAMHD1",9.18753319024566
"patient6","ENSG00000141338","ABCA8",9.17063625282792
"patient6","ENSG00000123104","ITPR2",9.15818044426365
"patient6","ENSG00000107281","NPDC1",9.15783742487312
"patient6","ENSG00000165457","FOLR2",9.11183201128069
"patient6","ENSG00000156113","KCNMA1",9.09972331555942
"patient6","ENSG00000110092","CCND1",9.09577825162514
"patient6","ENSG00000203747","FCGR3A",9.09502204319688
"patient6","ENSG00000162407","PLPP3",9.08172974979595
"patient6","ENSG00000185215","TNFAIP2",9.06247804738115
"patient6","ENSG00000166033","HTRA1",9.06090391967456
"patient6","ENSG00000004399","PLXND1",9.06022205954859
"patient6","ENSG00000187193","MT1X",9.0537943191998
"patient6","ENSG00000112531","QKI",9.04712733639643
"patient6","ENSG00000130066","SAT1",9.04665163074105
"patient6","ENSG00000113721","PDGFRB",9.04567154970272
"patient6","ENSG00000112149","CD83",9.04003163264277
"patient6","ENSG00000164125","GASK1B",9.03221953189682
"patient6","ENSG00000136167","LCP1",9.024596807279
"patient6","ENSG00000100097","LGALS1",8.99776230067936
"patient6","ENSG00000135269","TES",8.99335324561428
"patient6","ENSG00000145632","PLK2",8.99188378695951
"patient6","ENSG00000166592","RRAD",8.99169976342114
"patient6","ENSG00000109472","CPE",8.98866681552073
"patient6","ENSG00000166347","CYB5A",8.9722591547325
"patient6","ENSG00000162614","NEXN",8.96084197592783
"patient6","ENSG00000198431","TXNRD1",8.95643904171825
"patient6","ENSG00000186834","HEXIM1",8.95323667861179
"patient6","ENSG00000157557","ETS2",8.91922665260075
"patient6","ENSG00000112562","SMOC2",8.91233747227121
"patient6","ENSG00000137575","SDCBP",8.90604286990596
"patient6","ENSG00000072952","IRAG1",8.89866206729808
"patient6","ENSG00000105835","NAMPT",8.88183525718183
"patient6","ENSG00000204389","HSPA1A",8.86817842693005
"patient6","ENSG00000115594","IL1R1",8.86724568295909
"patient6","ENSG00000131711","MAP1B",8.85954822294024
"patient6","ENSG00000138061","CYP1B1",8.84984035320752
"patient6","ENSG00000005022","SLC25A5",8.8337224447789
"patient6","ENSG00000074416","MGLL",8.82800420092595
"patient6","ENSG00000000971","CFH",8.82011765589624
"patient6","ENSG00000026508","CD44",8.80959398864381
"patient6","ENSG00000221869","CEBPD",8.80142316931517
"patient6","ENSG00000103145","HCFC1R1",8.7708642830901
"patient6","ENSG00000260314","MRC1",8.75882813316786
"patient6","ENSG00000101955","SRPX",8.75738198147916
"patient6","ENSG00000129422","MTUS1",8.74871790626022
"patient6","ENSG00000168938","PPIC",8.69694936438476
"patient6","ENSG00000061676","NCKAP1",8.66239173991073
"patient6","ENSG00000162998","FRZB",8.65860823980647
"patient6","ENSG00000233016","SNHG7",8.65063314481419
"patient6","ENSG00000158747","NBL1",8.60239205633327
"patient6","ENSG00000204264","PSMB8",8.59611490664691
"patient6","ENSG00000167553","TUBA1C",8.58315774853122
"patient6","ENSG00000256235","SMIM3",8.5655139670682
"patient6","ENSG00000070081","NUCB2",8.5648469205256
"patient6","ENSG00000111666","CHPT1",8.54592183027367
"patient6","ENSG00000116717","GADD45A",8.51003038099098
"patient6","ENSG00000022267","FHL1",8.508469705331
"patient6","ENSG00000125753","VASP",8.50763093005595
"patient6","ENSG00000141905","NFIC",8.4996735358452
"patient6","ENSG00000130402","ACTN4",8.48776063086968
"patient6","ENSG00000240972","MIF",8.48158124863748
"patient6","ENSG00000151729","SLC25A4",8.47042735020787
"patient6","ENSG00000183722","LHFPL6",8.45993285103609
"patient6","ENSG00000058272","PPP1R12A",8.45780480264037
"patient6","ENSG00000121898","CPXM2",8.45367595607674
"patient6","ENSG00000132334","PTPRE",8.45066994321981
"patient6","ENSG00000104332","SFRP1",8.44208429501663
"patient6","ENSG00000169398","PTK2",8.4136768909264
"patient6","ENSG00000196735","HLA-DQA1",8.40930641926255
"patient6","ENSG00000107551","RASSF4",8.38319179563546
"patient6","ENSG00000125347","IRF1",8.36581962839376
"patient6","ENSG00000131471","AOC3",8.36110977932386
"patient6","ENSG00000006327","TNFRSF12A",8.35207423802505
"patient6","ENSG00000130755","GMFG",8.32240576340772
"patient6","ENSG00000004776","HSPB6",8.32125910462457
"patient6","ENSG00000170540","ARL6IP1",8.30457522199095
"patient6","ENSG00000147862","NFIB",8.27350924772949
"patient6","ENSG00000178695","KCTD12",8.25788379339834
"patient6","ENSG00000146376","ARHGAP18",8.24701523879325
"patient6","ENSG00000139278","GLIPR1",8.24553559543486
"patient6","ENSG00000169715","MT1E",8.21362645007952
"patient6","ENSG00000133872","SARAF",8.20760057721373
"patient6","ENSG00000134294","SLC38A2",8.19701615754114
"patient6","ENSG00000054654","SYNE2",8.18936565187688
"patient6","ENSG00000172935","MRGPRF",8.18239281360091
"patient6","ENSG00000133800","LYVE1",8.18116578751353
"patient6","ENSG00000108691","CCL2",8.14290675352314
"patient6","ENSG00000115468","EFHD1",8.13955419789662
"patient6","ENSG00000102007","PLP2",8.1258530379309
"patient6","ENSG00000198355","PIM3",8.1010125634796
"patient6","ENSG00000111145","ELK3",8.09575244214015
"patient6","ENSG00000081041","CXCL2",8.0906240984016
"patient6","ENSG00000035862","TIMP2",8.08948353021303
"patient6","ENSG00000116044","NFE2L2",8.08833912858037
"patient6","ENSG00000146674","IGFBP3",8.08314059353172
"patient6","ENSG00000188313","PLSCR1",8.06349376360591
"patient6","ENSG00000025708","TYMP",8.06263735503964
"patient6","ENSG00000084070","SMAP2",8.05613906877824
"patient6","ENSG00000168003","SLC3A2",8.05117264569557
"patient6","ENSG00000143110","C1orf162",8.03650416113559
"patient6","ENSG00000132002","DNAJB1",8.03612281266168
"patient6","ENSG00000213626","LBH",8.03088952619246
"patient6","ENSG00000150347","ARID5B",8.0307680160353
"patient6","ENSG00000163565","IFI16",8.02576699474797
"patient6","ENSG00000111817","DSE",7.99821338354322
"patient6","ENSG00000143387","CTSK",7.99723314013378
"patient6","ENSG00000162772","ATF3",7.98348454344171
"patient6","ENSG00000050165","DKK3",7.96201988231089
"patient6","ENSG00000074842","MYDGF",7.96181834902084
"patient6","ENSG00000150337","FCGR1A",7.95855792769222
"patient6","ENSG00000173641","HSPB7",7.93795207128936
"patient6","ENSG00000163017","ACTG2",7.93630148730711
"patient6","ENSG00000164105","SAP30",7.92799802629098
"patient6","ENSG00000131724","IL13RA1",7.92726227498807
"patient6","ENSG00000120742","SERP1",7.92254592738893
"patient6","ENSG00000099204","ABLIM1",7.92049392269643
"patient6","ENSG00000214063","TSPAN4",7.92023497524376
"patient6","ENSG00000167601","AXL",7.91980873239585
"patient6","ENSG00000142798","HSPG2",7.91430050324279
"patient6","ENSG00000198502","HLA-DRB5",7.90981540051151
"patient6","ENSG00000115641","FHL2",7.89304898738359
"patient6","ENSG00000197405","C5AR1",7.88565889524899
"patient6","ENSG00000118515","SGK1",7.88365227494375
"patient6","ENSG00000122176","FMOD",7.87937242498443
"patient6","ENSG00000143537","ADAM15",7.87861004619456
"patient6","ENSG00000065911","MTHFD2",7.87828349286326
"patient6","ENSG00000085063","CD59",7.87481034202404
"patient6","ENSG00000023902","PLEKHO1",7.87151267052486
"patient6","ENSG00000163584","RPL22L1",7.87136464184136
"patient6","ENSG00000153071","DAB2",7.86916013841915
"patient6","ENSG00000118785","SPP1",7.85783887413062
"patient6","ENSG00000173486","FKBP2",7.85447711022924
"patient6","ENSG00000106366","SERPINE1",7.84595970255455
"patient6","ENSG00000171862","PTEN",7.82266104036514
"patient6","ENSG00000163171","CDC42EP3",7.81507576995981
"patient6","ENSG00000082074","FYB1",7.81408184406456
"patient6","ENSG00000143013","LMO4",7.8099482479233
"patient6","ENSG00000145390","USP53",7.80616146259827
"patient6","ENSG00000140497","SCAMP2",7.80490178139757
"patient6","ENSG00000241399","CD302",7.80486887410783
"patient6","ENSG00000148175","STOM",7.80428434081392
"patient6","ENSG00000124225","PMEPA1",7.76209633272598
"patient6","ENSG00000116774","OLFML3",7.75830294759968
"patient6","ENSG00000162434","JAK1",7.75642065151584
"patient6","ENSG00000117410","ATP6V0B",7.74668698572215
"patient6","ENSG00000021355","SERPINB1",7.73526487616885
"patient6","ENSG00000089327","FXYD5",7.7324853632054
"patient6","ENSG00000122694","GLIPR2",7.73113955894496
"patient6","ENSG00000105223","PLD3",7.72667541157764
"patient6","ENSG00000103187","COTL1",7.7234230626954
"patient6","ENSG00000134243","SORT1",7.72193142246933
"patient6","ENSG00000111275","ALDH2",7.72031218306587
"patient6","ENSG00000160932","LY6E",7.7173001846116
"patient6","ENSG00000269821","KCNQ1OT1",7.71483934607691
"patient6","ENSG00000115306","SPTBN1",7.71415324393367
"patient6","ENSG00000066336","SPI1",7.70682080071504
"patient6","ENSG00000135047","CTSL",7.6808189946421
"patient6","ENSG00000116741","RGS2",7.66495880872513
"patient6","ENSG00000139679","LPAR6",7.66435021901079
"patient6","ENSG00000196628","TCF4",7.66211415836005
"patient6","ENSG00000030582","GRN",7.6612861067528
"patient6","ENSG00000164713","BRI3",7.62465936131229
"patient6","ENSG00000092010","PSME1",7.61596971990215
"patient6","ENSG00000147416","ATP6V1B2",7.61161381953985
"patient6","ENSG00000185624","P4HB",7.594402394846
"patient6","ENSG00000113657","DPYSL3",7.57808697837619
"patient6","ENSG00000090013","BLVRB",7.57658960314109
"patient6","ENSG00000118508","RAB32",7.5760484566652
"patient6","ENSG00000163513","TGFBR2",7.55059266352622
"patient6","ENSG00000185862","EVI2B",7.54838791461393
"patient6","ENSG00000161960","EIF4A1",7.54826467140595
"patient6","ENSG00000176845","METRNL",7.541836653093
"patient6","ENSG00000168899","VAMP5",7.53958168277935
"patient6","ENSG00000145730","PAM",7.5385954063996
"patient6","ENSG00000118640","VAMP8",7.53439185676165
"patient6","ENSG00000241685","ARPC1A",7.53153111673286
"patient6","ENSG00000160789","LMNA",7.53084232681074
"patient6","ENSG00000136235","GPNMB",7.52218932585698
"patient6","ENSG00000168461","RAB31",7.51961398879805
"patient6","ENSG00000137509","PRCP",7.51428450611389
"patient6","ENSG00000126261","UBA2",7.51054184318483
"patient6","ENSG00000106538","RARRES2",7.50628959683491
"patient6","ENSG00000185432","TMT1A",7.50617843278265
"patient6","ENSG00000130303","BST2",7.50047268102096
"patient6","ENSG00000087074","PPP1R15A",7.49790404959753
"patient6","ENSG00000171860","C3AR1",7.48393898505602
"patient6","ENSG00000166340","TPP1",7.47609102848945
"patient6","ENSG00000128016","ZFP36",7.46331982012774
"patient6","ENSG00000006016","CRLF1",7.46244648807047
"patient6","ENSG00000277443","MARCKS",7.45459019653314
"patient6","ENSG00000204388","HSPA1B",7.45148715300437
"patient6","ENSG00000115738","ID2",7.45132051280345
"patient6","ENSG00000205364","MT1M",7.44970864534751
"patient6","ENSG00000172115","CYCS",7.44235511979507
"patient6","ENSG00000173705","SUSD5",7.43990105406194
"patient6","ENSG00000163931","TKT",7.43846907806763
"patient6","ENSG00000174307","PHLDA3",7.43783882987496
"patient6","ENSG00000069702","TGFBR3",7.41939593130235
"patient6","ENSG00000175183","CSRP2",7.41723541783843
"patient6","ENSG00000111678","C12orf57",7.41576147183493
"patient6","ENSG00000137076","TLN1",7.4067227130619
"patient6","ENSG00000128228","SDF2L1",7.40634366329541
"patient6","ENSG00000196352","CD55",7.40092742337935
"patient6","ENSG00000114315","HES1",7.38271498493086
"patient6","ENSG00000109787","KLF3",7.37367414790421
"patient6","ENSG00000154096","THY1",7.37110788903454
"patient6","ENSG00000249669","ENSG00000249669",7.37070418307513
"patient6","ENSG00000144802","NFKBIZ",7.35773486084263
"patient6","ENSG00000018408","WWTR1",7.35596687431686
"patient6","ENSG00000176485","PLAAT3",7.32976796525083
"patient6","ENSG00000002549","LAP3",7.32945792605096
"patient6","ENSG00000109113","RAB34",7.32597674355662
"patient6","ENSG00000133789","SWAP70",7.31303353352055
"patient6","ENSG00000134533","RERG",7.31277558495956
"patient6","ENSG00000155368","DBI",7.31237628896481
"patient6","ENSG00000137033","IL33",7.3072204258018
"patient6","ENSG00000139687","RB1",7.3025325275747
"patient6","ENSG00000117984","CTSD",7.2850216218126
"patient6","ENSG00000173221","GLRX",7.27169364335875
"patient6","ENSG00000198832","SELENOM",7.2628103157913
"patient6","ENSG00000114850","SSR3",7.26087819408157
"patient6","ENSG00000163110","PDLIM5",7.25980177328875
"patient6","ENSG00000171867","PRNP",7.25700874541711
"patient6","ENSG00000091436","MAP3K20",7.25186675447715
"patient6","ENSG00000129128","SPCS3",7.24687593651065
"patient6","ENSG00000134107","BHLHE40",7.23799121640758
"patient6","ENSG00000143549","TPM3",7.23561477142111
"patient6","ENSG00000167552","TUBA1A",7.23172883605018
"patient6","ENSG00000159840","ZYX",7.23058264739897
"patient6","ENSG00000122644","ARL4A",7.22946142841499
"patient6","ENSG00000136732","GYPC",7.22620394048253
"patient6","ENSG00000150938","CRIM1",7.22592755951584
"patient6","ENSG00000116194","ANGPTL1",7.2168163895216
"patient6","ENSG00000204257","HLA-DMA",7.20998667141186
"patient6","ENSG00000141447","OSBPL1A",7.20309992875255
"patient6","ENSG00000077782","FGFR1",7.20170465782159
"patient6","ENSG00000213639","PPP1CB",7.19667951097235
"patient6","ENSG00000213853","EMP2",7.19330578805753
"patient6","ENSG00000099875","MKNK2",7.19286753248214
"patient6","ENSG00000027697","IFNGR1",7.17579719565248
"patient6","ENSG00000011422","PLAUR",7.16800374868075
"patient6","ENSG00000101384","JAG1",7.16744572816948
"patient6","ENSG00000135363","LMO2",7.16348829663917
"patient6","ENSG00000177885","GRB2",7.1552090319341
"patient6","ENSG00000125844","RRBP1",7.15198719208442
"patient6","ENSG00000049449","RCN1",7.1449216812231
"patient6","ENSG00000085871","MGST2",7.12980959641082
"patient6","ENSG00000173193","PARP14",7.11484321878083
"patient6","ENSG00000187134","AKR1C1",7.11290783249659
"patient6","ENSG00000137876","RSL24D1",7.11192928054233
"patient6","ENSG00000120690","ELF1",7.10669469895967
"patient6","ENSG00000222041","CYTOR",7.10176449630544
"patient6","ENSG00000196923","PDLIM7",7.10041537151858
"patient6","ENSG00000169738","DCXR",7.09930190330855
"patient6","ENSG00000150593","PDCD4",7.09661929279047
"patient6","ENSG00000067113","PLPP1",7.09210234942159
"patient6","ENSG00000164741","DLC1",7.09152545596652
"patient6","ENSG00000163563","MNDA",7.09044186781904
"patient6","ENSG00000011405","PIK3C2A",7.09014752543977
"patient6","ENSG00000092964","DPYSL2",7.08967485477111
"patient6","ENSG00000044574","HSPA5",7.07901460585778
"patient6","ENSG00000143545","RAB13",7.07862837298422
"patient6","ENSG00000100906","NFKBIA",7.05340479689976
"patient6","ENSG00000172348","RCAN2",7.05033723025717
"patient6","ENSG00000163131","CTSS",7.04980769739255
"patient6","ENSG00000103769","RAB11A",7.03415976341872
"patient6","ENSG00000204642","HLA-F",7.02781975521246
"patient6","ENSG00000269893","SNHG8",7.02749678840932
"patient6","ENSG00000275395","FCGBP",7.02305722018109
"patient6","ENSG00000154188","ANGPT1",7.01838645083762
"patient6","ENSG00000172301","COPRS",7.01016115909033
"patient6","ENSG00000164032","H2AZ1",6.9751747533087
"patient6","ENSG00000134871","COL4A2",6.95998339485845
"patient6","ENSG00000183255","PTTG1IP",6.95605983937006
"patient6","ENSG00000176658","MYO1D",6.94722686750821
"patient6","ENSG00000130522","JUND",6.93906173597875
"patient6","ENSG00000085662","AKR1B1",6.93447155394538
"patient6","ENSG00000154734","ADAMTS1",6.93262714309367
"patient6","ENSG00000152818","UTRN",6.92893457729834
"patient6","ENSG00000134352","IL6ST",6.91901960132963
"patient6","ENSG00000170348","TMED10",6.91896034861221
"patient6","ENSG00000235162","C12orf75",6.91753029174531
"patient6","ENSG00000111885","MAN1A1",6.9144207814745
"patient6","ENSG00000189409","MMP23B",6.90656991137784
"patient6","ENSG00000132780","NASP",6.9061282271713
"patient6","ENSG00000243927","MRPS6",6.90567256901148
"patient6","ENSG00000159884","CCDC107",6.8976703325851
"patient6","ENSG00000102144","PGK1",6.88214609796774
"patient6","ENSG00000164104","HMGB2",6.87583442544958
"patient6","ENSG00000129824","RPS4Y1",6.8751600214461
"patient6","ENSG00000140931","CMTM3",6.86496211736354
"patient6","ENSG00000164442","CITED2",6.84510991011666
"patient6","ENSG00000106819","ASPN",6.83158862994548
"patient6","ENSG00000153310","CYRIB",6.82851587185647
"patient6","ENSG00000143870","PDIA6",6.82698172407527
"patient6","ENSG00000138071","ACTR2",6.79622126250205
"patient6","ENSG00000217555","CKLF",6.78712761267604
"patient6","ENSG00000102802","MEDAG",6.78425376524398
"patient6","ENSG00000161921","CXCL16",6.78277886617396
"patient6","ENSG00000124766","SOX4",6.77910890367477
"patient6","ENSG00000101856","PGRMC1",6.77657527343549
"patient6","ENSG00000113140","SPARC",6.77641514243697
"patient6","ENSG00000180370","PAK2",6.77270937580879
"patient6","ENSG00000141480","ARRB2",6.7658968379554
"patient6","ENSG00000182809","CRIP2",6.76147925083399
"patient6","ENSG00000171659","GPR34",6.7565983050774
"patient6","ENSG00000137161","CNPY3",6.7489416527628
"patient6","ENSG00000166165","CKB",6.73773875188571
"patient6","ENSG00000154589","LY96",6.73091597472574
"patient6","ENSG00000113269","RNF130",6.72414134229099
"patient6","ENSG00000126524","SBDS",6.72145373253264
"patient6","ENSG00000196507","TCEAL3",6.71617224809849
"patient6","ENSG00000123562","MORF4L2",6.71133975409966
"patient6","ENSG00000182240","BACE2",6.708364578091
"patient6","ENSG00000137831","UACA",6.70765792653354
"patient6","ENSG00000112773","TENT5A",6.70390162624757
"patient6","ENSG00000103490","PYCARD",6.70252531162557
"patient6","ENSG00000169413","RNASE6",6.69983455288546
"patient6","ENSG00000117519","CNN3",6.68594400949023
"patient6","ENSG00000119900","OGFRL1",6.68460192676715
"patient6","ENSG00000198189","HSD17B11",6.67968848867684
"patient6","ENSG00000131446","MGAT1",6.67754303799513
"patient6","ENSG00000142156","COL6A1",6.67195465338521
"patient6","ENSG00000068912","ERLEC1",6.6695571446608
"patient6","ENSG00000229807","XIST",6.66123308999161
"patient6","ENSG00000106615","RHEB",6.65951992509053
"patient6","ENSG00000197712","FAM114A1",6.65873304597462
"patient6","ENSG00000148908","RGS10",6.6525243302243
"patient6","ENSG00000134318","ROCK2",6.65057805724294
"patient6","ENSG00000131669","NINJ1",6.64831244950821
"patient6","ENSG00000147454","SLC25A37",6.64685300373739
"patient6","ENSG00000060237","WNK1",6.64628040945997
"patient6","ENSG00000123505","AMD1",6.62758064903625
"patient6","ENSG00000079308","TNS1",6.62735766877327
"patient6","ENSG00000156804","FBXO32",6.60928438223023
"patient6","ENSG00000143878","RHOB",6.60346830145217
"patient6","ENSG00000169439","SDC2",6.60104718073316
"patient6","ENSG00000158716","DUSP23",6.59842972483856
"patient6","ENSG00000102172","SMS",6.59561946017484
"patient6","ENSG00000166147","FBN1",6.592963962667
"patient6","ENSG00000181222","POLR2A",6.59011316087486
"patient6","ENSG00000242574","HLA-DMB",6.57449526482596
"patient6","ENSG00000151914","DST",6.57008166360739
"patient6","ENSG00000107438","PDLIM1",6.56918493052419
"patient6","ENSG00000162924","REL",6.56800750895213
"patient6","ENSG00000147872","PLIN2",6.56486008492679
"patient6","ENSG00000163399","ATP1A1",6.55587308852985
"patient6","ENSG00000124831","LRRFIP1",6.53578596874501
"patient6","ENSG00000042753","AP2S1",6.53130525771684
"patient6","ENSG00000034677","RNF19A",6.51920387445153
"patient6","ENSG00000071967","CYBRD1",6.51711462586214
"patient6","ENSG00000120896","SORBS3",6.51144062943854
"patient6","ENSG00000198856","OSTC",6.5094691901162
"patient6","ENSG00000163430","FSTL1",6.50100372096458
"patient6","ENSG00000138594","TMOD3",6.48997779839843
"patient6","ENSG00000070961","ATP2B1",6.48444799996478
"patient6","ENSG00000145936","KCNMB1",6.47745677509178
"patient6","ENSG00000028137","TNFRSF1B",6.47692815879765
"patient6","ENSG00000121064","SCPEP1",6.46133981275674
"patient6","ENSG00000189067","LITAF",6.46077657533573
"patient6","ENSG00000122642","FKBP9",6.46041734291818
"patient6","ENSG00000142192","APP",6.45611500604003
"patient6","ENSG00000205544","TMEM256",6.45089873917052
"patient6","ENSG00000136603","SKIL",6.44781879009708
"patient6","ENSG00000211455","STK38L",6.44182643493047
"patient6","ENSG00000122034","GTF3A",6.43990567542688
"patient6","ENSG00000107738","VSIR",6.43780758284662
"patient6","ENSG00000113811","SELENOK",6.43678480257556
"patient6","ENSG00000182551","ADI1",6.43097548521658
"patient6","ENSG00000049860","HEXB",6.42473143922225
"patient6","ENSG00000157107","FCHO2",6.40747385637654
"patient6","ENSG00000185630","PBX1",6.40547269074332
"patient6","ENSG00000135926","TMBIM1",6.40490072741525
"patient6","ENSG00000138080","EMILIN1",6.40442263658366
"patient6","ENSG00000175602","CCDC85B",6.3915023027175
"patient6","ENSG00000177674","AGTRAP",6.38900403350471
"patient6","ENSG00000178035","IMPDH2",6.3723601102486
"patient6","ENSG00000113594","LIFR",6.3667108516911
"patient6","ENSG00000170759","KIF5B",6.3640604911487
"patient6","ENSG00000149557","FEZ1",6.35879666555378
"patient6","ENSG00000151789","ZNF385D",6.34873014296349
"patient6","ENSG00000221968","FADS3",6.34633120657516
"patient6","ENSG00000146066","HIGD2A",6.34001075455673
"patient6","ENSG00000169604","ANTXR1",6.33724397802138
"patient6","ENSG00000067182","TNFRSF1A",6.32815716611765
"patient6","ENSG00000165655","ZNF503",6.32030661143519
"patient6","ENSG00000134202","GSTM3",6.31603034570342
"patient6","ENSG00000108823","SGCA",6.31008079611517
"patient6","ENSG00000129515","SNX6",6.29632857250888
"patient6","ENSG00000165507","DEPP1",6.26809015325726
"patient6","ENSG00000172531","PPP1CA",6.2634691982578
"patient6","ENSG00000173267","SNCG",6.2628124133138
"patient6","ENSG00000147526","TACC1",6.26038690178404
"patient6","ENSG00000173821","RNF213",6.25856134439572
"patient6","ENSG00000168477","TNXB",6.23997082632621
"patient6","ENSG00000177156","TALDO1",6.23208417970092
"patient6","ENSG00000100911","PSME2",6.23057558393855
"patient6","ENSG00000120129","DUSP1",6.22544049329132
"patient6","ENSG00000181722","ZBTB20",6.21924516866153
"patient6","ENSG00000189221","MAOA",6.20206175032661
"patient6","ENSG00000122884","P4HA1",6.19710739118375
"patient6","ENSG00000109906","ZBTB16",6.19298326080836
"patient6","ENSG00000117298","ECE1",6.18983306605867
"patient6","ENSG00000117691","NENF",6.16406821411147
"patient6","ENSG00000164176","EDIL3",6.16284868501976
"patient6","ENSG00000159228","CBR1",6.14029058206733
"patient6","ENSG00000099797","TECR",6.12858702012693
"patient6","ENSG00000182195","LDOC1",6.12496370960458
"patient6","ENSG00000131236","CAP1",6.12131768949064
"patient6","ENSG00000116489","CAPZA1",6.11492664796652
"patient6","ENSG00000197043","ANXA6",6.111886972823
"patient6","ENSG00000168994","PXDC1",6.11013426003964
"patient6","ENSG00000100600","LGMN",6.09842628032708
"patient6","ENSG00000077157","PPP1R12B",6.09691687818203
"patient6","ENSG00000140836","ZFHX3",6.09608302616288
"patient6","ENSG00000185532","PRKG1",6.09385670443777
"patient6","ENSG00000239672","NME1",6.08770161053869
"patient6","ENSG00000115956","PLEK",6.07296560713929
"patient6","ENSG00000167470","MIDN",6.06357053735406
"patient6","ENSG00000138814","PPP3CA",6.05281293896422
"patient6","ENSG00000131238","PPT1",6.05075698321622
"patient6","ENSG00000102024","PLS3",6.04687525285428
"patient6","ENSG00000115875","SRSF7",6.04528523438758
"patient6","ENSG00000137312","FLOT1",6.0442475003521
"patient6","ENSG00000171298","GAA",6.03633777087242
"patient6","ENSG00000246705","H2AJ",6.0331671682001
"patient6","ENSG00000185896","LAMP1",6.02196062445741
"patient6","ENSG00000187498","COL4A1",6.01501683080943
"patient6","ENSG00000163956","LRPAP1",6.01499867861165
"patient6","ENSG00000003402","CFLAR",6.01103058056246
"patient6","ENSG00000149218","ENDOD1",5.99342537783093
"patient6","ENSG00000142552","RCN3",5.98576703570206
"patient6","ENSG00000177105","RHOG",5.967824897787
"patient6","ENSG00000178741","COX5A",5.96472762508357
"patient6","ENSG00000156052","GNAQ",5.96415618273128
"patient6","ENSG00000171735","CAMTA1",5.96380558571723
"patient6","ENSG00000213977","TAX1BP3",5.95396789553977
"patient6","ENSG00000104067","TJP1",5.92735486919733
"patient6","ENSG00000140941","MAP1LC3B",5.92364205404689
"patient6","ENSG00000096060","FKBP5",5.92276698095536
"patient6","ENSG00000155090","KLF10",5.92269744462682
"patient6","ENSG00000105202","FBL",5.92145017240264
"patient6","ENSG00000082781","ITGB5",5.91887803868849
"patient6","ENSG00000114861","FOXP1",5.9183469062432
"patient6","ENSG00000141756","FKBP10",5.89801349949612
"patient6","ENSG00000124299","PEPD",5.89173974151047
"patient6","ENSG00000119729","RHOQ",5.88599271649899
"patient6","ENSG00000204482","LST1",5.88132940496149
"patient6","ENSG00000164949","GEM",5.86524198651786
"patient6","ENSG00000138449","SLC40A1",5.8629281112327
"patient6","ENSG00000112378","PERP",5.84921381925823
"patient6","ENSG00000197448","GSTK1",5.84671158707595
"patient6","ENSG00000168036","CTNNB1",5.84351988331473
"patient6","ENSG00000136240","KDELR2",5.84141898271304
"patient6","ENSG00000108639","SYNGR2",5.84001811520902
"patient6","ENSG00000204256","BRD2",5.82589345034761
"patient6","ENSG00000026297","RNASET2",5.81236219985499
"patient6","ENSG00000089006","SNX5",5.80214207630349
"patient6","ENSG00000187231","SESTD1",5.79488851793782
"patient6","ENSG00000278311","GGNBP2",5.78331805861699
"patient6","ENSG00000129116","PALLD",5.76437115200605
"patient6","ENSG00000174718","RESF1",5.7587996956475
"patient6","ENSG00000168056","LTBP3",5.75618671119245
"patient6","ENSG00000049540","ELN",5.75258395775961
"patient6","ENSG00000118418","HMGN3",5.74583726601566
"patient6","ENSG00000143416","SELENBP1",5.74421781345248
"patient6","ENSG00000053254","FOXN3",5.7417051357421
"patient6","ENSG00000174099","MSRB3",5.74158885722115
"patient6","ENSG00000131435","PDLIM4",5.73033846729562
"patient6","ENSG00000153048","CARHSP1",5.72896633456799
"patient6","ENSG00000009413","REV3L",5.72234808931987
"patient6","ENSG00000204217","BMPR2",5.71964815070169
"patient6","ENSG00000196954","CASP4",5.71945575176401
"patient6","ENSG00000162616","DNAJB4",5.70177958440743
"patient6","ENSG00000121691","CAT",5.69202832639372
"patient6","ENSG00000118292","C1orf54",5.68654222961061
"patient6","ENSG00000172201","ID4",5.68267509034108
"patient6","ENSG00000011454","RABGAP1",5.67483959693792
"patient6","ENSG00000118523","CCN2",5.67330297971352
"patient6","ENSG00000159128","IFNGR2",5.66971954968609
"patient6","ENSG00000100106","TRIOBP",5.66687767683806
"patient6","ENSG00000128524","ATP6V1F",5.65499977485418
"patient6","ENSG00000108679","LGALS3BP",5.64468923882499
"patient6","ENSG00000135862","LAMC1",5.64423391944185
"patient6","ENSG00000205352","PRR13",5.63213588106996
"patient6","ENSG00000071205","ARHGAP10",5.63023759486057
"patient6","ENSG00000067900","ROCK1",5.6273184803207
"patient6","ENSG00000165512","ZNF22",5.61151686128599
"patient6","ENSG00000184897","H1-10",5.60216140360011
"patient6","ENSG00000197622","CDC42SE1",5.59664405985141
"patient6","ENSG00000138735","PDE5A",5.58700828098518
"patient6","ENSG00000095794","CREM",5.58629838994195
"patient6","ENSG00000137491","SLCO2B1",5.58176400286517
"patient6","ENSG00000182774","RPS17",5.5791265429369
"patient6","ENSG00000103202","NME4",5.576110564007
"patient6","ENSG00000123096","SSPN",5.57348540754311
"patient6","ENSG00000273749","CYFIP1",5.56924559853246
"patient6","ENSG00000114626","ABTB1",5.56843108084601
"patient6","ENSG00000117862","TXNDC12",5.56410367620058
"patient6","ENSG00000106034","CPED1",5.56196495314813
"patient6","ENSG00000180353","HCLS1",5.55892568148483
"patient6","ENSG00000180628","PCGF5",5.55056975155776
"patient6","ENSG00000135090","TAOK3",5.54003415647886
"patient6","ENSG00000137941","TTLL7",5.53828381446126
"patient6","ENSG00000115355","CCDC88A",5.53621976485369
"patient6","ENSG00000118705","RPN2",5.53376883385931
"patient6","ENSG00000086061","DNAJA1",5.52030040788445
"patient6","ENSG00000113648","MACROH2A1",5.50485507636474
"patient6","ENSG00000065809","FAM107B",5.49708150679357
"patient6","ENSG00000072163","LIMS2",5.49536710899431
"patient6","ENSG00000108774","RAB5C",5.49502459506342
"patient6","ENSG00000102316","MAGED2",5.48776292927265
"patient6","ENSG00000130340","SNX9",5.48275927072233
"patient6","ENSG00000168140","VASN",5.47278039810998
"patient6","ENSG00000166681","BEX3",5.46965452030939
"patient6","ENSG00000102317","RBM3",5.46950187620415
"patient6","ENSG00000123416","TUBA1B",5.46800354406223
"patient6","ENSG00000177469","CAVIN1",5.46408224036644
"patient6","ENSG00000005893","LAMP2",5.45354349182004
"patient6","ENSG00000104823","ECH1",5.44590986951302
"patient6","ENSG00000143384","MCL1",5.44187246683559
"patient6","ENSG00000149084","HSD17B12",5.42436298936303
"patient6","ENSG00000136758","YME1L1",5.42417138970637
"patient6","ENSG00000111077","TNS2",5.41290360777005
"patient6","ENSG00000180817","PPA1",5.39512205382491
"patient6","ENSG00000177425","PAWR",5.39443060737589
"patient6","ENSG00000111912","NCOA7",5.3855067456008
"patient6","ENSG00000243147","MRPL33",5.37465669817038
"patient6","ENSG00000164056","SPRY1",5.37441868066861
"patient6","ENSG00000068305","MEF2A",5.37026870200906
"patient6","ENSG00000164330","EBF1",5.35804709209564
"patient6","ENSG00000071282","LMCD1",5.35107839875527
"patient6","ENSG00000163683","SMIM14",5.35075005523995
"patient6","ENSG00000173511","VEGFB",5.34697066432331
"patient6","ENSG00000167775","CD320",5.3396872266716
"patient6","ENSG00000175416","CLTB",5.31975263066447
"patient6","ENSG00000176978","DPP7",5.31074188874439
"patient6","ENSG00000087502","ERGIC2",5.30824515615426
"patient6","ENSG00000149257","SERPINH1",5.30300020998193
"patient6","ENSG00000145050","MANF",5.30189710568797
"patient6","ENSG00000067082","KLF6",5.29920787025341
"patient6","ENSG00000171055","FEZ2",5.28430154931951
"patient6","ENSG00000178719","GRINA",5.2830342819394
"patient6","ENSG00000107798","LIPA",5.27088622360421
"patient6","ENSG00000123240","OPTN",5.26782036478895
"patient6","ENSG00000108828","VAT1",5.26524209405373
"patient6","ENSG00000168734","PKIG",5.26420199628826
"patient6","ENSG00000140575","IQGAP1",5.25263427240884
"patient6","ENSG00000147065","MSN",5.24996330417432
"patient6","ENSG00000086062","B4GALT1",5.24502260885755
"patient6","ENSG00000104765","BNIP3L",5.24315839026128
"patient6","ENSG00000135541","AHI1",5.24184543146615
"patient6","ENSG00000105669","COPE",5.24097953206547
"patient6","ENSG00000047457","CP",5.2353739088276
"patient6","ENSG00000003056","M6PR",5.23221051694119
"patient6","ENSG00000050405","LIMA1",5.22528429819429
"patient6","ENSG00000150977","RILPL2",5.21344383545058
"patient6","ENSG00000166333","ILK",5.20946343787727
"patient6","ENSG00000112514","CUTA",5.20370012988643
"patient6","ENSG00000163660","CCNL1",5.19480858669489
"patient6","ENSG00000205581","HMGN1",5.19163770684048
"patient6","ENSG00000116473","RAP1A",5.17109663425061
"patient6","ENSG00000164985","PSIP1",5.17034722498057
"patient6","ENSG00000095637","SORBS1",5.16806939801642
"patient6","ENSG00000129680","MAP7D3",5.15729255078683
"patient6","ENSG00000198947","DMD",5.15070983204224
"patient6","ENSG00000117318","ID3",5.14702883206847
"patient6","ENSG00000024422","EHD2",5.14643223380186
"patient6","ENSG00000124357","NAGK",5.1455474674577
"patient6","ENSG00000079819","EPB41L2",5.14334277897963
"patient6","ENSG00000171992","SYNPO",5.12831376178348
"patient6","ENSG00000112308","C6orf62",5.12532318818755
"patient6","ENSG00000197061","H4C3",5.12304078082735
"patient6","ENSG00000196843","ARID5A",5.11030681062877
"patient6","ENSG00000197694","SPTAN1",5.10598546526658
"patient6","ENSG00000091317","CMTM6",5.10297598023839
"patient6","ENSG00000035403","VCL",5.09413363152514
"patient6","ENSG00000179820","MYADM",5.09144982604169
"patient6","ENSG00000147027","TMEM47",5.08670012774936
"patient6","ENSG00000159720","ATP6V0D1",5.0835119208036
"patient6","ENSG00000131016","AKAP12",5.07857760877711
"patient6","ENSG00000198399","ITSN2",5.07122375913748
"patient6","ENSG00000167815","PRDX2",5.06763149464977
"patient6","ENSG00000110841","PPFIBP1",5.05756129459481
"patient6","ENSG00000125835","SNRPB",5.05657123640737
"patient6","ENSG00000135535","CD164",5.05512915619634
"patient6","ENSG00000176014","TUBB6",5.052976079377
"patient6","ENSG00000182208","MOB2",5.05106767269279
"patient6","ENSG00000130520","LSM4",5.04303123869448
"patient6","ENSG00000109046","WSB1",5.04035833102748
"patient6","ENSG00000266412","NCOA4",5.01417997532328
"patient6","ENSG00000005243","COPZ2",5.01074125217718
"patient6","ENSG00000205302","SNX2",5.0036501011817
"patient6","ENSG00000105971","CAV2",5.00284720863783
"patient6","ENSG00000054598","FOXC1",5.00139556403348
"patient6","ENSG00000144642","RBMS3",4.99769718132075
"patient6","ENSG00000115977","AAK1",4.98316965475896
"patient6","ENSG00000258289","CHURC1",4.9828335306491
"patient6","ENSG00000071127","WDR1",4.97616798657619
"patient6","ENSG00000140350","ANP32A",4.97532421246922
"patient6","ENSG00000168291","PDHB",4.97203502219773
"patient6","ENSG00000204262","COL5A2",4.96306952282337
"patient6","ENSG00000100592","DAAM1",4.95876804267147
"patient6","ENSG00000104763","ASAH1",4.94986926553522
"patient6","ENSG00000196230","TUBB",4.94983871912675
"patient6","ENSG00000162517","PEF1",4.94118705135356
"patient6","ENSG00000116586","LAMTOR2",4.94065515679024
"patient6","ENSG00000123636","BAZ2B",4.93283290400489
"patient6","ENSG00000215301","DDX3X",4.93205633972185
"patient6","ENSG00000173598","NUDT4",4.91506944343059
"patient6","ENSG00000120306","CYSTM1",4.91464537451918
"patient6","ENSG00000085832","EPS15",4.9099468213088
"patient6","ENSG00000134291","TMEM106C",4.89907720172559
"patient6","ENSG00000148516","ZEB1",4.89796597657417
"patient6","ENSG00000120963","ZNF706",4.89665617975329
"patient6","ENSG00000090006","LTBP4",4.87376785447814
"patient6","ENSG00000155660","PDIA4",4.87364230757761
"patient6","ENSG00000107863","ARHGAP21",4.87003463476407
"patient6","ENSG00000182636","NDN",4.86730111932393
"patient6","ENSG00000144560","VGLL4",4.86635213994682
"patient6","ENSG00000139112","GABARAPL1",4.86507435628643
"patient6","ENSG00000100243","CYB5R3",4.86351449797062
"patient6","ENSG00000064601","CTSA",4.8374098428611
"patient6","ENSG00000117362","APH1A",4.82706726135147
"patient6","ENSG00000101294","HM13",4.82228107959554
"patient6","ENSG00000146729","NIPSNAP2",4.82095157738588
"patient6","ENSG00000173457","PPP1R14B",4.81405550449634
"patient6","ENSG00000113851","CRBN",4.80247004829646
"patient6","ENSG00000182117","NOP10",4.7935817158798
"patient6","ENSG00000099624","ATP5F1D",4.79021860971938
"patient6","ENSG00000126458","RRAS",4.7865235062552
"patient6","ENSG00000141543","EIF4A3",4.78543952981472
"patient6","ENSG00000109861","CTSC",4.78318669533307
"patient6","ENSG00000197324","LRP10",4.78040213376321
"patient6","ENSG00000224032","ENSG00000224032",4.77765561384909
"patient6","ENSG00000008282","SYPL1",4.77378165711817
"patient6","ENSG00000183963","SMTN",4.76734444896488
"patient6","ENSG00000079950","STX7",4.76524704532205
"patient6","ENSG00000138448","ITGAV",4.76295438484293
"patient6","ENSG00000157110","RBPMS",4.76208008548196
"patient6","ENSG00000117906","RCN2",4.75060569599386
"patient6","ENSG00000168374","ARF4",4.74836444060519
"patient6","ENSG00000117151","CTBS",4.74409567367376
"patient6","ENSG00000070087","PFN2",4.73877347370201
"patient6","ENSG00000198818","SFT2D1",4.73587641125594
"patient6","ENSG00000198931","APRT",4.73187100044717
"patient6","ENSG00000183741","CBX6",4.72766025579586
"patient6","ENSG00000167397","VKORC1",4.72761002991016
"patient6","ENSG00000179163","FUCA1",4.72386852863914
"patient6","ENSG00000148834","GSTO1",4.72365577424544
"patient6","ENSG00000076043","REXO2",4.7139731351637
"patient6","ENSG00000185825","BCAP31",4.71000341220208
"patient6","ENSG00000141367","CLTC",4.70883181763867
"patient6","ENSG00000152558","TMEM123",4.70693243782813
"patient6","ENSG00000116560","SFPQ",4.6949744616335
"patient6","ENSG00000183283","DAZAP2",4.68581507656942
"patient6","ENSG00000131508","UBE2D2",4.67621840722894
"patient6","ENSG00000008441","NFIX",4.67103685564737
"patient6","ENSG00000213614","HEXA",4.64982436491493
"patient6","ENSG00000115091","ACTR3",4.6435072993774
"patient6","ENSG00000105698","USF2",4.63898156165268
"patient6","ENSG00000073712","FERMT2",4.61937525721949
"patient6","ENSG00000136051","WASHC4",4.61800717528419
"patient6","ENSG00000152492","CCDC50",4.61739424382404
"patient6","ENSG00000134996","OSTF1",4.61561001054859
"patient6","ENSG00000129009","ISLR",4.5971314577427
"patient6","ENSG00000128245","YWHAH",4.58830893708403
"patient6","ENSG00000164932","CTHRC1",4.58654840865824
"patient6","ENSG00000188483","IER5L",4.58567184083453
"patient6","ENSG00000134308","YWHAQ",4.58427342367059
"patient6","ENSG00000184990","SIVA1",4.55597735323387
"patient6","ENSG00000055609","KMT2C",4.55305936080806
"patient6","ENSG00000175334","BANF1",4.55287629587681
"patient6","ENSG00000168615","ADAM9",4.55010574432377
"patient6","ENSG00000166337","TAF10",4.51812578355329
"patient6","ENSG00000102898","NUTF2",4.51537072030187
"patient6","ENSG00000166503","HDGFL3",4.50583467929338
"patient6","ENSG00000160551","TAOK1",4.48570259204323
"patient6","ENSG00000117616","RSRP1",4.48515356750996
"patient6","ENSG00000134884","ARGLU1",4.48473266848035
"patient6","ENSG00000011638","LDAF1",4.48047369313149
"patient6","ENSG00000131871","SELENOS",4.47730210447095
"patient6","ENSG00000130741","EIF2S3",4.47142996918888
"patient6","ENSG00000169764","UGP2",4.46875350841954
"patient6","ENSG00000047849","MAP4",4.46870413990726
"patient6","ENSG00000184785","SMIM10",4.46369790539318
"patient6","ENSG00000247596","TWF2",4.46325651024675
"patient6","ENSG00000161281","COX7A1",4.45751430481323
"patient6","ENSG00000213949","ITGA1",4.45480343118691
"patient6","ENSG00000165410","CFL2",4.45388815175148
"patient6","ENSG00000172465","TCEAL1",4.44804628400855
"patient6","ENSG00000170955","CAVIN3",4.44605289151063
"patient6","ENSG00000102931","ARL2BP",4.44395109940976
"patient6","ENSG00000111639","MRPL51",4.44369930656285
"patient6","ENSG00000111786","SRSF9",4.43781990150598
"patient6","ENSG00000108256","NUFIP2",4.43492716019757
"patient6","ENSG00000115307","AUP1",4.42821017629653
"patient6","ENSG00000163681","SLMAP",4.4216992046235
"patient6","ENSG00000186395","KRT10",4.42014713564824
"patient6","ENSG00000087088","BAX",4.41568532634179
"patient6","ENSG00000265681","RPL17",4.41483279963225
"patient6","ENSG00000062716","VMP1",4.40769361758012
"patient6","ENSG00000100711","ZFYVE21",4.40763749968212
"patient6","ENSG00000127947","PTPN12",4.40595110196619
"patient6","ENSG00000138495","COX17",4.39971430743641
"patient6","ENSG00000175197","DDIT3",4.39693999190612
"patient6","ENSG00000067167","TRAM1",4.38920973817747
"patient6","ENSG00000138674","SEC31A",4.38893677950405
"patient6","ENSG00000102030","NAA10",4.38785811875342
"patient6","ENSG00000184007","PTP4A2",4.38720607157692
"patient6","ENSG00000100612","DHRS7",4.38671028131099
"patient6","ENSG00000169756","LIMS1",4.38447751458561
"patient6","ENSG00000140682","TGFB1I1",4.38116737743318
"patient6","ENSG00000115677","HDLBP",4.37447321213531
"patient6","ENSG00000265491","RNF115",4.37045794287048
"patient6","ENSG00000100823","APEX1",4.36757222254107
"patient6","ENSG00000231925","TAPBP",4.36489854311173
"patient6","ENSG00000085733","CTTN",4.36155778325406
"patient6","ENSG00000069849","ATP1B3",4.34768720601945
"patient6","ENSG00000006015","REX1BD",4.33926175722093
"patient6","ENSG00000211450","SELENOH",4.32959055059726
"patient6","ENSG00000124783","SSR1",4.32792496389351
"patient6","ENSG00000172725","CORO1B",4.32426333467228
"patient6","ENSG00000119950","MXI1",4.3096899430763
"patient6","ENSG00000130313","PGLS",4.30717363425863
"patient6","ENSG00000177200","CHD9",4.29639465124306
"patient6","ENSG00000048828","FAM120A",4.29448087165049
"patient6","ENSG00000171105","INSR",4.29442988306206
"patient6","ENSG00000197879","MYO1C",4.28382046359239
"patient6","ENSG00000186184","POLR1D",4.28128951012666
"patient6","ENSG00000114857","NKTR",4.27152174561344
"patient6","ENSG00000184584","STING1",4.24194373482758
"patient6","ENSG00000100644","HIF1A",4.24147507619883
"patient6","ENSG00000103152","MPG",4.24078686421095
"patient6","ENSG00000170043","TRAPPC1",4.22949872852031
"patient6","ENSG00000118407","FILIP1",4.2290681242036
"patient6","ENSG00000169813","HNRNPF",4.22569667359467
"patient6","ENSG00000131018","SYNE1",4.21584692780046
"patient6","ENSG00000006042","TMEM98",4.20514857815551
"patient6","ENSG00000170248","PDCD6IP",4.20184994381003
"patient6","ENSG00000105373","NOP53",4.19658406604276
"patient6","ENSG00000140391","TSPAN3",4.19588857809188
"patient6","ENSG00000154380","ENAH",4.19227105169487
"patient6","ENSG00000112759","SLC29A1",4.19092568137049
"patient6","ENSG00000104231","ZFAND1",4.18674198800956
"patient6","ENSG00000132670","PTPRA",4.18618888442896
"patient6","ENSG00000182534","MXRA7",4.18539689561892
"patient6","ENSG00000101460","MAP1LC3A",4.18525224564316
"patient6","ENSG00000113580","NR3C1",4.18274774487088
"patient6","ENSG00000172037","LAMB2",4.17531882165724
"patient6","ENSG00000136436","CALCOCO2",4.17427908604969
"patient6","ENSG00000138119","MYOF",4.17388337577622
"patient6","ENSG00000172216","CEBPB",4.16789480570603
"patient6","ENSG00000172380","GNG12",4.16751352298822
"patient6","ENSG00000241553","ARPC4",4.16668165305751
"patient6","ENSG00000213465","ARL2",4.16610447188735
"patient6","ENSG00000120913","PDLIM2",4.16518465245345
"patient6","ENSG00000117448","AKR1A1",4.15727467028471
"patient6","ENSG00000185222","TCEAL9",4.14272971352945
"patient6","ENSG00000111237","VPS29",4.14080765675875
"patient6","ENSG00000082641","NFE2L1",4.14037129494828
"patient6","ENSG00000104325","DECR1",4.13723050364303
"patient6","ENSG00000179091","CYC1",4.13345572488176
"patient6","ENSG00000228253","MT-ATP8",4.12748740757372
"patient6","ENSG00000163001","CFAP36",4.12723973403146
"patient6","ENSG00000165389","SPTSSA",4.1062924068879
"patient6","ENSG00000163069","SGCB",4.10281622326865
"patient6","ENSG00000183172","SMDT1",4.09689745137982
"patient6","ENSG00000100568","VTI1B",4.09652889383057
"patient6","ENSG00000135506","OS9",4.07127404308234
"patient6","ENSG00000075420","FNDC3B",4.06955722849455
"patient6","ENSG00000115866","DARS1",4.06929782520799
"patient6","ENSG00000163541","SUCLG1",4.05419204826569
"patient6","ENSG00000075790","BCAP29",4.04394114592928
"patient6","ENSG00000173272","MZT2A",4.04287079587328
"patient6","ENSG00000113282","CLINT1",4.03515893079393
"patient6","ENSG00000117758","STX12",4.0342346335518
"patient6","ENSG00000146540","CHLSN",4.0296859563633
"patient6","ENSG00000107290","SETX",4.02860502419208
"patient6","ENSG00000170776","AKAP13",4.01635989243081
"patient6","ENSG00000180957","PITPNB",4.0155375584943
"patient6","ENSG00000110422","HIPK3",4.01445763587922
"patient6","ENSG00000196776","CD47",4.01320597830503
"patient6","ENSG00000176973","FAM89B",4.00729330342264
"patient6","ENSG00000163902","RPN1",4.00312050645578
"patient6","ENSG00000103994","ZNF106",3.99903788801524
"patient6","ENSG00000164039","BDH2",3.99236409690303
"patient6","ENSG00000089693","MLF2",3.98396024928959
"patient6","ENSG00000126709","IFI6",3.97590130364551
"patient6","ENSG00000112977","DAP",3.96498793162887
"patient6","ENSG00000155876","RRAGA",3.9582521541601
"patient6","ENSG00000094963","FMO2",3.95603711162016
"patient6","ENSG00000072778","ACADVL",3.9536678465568
"patient6","ENSG00000162733","DDR2",3.94629625522154
"patient6","ENSG00000135655","USP15",3.9428504162785
"patient6","ENSG00000082996","RNF13",3.94238108127972
"patient6","ENSG00000165476","REEP3",3.94067544998766
"patient6","ENSG00000243317","STMP1",3.93209667416351
"patient6","ENSG00000119707","RBM25",3.92537777773592
"patient6","ENSG00000119705","SLIRP",3.9201594807991
"patient6","ENSG00000126457","PRMT1",3.91397510882632
"patient6","ENSG00000137500","CCDC90B",3.90848325511128
"patient6","ENSG00000150753","CCT5",3.90834355886608
"patient6","ENSG00000080822","CLDND1",3.90600745305586
"patient6","ENSG00000075142","SRI",3.90120601028902
"patient6","ENSG00000114331","ACAP2",3.8987644206457
"patient6","ENSG00000082153","BZW1",3.89613646210538
"patient6","ENSG00000187735","TCEA1",3.89562649605352
"patient6","ENSG00000178449","COX14",3.89257843635634
"patient6","ENSG00000165732","DDX21",3.88813597519568
"patient6","ENSG00000108468","CBX1",3.88690428217443
"patient6","ENSG00000115419","GLS",3.87279921458656
"patient6","ENSG00000115350","POLE4",3.86361618401875
"patient6","ENSG00000171988","JMJD1C",3.86244720766445
"patient6","ENSG00000183011","NAA38",3.85988549409674
"patient6","ENSG00000165527","ARF6",3.85488906874073
"patient6","ENSG00000172638","EFEMP2",3.84948778405795
"patient6","ENSG00000093010","COMT",3.84580624248258
"patient6","ENSG00000169223","LMAN2",3.84384578411653
"patient6","ENSG00000141027","NCOR1",3.837822730438
"patient6","ENSG00000198843","SELENOT",3.83575832685225
"patient6","ENSG00000124155","PIGT",3.8225224204215
"patient6","ENSG00000163468","CCT3",3.82059201607573
"patient6","ENSG00000197451","HNRNPAB",3.81846909961799
"patient6","ENSG00000114698","PLSCR4",3.81764106585725
"patient6","ENSG00000174695","TMEM167A",3.81753553499872
"patient6","ENSG00000128534","LSM8",3.79887674237184
"patient6","ENSG00000108561","C1QBP",3.79809570930195
"patient6","ENSG00000144426","NBEAL1",3.79104779338748
"patient6","ENSG00000173230","GOLGB1",3.78764378200305
"patient6","ENSG00000159199","ATP5MC1",3.78335031327355
"patient6","ENSG00000090863","GLG1",3.78169504730063
"patient6","ENSG00000166226","CCT2",3.78038997943777
"patient6","ENSG00000142871","CCN1",3.77604048717127
"patient6","ENSG00000196937","FAM3C",3.77431705056253
"patient6","ENSG00000101361","NOP56",3.77381254639019
"patient6","ENSG00000179085","DPM3",3.76907690702892
"patient6","ENSG00000140299","BNIP2",3.75895944284994
"patient6","ENSG00000114978","MOB1A",3.75425491150586
"patient6","ENSG00000138085","ATRAID",3.75013405173544
"patient6","ENSG00000147669","POLR2K",3.74170020197807
"patient6","ENSG00000183291","SELENOF",3.74134722310911
"patient6","ENSG00000101161","PRPF6",3.73809336059963
"patient6","ENSG00000091527","CDV3",3.73515869277096
"patient6","ENSG00000105401","CDC37",3.73486487036031
"patient6","ENSG00000110717","NDUFS8",3.73410510277982
"patient6","ENSG00000197006","METTL9",3.72446966147003
"patient6","ENSG00000147274","RBMX",3.71877576672131
"patient6","ENSG00000160613","PCSK7",3.71250268802706
"patient6","ENSG00000118855","MFSD1",3.7009838628284
"patient6","ENSG00000102580","DNAJC3",3.68904466594905
"patient6","ENSG00000116285","ERRFI1",3.68797189601882
"patient6","ENSG00000177733","HNRNPA0",3.68076144364372
"patient6","ENSG00000130779","CLIP1",3.67891175538591
"patient6","ENSG00000134686","PHC2",3.67399917759207
"patient6","ENSG00000213722","DDAH2",3.67006979440622
"patient6","ENSG00000178913","TAF7",3.66872970128954
"patient6","ENSG00000151468","CCDC3",3.6597044537659
"patient6","ENSG00000078808","SDF4",3.65550829864402
"patient6","ENSG00000152404","CWF19L2",3.653147247773
"patient6","ENSG00000124762","CDKN1A",3.64565513897874
"patient6","ENSG00000143543","JTB",3.64130524473399
"patient6","ENSG00000143222","UFC1",3.63924714969079
"patient6","ENSG00000185475","TMEM179B",3.63128102764779
"patient6","ENSG00000127445","PIN1",3.627419394958
"patient6","ENSG00000118689","FOXO3",3.62545396901413
"patient6","ENSG00000143612","LTAP1",3.6227699934128
"patient6","ENSG00000167797","CDK2AP2",3.61809460152462
"patient6","ENSG00000100353","EIF3D",3.61806769427346
"patient6","ENSG00000067066","SP100",3.61768962185862
"patient6","ENSG00000112419","PHACTR2",3.61174957136487
"patient6","ENSG00000013583","HEBP1",3.60760527261482
"patient6","ENSG00000204569","PPP1R10",3.60688200388284
"patient6","ENSG00000178057","NDUFAF3",3.60626461145422
"patient6","ENSG00000170430","MGMT",3.60505984767021
"patient6","ENSG00000108055","SMC3",3.5792064903537
"patient6","ENSG00000118762","PKD2",3.57314099430449
"patient6","ENSG00000135441","BLOC1S1",3.57284946364634
"patient6","ENSG00000152234","ATP5F1A",3.57275883937355
"patient6","ENSG00000177410","ZFAS1",3.57213149994789
"patient6","ENSG00000127603","MACF1",3.56065854701826
"patient6","ENSG00000186522","SEPTIN10",3.55365007665559
"patient6","ENSG00000054267","ARID4B",3.55001550816495
"patient6","ENSG00000054148","PHPT1",3.54683546865861
"patient6","ENSG00000184752","NDUFA12",3.53582684257299
"patient6","ENSG00000148120","AOPEP",3.53431314632203
"patient6","ENSG00000074695","LMAN1",3.53357348146035
"patient6","ENSG00000092531","SNAP23",3.53271253401245
"patient6","ENSG00000172239","PAIP1",3.52141329061311
"patient6","ENSG00000165169","DYNLT3",3.52110101673563
"patient6","ENSG00000142166","IFNAR1",3.51337984447189
"patient6","ENSG00000129968","ABHD17A",3.51279012521004
"patient6","ENSG00000203667","COX20",3.50898449805226
"patient6","ENSG00000119801","YPEL5",3.49967459417531
"patient6","ENSG00000126247","CAPNS1",3.49320189820236
"patient6","ENSG00000165678","GHITM",3.48236512169951
"patient6","ENSG00000013275","PSMC4",3.47856494600978
"patient6","ENSG00000067829","IDH3G",3.47794595274254
"patient6","ENSG00000138760","SCARB2",3.47656723946213
"patient6","ENSG00000134453","RBM17",3.47356073948716
"patient6","ENSG00000126756","UXT",3.47066485624916
"patient6","ENSG00000150764","DIXDC1",3.46873003405301
"patient6","ENSG00000178104","PDE4DIP",3.46121322716215
"patient6","ENSG00000164615","CAMLG",3.4477462836608
"patient6","ENSG00000077147","TM9SF3",3.44394163393369
"patient6","ENSG00000104324","CPQ",3.44043670301926
"patient6","ENSG00000142694","EVA1B",3.43782141503046
"patient6","ENSG00000168300","PCMTD1",3.4377781675826
"patient6","ENSG00000162909","CAPN2",3.43586255030674
"patient6","ENSG00000213585","VDAC1",3.43469049710434
"patient6","ENSG00000148484","RSU1",3.43420900934827
"patient6","ENSG00000106591","MRPL32",3.43332497363957
"patient6","ENSG00000118971","CCND2",3.42702253436711
"patient6","ENSG00000176731","RBIS",3.42258308814207
"patient6","ENSG00000125827","TMX4",3.42195708564251
"patient6","ENSG00000090238","YPEL3",3.42017680708344
"patient6","ENSG00000179950","PUF60",3.41311195423226
"patient6","ENSG00000062194","GPBP1",3.40753241003729
"patient6","ENSG00000254505","CHMP4A",3.39793248654957
"patient6","ENSG00000125458","NT5C",3.39658782888931
"patient6","ENSG00000088448","ANKRD10",3.39539084133107
"patient6","ENSG00000165813","CCDC186",3.3936818825086
"patient6","ENSG00000257103","LSM14A",3.38978717220304
"patient6","ENSG00000104964","TLE5",3.38898249298843
"patient6","ENSG00000113621","TXNDC15",3.38762090923712
"patient6","ENSG00000109920","FNBP4",3.3839548000271
"patient6","ENSG00000138768","USO1",3.38106623969736
"patient6","ENSG00000160752","FDPS",3.3804980815242
"patient6","ENSG00000156642","NPTN",3.37498119381474
"patient6","ENSG00000151327","FAM177A1",3.37150568412321
"patient6","ENSG00000110917","MLEC",3.36990037589783
"patient6","ENSG00000178209","PLEC",3.36790808273889
"patient6","ENSG00000137100","DCTN3",3.3674445586117
"patient6","ENSG00000107262","BAG1",3.36361384256711
"patient6","ENSG00000181061","HIGD1A",3.36014841082304
"patient6","ENSG00000170906","NDUFA3",3.36000376357138
"patient6","ENSG00000138175","ARL3",3.35677339532866
"patient6","ENSG00000136521","NDUFB5",3.3566898628834
"patient6","ENSG00000089280","FUS",3.3562836022439
"patient6","ENSG00000169062","UPF3A",3.34501062334105
"patient6","ENSG00000158864","NDUFS2",3.34463664818827
"patient6","ENSG00000173905","GOLIM4",3.34362895203857
"patient6","ENSG00000137409","MTCH1",3.33532990783384
"patient6","ENSG00000120738","EGR1",3.3343561085003
"patient6","ENSG00000099977","DDT",3.33399478703995
"patient6","ENSG00000071553","ATP6AP1",3.33391593248501
"patient6","ENSG00000171206","TRIM8",3.33225364383728
"patient6","ENSG00000128789","PSMG2",3.33209789462502
"patient6","ENSG00000114416","FXR1",3.32910114645871
"patient6","ENSG00000116005","PCYOX1",3.3276649850043
"patient6","ENSG00000203950","RTL8A",3.32431627278153
"patient6","ENSG00000143252","SDHC",3.32344272138184
"patient6","ENSG00000111897","SERINC1",3.32003773531329
"patient6","ENSG00000121774","KHDRBS1",3.31834238867501
"patient6","ENSG00000116649","SRM",3.31752632786197
"patient6","ENSG00000187257","RSBN1L",3.31696038033187
"patient6","ENSG00000087274","ADD1",3.31344154846363
"patient6","ENSG00000107372","ZFAND5",3.31242450015544
"patient6","ENSG00000159658","EFCAB14",3.31052740556602
"patient6","ENSG00000162645","GBP2",3.30510323704351
"patient6","ENSG00000239697","TNFSF12",3.30172698073332
"patient6","ENSG00000122033","MTIF3",3.3011245808076
"patient6","ENSG00000153187","HNRNPU",3.30074478108134
"patient6","ENSG00000241644","INMT",3.29476967757224
"patient6","ENSG00000138757","G3BP2",3.29469425291097
"patient6","ENSG00000125652","ALKBH7",3.27953291450962
"patient6","ENSG00000220205","VAMP2",3.27487102262895
"patient6","ENSG00000169641","LUZP1",3.27403061462128
"patient6","ENSG00000152291","TGOLN2",3.27107672131407
"patient6","ENSG00000091039","OSBPL8",3.26948906088733
"patient6","ENSG00000099901","RANBP1",3.26511326414568
"patient6","ENSG00000008294","SPAG9",3.26296132182103
"patient6","ENSG00000105258","POLR2I",3.25214255707235
"patient6","ENSG00000073921","PICALM",3.24971979000128
"patient6","ENSG00000181904","C5orf24",3.24832962394877
"patient6","ENSG00000135842","NIBAN1",3.24486035843765
"patient6","ENSG00000147202","DIAPH2",3.2414678175725
"patient6","ENSG00000146701","MDH2",3.23559432987272
"patient6","ENSG00000123091","RNF11",3.23555920810791
"patient6","ENSG00000005810","MYCBP2",3.22477055102101
"patient6","ENSG00000065613","SLK",3.21622211045113
"patient6","ENSG00000070404","FSTL3",3.21518211292778
"patient6","ENSG00000168610","STAT3",3.20889780578585
"patient6","ENSG00000232388","SMIM26",3.20783069775483
"patient6","ENSG00000006125","AP2B1",3.20155409131963
"patient6","ENSG00000163714","U2SURP",3.20029823015423
"patient6","ENSG00000121067","SPOP",3.19348617661046
"patient6","ENSG00000099817","POLR2E",3.19205807555859
"patient6","ENSG00000103275","UBE2I",3.1858493043985
"patient6","ENSG00000253738","OTUD6B-AS1",3.1815235238261
"patient6","ENSG00000110367","DDX6",3.17518261736316
"patient6","ENSG00000144381","HSPD1",3.16173819286334
"patient6","ENSG00000101745","ANKRD12",3.16103660656773
"patient6","ENSG00000139343","SNRPF",3.15079007199728
"patient6","ENSG00000119138","KLF9",3.1403506056294
"patient6","ENSG00000170876","TMEM43",3.13518033234875
"patient6","ENSG00000111481","COPZ1",3.13376476643937
"patient6","ENSG00000169689","CENPX",3.13208742357858
"patient6","ENSG00000108848","LUC7L3",3.1303184842598
"patient6","ENSG00000131634","TMEM204",3.12553525295476
"patient6","ENSG00000115241","PPM1G",3.12525120807943
"patient6","ENSG00000132424","PNISR",3.12014170482321
"patient6","ENSG00000101596","SMCHD1",3.11845386736903
"patient6","ENSG00000215021","PHB2",3.11261464107407
"patient6","ENSG00000099785","MARCHF2",3.11049660745932
"patient6","ENSG00000105887","MTPN",3.1065690903404
"patient6","ENSG00000013441","CLK1",3.10459943011339
"patient6","ENSG00000120265","PCMT1",3.10429570299336
"patient6","ENSG00000244038","DDOST",3.1032114210609
"patient6","ENSG00000143420","ENSA",3.1026388221115
"patient6","ENSG00000162585","FAAP20",3.10165392042113
"patient6","ENSG00000075239","ACAT1",3.0981039875777
"patient6","ENSG00000171159","BBLN",3.09395872899052
"patient6","ENSG00000122873","CISD1",3.09358987665246
"patient6","ENSG00000180398","MCFD2",3.08597001410926
"patient6","ENSG00000136770","DNAJC1",3.0800064866056
"patient6","ENSG00000120533","ENY2",3.07711961809274
"patient6","ENSG00000106244","PDAP1",3.07338877223627
"patient6","ENSG00000100201","DDX17",3.07200625302477
"patient6","ENSG00000135837","CEP350",3.07103467510789
"patient6","ENSG00000162368","CMPK1",3.07026921657392
"patient6","ENSG00000163346","PBXIP1",3.0667773886343
"patient6","ENSG00000044115","CTNNA1",3.06378672433474
"patient6","ENSG00000166164","BRD7",3.05982131110427
"patient6","ENSG00000102189","EEA1",3.05337120342983
"patient6","ENSG00000173436","MICOS10",3.0496254598706
"patient6","ENSG00000198363","ASPH",3.0475188737879
"patient6","ENSG00000177889","UBE2N",3.04462270358376
"patient6","ENSG00000159377","PSMB4",3.03853147640026
"patient6","ENSG00000100129","EIF3L",3.03673170689092
"patient6","ENSG00000087365","SF3B2",3.03606974494998
"patient6","ENSG00000084754","HADHA",3.02519964752808
"patient6","ENSG00000127990","SGCE",3.02389826725862
"patient6","ENSG00000143621","ILF2",3.02293302646089
"patient6","ENSG00000169139","UBE2V2",3.02170190511572
"patient6","ENSG00000277972","CISD3",3.00539822050777
"patient6","ENSG00000143106","PSMA5",3.0042164538216
"patient6","ENSG00000083896","YTHDC1",3.00168142824423
"patient6","ENSG00000196141","SPATS2L",2.99126643733575
"patient6","ENSG00000184983","NDUFA6",2.98115444496016
"patient6","ENSG00000177879","AP3S1",2.97954155620593
"patient6","ENSG00000126653","NSRP1",2.97831873156161
"patient6","ENSG00000111276","CDKN1B",2.97307864491198
"patient6","ENSG00000120860","WASHC3",2.96152960694006
"patient6","ENSG00000128989","ARPP19",2.9592557393198
"patient6","ENSG00000136279","DBNL",2.95869107433783
"patient6","ENSG00000135968","GCC2",2.95543164628764
"patient6","ENSG00000184500","PROS1",2.95003840266402
"patient6","ENSG00000147684","NDUFB9",2.9428121401043
"patient6","ENSG00000182670","TTC3",2.93399947315095
"patient6","ENSG00000170035","UBE2E3",2.92671565569883
"patient6","ENSG00000120675","DNAJC15",2.92503626783984
"patient6","ENSG00000145337","PYURF",2.92204699570604
"patient6","ENSG00000160014","CALM3",2.92098801931913
"patient6","ENSG00000065135","GNAI3",2.92054936529971
"patient6","ENSG00000131507","NDFIP1",2.91364805276254
"patient6","ENSG00000136527","TRA2B",2.91201453586389
"patient6","ENSG00000114450","GNB4",2.90877687060726
"patient6","ENSG00000153130","SCOC",2.90599853649696
"patient6","ENSG00000058668","ATP2B4",2.90382878669486
"patient6","ENSG00000014641","MDH1",2.89277814858314
"patient6","ENSG00000166946","CCNDBP1",2.88290829177711
"patient6","ENSG00000051620","HEBP2",2.87961773869744
"patient6","ENSG00000164040","PGRMC2",2.87961582717022
"patient6","ENSG00000109390","NDUFC1",2.87708263658277
"patient6","ENSG00000225733","FGD5-AS1",2.87624518020034
"patient6","ENSG00000136146","MED4",2.87238963424344
"patient6","ENSG00000135316","SYNCRIP",2.86931617883826
"patient6","ENSG00000133104","SPART",2.86826177950231
"patient6","ENSG00000165280","VCP",2.8665857243991
"patient6","ENSG00000149923","PPP4C",2.8658356096653
"patient6","ENSG00000176171","BNIP3",2.8641725837623
"patient6","ENSG00000121851","POLR3GL",2.86232409037382
"patient6","ENSG00000124562","SNRPC",2.86195635710916
"patient6","ENSG00000129292","PHF20L1",2.85489907574708
"patient6","ENSG00000171490","RSL1D1",2.8544423193133
"patient6","ENSG00000115561","CHMP3",2.8496793757714
"patient6","ENSG00000175701","MTLN",2.84776868953664
"patient6","ENSG00000139793","MBNL2",2.8432185119901
"patient6","ENSG00000166228","PCBD1",2.84200692044837
"patient6","ENSG00000169895","SYAP1",2.84069237578363
"patient6","ENSG00000124570","SERPINB6",2.83363225553969
"patient6","ENSG00000134248","LAMTOR5",2.8309988559321
"patient6","ENSG00000100852","ARHGAP5",2.82808044401715
"patient6","ENSG00000176386","CDC26",2.81448311597366
"patient6","ENSG00000204370","SDHD",2.81151721753197
"patient6","ENSG00000257923","CUX1",2.8087666526074
"patient6","ENSG00000146731","CCT6A",2.80538405068284
"patient6","ENSG00000186591","UBE2H",2.79912526338207
"patient6","ENSG00000163463","KRTCAP2",2.7976758828481
"patient6","ENSG00000117899","MESD",2.7921915591979
"patient6","ENSG00000166848","TERF2IP",2.79200425766917
"patient6","ENSG00000126067","PSMB2",2.78095282693278
"patient6","ENSG00000150316","CWC15",2.77835822640925
"patient6","ENSG00000198625","MDM4",2.77666900064184
"patient6","ENSG00000196419","XRCC6",2.77570103613567
"patient6","ENSG00000272047","GTF2H5",2.7737618165982
"patient6","ENSG00000125970","RALY",2.76871157603622
"patient6","ENSG00000114439","BBX",2.76698959272883
"patient6","ENSG00000106443","PHF14",2.76509001507418
"patient6","ENSG00000049618","ARID1B",2.76379695051596
"patient6","ENSG00000153147","SMARCA5",2.76008552085804
"patient6","ENSG00000115234","SNX17",2.75900183147393
"patient6","ENSG00000116030","SUMO1",2.75440994414222
"patient6","ENSG00000177666","PNPLA2",2.74465800154697
"patient6","ENSG00000108424","KPNB1",2.74132320777036
"patient6","ENSG00000090273","NUDC",2.73902587509585
"patient6","ENSG00000134330","IAH1",2.7329686047211
"patient6","ENSG00000022277","RTF2",2.72967422425322
"patient6","ENSG00000122359","ANXA11",2.72479733751289
"patient6","ENSG00000180964","TCEAL8",2.71640048753329
"patient6","ENSG00000120805","ARL1",2.71522276731087
"patient6","ENSG00000185236","RAB11B",2.71317399085103
"patient6","ENSG00000171314","PGAM1",2.71017043048694
"patient6","ENSG00000137776","SLTM",2.70746018062755
"patient6","ENSG00000177830","CHID1",2.70311563664121
"patient6","ENSG00000153914","SREK1",2.69684083667561
"patient6","ENSG00000118058","KMT2A",2.69227069914135
"patient6","ENSG00000119537","KDSR",2.68742744583804
"patient6","ENSG00000174437","ATP2A2",2.68555610575938
"patient6","ENSG00000187051","RPS19BP1",2.6853326755981
"patient6","ENSG00000086598","TMED2",2.67381255222871
"patient6","ENSG00000108946","PRKAR1A",2.67290661270202
"patient6","ENSG00000087884","AAMDC",2.67089476369836
"patient6","ENSG00000177971","IMP3",2.66806974369867
"patient6","ENSG00000007168","PAFAH1B1",2.65663132491748
"patient6","ENSG00000100603","SNW1",2.65208273461975
"patient6","ENSG00000118482","PHF3",2.65185472974654
"patient6","ENSG00000116459","ATP5PB",2.64110652905317
"patient6","ENSG00000101150","TPD52L2",2.64046193387797
"patient6","ENSG00000167088","SNRPD1",2.63991148408489
"patient6","ENSG00000173674","EIF1AX",2.63945328629694
"patient6","ENSG00000162604","TM2D1",2.63289098392636
"patient6","ENSG00000139218","SCAF11",2.63194171622842
"patient6","ENSG00000141522","ARHGDIA",2.63114007952049
"patient6","ENSG00000242485","MRPL20",2.63090768811104
"patient6","ENSG00000185627","PSMD13",2.63077273124786
"patient6","ENSG00000143401","ANP32E",2.62899893352256
"patient6","ENSG00000113013","HSPA9",2.62227517329222
"patient6","ENSG00000102054","RBBP7",2.61695860859493
"patient6","ENSG00000168724","DNAJC21",2.60969191613952
"patient6","ENSG00000135720","DYNC1LI2",2.59971662585029
"patient6","ENSG00000134590","RTL8C",2.5979086551917
"patient6","ENSG00000080503","SMARCA2",2.5950300437202
"patient6","ENSG00000160310","PRMT2",2.58486418609943
"patient6","ENSG00000260032","NORAD",2.58478325441159
"patient6","ENSG00000116539","ASH1L",2.57801706380562
"patient6","ENSG00000212907","MT-ND4L",2.56953816975425
"patient6","ENSG00000057608","GDI2",2.5692925562354
"patient6","ENSG00000112739","PRP4K",2.56883960827507
"patient6","ENSG00000066654","THUMPD1",2.56297359870647
"patient6","ENSG00000129003","VPS13C",2.56279521909286
"patient6","ENSG00000177556","ATOX1",2.55943656017556
"patient6","ENSG00000025796","SEC63",2.55937498339759
"patient6","ENSG00000144579","CTDSP1",2.55918128285614
"patient6","ENSG00000004779","NDUFAB1",2.55779300292469
"patient6","ENSG00000164754","RAD21",2.55773530533048
"patient6","ENSG00000155438","NIFK",2.55483314296528
"patient6","ENSG00000096746","HNRNPH3",2.55425656620311
"patient6","ENSG00000065243","PKN2",2.55238178484519
"patient6","ENSG00000143771","CNIH4",2.54688517431907
"patient6","ENSG00000143753","DEGS1",2.54331345333484
"patient6","ENSG00000197256","KANK2",2.54319455626473
"patient6","ENSG00000132824","SERINC3",2.53920717561833
"patient6","ENSG00000153250","RBMS1",2.53868639853273
"patient6","ENSG00000111615","KRR1",2.53427517550003
"patient6","ENSG00000067248","DHX29",2.53404793023806
"patient6","ENSG00000177119","ANO6",2.5318986880083
"patient6","ENSG00000183617","MRPL54",2.52769725545165
"patient6","ENSG00000111790","FGFR1OP2",2.51770820713071
"patient6","ENSG00000182827","ACBD3",2.51740174996861
"patient6","ENSG00000187837","H1-2",2.5154112495178
"patient6","ENSG00000134186","PRPF38B",2.51138015251264
"patient6","ENSG00000149932","TMEM219",2.50484434225044
"patient6","ENSG00000100567","PSMA3",2.50351032078132
"patient6","ENSG00000130332","LSM7",2.4992844854939
"patient6","ENSG00000078369","GNB1",2.49902351911837
"patient6","ENSG00000004059","ARF5",2.4976597643314
"patient6","ENSG00000086065","CHMP5",2.49530070882495
"patient6","ENSG00000162032","SPSB3",2.49485266664739
"patient6","ENSG00000081154","PCNP",2.48866419526061
"patient6","ENSG00000230590","FTX",2.47211947646136
"patient6","ENSG00000105355","PLIN3",2.47144986324021
"patient6","ENSG00000002330","BAD",2.47088735856325
"patient6","ENSG00000100142","POLR2F",2.46973246680459
"patient6","ENSG00000140740","UQCRC2",2.46722023546646
"patient6","ENSG00000162385","MAGOH",2.46502686730746
"patient6","ENSG00000177311","ZBTB38",2.45218780633375
"patient6","ENSG00000092201","SUPT16H",2.44398522641389
"patient6","ENSG00000072506","HSD17B10",2.43791480489277
"patient6","ENSG00000106299","WASL",2.43009141191066
"patient6","ENSG00000172354","GNB2",2.42775324642496
"patient6","ENSG00000205730","ITPRIPL2",2.42554953518026
"patient6","ENSG00000162734","PEA15",2.42133761098547
"patient6","ENSG00000107341","UBE2R2",2.42015568641035
"patient6","ENSG00000134744","TUT4",2.41831400064701
"patient6","ENSG00000048649","RSF1",2.41502628099538
"patient6","ENSG00000134056","KGD4",2.40529355593429
"patient6","ENSG00000114125","RNF7",2.40193339997018
"patient6","ENSG00000189060","H1-0",2.395940162408
"patient6","ENSG00000184743","ATL3",2.391572279616
"patient6","ENSG00000129351","ILF3",2.38978219849202
"patient6","ENSG00000119632","IFI27L2",2.38801437969787
"patient6","ENSG00000125676","THOC2",2.38722650896715
"patient6","ENSG00000145907","G3BP1",2.37658893102837
"patient6","ENSG00000169976","SF3B5",2.36732676338652
"patient6","ENSG00000078668","VDAC3",2.36704396164582
"patient6","ENSG00000101972","STAG2",2.36624115878118
"patient6","ENSG00000078140","UBE2K",2.36412660939893
"patient6","ENSG00000144635","DYNC1LI1",2.36007916197537
"patient6","ENSG00000138069","RAB1A",2.35917452305698
"patient6","ENSG00000069329","VPS35",2.34958761124549
"patient6","ENSG00000198961","PJA2",2.34613112238084
"patient6","ENSG00000116754","SRSF11",2.34352637189039
"patient6","ENSG00000115286","NDUFS7",2.33727950337609
"patient6","ENSG00000147419","CCDC25",2.33117998550176
"patient6","ENSG00000242247","ARFGAP3",2.32399069977789
"patient6","ENSG00000054118","THRAP3",2.323642796567
"patient6","ENSG00000055332","EIF2AK2",2.31890846020691
"patient6","ENSG00000133398","MED10",2.31741787386738
"patient6","ENSG00000161671","EMC10",2.31446895215237
"patient6","ENSG00000105968","H2AZ2",2.31387403720481
"patient6","ENSG00000149100","EIF3M",2.31019825702711
"patient6","ENSG00000149823","VPS51",2.30604570160366
"patient6","ENSG00000138758","SEPTIN11",2.30468163377659
"patient6","ENSG00000093167","LRRFIP2",2.29924707074602
"patient6","ENSG00000196504","PRPF40A",2.29607658998333
"patient6","ENSG00000158604","TMED4",2.29488458441727
"patient6","ENSG00000149357","LAMTOR1",2.28668778122808
"patient6","ENSG00000214046","SMIM7",2.27897640351632
"patient6","ENSG00000197345","MRPL21",2.27823811026826
"patient6","ENSG00000077380","DYNC1I2",2.27530671596377
"patient6","ENSG00000169021","UQCRFS1",2.27293292417124
"patient6","ENSG00000174720","LARP7",2.26925294784732
"patient6","ENSG00000125944","HNRNPR",2.26501191152824
"patient6","ENSG00000105518","TMEM205",2.26110740908374
"patient6","ENSG00000177565","TBL1XR1",2.26107896782154
"patient6","ENSG00000196975","ANXA4",2.26070597783168
"patient6","ENSG00000138029","HADHB",2.25777528379434
"patient6","ENSG00000182004","SNRPE",2.25312691508969
"patient6","ENSG00000138382","METTL5",2.25056366047344
"patient6","ENSG00000106588","PSMA2",2.24836591091394
"patient6","ENSG00000168710","AHCYL1",2.24147157590172
"patient6","ENSG00000114209","PDCD10",2.24104882639792
"patient6","ENSG00000013364","MVP",2.23986798550716
"patient6","ENSG00000119013","NDUFB3",2.2397102044261
"patient6","ENSG00000185651","UBE2L3",2.23617684746114
"patient6","ENSG00000114062","UBE3A",2.23467411675351
"patient6","ENSG00000197102","DYNC1H1",2.23267312684977
"patient6","ENSG00000184900","SUMO3",2.23241477505596
"patient6","ENSG00000161547","SRSF2",2.23169376396659
"patient6","ENSG00000125995","ROMO1",2.23135208894065
"patient6","ENSG00000162384","CZIB",2.2309605212833
"patient6","ENSG00000181350","LRRC75A",2.22792198610208
"patient6","ENSG00000107874","CUEDC2",2.22745890840537
"patient6","ENSG00000017797","RALBP1",2.22137778087798
"patient6","ENSG00000145734","BDP1",2.2182297521244
"patient6","ENSG00000123933","MXD4",2.21788894666917
"patient6","ENSG00000148450","MSRB2",2.21204213337931
"patient6","ENSG00000128699","ORMDL1",2.21092785425181
"patient6","ENSG00000107581","EIF3A",2.20772837634915
"patient6","ENSG00000113845","TIMMDC1",2.19779753008083
"patient6","ENSG00000168066","SF1",2.1914095049729
"patient6","ENSG00000089289","IGBP1",2.18382172226801
"patient6","ENSG00000110108","TMEM109",2.18358752323182
"patient6","ENSG00000164463","CREBRF",2.1820529057851
"patient6","ENSG00000175756","AURKAIP1",2.17514526801367
"patient6","ENSG00000138600","SPPL2A",2.17111426420622
"patient6","ENSG00000130731","METTL26",2.16914346280925
"patient6","ENSG00000134717","BTF3L4",2.16730116226477
"patient6","ENSG00000145833","DDX46",2.16485430331008
"patient6","ENSG00000120686","UFM1",2.16433428235585
"patient6","ENSG00000179262","RAD23A",2.15497243884541
"patient6","ENSG00000167110","GOLGA2",2.15100230421493
"patient6","ENSG00000109381","ELF2",2.14675733204429
"patient6","ENSG00000176209","SMIM19",2.14501789090668
"patient6","ENSG00000023734","STRAP",2.14313475289438
"patient6","ENSG00000186063","AIDA",2.14261608681499
"patient6","ENSG00000137038","DMAC1",2.13938418728661
"patient6","ENSG00000141552","ANAPC11",2.13841005665378
"patient6","ENSG00000090060","PAPOLA",2.13269282344061
"patient6","ENSG00000100216","TOMM22",2.13113542226969
"patient6","ENSG00000097033","SH3GLB1",2.13014634293373
"patient6","ENSG00000115944","COX7A2L",2.12526344293726
"patient6","ENSG00000134153","EMC7",2.1232364424362
"patient6","ENSG00000168172","HOOK3",2.12110028966312
"patient6","ENSG00000174917","MICOS13",2.11618888568237
"patient6","ENSG00000137815","RTF1",2.11411392182771
"patient6","ENSG00000168701","TMEM208",2.11356061918222
"patient6","ENSG00000079332","SAR1A",2.10975822315283
"patient6","ENSG00000119396","RAB14",2.10897529787169
"patient6","ENSG00000164323","CFAP97",2.10722635937862
"patient6","ENSG00000089248","ERP29",2.10547519393036
"patient6","ENSG00000099800","TIMM13",2.09732837371707
"patient6","ENSG00000265808","SEC22B",2.09269646463601
"patient6","ENSG00000175166","PSMD2",2.08983203774985
"patient6","ENSG00000134440","NARS1",2.08569347034385
"patient6","ENSG00000155115","GTF3C6",2.07702403370288
"patient6","ENSG00000185043","CIB1",2.06097021580045
"patient6","ENSG00000123200","ZC3H13",2.05456166923219
"patient6","ENSG00000170275","CRTAP",2.05169020586196
"patient6","ENSG00000179912","R3HDM2",2.0451534415252
"patient6","ENSG00000204387","SNHG32",2.03832696116122
"patient6","ENSG00000170860","LSM3",2.02907491849115
"patient6","ENSG00000130725","UBE2M",2.02907012147705
"patient6","ENSG00000138433","CIRSR",2.02710858915012
"patient6","ENSG00000265241","RBM8A",2.02705558382399
"patient6","ENSG00000078674","PCM1",2.00106032538717
"patient6","ENSG00000172590","MRPL52",1.99970663547709
"patient6","ENSG00000108588","CCDC47",1.99639134872999
"patient6","ENSG00000140307","GTF2A2",1.98637438753851
"patient6","ENSG00000100811","YY1",1.9837157471907
"patient6","ENSG00000145494","NDUFS6",1.98335601432017
"patient6","ENSG00000130706","ADRM1",1.98324648707724
"patient6","ENSG00000104852","SNRNP70",1.97629392875347
"patient6","ENSG00000166557","TMED3",1.97586816449316
"patient6","ENSG00000130748","TMEM160",1.97482882613339
"patient6","ENSG00000151461","UPF2",1.97365164128495
"patient6","ENSG00000197982","C1orf122",1.97361259178112
"patient6","ENSG00000175203","DCTN2",1.9675156773884
"patient6","ENSG00000060762","MPC1",1.96645557480431
"patient6","ENSG00000137106","GRHPR",1.95864866873356
"patient6","ENSG00000106400","ZNHIT1",1.95621377616332
"patient6","ENSG00000119185","ITGB1BP1",1.95250669367455
"patient6","ENSG00000100519","PSMC6",1.95080549112607
"patient6","ENSG00000127914","AKAP9",1.9428139304485
"patient6","ENSG00000074071","MRPS34",1.93974515913002
"patient6","ENSG00000150779","TIMM8B",1.93928759295539
"patient6","ENSG00000100028","SNRPD3",1.93534563061582
"patient6","ENSG00000080371","RAB21",1.92913766932709
"patient6","ENSG00000004700","RECQL",1.92772334107838
"patient6","ENSG00000089053","ANAPC5",1.92726931893483
"patient6","ENSG00000186010","NDUFA13",1.92653234893978
"patient6","ENSG00000160075","SSU72",1.92621501345741
"patient6","ENSG00000085224","ATRX",1.92232513901742
"patient6","ENSG00000146007","ZMAT2",1.92123734968637
"patient6","ENSG00000230989","HSBP1",1.92106265939117
"patient6","ENSG00000169230","PRELID1",1.91543929402474
"patient6","ENSG00000117335","CD46",1.91266167821006
"patient6","ENSG00000134313","KIDINS220",1.91092304484149
"patient6","ENSG00000204272","NBDY",1.90966464025351
"patient6","ENSG00000129518","EAPP",1.90825898898014
"patient6","ENSG00000125901","MRPS26",1.90365381645909
"patient6","ENSG00000163634","THOC7",1.89763378983974
"patient6","ENSG00000128951","DUT",1.89444813865881
"patient6","ENSG00000103035","PSMD7",1.89362014543474
"patient6","ENSG00000112701","SENP6",1.88347820458977
"patient6","ENSG00000167085","PHB1",1.86862893822562
"patient6","ENSG00000198900","TOP1",1.86558614209051
"patient6","ENSG00000225921","NOL7",1.85832989237046
"patient6","ENSG00000166275","BORCS7",1.85666917535009
"patient6","ENSG00000178952","TUFM",1.85627194056001
"patient6","ENSG00000013374","NUB1",1.85565061357165
"patient6","ENSG00000163754","GYG1",1.85288234662577
"patient6","ENSG00000169045","HNRNPH1",1.85212325994032
"patient6","ENSG00000129103","SUMF2",1.8511644179368
"patient6","ENSG00000005483","KMT2E",1.8464112353495
"patient6","ENSG00000105856","HBP1",1.84491471113337
"patient6","ENSG00000164346","NSA2",1.84262047248529
"patient6","ENSG00000100354","TNRC6B",1.83969814553601
"patient6","ENSG00000105185","PDCD5",1.83570062171316
"patient6","ENSG00000163848","ZNF148",1.83538144757382
"patient6","ENSG00000182934","SRPRA",1.83504822978716
"patient6","ENSG00000115524","SF3B1",1.83485206828082
"patient6","ENSG00000104131","EIF3J",1.8302337195796
"patient6","ENSG00000146247","PHIP",1.8271006492245
"patient6","ENSG00000096401","CDC5L",1.82000676248055
"patient6","ENSG00000157500","APPL1",1.80775555890597
"patient6","ENSG00000114354","TFG",1.80676682862793
"patient6","ENSG00000126005","MMP24OS",1.80665504686894
"patient6","ENSG00000166012","TAF1D",1.80165958253434
"patient6","ENSG00000029363","BCLAF1",1.80063222148026
"patient6","ENSG00000151923","TIAL1",1.79370252768898
"patient6","ENSG00000102409","BEX4",1.78951976466835
"patient6","ENSG00000105568","PPP2R1A",1.7894051162332
"patient6","ENSG00000035928","RFC1",1.7778904479021
"patient6","ENSG00000105379","ETFB",1.76958362799072
"patient6","ENSG00000146457","WTAP",1.7668381812264
"patient6","ENSG00000100804","PSMB5",1.76303211212943
"patient6","ENSG00000089048","ESF1",1.76227697879419
"patient6","ENSG00000186298","PPP1CC",1.76080076163161
"patient6","ENSG00000179632","MAF1",1.75979967747215
"patient6","ENSG00000075292","ZNF638",1.75763938323214
"patient6","ENSG00000164548","TRA2A",1.74983124726051
"patient6","ENSG00000154582","ELOC",1.74838308598696
"patient6","ENSG00000168264","IRF2BP2",1.74788051126363
"patient6","ENSG00000198160","MIER1",1.7473130015906
"patient6","ENSG00000141759","TXNL4A",1.74477945029085
"patient6","ENSG00000122565","CBX3",1.74312781269938
"patient6","ENSG00000198677","SKIC3",1.74055543157295
"patient6","ENSG00000184203","PPP1R2",1.73911498985517
"patient6","ENSG00000125870","SNRPB2",1.73811201749595
"patient6","ENSG00000253729","PRKDC",1.73559700719404
"patient6","ENSG00000126934","MAP2K2",1.73271847109375
"patient6","ENSG00000157916","RER1",1.73017006656513
"patient6","ENSG00000049245","VAMP3",1.72840775729259
"patient6","ENSG00000131100","ATP6V1E1",1.72507837853208
"patient6","ENSG00000156261","CCT8",1.71193529574053
"patient6","ENSG00000144747","TMF1",1.70856926090525
"patient6","ENSG00000168259","DNAJC7",1.7084317225677
"patient6","ENSG00000168288","MMADHC",1.69951854696132
"patient6","ENSG00000164182","NDUFAF2",1.69480219334254
"patient6","ENSG00000099783","HNRNPM",1.68873237353068
"patient6","ENSG00000164054","SHISA5",1.68541825263318
"patient6","ENSG00000138668","HNRNPD",1.67915288367639
"patient6","ENSG00000165264","NDUFB6",1.67082868023377
"patient6","ENSG00000189266","PNRC2",1.66556291084924
"patient6","ENSG00000131408","NR1H2",1.6563171332789
"patient6","ENSG00000229833","PET100",1.65037540404673
"patient6","ENSG00000032219","ARID4A",1.64774100413049
"patient6","ENSG00000115541","HSPE1",1.64648045671151
"patient6","ENSG00000101654","RNMT",1.64510340728495
"patient6","ENSG00000179271","GADD45GIP1",1.64404145363749
"patient6","ENSG00000188529","SRSF10",1.64326646214053
"patient6","ENSG00000166595","CIAO2B",1.63683278302559
"patient6","ENSG00000138592","USP8",1.63544373343183
"patient6","ENSG00000147548","NSD3",1.63325957698308
"patient6","ENSG00000164022","AIMP1",1.63115018147441
"patient6","ENSG00000010256","UQCRC1",1.62975639196913
"patient6","ENSG00000185129","PURA",1.60988177020288
"patient6","ENSG00000116161","CACYBP",1.60818127101735
"patient6","ENSG00000116747","RO60",1.60673398392337
"patient6","ENSG00000165775","FUNDC2",1.60605709878003
"patient6","ENSG00000165525","NEMF",1.6055846951482
"patient6","ENSG00000111832","RWDD1",1.60345742555504
"patient6","ENSG00000106682","EIF4H",1.60056377579709
"patient6","ENSG00000135624","CCT7",1.60011933033429
"patient6","ENSG00000099385","BCL7C",1.5958931727928
"patient6","ENSG00000124767","GLO1",1.59099713580611
"patient6","ENSG00000163320","CGGBP1",1.58929535913069
"patient6","ENSG00000130414","NDUFA10",1.58814197767393
"patient6","ENSG00000004534","RBM6",1.58541478217821
"patient6","ENSG00000167792","NDUFV1",1.58011805124835
"patient6","ENSG00000114784","EIF1B",1.579261454247
"patient6","ENSG00000125991","ERGIC3",1.5785264793074
"patient6","ENSG00000165672","PRDX3",1.57478885457185
"patient6","ENSG00000167515","TRAPPC2L",1.56783583915798
"patient6","ENSG00000055950","MRPL43",1.56779739909993
"patient6","ENSG00000085719","CPNE3",1.56689513217214
"patient6","ENSG00000266472","MRPS21",1.56282868721991
"patient6","ENSG00000173418","NAA20",1.5553441172552
"patient6","ENSG00000153774","CFDP1",1.55454435057205
"patient6","ENSG00000112697","CDC50A",1.55409976201054
"patient6","ENSG00000113068","PFDN1",1.5520736570662
"patient6","ENSG00000147140","NONO",1.54372028181559
"patient6","ENSG00000106355","LSM5",1.5395924412166
"patient6","ENSG00000213246","SUPT4H1",1.52477023543148
"patient6","ENSG00000143977","SNRPG",1.52390789646364
"patient6","ENSG00000111011","RSRC2",1.52022122951985
"patient6","ENSG00000091164","TXNL1",1.51899859069639
"patient6","ENSG00000160194","NDUFV3",1.51599763196356
"patient6","ENSG00000166734","GOLM2",1.51441643871195
"patient6","ENSG00000065548","ZC3H15",1.50940600224035
"patient6","ENSG00000144674","GOLGA4",1.50829464845553
"patient6","ENSG00000164172","MOCS2",1.50390384798877
"patient6","ENSG00000173141","MRPL57",1.4905843264845
"patient6","ENSG00000010244","ZNF207",1.489466061171
"patient6","ENSG00000084623","EIF3I",1.48680354252867
"patient6","ENSG00000127125","PPCS",1.48541254443186
"patient6","ENSG00000100528","CNIH1",1.48240910205333
"patient6","ENSG00000171222","SCAND1",1.47051151608625
"patient6","ENSG00000189241","TSPYL1",1.46666099701747
"patient6","ENSG00000088205","DDX18",1.46222132577869
"patient6","ENSG00000213619","NDUFS3",1.4594812205037
"patient6","ENSG00000117614","SYF2",1.45128737666397
"patient6","ENSG00000164190","NIPBL",1.44577593291343
"patient6","ENSG00000133318","RTN3",1.44509354990618
"patient6","ENSG00000102531","FNDC3A",1.44269472206678
"patient6","ENSG00000129083","COPB1",1.43743220497227
"patient6","ENSG00000165416","SUGT1",1.43535877647223
"patient6","ENSG00000125818","PSMF1",1.43456972002994
"patient6","ENSG00000143575","HAX1",1.43259060564101
"patient6","ENSG00000128272","ATF4",1.41697501133556
"patient6","ENSG00000171634","BPTF",1.41573621285116
"patient6","ENSG00000084733","RAB10",1.40952067652406
"patient6","ENSG00000132485","ZRANB2",1.39556254699129
"patient6","ENSG00000188994","ZNF292",1.3931455016777
"patient6","ENSG00000129084","PSMA1",1.38380950577262
"patient6","ENSG00000159352","PSMD4",1.38198665109847
"patient6","ENSG00000138279","ANXA7",1.37864502914849
"patient6","ENSG00000038219","BOD1L1",1.37784732710784
"patient6","ENSG00000120727","PAIP2",1.36974959790145
"patient6","ENSG00000128463","EMC4",1.36342294384377
"patient6","ENSG00000106052","TAX1BP1",1.34818868769587
"patient6","ENSG00000113141","IK",1.34646837111255
"patient6","ENSG00000146425","DYNLT1",1.34646628016733
"patient6","ENSG00000064666","CNN2",1.34114585358437
"patient6","ENSG00000031698","SARS1",1.328911683014
"patient6","ENSG00000100815","TRIP11",1.32639414576539
"patient6","ENSG00000257727","CNPY2",1.32601308634291
"patient6","ENSG00000143570","SLC39A1",1.32571833215304
"patient6","ENSG00000164031","DNAJB14",1.32531950147784
"patient6","ENSG00000106460","TMEM106B",1.32306480914619
"patient6","ENSG00000141867","BRD4",1.32176708252862
"patient6","ENSG00000115464","USP34",1.31966020834536
"patient6","ENSG00000023318","ERP44",1.31426738477444
"patient6","ENSG00000183978","COA3",1.30959210178444
"patient6","ENSG00000087191","PSMC5",1.30389589200934
"patient6","ENSG00000105993","DNAJB6",1.30216611586308
"patient6","ENSG00000111906","HDDC2",1.30030655959674
"patient6","ENSG00000159210","SNF8",1.29365077767001
"patient6","ENSG00000103024","NME3",1.29049718961127
"patient6","ENSG00000159069","FBXW5",1.29037908378114
"patient6","ENSG00000101421","CHMP4B",1.28822304603926
"patient6","ENSG00000136628","EPRS1",1.2872900271606
"patient6","ENSG00000014123","UFL1",1.27997677167497
"patient6","ENSG00000113312","TTC1",1.27788456469899
"patient6","ENSG00000174780","SRP72",1.27290395722155
"patient6","ENSG00000175550","DRAP1",1.27098331494552
"patient6","ENSG00000166200","COPS2",1.27031925424035
"patient6","ENSG00000138688","BLTP1",1.26672076656481
"patient6","ENSG00000196199","MPHOSPH8",1.26544713600386
"patient6","ENSG00000224877","NDUFAF8",1.26365087954376
"patient6","ENSG00000132471","WBP2",1.24788515234844
"patient6","ENSG00000115685","PPP1R7",1.2415649991242
"patient6","ENSG00000069345","DNAJA2",1.2364216193863
"patient6","ENSG00000225663","MCRIP1",1.23007277959031
"patient6","ENSG00000242372","EIF6",1.22482637323365
"patient6","ENSG00000143183","TMCO1",1.22466333103492
"patient6","ENSG00000204435","CSNK2B",1.22459017175448
"patient6","ENSG00000143727","ACP1",1.22101526209926
"patient6","ENSG00000100764","PSMC1",1.2195567029716
"patient6","ENSG00000111642","CHD4",1.21453891979377
"patient6","ENSG00000112110","MRPL18",1.21138327863009
"patient6","ENSG00000104695","PPP2CB",1.21090913927666
"patient6","ENSG00000164258","NDUFS4",1.20377226292261
"patient6","ENSG00000129235","TXNDC17",1.19477424926818
"patient6","ENSG00000197223","C1D",1.19465378487305
"patient6","ENSG00000078618","NRDC",1.18865016057725
"patient6","ENSG00000106245","BUD31",1.18464160561306
"patient6","ENSG00000103978","TMEM87A",1.18133479981428
"patient6","ENSG00000249915","PDCD6",1.17835553820199
"patient6","ENSG00000145912","NHP2",1.17716039889224
"patient6","ENSG00000055211","GINM1",1.16172794035786
"patient6","ENSG00000075785","RAB7A",1.16113492051637
"patient6","ENSG00000115816","CEBPZ",1.15977289225742
"patient6","ENSG00000126351","THRA",1.1548384077808
"patient6","ENSG00000167522","ANKRD11",1.15383173601901
"patient6","ENSG00000007080","CCDC124",1.15311732760493
"patient6","ENSG00000131966","ACTR10",1.14429558439192
"patient6","ENSG00000071859","FAM50A",1.13398245467132
"patient6","ENSG00000156256","USP16",1.11161293461968
"patient6","ENSG00000125304","TM9SF2",1.10551763763339
"patient6","ENSG00000065154","OAT",1.08252236022434
"patient6","ENSG00000077232","DNAJC10",1.08238816040685
"patient6","ENSG00000133706","LARS1",1.08047917216113
"patient6","ENSG00000170515","PA2G4",1.07684174006195
"patient6","ENSG00000119820","YIPF4",1.07106119009072
"patient6","ENSG00000136930","PSMB7",1.07022804817868
"patient6","ENSG00000178951","ZBTB7A",1.06594889290541
"patient6","ENSG00000103266","STUB1",1.05960123719333
"patient6","ENSG00000100348","TXN2",1.05598008044743
"patient6","ENSG00000107771","CCSER2",1.05313159388386
"patient6","ENSG00000205981","DNAJC19",1.04830873825501
"patient6","ENSG00000041357","PSMA4",1.04026571748502
"patient6","ENSG00000102119","EMD",1.03452416538963
"patient6","ENSG00000148672","GLUD1",1.01789794204588
"patient6","ENSG00000153037","SRP19",1.01426400297891
"patient6","ENSG00000234545","FAM133B",1.0120220665564
"patient6","ENSG00000139168","ZCRB1",1.00890667051512
"patient6","ENSG00000120616","EPC1",0.999189331894426
"patient6","ENSG00000137207","YIPF3",0.993595088349879
"patient6","ENSG00000146223","RPL7L1",0.989297314286868
"patient6","ENSG00000120438","TCP1",0.985901851545684
"patient6","ENSG00000136819","C9orf78",0.973002490245684
"patient6","ENSG00000124214","STAU1",0.958476897072072
"patient6","ENSG00000130312","MRPL34",0.957105061192947
"patient6","ENSG00000127838","PNKD",0.956980278445593
"patient6","ENSG00000012061","ERCC1",0.950807590161951
"patient6","ENSG00000123983","ACSL3",0.933604803745325
"patient6","ENSG00000105677","TMEM147",0.922598553207167
"patient6","ENSG00000153006","SREK1IP1",0.892752298512056
"patient6","ENSG00000056097","ZFR",0.875750870477451
"patient6","ENSG00000148248","SURF4",0.864296440997098
"patient6","ENSG00000158417","EIF5B",0.858396492905361
"patient6","ENSG00000174891","RSRC1",0.858064849114375
"patient6","ENSG00000105402","NAPA",0.845355560094717
"patient6","ENSG00000047410","TPR",0.831094347297013
"patient6","ENSG00000205937","RNPS1",0.829445666141636
"patient6","ENSG00000023287","RB1CC1",0.799285053193822
"patient6","ENSG00000010404","IDS",0.773518586206845
"patient6","ENSG00000125977","EIF2S2",0.769607057207555
"patient6","ENSG00000127884","ECHS1",0.769584904252252
"patient6","ENSG00000134851","TMEM165",0.763138519654656
"patient6","ENSG00000126698","DNAJC8",0.756399508949451
"patient6","ENSG00000105254","TBCB",0.751579213040271
"patient6","ENSG00000116350","SRSF4",0.748055418240712
"patient6","ENSG00000114956","DGUOK",0.747359179592368
"patient6","ENSG00000111142","METAP2",0.745323129187569
"patient6","ENSG00000176101","SSNA1",0.722588946843381
"patient6","ENSG00000100941","PNN",0.709670497014195
"patient6","ENSG00000105701","FKBP8",0.704439415553933
"patient6","ENSG00000182944","EWSR1",0.701637099668342
"patient6","ENSG00000114023","FAM162A",0.690517151875732
"patient6","ENSG00000168090","COPS6",0.679768861547602
"patient6","ENSG00000263001","GTF2I",0.650539454958832
"patient6","ENSG00000144895","EIF2A",0.646890450851494
"patient6","ENSG00000095787","WAC",0.629038209904045
"patient6","ENSG00000162961","DPY30",0.611911566021969
"patient6","ENSG00000005075","POLR2J",0.611615343842119
"patient6","ENSG00000128609","NDUFA5",0.586798583681822
"patient6","ENSG00000101782","RIOK3",0.586116653899736
"patient6","ENSG00000143158","MPC2",0.533009548332171
"patient6","ENSG00000131013","PPIL4",0.514395122781897
"patient6","ENSG00000184432","COPB2",0.508483929457562
"patient6","ENSG00000117118","SDHB",0.44041392208819
"patient6","ENSG00000174953","DHX36",0.383532660692
"patient6","ENSG00000182154","MRPL41",0.37026624030959
"patient6","ENSG00000088930","XRN2",0.367081724845202
"patient6","ENSG00000174851","YIF1A",0.363580358537956
"patient6","ENSG00000119541","VPS4B",0.359288775232347
"patient6","ENSG00000127483","HP1BP3",0.352460609095529
"patient6","ENSG00000204392","LSM2",0.348188413279205
"patient6","ENSG00000083937","CHMP2B",0.336024112605562
"patient6","ENSG00000109536","FRG1",0.323439583970657
"patient6","ENSG00000163875","MEAF6",0.321791088922978
"patient6","ENSG00000138398","PPIG",0.295484996199323
"patient6","ENSG00000173692","PSMD1",0.289785993215938
"patient6","ENSG00000165669","FAM204A",0.239335536115025
"patient6","ENSG00000141504","SAT2",0.206012024223789
"patient6","ENSG00000165916","PSMC3",0.201213160117494
"patient6","ENSG00000146416","AIG1",0.196943490652437
"patient6","ENSG00000172922","RNASEH2C",0.118570542053258
"patient6","ENSG00000185608","MRPL40",0.112187022057742
"patient6","ENSG00000110711","AIP",0.10432034810222
"patient6","ENSG00000100442","FKBP3",0.0966356208458846
"patient6","ENSG00000079785","DDX1",0.0955828178190923
"patient6","ENSG00000102401","ARMCX3",0.0946095701086522
"patient6","ENSG00000136448","NMT1",0.0871297466177084
"patient6","ENSG00000070010","UFD1",0.060357746438217
"patient6","ENSG00000197858","GPAA1",-0.036810406566278
"patient6","ENSG00000205531","NAP1L4",-0.161022929114886
"patient6","ENSG00000137210","TMEM14B",-0.162979708349795
"patient6","ENSG00000115484","CCT4",-0.214313442369113
"patient6","ENSG00000163319","MRPS18C",-0.266403558338264
"patient6","ENSG00000154305","MIA3",-0.411209262293117
"patient6","ENSG00000168894","RNF181",-0.471617677781813
"patient6","ENSG00000143256","PFDN2",-0.571992908508002
"patient6","ENSG00000090621","PABPC4",-0.749225327591459
"patient6","ENSG00000131116","ZNF428",-0.819609233164105
"patient6","ENSG00000131495","NDUFA2",-0.85222844244387
"patient6","ENSG00000105700","KXD1",-1.32046269738572
